_id,Crash_Ref_Number,Crash_Severity,Crash_Year,Crash_Month,Crash_Day_Of_Week,Crash_Hour,Crash_Nature,Crash_Type,Crash_Longitude,Crash_Latitude,Crash_Street,Crash_Street_Intersecting,State_Road_Name,Loc_Suburb,Loc_Local_Government_Area,Loc_Post_Code,Loc_Police_Division,Loc_Police_District,Loc_Police_Region,Loc_Queensland_Transport_Region,Loc_Main_Roads_Region,Loc_ABS_Statistical_Area_2,Loc_ABS_Statistical_Area_3,Loc_ABS_Statistical_Area_4,Loc_ABS_Remoteness,Loc_State_Electorate,Loc_Federal_Electorate,Crash_Controlling_Authority,Crash_Roadway_Feature,Crash_Traffic_Control,Crash_Speed_Limit,Crash_Road_Surface_Condition,Crash_Atmospheric_Condition,Crash_Lighting_Condition,Crash_Road_Horiz_Align,Crash_Road_Vert_Align,Crash_DCA_Code,Crash_DCA_Description,Crash_DCA_Group_Description,DCA_Key_Approach_Dir,Count_Casualty_Fatality,Count_Casualty_Hospitalised,Count_Casualty_MedicallyTreated,Count_Casualty_MinorInjury,Count_Casualty_Total,Count_Unit_Car,Count_Unit_Motorcycle_Moped,Count_Unit_Truck,Count_Unit_Bus,Count_Unit_Bicycle,Count_Unit_Pedestrian,Count_Unit_Other
10209,10209,Fatal,2006,June,Thursday,6,Hit pedestrian,Hit pedestrian,153.035597461406,-27.4751895770579,Main St,,,Kangaroo Point,Brisbane City,4169,Dutton Park,South Brisbane,Brisbane,SEQ South,Metropolitan,Kangaroo Point,Brisbane Inner,Brisbane Inner City,Major Cities,South Brisbane,Griffith,Locally-controlled,No Roadway Feature,No traffic control,60 km/h,Sealed - Dry,Clear,Daylight,Straight,Level,003,Pedn: Far Side Vehicle Hit From Left,12: Pedestrian,N,1,0,1,0,2,0,1,0,0,0,1,0
10298,10298,Fatal,2008,November,Thursday,7,Hit object,Single Vehicle,152.663462504005,-25.5646839716647,Bruce Hwy Ramp K,,Bruce Highway (Gympie - Maryborough),Tinana,Fraser Coast Region,4650,Maryborough,Wide Bay Burnett,North Coast,Southern,Southern Queensland,Tinana,Maryborough,Wide Bay,Inner Regional,Maryborough,Wide Bay,State-controlled,Intersection - Interchange,No traffic control,100 - 110 km/h,Sealed - Dry,Clear,Daylight,Curved - view obscured,Level,803,Off Path-Curve: Off Cway Rt Bend Hit Obj,19: Off Carriageway on Curve Hit Object,E,1,1,0,0,2,0,0,1,0,0,0,0
10300,10300,Fatal,2008,November,Thursday,7,Hit object,Single Vehicle,152.372941981713,-27.5890618202724,Old Laidley - Forest Hill Rd,,,Forest Hill,Lockyer Valley Region,4342,Laidley,Darling Downs,Southern,SEQ South,Southern Queensland,Lockyer Valley - East,Ipswich Hinterland,Ipswich,Inner Regional,Lockyer,Wright,Locally-controlled,Bridge/Causeway,No traffic control,100 - 110 km/h,Sealed - Wet,Clear,Daylight,Straight,Dip,607,Vehs On Path: Temporary Object On Cway,21: Other,N,1,0,0,0,1,1,0,0,0,0,0,0
10302,10302,Fatal,2008,November,Saturday,12,Angle,Multi-Vehicle,153.440970552615,-28.0751141018156,Mountain View Ave,Nobby Pde,,Miami,Gold Coast City,4220,Broadbeach,Gold Coast,South Eastern,SEQ South,South Coast,Miami,Broadbeach - Burleigh,Gold Coast,Major Cities,Mermaid Beach,Moncrieff,Locally-controlled,Intersection - Roundabout,Give way sign,0 - 50 km/h,Sealed - Dry,Clear,Daylight,Straight,Level,101,Vehs Adjacent Approach: Thru-Thru,01: Intersection: Adjacent Approach,E,1,1,0,5,7,2,0,0,0,0,0,0
10484,10484,Fatal,2008,November,Sunday,19,Hit pedestrian,Hit pedestrian,153.048216469616,-26.7453226105241,Bruce Hwy,,Bruce Highway (Brisbane - Gympie),Palmview,Sunshine Coast Region,4553,Sippy Downs,Sunshine Coast,North Coast,SEQ North,North Coast,Landsborough,Sunshine Coast Hinterland,Sunshine Coast,Major Cities,Buderim,Fisher,State-controlled,No Roadway Feature,No traffic control,100 - 110 km/h,Sealed - Dry,Clear,Darkness - Not lighted,Straight,Level,004,Pedn: Play; Work; Stand; Lie On Cway,12: Pedestrian,N,1,0,0,0,1,1,0,0,0,0,1,0
10693,10693,Fatal,2008,May,Sunday,14,Overturned,Single Vehicle,147.627439097654,-22.7181417921604,Gregory Developmental Rd,,Gregory Developmental Road (Clermont - Belyando Crossing),Clermont,Isaac Region,4721,Clermont,Mackay,Central,Central,Central Queensland,Clermont,Bowen Basin - North,Mackay - Isaac - Whitsunday,Remote,Burdekin,Capricornia,State-controlled,No Roadway Feature,No traffic control,100 - 110 km/h,Sealed - Dry,Clear,Daylight,Curved - view open,Level,805,Off Path-Curve: Out Of Control On Cway,20: Out of Control on Curve,S,1,1,0,0,2,1,0,0,0,0,0,0
10694,10694,Fatal,2008,May,Sunday,21,Sideswipe,Multi-Vehicle,153.122354500328,-27.6861289754504,Brisbane - Beenleigh Rd,,Brisbane - Beenleigh Road,Waterford West,Logan City,4133,Logan Central,Logan,South Eastern,SEQ South,South Coast,Waterford West,Loganlea - Carbrook,Logan - Beaudesert,Major Cities,Waterford,Forde,State-controlled,No Roadway Feature,No traffic control,70 km/h,Sealed - Dry,Clear,Darkness - Lighted,Curved - view open,Level,305,Vehs Same Direction: Lane Side Swipe,05: Lane Change,N,1,1,4,0,6,2,0,0,0,0,0,0
10695,10695,Fatal,2008,May,Sunday,10,Overturned,Single Vehicle,146.902776251622,-19.3747993324965,Bruce Hwy,,Bruce Highway (Ayr - Townsville),Nome,Townsville City,4816,Stuart,Townsville,Northern,Northern,North Queensland,Townsville - South,Townsville,Townsville,Outer Regional,Burdekin,Dawson,State-controlled,No Roadway Feature,No traffic control,100 - 110 km/h,Sealed - Dry,Clear,Daylight,Straight,Level,201,Vehs Opposite Approach: Head On,02: Head-on,N,1,1,0,0,2,2,0,0,0,0,0,0
11145,11145,Fatal,2008,October,Friday,9,Hit parked vehicle,Single Vehicle,152.98938455182,-27.4953972875809,Indooroopilly Rd,,,Taringa,Brisbane City,4068,Indooroopilly,North Brisbane,Brisbane,SEQ North,Metropolitan,Taringa,Sherwood - Indooroopilly,Brisbane - West,Major Cities,Maiwar,Ryan,Locally-controlled,No Roadway Feature,No traffic control,0 - 50 km/h,Sealed - Dry,Clear,Daylight,Curved - view open,Level,000,Pedn: Hit Other,21: Other,N,1,0,0,0,1,2,0,0,0,0,1,0
11151,11151,Fatal,2008,October,Saturday,7,Hit object,Single Vehicle,152.955328106175,-27.6326895062529,Logan Mwy,,Logan Motorway (Gailes - Loganholme),Forest Lake,Brisbane City,4078,Inala,South Brisbane,Brisbane,SEQ South,Metropolitan,Forest Lake - Doolandella,Forest Lake - Oxley,Ipswich,Major Cities,Inala,Oxley,State-controlled,No Roadway Feature,No traffic control,100 - 110 km/h,Sealed - Dry,Clear,Daylight,Straight,Level,704,Off Path-Straight: Right Off Cway Hit Obj,16: Off Carriageway on Straight Hit Object,W,1,0,0,0,1,0,1,0,0,0,0,0
11152,11152,Fatal,2008,October,Sunday,6,Angle,Multi-Vehicle,152.609638064886,-26.9597384295535,Arnolds Rd South,Neurum Rd,,Glenfern,Somerset Region,4515,Kilcoy,Moreton,North Coast,SEQ North,North Coast,Kilcoy,Caboolture Hinterland,Moreton Bay - North,Inner Regional,Nanango,Blair,Locally-controlled,Intersection - Cross,No traffic control,100 - 110 km/h,Sealed - Wet,Clear,Daylight,Straight,Level,207,Vehs Opposite Approach: U-Turn,07: U-turn,N,1,0,1,0,2,1,1,0,0,0,0,0
11317,11317,Fatal,2008,February,Monday,16,Hit object,Single Vehicle,152.596108680448,-25.7826656207771,Bruce Hwy,,Bruce Highway (Gympie - Maryborough),Bauple,Fraser Coast Region,4650,Tiaro,Wide Bay Burnett,North Coast,Southern,Southern Queensland,Maryborough Region - South,Maryborough,Wide Bay,Inner Regional,Gympie,Wide Bay,State-controlled,No Roadway Feature,No traffic control,100 - 110 km/h,Sealed - Dry,Clear,Daylight,Straight,Level,703,Off Path-Straight: Left Off Cway Hit Obj,16: Off Carriageway on Straight Hit Object,N,1,0,0,0,1,1,0,0,0,0,0,0
11455,11455,Fatal,2008,September,Monday,18,Head-on,Multi-Vehicle,146.152456020136,-18.6706748831136,Bruce Hwy,,Bruce Highway (Townsville - Ingham),Ingham,Hinchinbrook Shire,4850,Ingham,Townsville,Northern,Northern,North Queensland,Ingham,Charters Towers - Ayr - Ingham,Townsville,Outer Regional,Hinchinbrook,Kennedy,State-controlled,No Roadway Feature,No traffic control,60 km/h,Sealed - Dry,Clear,Dawn/Dusk,Straight,Level,201,Vehs Opposite Approach: Head On,02: Head-on,N,1,0,0,0,1,1,0,1,0,0,0,0
11457,11457,Fatal,2008,September,Monday,7,Angle,Multi-Vehicle,145.421701613766,-16.4922510488817,Captain Cook Hwy,Colenso Rd,Captain Cook Highway (Cairns - Mossman),Killaloe,Douglas Shire,4877,Port Douglas,Far North,Far Northern,Northern,North Queensland,Port Douglas,Port Douglas - Daintree,Cairns,Outer Regional,Cook,Leichhardt,State-controlled,Intersection - T-Junction,Give way sign,100 - 110 km/h,Sealed - Dry,Clear,Daylight,Straight,Level,104,Vehs Adjacent Approach: Thru-Right,01: Intersection: Adjacent Approach,N,1,0,0,0,1,1,1,0,0,0,0,0
11589,11589,Fatal,2008,February,Wednesday,5,Overturned,Single Vehicle,153.203274028925,-27.7068477037806,Beenleigh Connection Rd,,Beenleigh Connection Road,Beenleigh,Logan City,4207,Beenleigh,Logan,South Eastern,SEQ South,South Coast,Beenleigh,Beenleigh,Logan - Beaudesert,Major Cities,Macalister,Forde,State-controlled,No Roadway Feature,No traffic control,60 km/h,Sealed - Dry,Clear,Daylight,Curved - view open,Level,805,Off Path-Curve: Out Of Control On Cway,20: Out of Control on Curve,S,1,0,0,0,1,0,0,1,0,0,0,0
11635,11635,Fatal,2008,August,Tuesday,17,Hit object,Single Vehicle,146.869385931956,-19.136619000966,Horseshoe Bay Rd,,,Arcadia,Townsville City,4819,Magnetic Island,Townsville,Northern,Northern,North Queensland,Magnetic Island,Townsville,Townsville,Outer Regional,Townsville,Herbert,Locally-controlled,No Roadway Feature,No traffic control,60 km/h,Sealed - Dry,Clear,Dawn/Dusk,Curved - view obscured,Grade,805,Off Path-Curve: Out Of Control On Cway,20: Out of Control on Curve,N,1,1,0,0,2,1,0,0,0,0,0,0
11992,11992,Fatal,2002,March,Friday,7,Angle,Multi-Vehicle,147.402658142451,-19.6480086940334,Bruce Hwy,Home Hill - Kirknie Rd,Bruce Highway (Bowen - Ayr),Home Hill,Burdekin Shire,4806,Home Hill,Townsville,Northern,Northern,North Queensland,Burdekin,Charters Towers - Ayr - Ingham,Townsville,Outer Regional,Burdekin,Dawson,State-controlled,Intersection - Cross,Give way sign,70 km/h,Sealed - Dry,Clear,Daylight,Straight,Level,101,Vehs Adjacent Approach: Thru-Thru,01: Intersection: Adjacent Approach,N,1,0,1,0,2,1,1,0,0,0,0,0
12336,12336,Fatal,2002,March,Monday,16,Angle,Multi-Vehicle,153.080541934013,-27.5587156952352,Logan Rd,,,Upper Mount Gravatt,Brisbane City,4122,Upper Mount Gravatt,South Brisbane,Brisbane,SEQ South,Metropolitan,Upper Mount Gravatt,Mt Gravatt,Brisbane - South,Major Cities,Mansfield,Bonner,Locally-controlled,Median Opening,No traffic control,60 km/h,Sealed - Dry,Clear,Daylight,Straight,Level,207,Vehs Opposite Approach: U-Turn,07: U-turn,N,1,0,0,0,1,1,1,0,0,0,0,0
12381,12381,Fatal,2002,March,Saturday,11,Head-on,Multi-Vehicle,153.000644297718,-27.7082127063889,Middle Rd,,,Greenbank,Logan City,4124,Browns Plains,Logan,South Eastern,SEQ South,South Coast,Boronia Heights - Park Ridge,Browns Plains,Logan - Beaudesert,Major Cities,Logan,Forde,Locally-controlled,No Roadway Feature,No traffic control,80 - 90 km/h,Sealed - Wet,Raining,Daylight,Curved - view open,Crest,201,Vehs Opposite Approach: Head On,02: Head-on,N,2,3,0,0,5,2,0,0,0,0,0,0
12382,12382,Fatal,2002,March,Sunday,2,Fall from vehicle,Single Vehicle,139.502094640746,-20.7341362410053,Lucy St,,,Townview,Mount Isa City,4825,Mount Isa,Mount Isa,Northern,Northern,North Queensland,Mount Isa,Outback - North,Queensland - Outback,Remote,Traeger,Kennedy,Locally-controlled,No Roadway Feature,No traffic control,60 km/h,Sealed - Dry,Clear,Darkness - Not lighted,Straight,Level,901,Pass & Misc: Fell In/From Vehicle,21: Other,N,1,0,0,0,1,1,0,0,0,0,0,0
12383,12383,Fatal,2002,March,Sunday,4,Hit object,Single Vehicle,153.00799541639,-27.704501868097,Middle Rd,,,Greenbank,Logan City,4124,Browns Plains,Logan,South Eastern,SEQ South,South Coast,Boronia Heights - Park Ridge,Browns Plains,Logan - Beaudesert,Major Cities,Logan,Forde,Locally-controlled,No Roadway Feature,No traffic control,80 - 90 km/h,Sealed - Wet,Clear,Darkness - Not lighted,Curved - view obscured,Grade,803,Off Path-Curve: Off Cway Rt Bend Hit Obj,19: Off Carriageway on Curve Hit Object,W,1,0,0,0,1,0,1,0,0,0,0,0
12384,12384,Fatal,2002,March,Sunday,16,Hit object,Single Vehicle,145.44491434163,-17.5572002635713,Tumoulin Rd,,Tumoulin Road,Tumoulin,Tablelands Region,4888,Ravenshoe,Far North,Far Northern,Northern,North Queensland,Herberton,Tablelands (east) - Kuranda,Cairns,Outer Regional,Hill,Kennedy,State-controlled,No Roadway Feature,No traffic control,100 - 110 km/h,Sealed - Dry,Clear,Daylight,Straight,Level,704,Off Path-Straight: Right Off Cway Hit Obj,16: Off Carriageway on Straight Hit Object,S,1,0,0,0,1,1,0,0,0,0,0,0
12391,12391,Fatal,2002,March,Wednesday,6,Hit object,Single Vehicle,153.313809201015,-28.1183584882126,Gold Coast - Springbrook Rd,Lowry Ct,Gold Coast - Springbrook Road,Neranwood,Gold Coast City,4213,Mudgeeraba,Gold Coast,South Eastern,SEQ South,South Coast,Guanaba - Springbrook,Gold Coast Hinterland,Gold Coast,Inner Regional,Mudgeeraba,Wright,State-controlled,Intersection - T-Junction,No traffic control,60 km/h,Sealed - Dry,Clear,Daylight,Straight,Crest,700,Off Path-Straight: Other,21: Other,E,1,0,0,0,1,1,0,0,0,0,0,0
12392,12392,Fatal,2002,March,Thursday,19,Head-on,Multi-Vehicle,152.886275021258,-27.1168981202676,Caboolture River Rd,,,Upper Caboolture,Moreton Bay Region,4510,Caboolture,Moreton,North Coast,SEQ North,North Coast,Upper Caboolture,Narangba - Burpengary,Moreton Bay - North,Major Cities,Glass House,Longman,Locally-controlled,No Roadway Feature,No traffic control,80 - 90 km/h,Sealed - Dry,Clear,Darkness - Not lighted,Straight,Level,201,Vehs Opposite Approach: Head On,02: Head-on,N,1,1,0,0,2,2,0,0,0,0,0,0
12393,12393,Fatal,2002,March,Friday,0,Hit object,Single Vehicle,150.54867070655,-23.3741779634802,Rockhampton - Emu Park Rd,,Rockhampton - Emu Park Road,Koongal,Rockhampton Region,4701,Lakes Creek,Capricornia,Central,Central,Central Queensland,Lakes Creek,Rockhampton,Central Queensland,Inner Regional,Rockhampton,Capricornia,State-controlled,No Roadway Feature,No traffic control,70 km/h,Sealed - Dry,Clear,Darkness - Lighted,Curved - view open,Level,803,Off Path-Curve: Off Cway Rt Bend Hit Obj,19: Off Carriageway on Curve Hit Object,E,1,2,0,0,3,1,0,0,0,0,0,0
12843,12843,Fatal,2001,December,Saturday,21,Overturned,Single Vehicle,153.015300183787,-27.3545253380657,Gympie Rd,,Gympie Arterial Road,Carseldine,Brisbane City,4034,Carseldine,North Brisbane,Brisbane,SEQ North,Metropolitan,Carseldine,Bald Hills - Everton Park,Brisbane - North,Major Cities,Aspley,Petrie,State-controlled,No Roadway Feature,No traffic control,70 km/h,Sealed - Wet,Raining,Darkness - Lighted,Straight,Level,703,Off Path-Straight: Left Off Cway Hit Obj,16: Off Carriageway on Straight Hit Object,N,1,0,0,0,1,1,0,0,0,0,0,0
12845,12845,Fatal,2001,December,Sunday,11,Angle,Multi-Vehicle,153.034242004749,-26.6353548382414,Diddillibah Rd,Petrie Creek Rd,,Diddillibah,Sunshine Coast Region,4559,Maroochydore,Sunshine Coast,North Coast,SEQ North,North Coast,Diddillibah - Rosemount,Nambour,Sunshine Coast,Major Cities,Ninderry,Fairfax,Locally-controlled,Intersection - T-Junction,Give way sign,60 km/h,Sealed - Wet,Raining,Daylight,Straight,Level,104,Vehs Adjacent Approach: Thru-Right,01: Intersection: Adjacent Approach,W,1,0,0,0,1,2,0,0,0,0,0,0
13022,13022,Fatal,2001,October,Sunday,5,Hit object,Single Vehicle,153.426456254757,-28.0014106017568,Cavill Ave,Gold Coast Hwy,,Surfers Paradise,Gold Coast City,4217,Surfers Paradise,Gold Coast,South Eastern,SEQ South,South Coast,Surfers Paradise,Surfers Paradise,Gold Coast,Major Cities,Surfers Paradise,Moncrieff,Locally-controlled,Intersection - T-Junction,Operating traffic lights,60 km/h,Sealed - Dry,Clear,Daylight,Straight,Level,703,Off Path-Straight: Left Off Cway Hit Obj,16: Off Carriageway on Straight Hit Object,N,1,1,0,0,2,1,0,0,0,0,0,0
13030,13030,Fatal,2001,October,Thursday,10,Angle,Multi-Vehicle,152.917234925105,-28.1396264864234,Mt Lindesay Hwy,,Mount Lindesay Highway (Beaudesert - Border),Tamrookum,Scenic Rim Region,4285,Beaudesert,Logan,South Eastern,SEQ South,South Coast,Beaudesert,Beaudesert,Logan - Beaudesert,Inner Regional,Scenic Rim,Wright,State-controlled,No Roadway Feature,No traffic control,100 - 110 km/h,Sealed - Dry,Clear,Daylight,Straight,Level,506,Vehs Overtaking: Overtake-Right Turn,09: Overtaking Same Direction,S,1,0,0,0,1,1,0,1,0,0,0,0
13031,13031,Fatal,2001,October,Thursday,13,Angle,Multi-Vehicle,153.066648484041,-26.6141695783273,Finland Rd,,,Bli Bli,Sunshine Coast Region,4560,Coolum,Sunshine Coast,North Coast,SEQ North,North Coast,Marcoola - Mudjimba,Maroochy,Sunshine Coast,Major Cities,Ninderry,Fairfax,Locally-controlled,No Roadway Feature,No traffic control,80 - 90 km/h,Sealed - Dry,Clear,Daylight,Straight,Level,506,Vehs Overtaking: Overtake-Right Turn,09: Overtaking Same Direction,S,1,0,0,0,1,0,1,0,0,0,0,1
13032,13032,Fatal,2001,October,Thursday,22,Sideswipe,Multi-Vehicle,145.924676786491,-17.3453083294954,Bruce Hwy,,Bruce Highway (Innisfail - Cairns),Babinda,Cairns Region,4861,Babinda,Far North,Far Northern,Northern,North Queensland,Babinda,Innisfail - Cassowary Coast,Cairns,Outer Regional,Hill,Kennedy,State-controlled,No Roadway Feature,No traffic control,100 - 110 km/h,Sealed - Dry,Clear,Darkness - Not lighted,Curved - view open,Level,201,Vehs Opposite Approach: Head On,02: Head-on,N,1,1,0,0,2,1,0,1,0,0,0,0
13069,13069,Fatal,2001,October,Friday,11,Head-on,Multi-Vehicle,153.099079842627,-27.782235632863,Waterford - Tamborine Rd,,Waterford - Tamborine Road,Logan Village,Logan City,4207,Logan Village Yarrabilba,Logan,South Eastern,SEQ South,South Coast,Logan Village,Jimboomba,Logan - Beaudesert,Major Cities,Logan,Wright,State-controlled,No Roadway Feature,No traffic control,80 - 90 km/h,Sealed - Wet,Raining,Daylight,Curved - view open,Level,201,Vehs Opposite Approach: Head On,02: Head-on,N,1,1,0,0,2,2,0,0,0,0,0,0
13070,13070,Fatal,2001,October,Saturday,4,Hit pedestrian,Hit pedestrian,149.206097705563,-21.389977138211,Bruce Hwy,,Bruce Highway (St Lawrence - Mackay),Sarina,Mackay Region,4737,Sarina,Mackay,Central,Central,Central Queensland,Sarina,Mackay,Mackay - Isaac - Whitsunday,Outer Regional,Mirani,Capricornia,State-controlled,No Roadway Feature,No traffic control,100 - 110 km/h,Sealed - Wet,Clear,Darkness - Not lighted,Straight,Level,006,Pedn: Hit Facing Traffic,12: Pedestrian,N,1,0,0,0,1,1,0,0,0,0,1,0
13071,13071,Fatal,2001,October,Saturday,10,Hit object,Single Vehicle,153.116907960638,-27.6253650294224,Brisbane - Beenleigh Rd,,Brisbane - Beenleigh Road,Slacks Creek,Logan City,4127,Logan Central,Logan,South Eastern,SEQ South,South Coast,Woodridge,Springwood - Kingston,Logan - Beaudesert,Major Cities,Woodridge,Rankin,State-controlled,No Roadway Feature,No traffic control,60 km/h,Sealed - Dry,Clear,Daylight,Straight,Level,708,Off Path-Straight: Mounts Traffic Island,16: Off Carriageway on Straight Hit Object,N,1,0,0,0,1,1,0,0,0,0,0,0
13134,13134,Fatal,2002,January,Wednesday,13,Angle,Multi-Vehicle,151.63609027742,-27.7018275791508,Gore Hwy,Oakey - Pittsworth Rd,Gore Highway (Toowoomba - Millmerran),Pittsworth,Toowoomba Region,4356,Pittsworth,Darling Downs,Southern,Southern,Southern Queensland,Pittsworth,Darling Downs - East,Darling Downs - Maranoa,Inner Regional,Condamine,Groom,State-controlled,Intersection - Cross,Give way sign,100 - 110 km/h,Sealed - Dry,Clear,Daylight,Straight,Level,104,Vehs Adjacent Approach: Thru-Right,01: Intersection: Adjacent Approach,E,1,0,0,0,1,1,0,1,0,0,0,0
13135,13135,Fatal,2002,January,Wednesday,22,Hit object,Single Vehicle,153.220638949132,-28.002911277865,Beaudesert - Nerang Rd,,Beaudesert - Nerang Road,Clagiraba,Gold Coast City,4211,Nerang,Gold Coast,South Eastern,SEQ South,South Coast,Guanaba - Springbrook,Gold Coast Hinterland,Gold Coast,Major Cities,Mudgeeraba,Wright,State-controlled,No Roadway Feature,No traffic control,80 - 90 km/h,Sealed - Wet,Clear,Darkness - Not lighted,Curved - view open,Grade,804,Off Path-Curve: Off Cway Lt Bend Hit Obj,19: Off Carriageway on Curve Hit Object,N,1,0,0,0,1,1,0,0,0,0,0,0
13137,13137,Fatal,2002,January,Wednesday,15,Head-on,Multi-Vehicle,151.858201895581,-27.5236063359288,Warrego Hwy,,Warrego Highway (Toowoomba - Dalby),Charlton,Toowoomba Region,4350,Toowoomba,Darling Downs,Southern,Southern,Southern Queensland,Toowoomba - West,Toowoomba,Toowoomba,Inner Regional,Condamine,Groom,State-controlled,No Roadway Feature,No traffic control,100 - 110 km/h,Sealed - Wet,Raining,Daylight,Straight,Grade,201,Vehs Opposite Approach: Head On,02: Head-on,W,1,0,0,0,1,0,1,1,0,0,0,0
13504,13504,Fatal,2002,January,Thursday,14,Head-on,Multi-Vehicle,152.931149098563,-26.4560027744755,Bruce Hwy,Main Camp Rd,,Eerwah Vale,Sunshine Coast Region,4562,Eumundi,Sunshine Coast,North Coast,SEQ North,North Coast,Eumundi - Yandina,Nambour,Sunshine Coast,Inner Regional,Nicklin,Fairfax,Locally-controlled,Intersection - T-Junction,No traffic control,100 - 110 km/h,Sealed - Dry,Clear,Daylight,Straight,Level,201,Vehs Opposite Approach: Head On,02: Head-on,N,3,3,0,0,6,2,0,0,0,0,0,0
13508,13508,Fatal,2002,January,Friday,22,Overturned,Single Vehicle,153.384439766085,-28.0190210806142,Nerang - Broadbeach Rd,,Nerang - Broadbeach Road,Carrara,Gold Coast City,4211,Broadbeach,Gold Coast,South Eastern,SEQ South,South Coast,Carrara,Nerang,Gold Coast,Major Cities,Surfers Paradise,Moncrieff,State-controlled,No Roadway Feature,No traffic control,60 km/h,Sealed - Dry,Clear,Darkness - Lighted,Curved - view open,Level,804,Off Path-Curve: Off Cway Lt Bend Hit Obj,19: Off Carriageway on Curve Hit Object,N,1,0,1,0,2,1,0,0,0,0,0,0
13509,13509,Fatal,2002,January,Sunday,21,Hit pedestrian,Hit pedestrian,153.428607515872,-27.9986993109549,Gold Coast Hwy,,,Surfers Paradise,Gold Coast City,4217,Surfers Paradise,Gold Coast,South Eastern,SEQ South,South Coast,Surfers Paradise,Surfers Paradise,Gold Coast,Major Cities,Surfers Paradise,Moncrieff,Locally-controlled,No Roadway Feature,No traffic control,60 km/h,Sealed - Dry,Clear,Darkness - Lighted,Straight,Level,001,Pedn: Near Side Vehicle Hit From Right,12: Pedestrian,N,1,0,0,0,1,1,0,0,0,0,1,0
13622,13622,Fatal,2002,March,Friday,11,Angle,Multi-Vehicle,152.990424213684,-27.3526104445557,Albany Creek Rd,Bronson St,Albany Creek Sub-Arterial Road,Bridgeman Downs,Brisbane City,4035,Albany Creek,North Brisbane,Brisbane,SEQ North,Metropolitan,Bridgeman Downs,Bald Hills - Everton Park,Brisbane - North,Major Cities,Aspley,Dickson,State-controlled,Intersection - T-Junction,No traffic control,70 km/h,Sealed - Dry,Clear,Daylight,Straight,Grade,202,Vehs Opposite Approach: Thru-Right,03: Opposing Vehicles Turning,W,1,0,0,0,1,0,1,1,0,0,0,0
13623,13623,Fatal,2002,March,Saturday,20,Hit object,Single Vehicle,153.073027738433,-27.5380912223165,High St,Trent St,,Mount Gravatt,Brisbane City,4122,Holland Park,South Brisbane,Brisbane,SEQ South,Metropolitan,Mount Gravatt,Mt Gravatt,Brisbane - South,Major Cities,Greenslopes,Bonner,Locally-controlled,Intersection - T-Junction,No traffic control,0 - 50 km/h,Sealed - Dry,Clear,Darkness - Lighted,Curved - view open,Dip,803,Off Path-Curve: Off Cway Rt Bend Hit Obj,19: Off Carriageway on Curve Hit Object,W,1,0,0,0,1,0,1,0,0,0,0,0
13649,13649,Fatal,2002,February,Thursday,16,Sideswipe,Multi-Vehicle,148.229642184878,-19.9829535593715,Mt Nutt Rd,,,Bowen,Whitsunday Region,4805,Bowen,Mackay,Central,Central,Central Queensland,Bowen,Bowen Basin - North,Mackay - Isaac - Whitsunday,Outer Regional,Burdekin,Dawson,Locally-controlled,No Roadway Feature,No traffic control,60 km/h,Sealed - Dry,Clear,Daylight,Straight,Level,305,Vehs Same Direction: Lane Side Swipe,05: Lane Change,N,1,0,0,0,1,1,0,0,0,1,0,0
13673,13673,Fatal,2002,February,Thursday,2,Hit pedestrian,Hit pedestrian,153.046740993369,-26.7324800662733,Bruce Hwy,,Bruce Highway (Brisbane - Gympie),Sippy Downs,Sunshine Coast Region,4556,Sippy Downs,Sunshine Coast,North Coast,SEQ North,North Coast,Sippy Downs,Buderim,Sunshine Coast,Major Cities,Buderim,Fisher,State-controlled,No Roadway Feature,No traffic control,100 - 110 km/h,Sealed - Dry,Clear,Darkness - Not lighted,Straight,Level,004,Pedn: Play; Work; Stand; Lie On Cway,12: Pedestrian,S,1,0,0,0,1,0,0,1,0,0,1,0
13809,13809,Fatal,2001,November,Monday,8,Angle,Multi-Vehicle,152.85974346069,-27.655183220879,Cedar Rd,Orana St,,Redbank Plains,Ipswich City,4301,Springfield,Ipswich,Southern,SEQ South,Metropolitan,Redbank Plains,Springfield - Redbank,Ipswich,Major Cities,Bundamba,Blair,Locally-controlled,Intersection - T-Junction,No traffic control,60 km/h,Sealed - Dry,Clear,Daylight,Straight,Level,104,Vehs Adjacent Approach: Thru-Right,01: Intersection: Adjacent Approach,S,1,0,0,0,1,1,0,0,0,1,0,0
13812,13812,Fatal,2001,November,Wednesday,19,Angle,Multi-Vehicle,153.207254219338,-27.5354306438301,Capalaba - Victoria Point Rd,,Capalaba - Victoria Point Road,Capalaba,Redland City,4157,Capalaba,South Brisbane,Brisbane,SEQ South,Metropolitan,Capalaba,Capalaba,Brisbane - East,Major Cities,Capalaba,Bowman,State-controlled,No Roadway Feature,No traffic control,70 km/h,Sealed - Wet,Raining,Darkness - Lighted,Straight,Grade,201,Vehs Opposite Approach: Head On,02: Head-on,W,1,2,0,0,3,3,0,0,0,0,0,0
13813,13813,Fatal,2001,November,Wednesday,22,Overturned,Single Vehicle,149.740762872679,-28.4433131021511,Barwon Hwy,,Barwon Highway (Goondiwindi - Talwood),Bungunya,Goondiwindi Region,4494,Talwood,Darling Downs,Southern,Southern,Southern Queensland,Inglewood - Waggamba,Darling Downs (west) - Maranoa,Darling Downs - Maranoa,Remote,Southern Downs,Maranoa,State-controlled,No Roadway Feature,No traffic control,100 - 110 km/h,Sealed - Wet,Fog,Darkness - Not lighted,Straight,Level,705,Off Path-Straight: Out Of Control On Cway,17: Out of Control on Straight,W,1,3,0,0,4,1,0,0,0,0,0,0