_id,Crash_Ref_Number,Crash_Severity,Crash_Year,Crash_Month,Crash_Day_Of_Week,Crash_Hour,Crash_Nature,Crash_Type,Crash_Longitude,Crash_Latitude,Crash_Street,Crash_Street_Intersecting,State_Road_Name,Loc_Suburb,Loc_Local_Government_Area,Loc_Post_Code,Loc_Police_Division,Loc_Police_District,Loc_Police_Region,Loc_Queensland_Transport_Region,Loc_Main_Roads_Region,Loc_ABS_Statistical_Area_2,Loc_ABS_Statistical_Area_3,Loc_ABS_Statistical_Area_4,Loc_ABS_Remoteness,Loc_State_Electorate,Loc_Federal_Electorate,Crash_Controlling_Authority,Crash_Roadway_Feature,Crash_Traffic_Control,Crash_Speed_Limit,Crash_Road_Surface_Condition,Crash_Atmospheric_Condition,Crash_Lighting_Condition,Crash_Road_Horiz_Align,Crash_Road_Vert_Align,Crash_DCA_Code,Crash_DCA_Description,Crash_DCA_Group_Description,DCA_Key_Approach_Dir,Count_Casualty_Fatality,Count_Casualty_Hospitalised,Count_Casualty_MedicallyTreated,Count_Casualty_MinorInjury,Count_Casualty_Total,Count_Unit_Car,Count_Unit_Motorcycle_Moped,Count_Unit_Truck,Count_Unit_Bus,Count_Unit_Bicycle,Count_Unit_Pedestrian,Count_Unit_Other
16744,16744,Fatal,2008,August,Wednesday,3,Overturned,Single Vehicle,152.977217530254,-27.7398755882898,Lance Rd,,,Greenbank,Logan City,4124,Jimboomba,Logan,South Eastern,SEQ South,South Coast,Greenbank,Jimboomba,Logan - Beaudesert,Major Cities,Logan,Wright,Locally-controlled,No Roadway Feature,No traffic control,60 km/h,Sealed - Dry,Clear,Darkness - Not lighted,Straight,Grade,704,Off Path-Straight: Right Off Cway Hit Obj,16: Off Carriageway on Straight Hit Object,N,1,0,0,0,1,0,0,1,0,0,0,0
16986,16986,Fatal,2008,March,Saturday,9,Angle,Multi-Vehicle,152.983017640925,-27.1816839284581,Old Gympie Rd,,,Burpengary,Moreton Bay Region,4505,Burpengary,Moreton,North Coast,SEQ North,North Coast,Narangba,Narangba - Burpengary,Moreton Bay - North,Major Cities,Kurwongbah,Longman,Locally-controlled,No Roadway Feature,No traffic control,60 km/h,Sealed - Dry,Clear,Daylight,Straight,Grade,408,Vehs Manoeuvring: Entering From Footway,08: Vehicle Leaving Driveway,S,1,1,0,0,2,1,1,0,0,0,0,0
16990,16990,Fatal,2008,March,Monday,19,Hit pedestrian,Hit pedestrian,152.968252488389,-26.6528773147651,Nambour Connection Rd,,Nambour Connection Road,Woombye,Sunshine Coast Region,4559,Nambour,Sunshine Coast,North Coast,SEQ North,North Coast,Nambour,Nambour,Sunshine Coast,Major Cities,Nicklin,Fairfax,State-controlled,No Roadway Feature,No traffic control,80 - 90 km/h,Sealed - Dry,Clear,Darkness - Not lighted,Straight,Crest,004,Pedn: Play; Work; Stand; Lie On Cway,12: Pedestrian,S,1,0,0,0,1,1,0,0,0,0,1,0
16994,16994,Fatal,2008,March,Tuesday,6,Overturned,Single Vehicle,145.252144882433,-20.6631830132972,Flinders Hwy,,Flinders Highway (Charters Towers - Hughenden),Pentland,Charters Towers Region,4816,Pentland,Townsville,Northern,Northern,North Queensland,Dalrymple,Charters Towers - Ayr - Ingham,Townsville,Very Remote,Traeger,Kennedy,State-controlled,No Roadway Feature,No traffic control,100 - 110 km/h,Sealed - Dry,Clear,Dawn/Dusk,Straight,Level,704,Off Path-Straight: Right Off Cway Hit Obj,16: Off Carriageway on Straight Hit Object,E,1,2,0,0,3,1,0,0,0,0,0,0
17073,17073,Fatal,2008,May,Saturday,18,Angle,Multi-Vehicle,153.115390994809,-27.6804071817037,Chambers Flat Rd,Tamarind St,,Marsden,Logan City,4132,Crestmead,Logan,South Eastern,SEQ South,South Coast,Marsden,Browns Plains,Logan - Beaudesert,Major Cities,Woodridge,Rankin,Locally-controlled,Intersection - Cross,Operating traffic lights,60 km/h,Sealed - Dry,Clear,Darkness - Lighted,Straight,Level,202,Vehs Opposite Approach: Thru-Right,03: Opposing Vehicles Turning,W,1,0,0,0,1,1,1,0,0,0,0,0
17193,17193,Fatal,2008,March,Thursday,15,Angle,Multi-Vehicle,145.70206498545,-16.8912285408507,Cairns Western Arterial Rd,Redlynch Connector Rd,Cairns Western Arterial Road,Redlynch,Cairns Region,4870,Cairns,Far North,Far Northern,Northern,North Queensland,Redlynch,Cairns - North,Cairns,Outer Regional,Barron River,Leichhardt,State-controlled,Intersection - T-Junction,Operating traffic lights,80 - 90 km/h,Sealed - Dry,Clear,Daylight,Straight,Level,202,Vehs Opposite Approach: Thru-Right,03: Opposing Vehicles Turning,S,1,0,0,0,1,1,1,0,0,0,0,0
17476,17476,Fatal,2008,July,Thursday,18,Hit pedestrian,Hit pedestrian,149.715899840506,-23.7737240728474,Capricorn Hwy,,Capricorn Highway (Rockhampton - Duaringa),Duaringa,Central Highlands Region,4712,Duaringa,Capricornia,Central,Central,Central Queensland,Central Highlands - East,Central Highlands (qld),Central Queensland,Outer Regional,Gregory,Flynn,State-controlled,No Roadway Feature,No traffic control,100 - 110 km/h,Sealed - Dry,Clear,Darkness - Not lighted,Straight,Level,009,Pedn: Hit While Boarding/Alighting,12: Pedestrian,E,1,0,0,0,1,1,0,0,0,0,1,0
17489,17489,Fatal,2008,February,Saturday,8,Hit object,Single Vehicle,152.281651396488,-24.7664853066874,Gooburrum Rd,,,Welcome Creek,Bundaberg Region,4670,Bundaberg,Wide Bay Burnett,North Coast,Southern,Southern Queensland,Bundaberg Region - North,Bundaberg,Wide Bay,Inner Regional,Burnett,Flynn,Locally-controlled,No Roadway Feature,No traffic control,100 - 110 km/h,Sealed - Dry,Clear,Daylight,Curved - view open,Grade,804,Off Path-Curve: Off Cway Lt Bend Hit Obj,19: Off Carriageway on Curve Hit Object,S,1,0,0,0,1,0,1,0,0,0,0,0
17580,17580,Fatal,2008,August,Thursday,17,Angle,Multi-Vehicle,153.066726573936,-27.2144864101207,Morris Rd,Summerfield St,,Rothwell,Moreton Bay Region,4022,Redcliffe,Moreton,North Coast,SEQ North,North Coast,Rothwell - Kippa-ring,Redcliffe,Moreton Bay - North,Major Cities,Murrumba,Petrie,Locally-controlled,Intersection - T-Junction,Give way sign,0 - 50 km/h,Sealed - Dry,Clear,Darkness - Lighted,Straight,Level,104,Vehs Adjacent Approach: Thru-Right,01: Intersection: Adjacent Approach,W,1,0,0,0,1,1,1,0,0,0,0,0
17581,17581,Fatal,2008,August,Thursday,23,Hit object,Single Vehicle,145.888351621872,-16.9550550205728,Back Beach Rd,,,Yarrabah,Yarrabah Aboriginal Shire,4871,Yarrabah,Far North,Far Northern,Northern,North Queensland,Yarrabah,Innisfail - Cassowary Coast,Cairns,Outer Regional,Mulgrave,Kennedy,Locally-controlled,No Roadway Feature,No traffic control,60 km/h,Sealed - Dry,Clear,Darkness - Not lighted,Straight,Level,703,Off Path-Straight: Left Off Cway Hit Obj,16: Off Carriageway on Straight Hit Object,S,1,2,0,0,3,1,0,0,0,0,0,0
17846,17846,Fatal,2008,May,Thursday,6,Hit object,Single Vehicle,153.086665101933,-26.6947823879853,Alfriston Dr,Gossamer Dr,,Buderim,Sunshine Coast Region,4556,Maroochydore,Sunshine Coast,North Coast,SEQ North,North Coast,Buderim - South,Buderim,Sunshine Coast,Major Cities,Buderim,Fairfax,Locally-controlled,Intersection - T-Junction,No traffic control,0 - 50 km/h,Sealed - Wet,Raining,Dawn/Dusk,Curved - view open,Level,803,Off Path-Curve: Off Cway Rt Bend Hit Obj,19: Off Carriageway on Curve Hit Object,S,1,1,0,0,2,1,0,0,0,0,0,0
18033,18033,Fatal,2008,May,Thursday,14,Hit object,Single Vehicle,152.37995450917,-24.9877381520883,Goodwood Rd,,Goodwood Road,Kinkuna,Bundaberg Region,4670,Bundaberg,Wide Bay Burnett,North Coast,Southern,Southern Queensland,Bundaberg Region - South,Bundaberg,Wide Bay,Inner Regional,Burnett,Hinkler,State-controlled,No Roadway Feature,No traffic control,100 - 110 km/h,Sealed - Wet,Raining,Daylight,Curved - view obscured,Grade,607,Vehs On Path: Temporary Object On Cway,21: Other,N,1,1,0,0,2,1,0,0,0,0,0,0
18284,18284,Fatal,2009,February,Monday,15,Angle,Multi-Vehicle,152.867070058704,-27.6169593213086,Hannant St,Lawrie Dr,,Collingwood Park,Ipswich City,4301,Goodna,Ipswich,Southern,SEQ South,Metropolitan,Collingwood Park - Redbank,Springfield - Redbank,Ipswich,Major Cities,Bundamba,Oxley,Locally-controlled,Intersection - T-Junction,No traffic control,0 - 50 km/h,Sealed - Dry,Clear,Daylight,Straight,Level,104,Vehs Adjacent Approach: Thru-Right,01: Intersection: Adjacent Approach,N,1,0,0,0,1,0,1,0,1,0,0,0
18285,18285,Fatal,2009,February,Monday,22,Hit object,Single Vehicle,152.584551163088,-26.134965339479,Bruce Hwy,,Gympie - Curra Road,Chatsworth,Gympie Region,4570,Gympie,Wide Bay Burnett,North Coast,Southern,Southern Queensland,Gympie Region,Gympie - Cooloola,Wide Bay,Inner Regional,Gympie,Wide Bay,State-controlled,No Roadway Feature,No traffic control,80 - 90 km/h,Sealed - Dry,Clear,Darkness - Not lighted,Curved - view open,Level,803,Off Path-Curve: Off Cway Rt Bend Hit Obj,19: Off Carriageway on Curve Hit Object,N,1,0,0,0,1,0,0,1,0,0,0,0
18513,18513,Fatal,2008,September,Monday,22,Head-on,Multi-Vehicle,152.945312664601,-27.6299755742291,Johnson Rd,,,Greenbank,Logan City,4124,Inala,South Brisbane,Brisbane,SEQ South,South Coast,Greenbank Military Camp,Browns Plains,Logan - Beaudesert,Major Cities,Jordan,Oxley,Locally-controlled,No Roadway Feature,No traffic control,60 km/h,Sealed - Dry,Clear,Darkness - Not lighted,Curved - view open,Grade,201,Vehs Opposite Approach: Head On,02: Head-on,E,1,3,0,0,4,2,0,0,0,0,0,0
18612,18612,Fatal,2009,January,Sunday,17,Hit object,Single Vehicle,153.061578681103,-26.7944437942592,Fred Chaplin Crct,,,Bells Creek,Sunshine Coast Region,4551,Caloundra,Sunshine Coast,North Coast,SEQ North,North Coast,Caloundra - West,Caloundra,Sunshine Coast,Major Cities,Caloundra,Fisher,Locally-controlled,No Roadway Feature,No traffic control,0 - 50 km/h,Sealed - Dry,Clear,Daylight,Straight,Level,700,Off Path-Straight: Other,21: Other,W,1,0,0,0,1,0,1,0,0,0,0,0
18615,18615,Fatal,2009,January,Sunday,9,Head-on,Multi-Vehicle,152.828135248515,-26.8581438804115,Commissioners Flat Rd,,,Commissioners Flat,Moreton Bay Region,4514,Woodford,Moreton,North Coast,SEQ North,North Coast,Woodford - Daguilar,Caboolture Hinterland,Moreton Bay - North,Inner Regional,Glass House,Longman,Locally-controlled,No Roadway Feature,No traffic control,100 - 110 km/h,Sealed - Dry,Clear,Daylight,Curved - view obscured,Level,201,Vehs Opposite Approach: Head On,02: Head-on,E,1,0,2,0,3,2,0,0,0,0,0,0
18619,18619,Fatal,2009,January,Friday,13,Head-on,Multi-Vehicle,148.789587297132,-20.9180323842208,Bruce Hwy,,Bruce Highway (Mackay - Proserpine),Mount Pelion,Mackay Region,4741,Calen,Mackay,Central,Central,Central Queensland,Seaforth - Calen,Mackay,Mackay - Isaac - Whitsunday,Outer Regional,Whitsunday,Dawson,State-controlled,No Roadway Feature,No traffic control,100 - 110 km/h,Sealed - Wet,Raining,Daylight,Straight,Level,201,Vehs Opposite Approach: Head On,02: Head-on,S,1,1,2,0,4,1,0,1,0,0,0,0
18637,18637,Fatal,2008,December,Thursday,23,Hit object,Single Vehicle,153.065716122128,-26.5257538215253,Yandina - Coolum Rd,,Yandina - Coolum Road,Coolum Beach,Sunshine Coast Region,4573,Coolum,Sunshine Coast,North Coast,SEQ North,North Coast,Eumundi - Yandina,Nambour,Sunshine Coast,Inner Regional,Ninderry,Fairfax,State-controlled,No Roadway Feature,No traffic control,60 km/h,Sealed - Dry,Clear,Darkness - Lighted,Curved - view open,Level,803,Off Path-Curve: Off Cway Rt Bend Hit Obj,19: Off Carriageway on Curve Hit Object,E,1,0,0,0,1,0,1,0,0,0,0,0
18852,18852,Fatal,2008,July,Friday,7,Hit object,Single Vehicle,153.124592510115,-26.7739662554367,Buderim St,Nicklin Wy,Nicklin Way,Battery Hill,Sunshine Coast Region,4551,Kawana Waters,Sunshine Coast,North Coast,SEQ North,North Coast,Moffat Beach - Battery Hill,Caloundra,Sunshine Coast,Major Cities,Caloundra,Fisher,State-controlled,Intersection - T-Junction,No traffic control,70 km/h,Sealed - Wet,Clear,Daylight,Straight,Grade,703,Off Path-Straight: Left Off Cway Hit Obj,16: Off Carriageway on Straight Hit Object,S,1,0,0,0,1,1,0,0,0,0,0,0
18918,18918,Fatal,2008,May,Monday,19,Sideswipe,Multi-Vehicle,145.70626336008,-16.8794559670453,Lower Freshwater Rd,,,Barron,Cairns Region,4878,Cairns,Far North,Far Northern,Northern,North Queensland,Redlynch,Cairns - North,Cairns,Outer Regional,Barron River,Leichhardt,Locally-controlled,No Roadway Feature,No traffic control,70 km/h,Sealed - Dry,Clear,Darkness - Not lighted,Curved - view open,Level,201,Vehs Opposite Approach: Head On,02: Head-on,N,1,0,0,0,1,1,1,0,0,0,0,0
19083,19083,Fatal,2008,April,Wednesday,0,Hit object,Single Vehicle,145.743678681217,-16.9782389185256,Bruce Hwy,,Bruce Highway (Innisfail - Cairns),White Rock,Cairns Region,4868,Edmonton,Far North,Far Northern,Northern,North Queensland,White Rock,Cairns - South,Cairns,Outer Regional,Mulgrave,Leichhardt,State-controlled,No Roadway Feature,No traffic control,80 - 90 km/h,Sealed - Dry,Clear,Darkness - Lighted,Straight,Level,703,Off Path-Straight: Left Off Cway Hit Obj,16: Off Carriageway on Straight Hit Object,S,1,1,0,0,2,1,0,0,0,0,0,0
19084,19084,Fatal,2008,April,Wednesday,9,Angle,Multi-Vehicle,149.217866479172,-21.4254058735083,Brewers Rd,Bruce Hwy,Bruce Highway (St Lawrence - Mackay),Sarina,Mackay Region,4737,Sarina,Mackay,Central,Central,Central Queensland,Sarina,Mackay,Mackay - Isaac - Whitsunday,Outer Regional,Mirani,Capricornia,State-controlled,Intersection - Cross,Give way sign,0 - 50 km/h,Sealed - Dry,Clear,Daylight,Straight,Level,101,Vehs Adjacent Approach: Thru-Thru,01: Intersection: Adjacent Approach,E,1,0,0,0,1,2,0,1,0,0,0,0
19086,19086,Fatal,2008,April,Thursday,17,Angle,Multi-Vehicle,153.066722915901,-27.3893956735067,Gympie St,Northgate Rd,,Northgate,Brisbane City,4013,Hendra,North Brisbane,Brisbane,SEQ North,Metropolitan,Northgate - Virginia,Nundah,Brisbane - North,Major Cities,Nudgee,Lilley,Locally-controlled,Intersection - Roundabout,Give way sign,60 km/h,Sealed - Wet,Clear,Darkness - Lighted,Straight,Grade,202,Vehs Opposite Approach: Thru-Right,03: Opposing Vehicles Turning,W,1,0,0,0,1,2,0,0,0,0,0,0
19087,19087,Fatal,2008,April,Thursday,23,Hit object,Single Vehicle,149.847584291205,-22.8112657884128,Bruce Hwy,,Bruce Highway (Rockhampton - St Lawrence),Marlborough,Livingstone Shire,4705,Marlborough,Capricornia,Central,Central,Central Queensland,Rockhampton Region - North,Rockhampton,Central Queensland,Remote,Mirani,Capricornia,State-controlled,No Roadway Feature,No traffic control,100 - 110 km/h,Sealed - Dry,Clear,Darkness - Not lighted,Curved - view obscured,Level,803,Off Path-Curve: Off Cway Rt Bend Hit Obj,19: Off Carriageway on Curve Hit Object,S,1,0,0,0,1,1,0,0,0,0,0,0
19098,19098,Fatal,2008,May,Monday,12,Rear-end,Multi-Vehicle,153.345683446534,-27.9632294612337,Pacific Hwy,,Pacific Highway (Pacific Motorway),Molendinar,Gold Coast City,4214,Nerang,Gold Coast,South Eastern,SEQ South,South Coast,Molendinar,Southport,Gold Coast,Major Cities,Gaven,Moncrieff,State-controlled,No Roadway Feature,No traffic control,100 - 110 km/h,Sealed - Dry,Clear,Daylight,Straight,Level,301,Vehs Same Direction: Rear End,04: Rear-end,S,1,0,0,0,1,2,0,1,0,0,0,0
19190,19190,Fatal,2009,February,Friday,14,Sideswipe,Multi-Vehicle,152.819492093952,-27.4085862929212,Mount Nebo Rd,,,Jollys Lookout,Moreton Bay Region,4520,Ferny Grove,North Brisbane,Brisbane,SEQ North,North Coast,Samford Valley,The Hills District,Moreton Bay - South,Inner Regional,Pine Rivers,Dickson,Locally-controlled,No Roadway Feature,No traffic control,60 km/h,Sealed - Dry,Clear,Daylight,Straight,Grade,501,Vehs Overtaking: Head On,02: Head-on,W,1,0,0,1,2,1,1,0,0,0,0,0
19259,19259,Fatal,2008,May,Wednesday,0,Hit object,Single Vehicle,153.264408192606,-27.5243844165273,Capalaba - Cleveland Rd,Cleveland - Redland Bay Rd,Capalaba - Cleveland Road,Cleveland,Redland City,4163,Cleveland,South Brisbane,Brisbane,SEQ South,Metropolitan,Cleveland,Cleveland - Stradbroke,Brisbane - East,Major Cities,Oodgeroo,Bowman,State-controlled,Intersection - Roundabout,Give way sign,60 km/h,Sealed - Dry,Clear,Darkness - Lighted,Straight,Level,703,Off Path-Straight: Left Off Cway Hit Obj,16: Off Carriageway on Straight Hit Object,E,1,0,0,0,1,0,1,0,0,0,0,0
19325,19325,Fatal,2009,January,Tuesday,7,Rear-end,Multi-Vehicle,153.033511971577,-27.4121910253502,Gympie Arterial Rd,,Gympie Arterial Road,Kedron,Brisbane City,4031,Stafford,North Brisbane,Brisbane,SEQ North,Metropolitan,Kedron - Gordon Park,Chermside,Brisbane - North,Major Cities,Stafford,Lilley,State-controlled,No Roadway Feature,No traffic control,60 km/h,Sealed - Dry,Clear,Daylight,Curved - view open,Dip,301,Vehs Same Direction: Rear End,04: Rear-end,S,1,0,0,0,1,2,1,0,0,0,0,0
19347,19347,Fatal,2009,February,Tuesday,21,Sideswipe,Multi-Vehicle,150.558745252504,-23.5354471837237,Bruce Hwy,,Bruce Highway (Benaraby - Rockhampton),Midgee,Rockhampton Region,4702,Gracemere,Capricornia,Central,Central,Central Queensland,Bouldercombe,Rockhampton,Central Queensland,Outer Regional,Mirani,Flynn,State-controlled,No Roadway Feature,No traffic control,100 - 110 km/h,Sealed - Dry,Clear,Darkness - Not lighted,Straight,Level,201,Vehs Opposite Approach: Head On,02: Head-on,N,1,0,0,0,1,2,0,0,0,0,0,0
19500,19500,Fatal,2008,November,Monday,7,Hit object,Single Vehicle,152.627906511754,-25.4291561900501,Bruce Hwy,,Bruce Highway (Maryborough - Gin Gin),Duckinwilla,Fraser Coast Region,4650,Howard,Wide Bay Burnett,North Coast,Southern,Southern Queensland,Burrum - Fraser,Maryborough,Wide Bay,Inner Regional,Maryborough,Hinkler,State-controlled,No Roadway Feature,No traffic control,100 - 110 km/h,Sealed - Dry,Clear,Daylight,Straight,Level,700,Off Path-Straight: Other,21: Other,S,1,4,0,0,5,1,0,0,0,0,0,0
19534,19534,Fatal,2009,February,Monday,17,Angle,Multi-Vehicle,153.100498870643,-27.3707869657575,Nudgee Rd,,,Nudgee Beach,Brisbane City,4014,Hendra,North Brisbane,Brisbane,SEQ North,Metropolitan,Nudgee - Banyo,Nundah,Brisbane - North,Major Cities,Nudgee,Lilley,Locally-controlled,No Roadway Feature,No traffic control,60 km/h,Sealed - Dry,Clear,Daylight,Straight,Level,308,Vehs Same Direction: Right Turn S/Swipe,06: Parallel Lanes Turning,S,1,0,0,1,2,0,0,0,0,1,0,1
19598,19598,Fatal,2008,April,Friday,18,Fall from vehicle,Single Vehicle,139.587767453567,-20.6959381285369,Barkly Hwy,,Barkly Highway (Cloncurry - Mount Isa),Mount Isa,Mount Isa City,4825,Mount Isa,Mount Isa,Northern,Northern,North Queensland,Mount Isa Region,Outback - North,Queensland - Outback,Very Remote,Traeger,Kennedy,State-controlled,No Roadway Feature,No traffic control,100 - 110 km/h,Sealed - Dry,Clear,Dawn/Dusk,Straight,Level,702,Off Path-Straight: Right Off Cway,15: Off Carriageway on Straight,E,1,0,0,0,1,0,0,0,0,1,0,0
19604,19604,Fatal,2008,April,Sunday,2,Hit pedestrian,Hit pedestrian,153.360137279886,-28.1262679879824,Bonogin Rd,,,Bonogin,Gold Coast City,4213,Mudgeeraba,Gold Coast,South Eastern,SEQ South,South Coast,Mudgeeraba - Bonogin,Mudgeeraba - Tallebudgera,Gold Coast,Major Cities,Mudgeeraba,Mcpherson,Locally-controlled,No Roadway Feature,No traffic control,80 - 90 km/h,Sealed - Dry,Clear,Darkness - Not lighted,Curved - view open,Grade,004,Pedn: Play; Work; Stand; Lie On Cway,12: Pedestrian,W,1,0,0,0,1,0,0,0,0,0,1,1
20119,20119,Fatal,2001,April,Friday,11,Rear-end,Multi-Vehicle,153.238170371156,-27.6519615788777,Mt Cotton Rd,,Mount Cotton Road,Cornubia,Logan City,4130,Loganholme,Logan,South Eastern,SEQ South,South Coast,Cornubia - Carbrook,Loganlea - Carbrook,Logan - Beaudesert,Major Cities,Macalister,Forde,State-controlled,No Roadway Feature,No traffic control,80 - 90 km/h,Sealed - Dry,Clear,Daylight,Straight,Level,303,Vehs Same Direction: Right Rear,04: Rear-end,N,1,2,0,0,3,2,0,1,0,0,0,0
20555,20555,Fatal,2001,November,Friday,20,Hit object,Single Vehicle,153.191036499873,-27.7489890328759,Carl Heck Blvd,,,Windaroo,Logan City,4207,Beenleigh,Logan,South Eastern,SEQ South,South Coast,Wolffdene - Bahrs Scrub,Beenleigh,Logan - Beaudesert,Major Cities,Macalister,Forde,Locally-controlled,No Roadway Feature,No traffic control,60 km/h,Sealed - Dry,Clear,Darkness - Lighted,Straight,Level,703,Off Path-Straight: Left Off Cway Hit Obj,16: Off Carriageway on Straight Hit Object,S,1,0,3,0,4,1,0,0,0,0,0,0
20556,20556,Fatal,2001,November,Friday,17,Hit object,Single Vehicle,145.39178790827,-16.523575219083,Mossman - Mt Molloy Rd,,Mossman - Mount Molloy Road,Julatten,Mareeba Shire,4871,Mount Molloy,Far North,Far Northern,Northern,North Queensland,Tablelands,Far North,Queensland - Outback,Outer Regional,Cook,Kennedy,State-controlled,No Roadway Feature,No traffic control,80 - 90 km/h,Sealed - Dry,Clear,Daylight,Curved - view obscured,Grade,800,Off Path-Curve: Other,21: Other,N,1,0,0,0,1,0,0,1,0,0,0,0
20557,20557,Fatal,2001,November,Saturday,18,Hit pedestrian,Hit pedestrian,145.86760841771,-16.9089819587041,Sawmill Rd,,,Yarrabah,Yarrabah Aboriginal Shire,4871,Yarrabah,Far North,Far Northern,Northern,North Queensland,Yarrabah,Innisfail - Cassowary Coast,Cairns,Outer Regional,Mulgrave,Kennedy,Locally-controlled,No Roadway Feature,No traffic control,0 - 50 km/h,Sealed - Dry,Clear,Dawn/Dusk,Straight,Level,001,Pedn: Near Side Vehicle Hit From Right,12: Pedestrian,S,1,0,0,0,1,1,0,0,0,0,1,0
20946,20946,Fatal,2001,August,Tuesday,0,Hit object,Single Vehicle,152.97704530796,-27.0105556284995,Bruce Hwy,,Bruce Highway (Brisbane - Gympie),Elimbah,Moreton Bay Region,4516,Caboolture,Moreton,North Coast,SEQ North,North Coast,Elimbah,Caboolture,Moreton Bay - North,Major Cities,Pumicestone,Longman,State-controlled,No Roadway Feature,No traffic control,100 - 110 km/h,Sealed - Dry,Clear,Darkness - Lighted,Straight,Level,704,Off Path-Straight: Right Off Cway Hit Obj,16: Off Carriageway on Straight Hit Object,N,1,0,0,0,1,0,0,1,0,0,0,0
20959,20959,Fatal,2001,August,Tuesday,10,Hit pedestrian,Hit pedestrian,151.95261301433,-27.5648937563145,Herries St,New England Hwy,New England Highway (Yarraman - Toowoomba),Toowoomba City,Toowoomba Region,4350,Toowoomba,Darling Downs,Southern,Southern,Southern Queensland,Toowoomba - Central,Toowoomba,Toowoomba,Inner Regional,Toowoomba North,Groom,Locally-controlled,Intersection - Cross,Operating traffic lights,60 km/h,Sealed - Dry,Clear,Daylight,Straight,Level,001,Pedn: Near Side Vehicle Hit From Right,12: Pedestrian,N,1,0,0,0,1,0,0,0,0,0,1,1
21297,21297,Fatal,2001,October,Monday,14,Hit object,Single Vehicle,152.057371811707,-26.0914683506908,Burnett Hwy,,Burnett Highway (Goomeri - Gayndah),Boonara,Gympie Region,4601,Goomeri,Wide Bay Burnett,North Coast,Southern,Southern Queensland,Kilkivan,Gympie - Cooloola,Wide Bay,Outer Regional,Nanango,Wide Bay,State-controlled,No Roadway Feature,No traffic control,100 - 110 km/h,Sealed - Dry,Clear,Daylight,Straight,Level,704,Off Path-Straight: Right Off Cway Hit Obj,16: Off Carriageway on Straight Hit Object,S,1,1,0,0,2,1,0,0,0,0,0,0
21356,21356,Fatal,2001,August,Sunday,7,Hit object,Single Vehicle,151.410848639743,-28.3335119017982,Cunningham Hwy,,Cunningham Highway (Warwick - Inglewood),Gore,Goondiwindi Region,4352,Inglewood,Darling Downs,Southern,Southern,Southern Queensland,Inglewood - Waggamba,Darling Downs (west) - Maranoa,Darling Downs - Maranoa,Outer Regional,Southern Downs,Maranoa,State-controlled,No Roadway Feature,No traffic control,100 - 110 km/h,Sealed - Wet,Clear,Daylight,Curved - view obscured,Level,804,Off Path-Curve: Off Cway Lt Bend Hit Obj,19: Off Carriageway on Curve Hit Object,E,2,0,0,0,2,1,0,0,0,0,0,0
21357,21357,Fatal,2001,August,Sunday,12,Hit object,Single Vehicle,149.639478845527,-26.641503377282,Warrego Hwy,,Warrego Highway (Miles - Roma),Jackson,Maranoa Region,4426,Dulacca,South West,Southern,Southern,Southern Queensland,Roma Region,Darling Downs (west) - Maranoa,Darling Downs - Maranoa,Remote,Warrego,Maranoa,State-controlled,No Roadway Feature,No traffic control,100 - 110 km/h,Sealed - Dry,Clear,Daylight,Curved - view obscured,Level,800,Off Path-Curve: Other,21: Other,E,1,0,0,0,1,1,0,0,0,0,0,0
21358,21358,Fatal,2001,August,Saturday,14,Hit pedestrian,Hit pedestrian,151.982532415972,-27.2430742806556,Haden - Crows Nest Rd,,,Pinelands,Toowoomba Region,4355,Crows Nest,Darling Downs,Southern,Southern,Southern Queensland,Crows Nest - Rosalie,Darling Downs - East,Darling Downs - Maranoa,Inner Regional,Condamine,Maranoa,Locally-controlled,No Roadway Feature,No traffic control,100 - 110 km/h,Sealed - Dry,Smoke/Dust,Daylight,Straight,Grade,004,Pedn: Play; Work; Stand; Lie On Cway,12: Pedestrian,E,1,0,0,0,1,0,0,1,0,0,1,0
21371,21371,Fatal,2001,August,Wednesday,1,Hit object,Single Vehicle,148.503424439515,-20.2953336413205,Bruce Hwy,,Bruce Highway (Proserpine - Bowen),Gregory River,Whitsunday Region,4800,Proserpine,Mackay,Central,Central,Central Queensland,Proserpine,Whitsunday,Mackay - Isaac - Whitsunday,Outer Regional,Whitsunday,Dawson,State-controlled,No Roadway Feature,No traffic control,100 - 110 km/h,Sealed - Dry,Clear,Darkness - Not lighted,Straight,Crest,704,Off Path-Straight: Right Off Cway Hit Obj,16: Off Carriageway on Straight Hit Object,N,3,1,0,0,4,1,0,0,0,0,0,0
21375,21375,Fatal,2001,August,Friday,11,Hit object,Single Vehicle,153.125298665533,-27.5796825249073,Rochedale Rd,,,Rochedale,Brisbane City,4123,Upper Mount Gravatt,South Brisbane,Brisbane,SEQ South,Metropolitan,Rochedale - Burbank,Mt Gravatt,Brisbane - South,Major Cities,Mansfield,Bonner,Locally-controlled,No Roadway Feature,No traffic control,70 km/h,Sealed - Dry,Clear,Daylight,Straight,Level,700,Off Path-Straight: Other,21: Other,N,1,0,0,0,1,1,0,0,0,0,0,0
21393,21393,Fatal,2006,June,Friday,16,Angle,Multi-Vehicle,148.139746354817,-20.014525895382,Bruce Hwy,East Euri Ck Rd,Bruce Highway (Bowen - Ayr),Bowen,Whitsunday Region,4805,Bowen,Mackay,Central,Central,Central Queensland,Collinsville,Bowen Basin - North,Mackay - Isaac - Whitsunday,Outer Regional,Burdekin,Dawson,State-controlled,Intersection - T-Junction,Give way sign,100 - 110 km/h,Sealed - Dry,Clear,Daylight,Straight,Level,102,Vehs Adjacent Approach: Right-Thru,01: Intersection: Adjacent Approach,E,1,1,0,0,2,1,0,1,0,0,0,0