_id,Crash_Ref_Number,Crash_Severity,Crash_Year,Crash_Month,Crash_Day_Of_Week,Crash_Hour,Crash_Nature,Crash_Type,Crash_Longitude,Crash_Latitude,Crash_Street,Crash_Street_Intersecting,State_Road_Name,Loc_Suburb,Loc_Local_Government_Area,Loc_Post_Code,Loc_Police_Division,Loc_Police_District,Loc_Police_Region,Loc_Queensland_Transport_Region,Loc_Main_Roads_Region,Loc_ABS_Statistical_Area_2,Loc_ABS_Statistical_Area_3,Loc_ABS_Statistical_Area_4,Loc_ABS_Remoteness,Loc_State_Electorate,Loc_Federal_Electorate,Crash_Controlling_Authority,Crash_Roadway_Feature,Crash_Traffic_Control,Crash_Speed_Limit,Crash_Road_Surface_Condition,Crash_Atmospheric_Condition,Crash_Lighting_Condition,Crash_Road_Horiz_Align,Crash_Road_Vert_Align,Crash_DCA_Code,Crash_DCA_Description,Crash_DCA_Group_Description,DCA_Key_Approach_Dir,Count_Casualty_Fatality,Count_Casualty_Hospitalised,Count_Casualty_MedicallyTreated,Count_Casualty_MinorInjury,Count_Casualty_Total,Count_Unit_Car,Count_Unit_Motorcycle_Moped,Count_Unit_Truck,Count_Unit_Bus,Count_Unit_Bicycle,Count_Unit_Pedestrian,Count_Unit_Other
21724,21724,Fatal,2001,October,Saturday,0,Hit pedestrian,Hit pedestrian,146.728459679199,-19.3172088739224,Garbutt - Upper Ross Rd,Thuringowa Dr,Garbutt - Upper Ross Road,Thuringowa Central,Townsville City,4817,Kirwan,Townsville,Northern,Northern,North Queensland,Kirwan - West,Townsville,Townsville,Outer Regional,Thuringowa,Herbert,State-controlled,Intersection - Cross,Operating traffic lights,60 km/h,Unknown,Unknown,Darkness - Lighted,Straight,Level,003,Pedn: Far Side Vehicle Hit From Left,12: Pedestrian,N,1,0,0,0,1,1,0,0,0,0,1,0
21725,21725,Fatal,2001,October,Sunday,5,Head-on,Multi-Vehicle,151.664159636884,-27.6972932057808,Gore Hwy,,Gore Highway (Toowoomba - Millmerran),Linthorpe,Toowoomba Region,4356,Pittsworth,Darling Downs,Southern,Southern,Southern Queensland,Pittsworth,Darling Downs - East,Darling Downs - Maranoa,Inner Regional,Condamine,Groom,State-controlled,No Roadway Feature,No traffic control,100 - 110 km/h,Sealed - Dry,Clear,Dawn/Dusk,Curved - view obscured,Crest,201,Vehs Opposite Approach: Head On,02: Head-on,W,1,0,0,0,1,1,0,1,0,0,0,0
21726,21726,Fatal,2001,October,Friday,17,Overturned,Single Vehicle,152.726461622015,-26.6234987214328,Walli Mtn Rd,,,Kenilworth,Sunshine Coast Region,4574,Kenilworth,Sunshine Coast,North Coast,SEQ North,North Coast,Maroochy Hinterland,Sunshine Coast Hinterland,Sunshine Coast,Inner Regional,Nicklin,Fairfax,Locally-controlled,No Roadway Feature,No traffic control,100 - 110 km/h,Sealed - Dry,Clear,Unknown,Curved - view open,Level,805,Off Path-Curve: Out Of Control On Cway,20: Out of Control on Curve,S,1,0,0,0,1,1,0,0,0,0,0,0
21727,21727,Fatal,2001,October,Saturday,3,Hit pedestrian,Hit pedestrian,153.474435411792,-28.1378130497236,Duringan St,,,Currumbin,Gold Coast City,4223,Coolangatta,Gold Coast,South Eastern,SEQ South,South Coast,Currumbin - Tugun,Coolangatta,Gold Coast,Major Cities,Currumbin,Mcpherson,Locally-controlled,No Roadway Feature,No traffic control,60 km/h,Sealed - Dry,Clear,Darkness - Lighted,Curved - view open,Level,005,Pedn: Hit Walking With Traffic,12: Pedestrian,E,1,0,0,0,1,1,0,0,0,0,1,0
21768,21768,Fatal,2001,September,Monday,14,Head-on,Multi-Vehicle,152.592655074373,-25.8608878200686,Bruce Hwy,,Bruce Highway (Gympie - Maryborough),Gootchie,Fraser Coast Region,4650,Tiaro,Wide Bay Burnett,North Coast,Southern,Southern Queensland,Maryborough Region - South,Maryborough,Wide Bay,Inner Regional,Gympie,Wide Bay,State-controlled,No Roadway Feature,No traffic control,100 - 110 km/h,Sealed - Dry,Clear,Daylight,Curved - view open,Level,201,Vehs Opposite Approach: Head On,02: Head-on,N,1,2,0,0,3,2,0,0,0,0,0,0
21771,21771,Fatal,2001,September,Tuesday,14,Angle,Multi-Vehicle,152.820365447312,-27.6045697305557,Ipswich - Cunningham Hwy Connection Rd,Railway St,Ipswich - Cunningham Hwy Connection Road,Ebbw Vale,Ipswich City,4304,Booval,Ipswich,Southern,SEQ South,Metropolitan,Bundamba,Ipswich Inner,Ipswich,Major Cities,Bundamba,Blair,State-controlled,Intersection - T-Junction,No traffic control,70 km/h,Sealed - Dry,Clear,Daylight,Straight,Level,202,Vehs Opposite Approach: Thru-Right,03: Opposing Vehicles Turning,E,1,1,0,0,2,2,0,0,0,0,0,0
21832,21832,Fatal,2001,September,Saturday,18,Hit pedestrian,Hit pedestrian,152.684629316193,-25.545808248606,Maryborough - Hervey Bay Rd,,Maryborough - Hervey Bay Road,Tinana,Fraser Coast Region,4650,Maryborough,Wide Bay Burnett,North Coast,Southern,Southern Queensland,Tinana,Maryborough,Wide Bay,Inner Regional,Maryborough,Wide Bay,State-controlled,No Roadway Feature,No traffic control,60 km/h,Sealed - Dry,Clear,Darkness - Lighted,Straight,Level,003,Pedn: Far Side Vehicle Hit From Left,12: Pedestrian,E,1,0,0,0,1,1,0,0,0,0,1,0
21833,21833,Fatal,2001,September,Saturday,23,Overturned,Single Vehicle,152.973747784618,-26.3230385616708,Boreen Point - Tewantin Rd,,Boreen Point - Tewantin Road,Ringtail Creek,Noosa Shire,4565,Noosa Heads,Sunshine Coast,North Coast,SEQ North,North Coast,Noosa Hinterland,Noosa Hinterland,Sunshine Coast,Inner Regional,Noosa,Wide Bay,State-controlled,No Roadway Feature,No traffic control,100 - 110 km/h,Sealed - Wet,Raining,Darkness - Not lighted,Straight,Level,704,Off Path-Straight: Right Off Cway Hit Obj,16: Off Carriageway on Straight Hit Object,N,1,0,0,0,1,1,0,0,0,0,0,0
21835,21835,Fatal,2001,September,Monday,13,Head-on,Multi-Vehicle,153.213098855338,-27.8829844471605,Tamborine - Oxenford Rd,,Tamborine - Oxenford Road,Wongawallan,Gold Coast City,4210,Coomera,Gold Coast,South Eastern,SEQ South,South Coast,Upper Coomera - Willow Vale,Ormeau - Oxenford,Gold Coast,Major Cities,Coomera,Forde,State-controlled,No Roadway Feature,No traffic control,60 km/h,Sealed - Dry,Clear,Daylight,Straight,Dip,201,Vehs Opposite Approach: Head On,02: Head-on,S,1,2,0,0,3,2,0,0,0,0,0,0
21836,21836,Fatal,2001,September,Saturday,0,Head-on,Multi-Vehicle,149.146213635178,-21.2163584776731,Bruce Hwy,,Bruce Highway (St Lawrence - Mackay),Bakers Creek,Mackay Region,4740,Mackay,Mackay,Central,Central,Central Queensland,Ooralea - Bakers Creek,Mackay,Mackay - Isaac - Whitsunday,Inner Regional,Mirani,Capricornia,State-controlled,No Roadway Feature,No traffic control,80 - 90 km/h,Sealed - Dry,Clear,Darkness - Not lighted,Curved - view open,Level,201,Vehs Opposite Approach: Head On,02: Head-on,S,1,1,0,0,2,2,0,0,0,0,0,0
21842,21842,Fatal,2001,September,Wednesday,18,Sideswipe,Multi-Vehicle,152.646753020564,-25.5986758292882,Bruce Hwy,,Bruce Highway (Gympie - Maryborough),Glenorchy,Fraser Coast Region,4650,Maryborough,Wide Bay Burnett,North Coast,Southern,Southern Queensland,Maryborough Region - South,Maryborough,Wide Bay,Inner Regional,Maryborough,Wide Bay,State-controlled,No Roadway Feature,No traffic control,100 - 110 km/h,Sealed - Dry,Clear,Darkness - Not lighted,Straight,Level,201,Vehs Opposite Approach: Head On,02: Head-on,S,2,0,0,0,2,1,0,1,0,0,0,0
21891,21891,Fatal,2001,July,Monday,17,Hit pedestrian,Hit pedestrian,153.171219800617,-27.4455684384791,Florence St,Tingal Rd,,Wynnum,Brisbane City,4178,Wynnum,South Brisbane,Brisbane,SEQ South,Metropolitan,Wynnum,Wynnum - Manly,Brisbane - East,Major Cities,Lytton,Bonner,Locally-controlled,Intersection - Cross,Operating traffic lights,60 km/h,Sealed - Dry,Clear,Dawn/Dusk,Straight,Level,001,Pedn: Near Side Vehicle Hit From Right,12: Pedestrian,S,1,0,0,0,1,1,0,0,0,0,1,0
21896,21896,Fatal,2001,July,Tuesday,0,Sideswipe,Multi-Vehicle,151.697425566288,-24.7118958140263,Bruce Hwy,,Bruce Highway (Gin Gin - Benaraby),Lowmead,Gladstone Region,4676,Miriam Vale,Capricornia,Central,Central,Central Queensland,Agnes Water - Miriam Vale,Gladstone,Central Queensland,Outer Regional,Burnett,Flynn,State-controlled,No Roadway Feature,No traffic control,100 - 110 km/h,Sealed - Dry,Clear,Darkness - Not lighted,Curved - view open,Level,201,Vehs Opposite Approach: Head On,02: Head-on,N,1,0,0,0,1,1,0,1,0,0,0,0
22193,22193,Fatal,2001,September,Tuesday,11,Head-on,Multi-Vehicle,152.504689148549,-27.321003194078,Brisbane Valley Hwy,,Brisbane Valley Highway (Ipswich - Harlin),Moombra,Somerset Region,4312,Esk,Ipswich,Southern,SEQ North,North Coast,Esk,Ipswich Hinterland,Ipswich,Inner Regional,Nanango,Blair,State-controlled,No Roadway Feature,No traffic control,100 - 110 km/h,Sealed - Dry,Clear,Daylight,Straight,Grade,201,Vehs Opposite Approach: Head On,02: Head-on,S,2,2,0,0,4,2,0,0,0,0,0,0
22195,22195,Fatal,2001,September,Monday,7,Hit object,Single Vehicle,148.553773727257,-20.3212565976754,Bruce Hwy,,Bruce Highway (Proserpine - Bowen),Myrtlevale,Whitsunday Region,4800,Proserpine,Mackay,Central,Central,Central Queensland,Proserpine,Whitsunday,Mackay - Isaac - Whitsunday,Outer Regional,Whitsunday,Dawson,State-controlled,No Roadway Feature,No traffic control,100 - 110 km/h,Sealed - Wet,Raining,Daylight,Curved - view obscured,Level,804,Off Path-Curve: Off Cway Lt Bend Hit Obj,19: Off Carriageway on Curve Hit Object,N,1,0,0,0,1,0,1,0,0,0,0,0
22199,22199,Fatal,2001,September,Thursday,8,Hit object,Single Vehicle,149.515792869334,-22.1598269441584,Bruce Hwy,,Bruce Highway (St Lawrence - Mackay),St Lawrence,Isaac Region,4707,Saint Lawrence,Mackay,Central,Central,Central Queensland,Broadsound - Nebo,Bowen Basin - North,Mackay - Isaac - Whitsunday,Remote,Mirani,Capricornia,State-controlled,No Roadway Feature,No traffic control,100 - 110 km/h,Sealed - Dry,Clear,Daylight,Curved - view open,Level,803,Off Path-Curve: Off Cway Rt Bend Hit Obj,19: Off Carriageway on Curve Hit Object,N,1,0,0,0,1,0,0,1,0,0,0,0
22200,22200,Fatal,2001,September,Thursday,16,Fall from vehicle,Single Vehicle,146.862923681678,-19.3373343301768,Vantassel St,,,Stuart,Townsville City,4811,Stuart,Townsville,Northern,Northern,North Queensland,Wulguru - Roseneath,Townsville,Townsville,Outer Regional,Mundingburra,Dawson,Locally-controlled,No Roadway Feature,No traffic control,70 km/h,Sealed - Dry,Clear,Daylight,Curved - view open,Grade,805,Off Path-Curve: Out Of Control On Cway,20: Out of Control on Curve,E,1,0,0,0,1,0,1,0,0,0,0,0
22206,22206,Fatal,2001,September,Friday,17,Head-on,Multi-Vehicle,151.94151883447,-26.8752218657958,New England Hwy,,New England Highway (Yarraman - Toowoomba),Yarraman,Toowoomba Region,4614,Yarraman,Darling Downs,Southern,Southern,Southern Queensland,Crows Nest - Rosalie,Darling Downs - East,Darling Downs - Maranoa,Inner Regional,Nanango,Maranoa,State-controlled,No Roadway Feature,No traffic control,100 - 110 km/h,Unknown,Unknown,Daylight,Straight,Level,201,Vehs Opposite Approach: Head On,02: Head-on,W,1,2,0,0,3,2,0,0,0,0,0,0
22207,22207,Fatal,2001,September,Friday,18,Hit animal,Other,145.427650320325,-17.6427729811019,Kennedy Hwy,,Kennedy Highway (Ravenshoe - Mount Garnet),Millstream,Tablelands Region,4888,Ravenshoe,Far North,Far Northern,Northern,North Queensland,Herberton,Tablelands (east) - Kuranda,Cairns,Outer Regional,Hill,Kennedy,State-controlled,No Roadway Feature,No traffic control,100 - 110 km/h,Sealed - Dry,Clear,Dawn/Dusk,Curved - view open,Level,609,Pass & Misc: Hit Animal,14: Hit Animal,W,1,1,0,0,2,1,0,1,0,0,0,1
22208,22208,Fatal,2001,September,Saturday,22,Overturned,Single Vehicle,153.103406033889,-26.133479885163,Teewah Beach Rd,,,Cooloola,Gympie Region,4580,Tin Can Bay,Wide Bay Burnett,North Coast,Southern,Southern Queensland,Cooloola,Gympie - Cooloola,Wide Bay,Inner Regional,Gympie,Wide Bay,Locally-controlled,No Roadway Feature,No traffic control,80 - 90 km/h,Unsealed - Dry,Clear,Darkness - Not lighted,Straight,Level,705,Off Path-Straight: Out Of Control On Cway,17: Out of Control on Straight,S,1,0,3,0,4,1,0,0,0,0,0,0
22255,22255,Fatal,2001,September,Friday,8,Sideswipe,Multi-Vehicle,153.058010367551,-27.5341195387753,South East Arterial Rd,,South-East Arterial Road (Pacific Motorway),Holland Park West,Brisbane City,4121,Holland Park,South Brisbane,Brisbane,SEQ South,Metropolitan,Holland Park West,Holland Park - Yeronga,Brisbane - South,Major Cities,Greenslopes,Bonner,State-controlled,No Roadway Feature,No traffic control,100 - 110 km/h,Sealed - Dry,Clear,Daylight,Straight,Level,306,Vehs Same Direction: Lane Change Right,05: Lane Change,N,1,1,0,0,2,3,0,0,1,0,0,0
22256,22256,Fatal,2001,September,Wednesday,16,Hit pedestrian,Hit pedestrian,153.088833050651,-27.6806691990316,Browns Plains Rd,Third Ave,,Marsden,Logan City,4132,Crestmead,Logan,South Eastern,SEQ South,South Coast,Marsden,Browns Plains,Logan - Beaudesert,Major Cities,Woodridge,Rankin,Locally-controlled,Intersection - Cross,Operating traffic lights,70 km/h,Sealed - Dry,Clear,Daylight,Straight,Grade,001,Pedn: Near Side Vehicle Hit From Right,12: Pedestrian,E,1,0,0,0,1,1,0,0,0,0,1,0
22315,22315,Fatal,2001,July,Monday,4,Angle,Multi-Vehicle,153.12406856441,-27.5028486901764,Gateway Art Rd Ramp Va,Gateway Art Rd Ramp Xl,Gateway Motorway (Eight Mile Plains - Nudgee),Belmont,Brisbane City,4153,Carina,South Brisbane,Brisbane,SEQ South,Metropolitan,Carindale,Carindale,Brisbane - South,Major Cities,Chatsworth,Bonner,State-controlled,Intersection - Interchange,Operating traffic lights,60 km/h,Sealed - Dry,Clear,Darkness - Not lighted,Straight,Level,101,Vehs Adjacent Approach: Thru-Thru,01: Intersection: Adjacent Approach,N,1,0,0,0,1,2,0,0,0,0,0,0
22319,22319,Fatal,2001,August,Saturday,13,Overturned,Single Vehicle,145.738805635421,-17.0452579477549,Mount Peter Rd,,,Mount Peter,Cairns Region,4869,Edmonton,Far North,Far Northern,Northern,North Queensland,Gordonvale - Trinity,Cairns - South,Cairns,Outer Regional,Mulgrave,Kennedy,Locally-controlled,No Roadway Feature,No traffic control,80 - 90 km/h,Sealed - Dry,Clear,Daylight,Curved - view obscured,Dip,805,Off Path-Curve: Out Of Control On Cway,20: Out of Control on Curve,S,1,0,0,0,1,1,0,0,0,0,0,0
22320,22320,Fatal,2001,August,Saturday,0,Hit pedestrian,Hit pedestrian,152.399095364441,-27.6087906309874,Laidley - Plainland Rd,,Laidley - Plainland Road,Laidley North,Lockyer Valley Region,4341,Laidley,Darling Downs,Southern,SEQ South,Southern Queensland,Lockyer Valley - East,Ipswich Hinterland,Ipswich,Inner Regional,Lockyer,Wright,State-controlled,No Roadway Feature,No traffic control,100 - 110 km/h,Sealed - Dry,Clear,Darkness - Not lighted,Straight,Level,005,Pedn: Hit Walking With Traffic,12: Pedestrian,N,1,0,0,0,1,0,0,0,0,0,1,1
22321,22321,Fatal,2001,August,Saturday,12,Hit object,Single Vehicle,152.887292225666,-27.5680702519412,Ghost Gum St,Weekes Rd,,Moggill,Brisbane City,4070,Indooroopilly,North Brisbane,Brisbane,SEQ North,Metropolitan,Bellbowrie - Moggill,Kenmore - Brookfield - Moggill,Brisbane - West,Major Cities,Moggill,Ryan,Locally-controlled,Intersection - T-Junction,No traffic control,0 - 50 km/h,Sealed - Dry,Clear,Daylight,Straight,Grade,000,Pedn: Hit Other,21: Other,E,1,0,0,0,1,1,0,0,0,0,1,0
22322,22322,Fatal,2001,August,Sunday,13,Hit object,Single Vehicle,153.428797622979,-27.9977173409666,Gold Coast Hwy,View Ave,,Surfers Paradise,Gold Coast City,4217,Surfers Paradise,Gold Coast,South Eastern,SEQ South,South Coast,Surfers Paradise,Surfers Paradise,Gold Coast,Major Cities,Surfers Paradise,Moncrieff,Locally-controlled,Intersection - T-Junction,Operating traffic lights,0 - 50 km/h,Sealed - Dry,Clear,Daylight,Curved - view open,Level,000,Pedn: Hit Other,21: Other,S,1,8,2,2,13,2,0,0,0,0,11,0
22877,22877,Fatal,2001,September,Sunday,7,Hit object,Single Vehicle,153.018411261048,-27.2623431376473,Bruce Hwy,,Bruce Highway (Brisbane - Gympie),Murrumba Downs,Moreton Bay Region,4503,Mango Hill North Lakes,Moreton,North Coast,SEQ North,North Coast,Murrumba Downs - Griffin,North Lakes,Moreton Bay - South,Major Cities,Murrumba,Petrie,State-controlled,No Roadway Feature,No traffic control,100 - 110 km/h,Sealed - Dry,Clear,Daylight,Straight,Level,704,Off Path-Straight: Right Off Cway Hit Obj,16: Off Carriageway on Straight Hit Object,N,1,0,0,0,1,1,0,0,0,0,0,0
23064,23064,Fatal,2001,October,Friday,8,Hit object,Single Vehicle,150.815326846803,-27.372297937008,Moonie Hwy,,Moonie Highway (Dalby - St George),Marmadua,Western Downs Region,4405,Tara,South West,Southern,Southern,Southern Queensland,Tara,Darling Downs (west) - Maranoa,Darling Downs - Maranoa,Outer Regional,Warrego,Maranoa,State-controlled,No Roadway Feature,No traffic control,100 - 110 km/h,Sealed - Dry,Clear,Daylight,Straight,Grade,700,Off Path-Straight: Other,21: Other,N,1,2,0,0,3,1,0,0,0,0,0,0
23066,23066,Fatal,2001,October,Monday,18,Hit object,Single Vehicle,148.753133006463,-21.1150126388455,Langdon - Lumburra Rd,,,Dows Creek,Mackay Region,4754,Mirani,Mackay,Central,Central,Central Queensland,Pioneer Valley,Mackay,Mackay - Isaac - Whitsunday,Outer Regional,Mirani,Capricornia,Locally-controlled,No Roadway Feature,No traffic control,100 - 110 km/h,Sealed - Dry,Clear,Dawn/Dusk,Curved - view open,Grade,803,Off Path-Curve: Off Cway Rt Bend Hit Obj,19: Off Carriageway on Curve Hit Object,N,1,0,0,0,1,1,0,0,0,0,0,0
23070,23070,Fatal,2001,October,Wednesday,18,Hit pedestrian,Hit pedestrian,150.391216279117,-23.6257189333664,Burnett Hwy,,Burnett Highway (Mount Morgan - Rockhampton),Mount Morgan,Rockhampton Region,4714,Mount Morgan,Capricornia,Central,Central,Central Queensland,Mount Morgan,Rockhampton,Central Queensland,Inner Regional,Mirani,Flynn,State-controlled,No Roadway Feature,No traffic control,70 km/h,Sealed - Dry,Clear,Darkness - Not lighted,Straight,Grade,005,Pedn: Hit Walking With Traffic,12: Pedestrian,E,1,0,0,0,1,1,0,0,0,0,1,0
23072,23072,Fatal,2001,October,Wednesday,18,Head-on,Multi-Vehicle,152.921392457482,-27.5641331793171,Wacol Station Rd,,,Sumner,Brisbane City,4074,Mount Ommaney,South Brisbane,Brisbane,SEQ South,Metropolitan,Darra - Sumner,Forest Lake - Oxley,Ipswich,Major Cities,Mount Ommaney,Oxley,Locally-controlled,No Roadway Feature,No traffic control,60 km/h,Sealed - Dry,Clear,Dawn/Dusk,Curved - view open,Grade,202,Vehs Opposite Approach: Thru-Right,03: Opposing Vehicles Turning,N,1,0,0,0,1,1,0,0,0,1,0,0
23256,23256,Fatal,2001,October,Sunday,14,Head-on,Multi-Vehicle,149.404239209199,-21.9022627134146,Bruce Hwy,,Bruce Highway (St Lawrence - Mackay),Carmila,Isaac Region,4739,Carmila,Mackay,Central,Central,Central Queensland,Broadsound - Nebo,Bowen Basin - North,Mackay - Isaac - Whitsunday,Outer Regional,Mirani,Capricornia,State-controlled,No Roadway Feature,No traffic control,100 - 110 km/h,Sealed - Dry,Clear,Daylight,Curved - view open,Level,201,Vehs Opposite Approach: Head On,02: Head-on,N,2,0,0,0,2,2,0,0,0,0,0,0
23505,23505,Fatal,2009,January,Friday,10,Hit object,Single Vehicle,153.120203800188,-26.8090069422745,Esplanade,,,Golden Beach,Sunshine Coast Region,4551,Caloundra,Sunshine Coast,North Coast,SEQ North,North Coast,Golden Beach - Pelican Waters,Caloundra,Sunshine Coast,Major Cities,Caloundra,Fisher,Locally-controlled,No Roadway Feature,No traffic control,60 km/h,Sealed - Dry,Clear,Daylight,Straight,Level,000,Pedn: Hit Other,21: Other,N,1,0,1,0,2,1,0,0,0,0,1,0
23506,23506,Fatal,2006,June,Friday,4,Hit object,Single Vehicle,145.756526157819,-16.9203252059366,Grove St,Wilkinson St,,Manunda,Cairns Region,4870,Cairns,Far North,Far Northern,Northern,North Queensland,Manunda,Cairns - South,Cairns,Outer Regional,Cairns,Leichhardt,Locally-controlled,Intersection - T-Junction,No traffic control,60 km/h,Sealed - Dry,Clear,Darkness - Lighted,Curved - view obscured,Level,803,Off Path-Curve: Off Cway Rt Bend Hit Obj,19: Off Carriageway on Curve Hit Object,S,1,2,0,0,3,1,0,0,0,0,0,0
23507,23507,Fatal,2007,January,Saturday,5,Overturned,Single Vehicle,150.39635327817,-23.3081483812068,Rockhampton - Ridgelands Rd,,Rockhampton - Ridgelands Road,Alton Downs,Rockhampton Region,4702,Rockhampton,Capricornia,Central,Central,Central Queensland,Rockhampton Region - West,Rockhampton,Central Queensland,Inner Regional,Mirani,Flynn,State-controlled,No Roadway Feature,No traffic control,100 - 110 km/h,Sealed - Dry,Clear,Dawn/Dusk,Straight,Level,502,Vehs Overtaking: Out Of Control,15: Off Carriageway on Straight,E,1,1,0,0,2,1,0,0,0,0,0,0
23508,23508,Fatal,2009,January,Thursday,17,Head-on,Multi-Vehicle,153.091324668096,-26.5772348145132,Maroochydore - Noosa Rd,,Maroochydore - Noosa Road,Marcoola,Sunshine Coast Region,4564,Coolum,Sunshine Coast,North Coast,SEQ North,North Coast,Marcoola - Mudjimba,Maroochy,Sunshine Coast,Major Cities,Maroochydore,Fairfax,State-controlled,No Roadway Feature,No traffic control,70 km/h,Sealed - Dry,Clear,Daylight,Curved - view open,Level,201,Vehs Opposite Approach: Head On,02: Head-on,S,1,3,0,0,4,2,0,0,0,0,0,0
23509,23509,Fatal,2006,September,Sunday,15,Head-on,Multi-Vehicle,152.853688375524,-27.0299248783255,D'Aguilar Hwy,,D'Aguilar Highway (Caboolture - Kilcoy),Wamuran,Moreton Bay Region,4512,Caboolture,Moreton,North Coast,SEQ North,North Coast,Wamuran,Caboolture,Moreton Bay - North,Major Cities,Glass House,Longman,State-controlled,No Roadway Feature,No traffic control,100 - 110 km/h,Sealed - Wet,Raining,Daylight,Curved - view open,Level,201,Vehs Opposite Approach: Head On,02: Head-on,N,1,3,4,0,8,4,0,0,0,0,0,0
23510,23510,Fatal,2006,September,Thursday,5,Hit object,Single Vehicle,152.998546253999,-27.4940999154892,Sir Fred Schonell Dr,,,St Lucia,Brisbane City,4067,Indooroopilly,North Brisbane,Brisbane,SEQ North,Metropolitan,St Lucia,Sherwood - Indooroopilly,Brisbane - West,Major Cities,Maiwar,Ryan,Locally-controlled,No Roadway Feature,No traffic control,60 km/h,Sealed - Dry,Clear,Daylight,Curved - view obscured,Crest,804,Off Path-Curve: Off Cway Lt Bend Hit Obj,19: Off Carriageway on Curve Hit Object,E,1,0,0,0,1,1,0,0,0,0,0,0
23511,23511,Fatal,2006,June,Monday,18,Hit animal,Other,146.36783899898,-20.0234806941754,Flinders Hwy,,Flinders Highway (Townsville - Charters Towers),Breddan,Charters Towers Region,4820,Charters Towers,Townsville,Northern,Northern,North Queensland,Dalrymple,Charters Towers - Ayr - Ingham,Townsville,Outer Regional,Traeger,Kennedy,State-controlled,No Roadway Feature,No traffic control,100 - 110 km/h,Sealed - Wet,Clear,Darkness - Not lighted,Straight,Crest,609,Pass & Misc: Hit Animal,14: Hit Animal,E,1,0,0,0,1,1,0,0,0,0,0,1
23514,23514,Fatal,2006,June,Tuesday,17,Hit pedestrian,Hit pedestrian,153.030133885337,-27.194410174285,Bay Ave,,,Deception Bay,Moreton Bay Region,4508,Deception Bay,Moreton,North Coast,SEQ North,North Coast,Deception Bay,Narangba - Burpengary,Moreton Bay - North,Major Cities,Bancroft,Petrie,Locally-controlled,No Roadway Feature,Pedestrian crossing sign,60 km/h,Sealed - Dry,Clear,Daylight,Straight,Level,003,Pedn: Far Side Vehicle Hit From Left,12: Pedestrian,S,1,0,0,0,1,1,0,0,0,0,1,0
23515,23515,Fatal,2006,June,Tuesday,14,Angle,Multi-Vehicle,148.579198663879,-20.4014545974457,Crystal Brook Rd,Hinschen St,Crystal Brook Road,Proserpine,Whitsunday Region,4800,Proserpine,Mackay,Central,Central,Central Queensland,Proserpine,Whitsunday,Mackay - Isaac - Whitsunday,Outer Regional,Whitsunday,Dawson,State-controlled,Intersection - T-Junction,Give way sign,60 km/h,Sealed - Wet,Raining,Daylight,Straight,Level,109,Vehs Adjacent Approach: Left-Left,01: Intersection: Adjacent Approach,W,1,0,0,0,1,2,0,0,0,0,0,0
23518,23518,Fatal,2007,December,Thursday,21,Head-on,Multi-Vehicle,153.035777156602,-27.4655617279998,Story Bridge,,,Kangaroo Point,Brisbane City,4169,Dutton Park,South Brisbane,Brisbane,SEQ South,Metropolitan,Kangaroo Point,Brisbane Inner,Brisbane Inner City,Major Cities,South Brisbane,Griffith,Locally-controlled,Bridge/Causeway,No traffic control,60 km/h,Sealed - Dry,Clear,Darkness - Lighted,Straight,Level,201,Vehs Opposite Approach: Head On,02: Head-on,S,1,1,0,0,2,2,0,0,0,0,0,0
23521,23521,Fatal,2004,September,Saturday,19,Hit object,Single Vehicle,153.327573347599,-27.993614891632,Beaudesert - Nerang Rd,,Beaudesert - Nerang Road,Nerang,Gold Coast City,4211,Nerang,Gold Coast,South Eastern,SEQ South,South Coast,Nerang - Mount Nathan,Nerang,Gold Coast,Major Cities,Gaven,Moncrieff,State-controlled,No Roadway Feature,No traffic control,0 - 50 km/h,Sealed - Dry,Clear,Darkness - Lighted,Straight,Grade,704,Off Path-Straight: Right Off Cway Hit Obj,16: Off Carriageway on Straight Hit Object,E,2,0,0,0,2,1,0,0,0,0,0,0
23522,23522,Fatal,2005,August,Tuesday,18,Hit object,Single Vehicle,153.031832920352,-27.64492802602,Logan Mwy,,Logan Motorway (Gailes - Loganholme),Parkinson,Brisbane City,4115,Calamvale,South Brisbane,Brisbane,SEQ South,Metropolitan,Parkinson - Drewvale,Rocklea - Acacia Ridge,Brisbane - South,Major Cities,Algester,Rankin,State-controlled,No Roadway Feature,No traffic control,100 - 110 km/h,Sealed - Dry,Clear,Darkness - Not lighted,Straight,Level,703,Off Path-Straight: Left Off Cway Hit Obj,16: Off Carriageway on Straight Hit Object,W,1,0,0,0,1,1,0,0,0,0,0,0
23523,23523,Fatal,2006,June,Wednesday,8,Angle,Multi-Vehicle,152.761042167782,-27.6201337567778,Gray St,Ipswich - Cunningham Hwy Connection Rd,Ipswich - Cunningham Hwy Connection Road,Ipswich,Ipswich City,4305,Ipswich,Ipswich,Southern,SEQ South,Metropolitan,Ipswich - Central,Ipswich Inner,Ipswich,Major Cities,Ipswich,Blair,State-controlled,Intersection - Cross,Operating traffic lights,60 km/h,Sealed - Dry,Clear,Daylight,Straight,Level,202,Vehs Opposite Approach: Thru-Right,03: Opposing Vehicles Turning,N,1,2,0,0,3,2,0,0,0,0,0,1