_id,Crash_Ref_Number,Crash_Severity,Crash_Year,Crash_Month,Crash_Day_Of_Week,Crash_Hour,Crash_Nature,Crash_Type,Crash_Longitude,Crash_Latitude,Crash_Street,Crash_Street_Intersecting,State_Road_Name,Loc_Suburb,Loc_Local_Government_Area,Loc_Post_Code,Loc_Police_Division,Loc_Police_District,Loc_Police_Region,Loc_Queensland_Transport_Region,Loc_Main_Roads_Region,Loc_ABS_Statistical_Area_2,Loc_ABS_Statistical_Area_3,Loc_ABS_Statistical_Area_4,Loc_ABS_Remoteness,Loc_State_Electorate,Loc_Federal_Electorate,Crash_Controlling_Authority,Crash_Roadway_Feature,Crash_Traffic_Control,Crash_Speed_Limit,Crash_Road_Surface_Condition,Crash_Atmospheric_Condition,Crash_Lighting_Condition,Crash_Road_Horiz_Align,Crash_Road_Vert_Align,Crash_DCA_Code,Crash_DCA_Description,Crash_DCA_Group_Description,DCA_Key_Approach_Dir,Count_Casualty_Fatality,Count_Casualty_Hospitalised,Count_Casualty_MedicallyTreated,Count_Casualty_MinorInjury,Count_Casualty_Total,Count_Unit_Car,Count_Unit_Motorcycle_Moped,Count_Unit_Truck,Count_Unit_Bus,Count_Unit_Bicycle,Count_Unit_Pedestrian,Count_Unit_Other
26128,26128,Fatal,2004,August,Sunday,8,Angle,Multi-Vehicle,149.153562904368,-21.1667176558782,Archibald St,Bruce Hwy,Bruce Highway (St Lawrence - Mackay),Paget,Mackay Region,4740,Mackay,Mackay,Central,Central,Central Queensland,Ooralea - Bakers Creek,Mackay,Mackay - Isaac - Whitsunday,Inner Regional,Mackay,Dawson,State-controlled,Intersection - Cross,Operating traffic lights,60 km/h,Sealed - Dry,Clear,Daylight,Straight,Level,202,Vehs Opposite Approach: Thru-Right,03: Opposing Vehicles Turning,N,1,0,0,0,1,2,0,0,0,0,0,0
26131,26131,Fatal,2004,August,Friday,10,Rear-end,Multi-Vehicle,149.190102653082,-21.315338770226,Bruce Hwy,,Bruce Highway (St Lawrence - Mackay),Balberra,Mackay Region,4740,Sarina,Mackay,Central,Central,Central Queensland,Walkerston - Eton,Mackay,Mackay - Isaac - Whitsunday,Outer Regional,Mirani,Capricornia,State-controlled,No Roadway Feature,No traffic control,100 - 110 km/h,Sealed - Dry,Clear,Daylight,Straight,Level,303,Vehs Same Direction: Right Rear,04: Rear-end,S,1,0,0,0,1,2,0,0,0,0,0,0
26413,26413,Fatal,2004,August,Friday,17,Hit pedestrian,Hit pedestrian,153.079785835815,-27.5530196971142,Dawson Rd,Logan Rd,,Upper Mount Gravatt,Brisbane City,4122,Upper Mount Gravatt,South Brisbane,Brisbane,SEQ South,Metropolitan,Upper Mount Gravatt,Mt Gravatt,Brisbane - South,Major Cities,Mansfield,Bonner,Locally-controlled,Intersection - Cross,Operating traffic lights,60 km/h,Sealed - Dry,Clear,Dawn/Dusk,Straight,Level,003,Pedn: Far Side Vehicle Hit From Left,12: Pedestrian,N,1,0,0,0,1,1,0,0,0,0,1,0
26460,26460,Fatal,2004,October,Saturday,15,Hit object,Single Vehicle,152.341577197539,-27.544980020859,Warrego Hwy,,Warrego Highway (Ipswich - Toowoomba),Lawes,Lockyer Valley Region,4345,Gatton,Darling Downs,Southern,SEQ South,Southern Queensland,Gatton,Toowoomba,Toowoomba,Inner Regional,Lockyer,Wright,State-controlled,No Roadway Feature,No traffic control,100 - 110 km/h,Sealed - Dry,Clear,Daylight,Straight,Level,201,Vehs Opposite Approach: Head On,02: Head-on,W,1,6,0,0,7,2,0,0,0,0,0,0
26469,26469,Fatal,2004,October,Sunday,12,Angle,Multi-Vehicle,153.149524817813,-27.5096637867968,Cleveland Sub-Arterial Rd,Mt Gravatt - Capalaba Rd,Cleveland Sub-Arterial Road,Chandler,Brisbane City,4155,Capalaba,South Brisbane,Brisbane,SEQ South,Metropolitan,Belmont - Gumdale,Capalaba,Brisbane - East,Major Cities,Chatsworth,Bonner,State-controlled,Intersection - Cross,Operating traffic lights,60 km/h,Sealed - Dry,Clear,Daylight,Straight,Level,202,Vehs Opposite Approach: Thru-Right,03: Opposing Vehicles Turning,E,1,0,0,0,1,1,1,0,0,0,0,0
26528,26528,Fatal,2004,August,Friday,7,Fall from vehicle,Single Vehicle,153.076840524405,-27.4718354501764,Bridgewater St,Richmond Rd,,Morningside,Brisbane City,4170,Morningside,South Brisbane,Brisbane,SEQ South,Metropolitan,Morningside - Seven Hills,Brisbane Inner - East,Brisbane Inner City,Major Cities,Bulimba,Griffith,Locally-controlled,Intersection - T-Junction,No traffic control,60 km/h,Sealed - Dry,Clear,Daylight,Straight,Crest,102,Vehs Adjacent Approach: Right-Thru,01: Intersection: Adjacent Approach,S,1,0,0,0,1,1,1,0,0,0,0,0
26535,26535,Fatal,2004,August,Sunday,11,Hit object,Single Vehicle,153.085809641535,-27.4948182352604,Old Cleveland Rd,,,Carina,Brisbane City,4152,Carina,South Brisbane,Brisbane,SEQ South,Metropolitan,Carina,Carindale,Brisbane - South,Major Cities,Chatsworth,Griffith,Locally-controlled,No Roadway Feature,No traffic control,60 km/h,Sealed - Dry,Clear,Daylight,Straight,Level,703,Off Path-Straight: Left Off Cway Hit Obj,16: Off Carriageway on Straight Hit Object,E,1,0,0,0,1,1,0,0,0,0,0,0
26942,26942,Fatal,2006,December,Monday,10,Angle,Multi-Vehicle,153.303417438329,-27.6580745165386,Beenleigh - Redland Bay Rd,,Beenleigh - Redland Bay Road,Redland Bay,Redland City,4165,Redland Bay,South Brisbane,Brisbane,SEQ South,Metropolitan,Redland Bay,Cleveland - Stradbroke,Brisbane - East,Major Cities,Redlands,Bowman,State-controlled,No Roadway Feature,No traffic control,80 - 90 km/h,Sealed - Dry,Clear,Daylight,Straight,Crest,408,Vehs Manoeuvring: Entering From Footway,08: Vehicle Leaving Driveway,S,1,0,0,1,2,1,0,1,0,0,0,0
26943,26943,Fatal,2009,February,Friday,5,Angle,Multi-Vehicle,152.152036278089,-27.5777312596705,Carpendale Rd,Mahons Rd,,Carpendale,Lockyer Valley Region,4344,Helidon,Darling Downs,Southern,SEQ South,Southern Queensland,Lockyer Valley - West,Toowoomba,Toowoomba,Inner Regional,Lockyer,Wright,Locally-controlled,Intersection - T-Junction,No traffic control,100 - 110 km/h,Sealed - Dry,Clear,Daylight,Straight,Level,506,Vehs Overtaking: Overtake-Right Turn,09: Overtaking Same Direction,E,1,1,0,0,2,1,1,0,0,0,0,0
26944,26944,Fatal,2007,December,Thursday,0,Hit object,Single Vehicle,153.218641146249,-28.0114966567303,Beaudesert - Nerang Rd,,Beaudesert - Nerang Road,Witheren,Scenic Rim Region,4275,Canungra,Logan,South Eastern,SEQ South,South Coast,Tamborine - Canungra,Gold Coast Hinterland,Gold Coast,Inner Regional,Scenic Rim,Wright,State-controlled,No Roadway Feature,No traffic control,80 - 90 km/h,Sealed - Wet,Raining,Darkness - Not lighted,Curved - view open,Dip,803,Off Path-Curve: Off Cway Rt Bend Hit Obj,19: Off Carriageway on Curve Hit Object,S,1,0,0,0,1,1,0,0,0,0,0,0
26947,26947,Fatal,2007,December,Thursday,18,Hit object,Single Vehicle,152.970664202737,-26.7769197289979,Tunnel Ridge Rd,,,Mooloolah Valley,Sunshine Coast Region,4553,Beerwah,Sunshine Coast,North Coast,SEQ North,North Coast,Landsborough,Sunshine Coast Hinterland,Sunshine Coast,Inner Regional,Glass House,Fisher,Locally-controlled,No Roadway Feature,No traffic control,80 - 90 km/h,Sealed - Dry,Clear,Dawn/Dusk,Curved - view obscured,Grade,803,Off Path-Curve: Off Cway Rt Bend Hit Obj,19: Off Carriageway on Curve Hit Object,N,1,1,0,0,2,1,0,0,0,0,0,0
26950,26950,Fatal,2005,August,Saturday,6,Rear-end,Multi-Vehicle,153.099267414378,-26.3994397788864,David Low Way,,,Noosa Heads,Noosa Shire,4567,Noosa Heads,Sunshine Coast,North Coast,SEQ North,North Coast,Noosa Heads,Noosa,Sunshine Coast,Major Cities,Noosa,Wide Bay,Locally-controlled,No Roadway Feature,No traffic control,60 km/h,Sealed - Dry,Clear,Daylight,Curved - view open,Level,803,Off Path-Curve: Off Cway Rt Bend Hit Obj,19: Off Carriageway on Curve Hit Object,E,1,0,1,0,2,1,1,0,0,0,0,0
26951,26951,Fatal,2009,January,Thursday,21,Hit parked vehicle,Single Vehicle,153.324002713689,-28.0037097893486,Alexander Dr,,,Nerang,Gold Coast City,4211,Nerang,Gold Coast,South Eastern,SEQ South,South Coast,Nerang - Mount Nathan,Nerang,Gold Coast,Major Cities,Gaven,Moncrieff,Locally-controlled,No Roadway Feature,No traffic control,60 km/h,Sealed - Wet,Raining,Darkness - Lighted,Straight,Level,703,Off Path-Straight: Left Off Cway Hit Obj,16: Off Carriageway on Straight Hit Object,S,1,0,0,0,1,1,0,1,0,0,0,0
26953,26953,Fatal,2009,January,Sunday,8,Head-on,Multi-Vehicle,152.704717047603,-26.2608982253704,Bruce Hwy,,Cooroy - Gympie Road,Kybong,Gympie Region,4570,Gympie,Wide Bay Burnett,North Coast,Southern,Southern Queensland,Gympie Region,Gympie - Cooloola,Wide Bay,Inner Regional,Gympie,Wide Bay,State-controlled,No Roadway Feature,No traffic control,80 - 90 km/h,Sealed - Wet,Clear,Daylight,Curved - view open,Level,201,Vehs Opposite Approach: Head On,02: Head-on,N,1,2,0,0,3,2,0,0,0,0,0,0
26954,26954,Fatal,2005,August,Friday,16,Hit object,Single Vehicle,153.080997906852,-26.651993938073,Maroochydore Rd,,Maroochydore Road,Maroochydore,Sunshine Coast Region,4558,Maroochydore,Sunshine Coast,North Coast,SEQ North,North Coast,Maroochydore - Kuluin,Maroochy,Sunshine Coast,Major Cities,Maroochydore,Fairfax,State-controlled,No Roadway Feature,No traffic control,60 km/h,Sealed - Dry,Clear,Daylight,Curved - view open,Level,201,Vehs Opposite Approach: Head On,02: Head-on,W,1,0,0,0,1,3,1,0,0,0,0,0
26955,26955,Fatal,2009,January,Friday,16,Angle,Multi-Vehicle,151.860584421934,-27.6594010952244,Palmerstone Ct,Toowoomba - Karara Rd,Toowoomba - Karara Road,Wyreema,Toowoomba Region,4352,Drayton,Darling Downs,Southern,Southern,Southern Queensland,Cambooya - Wyreema,Toowoomba,Toowoomba,Inner Regional,Condamine,Groom,State-controlled,Intersection - T-Junction,No traffic control,60 km/h,Sealed - Dry,Clear,Daylight,Straight,Grade,408,Vehs Manoeuvring: Entering From Footway,08: Vehicle Leaving Driveway,S,1,0,1,0,2,1,1,0,0,0,0,0
26959,26959,Fatal,2006,August,Tuesday,19,Overturned,Single Vehicle,148.936671095566,-21.3369228280278,Peak Downs Hwy,,Peak Downs Highway (Nebo - Mackay),Eton,Mackay Region,4741,Eton,Mackay,Central,Central,Central Queensland,Walkerston - Eton,Mackay,Mackay - Isaac - Whitsunday,Outer Regional,Mirani,Capricornia,State-controlled,No Roadway Feature,No traffic control,60 km/h,Sealed - Dry,Clear,Darkness - Not lighted,Curved - view open,Grade,805,Off Path-Curve: Out Of Control On Cway,20: Out of Control on Curve,N,1,0,0,0,1,0,0,1,0,0,0,0
26960,26960,Fatal,2006,May,Friday,18,Head-on,Multi-Vehicle,153.132564889066,-27.632304722055,Pacific Hwy Service Rd,,,Springwood,Logan City,4127,Springwood,Logan,South Eastern,SEQ South,South Coast,Springwood,Springwood - Kingston,Logan - Beaudesert,Major Cities,Springwood,Rankin,Locally-controlled,No Roadway Feature,No traffic control,60 km/h,Sealed - Dry,Clear,Darkness - Lighted,Curved - view open,Crest,201,Vehs Opposite Approach: Head On,02: Head-on,S,1,0,0,1,2,1,1,0,0,0,0,0
26961,26961,Fatal,2005,August,Sunday,1,Sideswipe,Multi-Vehicle,153.170380846045,-27.8122236312876,Veivers Rd,,,Cedar Creek,Logan City,4207,Logan Village Yarrabilba,Logan,South Eastern,SEQ South,South Coast,Jimboomba,Jimboomba,Logan - Beaudesert,Major Cities,Logan,Wright,Locally-controlled,No Roadway Feature,No traffic control,80 - 90 km/h,Sealed - Dry,Clear,Darkness - Not lighted,Curved - view obscured,Grade,201,Vehs Opposite Approach: Head On,02: Head-on,N,1,2,0,0,3,1,0,0,1,0,0,0
26964,26964,Fatal,2005,August,Saturday,2,Head-on,Multi-Vehicle,151.632449444522,-27.7043170438248,Gore Hwy,,Gore Highway (Toowoomba - Millmerran),Pittsworth,Toowoomba Region,4356,Pittsworth,Darling Downs,Southern,Southern,Southern Queensland,Pittsworth,Darling Downs - East,Darling Downs - Maranoa,Inner Regional,Condamine,Groom,State-controlled,No Roadway Feature,No traffic control,100 - 110 km/h,Sealed - Dry,Clear,Darkness - Not lighted,Straight,Level,201,Vehs Opposite Approach: Head On,02: Head-on,S,1,0,0,0,1,2,0,0,0,0,0,0
27029,27029,Fatal,2004,March,Wednesday,22,Hit object,Single Vehicle,152.198511894463,-28.313037060936,Warwick - Killarney Rd,,Warwick - Killarney Road,Loch Lomond,Southern Downs Region,4370,Killarney,Darling Downs,Southern,Southern,Southern Queensland,Southern Downs - East,Granite Belt,Darling Downs - Maranoa,Inner Regional,Southern Downs,Maranoa,State-controlled,Bridge/Causeway,No traffic control,100 - 110 km/h,Sealed - Dry,Clear,Darkness - Not lighted,Curved - view open,Dip,803,Off Path-Curve: Off Cway Rt Bend Hit Obj,19: Off Carriageway on Curve Hit Object,E,1,0,0,0,1,1,0,0,0,0,0,0
27030,27030,Fatal,2004,March,Thursday,15,Hit pedestrian,Hit pedestrian,153.165299910085,-27.706487735942,Lucy Cl,,,Edens Landing,Logan City,4207,Beenleigh,Logan,South Eastern,SEQ South,South Coast,Edens Landing - Holmview,Beenleigh,Logan - Beaudesert,Major Cities,Macalister,Forde,Locally-controlled,No Roadway Feature,No traffic control,0 - 50 km/h,Sealed - Dry,Clear,Daylight,Curved - view open,Grade,004,Pedn: Play; Work; Stand; Lie On Cway,12: Pedestrian,N,1,0,0,0,1,0,0,1,0,0,1,0
27031,27031,Fatal,2004,March,Thursday,22,Head-on,Multi-Vehicle,153.36230407895,-27.8838375012997,Helensvale Rd,,,Hope Island,Gold Coast City,4212,Coomera,Gold Coast,South Eastern,SEQ South,South Coast,Hope Island,Ormeau - Oxenford,Gold Coast,Major Cities,Broadwater,Fadden,Locally-controlled,Bridge/Causeway,No traffic control,60 km/h,Sealed - Dry,Clear,Darkness - Lighted,Straight,Level,501,Vehs Overtaking: Head On,02: Head-on,N,1,0,2,0,3,2,0,0,0,0,0,0
27034,27034,Fatal,2004,March,Friday,0,Overturned,Single Vehicle,148.169128044188,-23.5711002123114,Gregory Hwy,,Gregory Highway (Springsure - Emerald),Emerald,Central Highlands Region,4720,Emerald,Capricornia,Central,Central,Central Queensland,Emerald,Central Highlands (qld),Central Queensland,Outer Regional,Gregory,Flynn,State-controlled,No Roadway Feature,No traffic control,100 - 110 km/h,Sealed - Dry,Clear,Darkness - Not lighted,Straight,Level,702,Off Path-Straight: Right Off Cway,15: Off Carriageway on Straight,N,1,0,0,0,1,1,0,0,0,0,0,0
27035,27035,Fatal,2004,March,Sunday,17,Head-on,Multi-Vehicle,153.123990864525,-27.5256754393489,Gateway Arterial Rd,,Gateway Motorway (Eight Mile Plains - Nudgee),Belmont,Brisbane City,4153,Carina,South Brisbane,Brisbane,SEQ South,Metropolitan,Carindale,Carindale,Brisbane - South,Major Cities,Mansfield,Bonner,State-controlled,No Roadway Feature,No traffic control,100 - 110 km/h,Sealed - Dry,Clear,Daylight,Straight,Grade,201,Vehs Opposite Approach: Head On,02: Head-on,N,1,1,2,0,4,4,0,0,0,0,0,0
27075,27075,Fatal,2004,July,Monday,18,Rear-end,Multi-Vehicle,153.101742529044,-27.4930846808504,Creek Rd,Zahel St,,Carindale,Brisbane City,4152,Carina,South Brisbane,Brisbane,SEQ South,Metropolitan,Carindale,Carindale,Brisbane - South,Major Cities,Chatsworth,Bonner,Locally-controlled,Intersection - T-Junction,No traffic control,60 km/h,Sealed - Dry,Clear,Darkness - Lighted,Straight,Grade,303,Vehs Same Direction: Right Rear,04: Rear-end,S,1,0,0,0,1,1,1,0,0,0,0,0
27108,27108,Fatal,2004,July,Saturday,11,Angle,Multi-Vehicle,153.430813079503,-28.0228571373695,Chelsea Ave,Surf Pde,,Broadbeach,Gold Coast City,4218,Broadbeach,Gold Coast,South Eastern,SEQ South,South Coast,Mermaid Beach - Broadbeach,Broadbeach - Burleigh,Gold Coast,Major Cities,Surfers Paradise,Moncrieff,Locally-controlled,Intersection - Cross,Stop sign,60 km/h,Sealed - Wet,Raining,Daylight,Straight,Level,101,Vehs Adjacent Approach: Thru-Thru,01: Intersection: Adjacent Approach,N,1,1,0,0,2,2,0,0,0,0,0,0
27235,27235,Fatal,2004,June,Monday,21,Hit object,Single Vehicle,149.054964826157,-21.1576808504688,Mccoll St,,,Walkerston,Mackay Region,4751,Walkerston,Mackay,Central,Central,Central Queensland,Walkerston - Eton,Mackay,Mackay - Isaac - Whitsunday,Outer Regional,Mirani,Capricornia,Locally-controlled,No Roadway Feature,No traffic control,0 - 50 km/h,Sealed - Dry,Clear,Darkness - Lighted,Straight,Level,502,Vehs Overtaking: Out Of Control,15: Off Carriageway on Straight,W,1,0,0,0,1,1,0,0,0,0,0,0
27237,27237,Fatal,2004,May,Saturday,16,Fall from vehicle,Single Vehicle,153.303477938735,-28.12935320725,Mt Nimmel Rd,,,Austinville,Gold Coast City,4213,Mudgeeraba,Gold Coast,South Eastern,SEQ South,South Coast,Guanaba - Springbrook,Gold Coast Hinterland,Gold Coast,Inner Regional,Mudgeeraba,Wright,Locally-controlled,Forestry/National Park Road,No traffic control,60 km/h,Unsealed - Dry,Clear,Daylight,Straight,Grade,901,Pass & Misc: Fell In/From Vehicle,21: Other,S,1,0,0,0,1,0,0,0,0,0,0,1
27247,27247,Fatal,2004,June,Thursday,18,Sideswipe,Multi-Vehicle,152.909355918471,-27.6618725568847,Springfield Pky,,,Springfield,Ipswich City,4300,Springfield,Ipswich,Southern,SEQ South,Metropolitan,Springfield,Springfield - Redbank,Ipswich,Major Cities,Jordan,Oxley,Locally-controlled,No Roadway Feature,No traffic control,70 km/h,Sealed - Dry,Clear,Darkness - Lighted,Curved - view open,Grade,201,Vehs Opposite Approach: Head On,02: Head-on,N,1,0,0,0,1,2,0,0,0,0,0,0
27251,27251,Fatal,2004,June,Friday,6,Hit object,Single Vehicle,153.142509945724,-27.7444137099415,Hein Rd,,,Buccan,Logan City,4207,Logan Village Yarrabilba,Logan,South Eastern,SEQ South,South Coast,Logan Village,Jimboomba,Logan - Beaudesert,Major Cities,Logan,Forde,Locally-controlled,No Roadway Feature,No traffic control,80 - 90 km/h,Sealed - Dry,Clear,Dawn/Dusk,Curved - view open,Level,803,Off Path-Curve: Off Cway Rt Bend Hit Obj,19: Off Carriageway on Curve Hit Object,S,1,1,0,0,2,1,0,0,0,0,0,0
27252,27252,Fatal,2004,June,Friday,2,Hit object,Single Vehicle,153.012603858367,-26.6885959804958,Mons Rd,Parsons Rd,,Forest Glen,Sunshine Coast Region,4556,Maroochydore,Sunshine Coast,North Coast,SEQ North,North Coast,Buderim - North,Buderim,Sunshine Coast,Major Cities,Ninderry,Fairfax,Locally-controlled,Intersection - T-Junction,Give way sign,60 km/h,Sealed - Dry,Clear,Darkness - Lighted,Straight,Grade,700,Off Path-Straight: Other,21: Other,S,1,2,0,0,3,1,0,0,0,0,0,0
27253,27253,Fatal,2004,June,Saturday,18,Overturned,Single Vehicle,151.316850690472,-26.400642730767,Chinchilla - Wondai Rd,,Chinchilla - Wondai Road,Durong,South Burnett Region,4610,Wondai,Darling Downs,Southern,Southern,Southern Queensland,Kingaroy Region - North,Burnett,Wide Bay,Outer Regional,Nanango,Flynn,State-controlled,No Roadway Feature,No traffic control,100 - 110 km/h,Sealed - Dry,Clear,Darkness - Not lighted,Straight,Crest,705,Off Path-Straight: Out Of Control On Cway,17: Out of Control on Straight,E,3,0,0,1,4,1,0,0,0,0,0,0
27256,27256,Fatal,2004,May,Sunday,6,Overturned,Single Vehicle,145.621198670599,-17.3260769528872,Anderson Rd,,,Peeramon,Tablelands Region,4885,Malanda,Far North,Far Northern,Northern,North Queensland,Malanda - Yungaburra,Tablelands (east) - Kuranda,Cairns,Outer Regional,Hill,Kennedy,Locally-controlled,No Roadway Feature,No traffic control,100 - 110 km/h,Sealed - Dry,Clear,Daylight,Curved - view obscured,Grade,802,Off Path-Curve: Off Cway Left Bend,18: Off Carriageway on Curve,N,1,0,0,0,1,1,0,0,0,0,0,0
27298,27298,Fatal,2004,July,Sunday,3,Angle,Multi-Vehicle,153.017179553255,-27.3651099123381,Albany Creek Sub-Arterial Rd,Gympie Arterial Rd,Gympie Arterial Road,Aspley,Brisbane City,4034,Carseldine,North Brisbane,Brisbane,SEQ North,Metropolitan,Aspley,Chermside,Brisbane - North,Major Cities,Aspley,Lilley,State-controlled,Intersection - T-Junction,Operating traffic lights,70 km/h,Sealed - Dry,Clear,Darkness - Lighted,Straight,Level,207,Vehs Opposite Approach: U-Turn,07: U-turn,N,1,3,0,0,4,2,0,0,0,0,0,0
27302,27302,Fatal,2004,May,Monday,7,Overturned,Single Vehicle,144.099642089814,-23.9675633944941,Hazelwood Rd,,,Isisford,Longreach Region,4731,Isisford,Capricornia,Central,Central,Central Queensland,Longreach,Outback - South,Queensland - Outback,Very Remote,Gregory,Maranoa,Locally-controlled,No Roadway Feature,No traffic control,100 - 110 km/h,Unsealed - Dry,Clear,Daylight,Straight,Level,705,Off Path-Straight: Out Of Control On Cway,17: Out of Control on Straight,W,1,0,1,0,2,1,0,0,0,0,0,0
27308,27308,Fatal,2004,May,Tuesday,0,Overturned,Single Vehicle,153.037904870051,-26.6298848355654,Maroochydore - Noosa Rd,,Maroochydore - Noosa Road,Bli Bli,Sunshine Coast Region,4560,Nambour,Sunshine Coast,North Coast,SEQ North,North Coast,Bli Bli,Nambour,Sunshine Coast,Major Cities,Ninderry,Fairfax,State-controlled,No Roadway Feature,No traffic control,60 km/h,Sealed - Dry,Clear,Darkness - Not lighted,Curved - view open,Level,801,Off Path-Curve: Off Cway Right Bend,18: Off Carriageway on Curve,N,1,0,0,0,1,1,0,0,0,0,0,0
27309,27309,Fatal,2004,May,Tuesday,11,Hit pedestrian,Hit pedestrian,153.033912693429,-27.5081148761489,Ipswich Rd,Junction Tce,,Annerley,Brisbane City,4103,Annerley,South Brisbane,Brisbane,SEQ South,Metropolitan,Annerley,Holland Park - Yeronga,Brisbane - South,Major Cities,Miller,Moreton,Locally-controlled,Intersection - Cross,Stop sign,60 km/h,Sealed - Dry,Clear,Daylight,Straight,Level,001,Pedn: Near Side Vehicle Hit From Right,12: Pedestrian,W,1,0,0,0,1,0,0,1,0,0,1,0
27310,27310,Fatal,2004,May,Tuesday,20,Fall from vehicle,Single Vehicle,152.681231522878,-26.1878763504572,Tin Can Bay Rd,,Tin Can Bay Road,Gympie,Gympie Region,4570,Gympie,Wide Bay Burnett,North Coast,Southern,Southern Queensland,Gympie - North,Gympie - Cooloola,Wide Bay,Inner Regional,Gympie,Wide Bay,State-controlled,No Roadway Feature,No traffic control,60 km/h,Sealed - Dry,Clear,Darkness - Not lighted,Curved - view open,Grade,800,Off Path-Curve: Other,21: Other,N,1,0,0,0,1,0,1,0,0,0,0,0
27482,27482,Fatal,2004,July,Monday,23,Hit object,Single Vehicle,152.664642260038,-25.5634412907713,Bruce Hwy Ramp Q,,Bruce Highway (Gympie - Maryborough),Tinana,Fraser Coast Region,4650,Maryborough,Wide Bay Burnett,North Coast,Southern,Southern Queensland,Tinana,Maryborough,Wide Bay,Inner Regional,Maryborough,Wide Bay,State-controlled,Intersection - Interchange,No traffic control,70 km/h,Sealed - Dry,Clear,Darkness - Lighted,Curved - view open,Grade,803,Off Path-Curve: Off Cway Rt Bend Hit Obj,19: Off Carriageway on Curve Hit Object,S,1,1,0,0,2,0,1,0,0,0,0,0
27505,27505,Fatal,2004,February,Thursday,2,Hit object,Single Vehicle,149.895332400959,-25.822103933134,Leichhardt Hwy,,Leichhardt Highway (Taroom - Miles),Taroom,Western Downs Region,4420,Taroom,South West,Southern,Southern,Southern Queensland,Miles - Wandoan,Darling Downs (west) - Maranoa,Darling Downs - Maranoa,Remote,Callide,Maranoa,State-controlled,No Roadway Feature,No traffic control,100 - 110 km/h,Sealed - Dry,Clear,Darkness - Not lighted,Straight,Level,704,Off Path-Straight: Right Off Cway Hit Obj,16: Off Carriageway on Straight Hit Object,S,1,1,0,0,2,1,0,0,0,0,0,0
27707,27707,Fatal,2004,June,Wednesday,18,Hit object,Single Vehicle,152.640282719398,-25.6303133029052,Bruce Hwy,,Bruce Highway (Gympie - Maryborough),Glenorchy,Fraser Coast Region,4650,Maryborough,Wide Bay Burnett,North Coast,Southern,Southern Queensland,Maryborough Region - South,Maryborough,Wide Bay,Inner Regional,Maryborough,Wide Bay,State-controlled,No Roadway Feature,No traffic control,100 - 110 km/h,Sealed - Dry,Clear,Darkness - Not lighted,Straight,Level,703,Off Path-Straight: Left Off Cway Hit Obj,16: Off Carriageway on Straight Hit Object,N,1,0,0,0,1,1,0,0,0,0,0,0
27711,27711,Fatal,2004,June,Friday,17,Hit pedestrian,Hit pedestrian,152.885785248102,-25.6722053756239,Boonooroo Rd,,,Boonooroo,Fraser Coast Region,4650,Maryborough,Wide Bay Burnett,North Coast,Southern,Southern Queensland,Maryborough Region - South,Maryborough,Wide Bay,Inner Regional,Maryborough,Wide Bay,Locally-controlled,No Roadway Feature,No traffic control,60 km/h,Sealed - Dry,Clear,Darkness - Lighted,Curved - view open,Level,000,Pedn: Hit Other,21: Other,E,1,0,1,0,2,1,0,0,0,0,2,0
27712,27712,Fatal,2004,June,Saturday,4,Hit object,Single Vehicle,153.147653369462,-27.0628859460649,Banda Ave,Eucalypt St,,Bellara,Moreton Bay Region,4507,Bribie Island,Moreton,North Coast,SEQ North,North Coast,Bribie Island,Bribie - Beachmere,Moreton Bay - North,Inner Regional,Pumicestone,Longman,Locally-controlled,Intersection - T-Junction,No traffic control,60 km/h,Sealed - Dry,Clear,Darkness - Lighted,Straight,Level,703,Off Path-Straight: Left Off Cway Hit Obj,16: Off Carriageway on Straight Hit Object,S,1,0,0,0,1,1,0,0,0,0,0,0
27716,27716,Fatal,2004,May,Thursday,2,Hit object,Single Vehicle,148.20776200531,-20.00749170881,Lower Don Rd,,,Bowen,Whitsunday Region,4805,Bowen,Mackay,Central,Central,Central Queensland,Bowen,Bowen Basin - North,Mackay - Isaac - Whitsunday,Outer Regional,Burdekin,Dawson,Locally-controlled,No Roadway Feature,No traffic control,70 km/h,Sealed - Dry,Clear,Darkness - Not lighted,Curved - view obscured,Level,804,Off Path-Curve: Off Cway Lt Bend Hit Obj,19: Off Carriageway on Curve Hit Object,S,1,1,1,0,3,1,0,0,0,0,0,0
27719,27719,Fatal,2004,May,Sunday,17,Hit object,Single Vehicle,153.283135921079,-27.8799892642293,Brygon Creek Dr,Reserve Rd,,Upper Coomera,Gold Coast City,4209,Coomera,Gold Coast,South Eastern,SEQ South,South Coast,Upper Coomera - Willow Vale,Ormeau - Oxenford,Gold Coast,Major Cities,Theodore,Forde,Locally-controlled,Intersection - T-Junction,No traffic control,80 - 90 km/h,Sealed - Dry,Clear,Dawn/Dusk,Straight,Crest,705,Off Path-Straight: Out Of Control On Cway,17: Out of Control on Straight,S,1,2,0,0,3,1,0,0,0,0,0,0
27720,27720,Fatal,2004,May,Saturday,21,Head-on,Multi-Vehicle,153.020229397974,-26.3789823227796,Boreen Point - Tewantin Rd,,Boreen Point - Tewantin Road,Tewantin,Noosa Shire,4565,Noosa Heads,Sunshine Coast,North Coast,SEQ North,North Coast,Tewantin,Noosa,Sunshine Coast,Major Cities,Noosa,Wide Bay,State-controlled,No Roadway Feature,No traffic control,80 - 90 km/h,Sealed - Dry,Clear,Darkness - Not lighted,Curved - view obscured,Level,201,Vehs Opposite Approach: Head On,02: Head-on,W,1,3,0,0,4,2,0,0,0,0,0,0