_id,Crash_Ref_Number,Crash_Severity,Crash_Year,Crash_Month,Crash_Day_Of_Week,Crash_Hour,Crash_Nature,Crash_Type,Crash_Longitude,Crash_Latitude,Crash_Street,Crash_Street_Intersecting,State_Road_Name,Loc_Suburb,Loc_Local_Government_Area,Loc_Post_Code,Loc_Police_Division,Loc_Police_District,Loc_Police_Region,Loc_Queensland_Transport_Region,Loc_Main_Roads_Region,Loc_ABS_Statistical_Area_2,Loc_ABS_Statistical_Area_3,Loc_ABS_Statistical_Area_4,Loc_ABS_Remoteness,Loc_State_Electorate,Loc_Federal_Electorate,Crash_Controlling_Authority,Crash_Roadway_Feature,Crash_Traffic_Control,Crash_Speed_Limit,Crash_Road_Surface_Condition,Crash_Atmospheric_Condition,Crash_Lighting_Condition,Crash_Road_Horiz_Align,Crash_Road_Vert_Align,Crash_DCA_Code,Crash_DCA_Description,Crash_DCA_Group_Description,DCA_Key_Approach_Dir,Count_Casualty_Fatality,Count_Casualty_Hospitalised,Count_Casualty_MedicallyTreated,Count_Casualty_MinorInjury,Count_Casualty_Total,Count_Unit_Car,Count_Unit_Motorcycle_Moped,Count_Unit_Truck,Count_Unit_Bus,Count_Unit_Bicycle,Count_Unit_Pedestrian,Count_Unit_Other
27721,27721,Fatal,2004,May,Friday,15,Hit object,Single Vehicle,153.023127887274,-27.0732214676189,Caboolture - Bribie Island Rd,,Caboolture - Bribie Island Road,Caboolture,Moreton Bay Region,4510,Caboolture,Moreton,North Coast,SEQ North,North Coast,Caboolture,Caboolture,Moreton Bay - North,Major Cities,Pumicestone,Longman,State-controlled,No Roadway Feature,No traffic control,100 - 110 km/h,Sealed - Dry,Clear,Daylight,Straight,Level,703,Off Path-Straight: Left Off Cway Hit Obj,16: Off Carriageway on Straight Hit Object,W,1,1,0,0,2,1,0,0,0,0,0,0
27722,27722,Fatal,2004,May,Friday,21,Hit pedestrian,Hit pedestrian,153.166656370377,-27.4355480099392,Selina St,Tingal Rd,,Wynnum,Brisbane City,4178,Wynnum,South Brisbane,Brisbane,SEQ South,Metropolitan,Wynnum,Wynnum - Manly,Brisbane - East,Major Cities,Lytton,Bonner,Locally-controlled,Intersection - T-Junction,No traffic control,60 km/h,Sealed - Dry,Clear,Darkness - Lighted,Straight,Level,003,Pedn: Far Side Vehicle Hit From Left,12: Pedestrian,N,1,0,0,0,1,1,0,0,0,0,1,0
27723,27723,Fatal,2004,May,Saturday,13,Hit object,Single Vehicle,143.730513108472,-18.289248121982,Gulf Developmental Rd,,Gulf Developmental Road (Georgetown - Mount Garnet),Georgetown,Etheridge Shire,4871,Georgetown,Far North,Far Northern,Northern,North Queensland,Croydon - Etheridge,Far North,Queensland - Outback,Very Remote,Traeger,Kennedy,State-controlled,No Roadway Feature,No traffic control,100 - 110 km/h,Sealed - Dry,Clear,Daylight,Curved - view obscured,Crest,804,Off Path-Curve: Off Cway Lt Bend Hit Obj,19: Off Carriageway on Curve Hit Object,W,1,0,0,0,1,0,1,0,0,0,0,0
27729,27729,Fatal,2004,July,Saturday,11,Hit object,Single Vehicle,152.084732039226,-27.5463307299073,Warrego Hwy,,Toowoomba Connection Road,Helidon Spa,Lockyer Valley Region,4344,Helidon,Darling Downs,Southern,SEQ South,Southern Queensland,Lockyer Valley - West,Toowoomba,Toowoomba,Inner Regional,Lockyer,Wright,State-controlled,No Roadway Feature,No traffic control,100 - 110 km/h,Sealed - Dry,Clear,Daylight,Curved - view open,Level,800,Off Path-Curve: Other,21: Other,E,1,0,0,0,1,1,0,0,0,0,0,0
27732,27732,Fatal,2004,May,Wednesday,18,Hit pedestrian,Hit pedestrian,153.100734399595,-27.2362122937144,Victoria Ave,,,Redcliffe,Moreton Bay Region,4020,Redcliffe,Moreton,North Coast,SEQ North,North Coast,Redcliffe,Redcliffe,Moreton Bay - North,Major Cities,Redcliffe,Petrie,Locally-controlled,No Roadway Feature,No traffic control,60 km/h,Sealed - Dry,Clear,Darkness - Lighted,Straight,Level,001,Pedn: Near Side Vehicle Hit From Right,12: Pedestrian,N,1,0,0,0,1,1,0,0,0,0,1,0
27736,27736,Fatal,2004,May,Thursday,14,Angle,Multi-Vehicle,153.300706261678,-28.0003460529571,Beaudesert - Nerang Rd,Nerang - Murwillumbah Rd,Beaudesert - Nerang Road,Nerang,Gold Coast City,4211,Nerang,Gold Coast,South Eastern,SEQ South,South Coast,Nerang - Mount Nathan,Nerang,Gold Coast,Major Cities,Gaven,Wright,State-controlled,Intersection - T-Junction,Give way sign,70 km/h,Sealed - Dry,Clear,Daylight,Straight,Level,104,Vehs Adjacent Approach: Thru-Right,01: Intersection: Adjacent Approach,E,1,1,0,1,3,3,0,0,0,0,0,0
27737,27737,Fatal,2004,May,Thursday,16,Rear-end,Multi-Vehicle,148.714269775063,-20.2662168014617,Proserpine - Shute Harbour Rd,Summit Ave,Proserpine - Shute Harbour Road,Airlie Beach,Whitsunday Region,4802,Whitsunday,Mackay,Central,Central,Central Queensland,Airlie - Whitsundays,Whitsunday,Mackay - Isaac - Whitsunday,Outer Regional,Whitsunday,Dawson,State-controlled,Intersection - T-Junction,No traffic control,0 - 50 km/h,Sealed - Dry,Clear,Daylight,Curved - view open,Grade,303,Vehs Same Direction: Right Rear,04: Rear-end,W,1,0,0,0,1,1,1,0,0,0,0,0
27739,27739,Fatal,2004,May,Saturday,20,Angle,Multi-Vehicle,150.522412228916,-23.3646328430281,Lucas St,Rockhampton - Yeppoon Rd,Rockhampton - Yeppoon Road,Berserker,Rockhampton Region,4701,North Rockhampton,Capricornia,Central,Central,Central Queensland,Berserker,Rockhampton,Central Queensland,Inner Regional,Rockhampton,Capricornia,State-controlled,Intersection - Cross,No traffic control,60 km/h,Sealed - Dry,Clear,Darkness - Lighted,Straight,Level,202,Vehs Opposite Approach: Thru-Right,03: Opposing Vehicles Turning,N,1,1,0,0,2,1,1,0,0,0,0,0
27857,27857,Fatal,2004,August,Sunday,17,Fall from vehicle,Single Vehicle,146.763423824912,-19.2778018162046,Garbutt - Upper Ross Rd,O'Keefe Ct,Garbutt - Upper Ross Road,Vincent,Townsville City,4814,Townsville,Townsville,Northern,Northern,North Queensland,Garbutt - West End,Townsville,Townsville,Outer Regional,Mundingburra,Herbert,State-controlled,Intersection - Cross,No traffic control,80 - 90 km/h,Sealed - Dry,Clear,Daylight,Straight,Level,702,Off Path-Straight: Right Off Cway,15: Off Carriageway on Straight,E,1,0,0,0,1,0,1,0,0,0,0,0
27859,27859,Fatal,2004,October,Friday,5,Head-on,Multi-Vehicle,148.250453474558,-20.1125050721527,Bruce Hwy,,Bruce Highway (Proserpine - Bowen),Bowen,Whitsunday Region,4805,Bowen,Mackay,Central,Central,Central Queensland,Collinsville,Bowen Basin - North,Mackay - Isaac - Whitsunday,Outer Regional,Burdekin,Dawson,State-controlled,No Roadway Feature,No traffic control,100 - 110 km/h,Sealed - Dry,Clear,Dawn/Dusk,Straight,Level,201,Vehs Opposite Approach: Head On,02: Head-on,N,2,1,1,0,4,1,0,1,0,0,0,0
27878,27878,Fatal,2004,September,Wednesday,6,Angle,Multi-Vehicle,152.872284325108,-27.5455985592659,Kangaroo Gully Rd,Mount Crosby Rd,Mount Crosby Road,Anstead,Brisbane City,4070,Indooroopilly,North Brisbane,Brisbane,SEQ North,Metropolitan,Pinjarra Hills - Pullenvale,Kenmore - Brookfield - Moggill,Brisbane - West,Major Cities,Moggill,Ryan,State-controlled,Intersection - T-Junction,No traffic control,70 km/h,Sealed - Dry,Clear,Daylight,Curved - view open,Level,202,Vehs Opposite Approach: Thru-Right,03: Opposing Vehicles Turning,E,1,0,0,0,1,1,1,0,0,0,0,0
28083,28083,Fatal,2004,December,Thursday,13,Fall from vehicle,Single Vehicle,153.198454224262,-27.7004645132432,River Hills Rd,,,Eagleby,Logan City,4207,Beenleigh,Logan,South Eastern,SEQ South,South Coast,Eagleby,Beenleigh,Logan - Beaudesert,Major Cities,Macalister,Forde,Locally-controlled,No Roadway Feature,No traffic control,60 km/h,Sealed - Dry,Clear,Daylight,Curved - view open,Grade,201,Vehs Opposite Approach: Head On,02: Head-on,E,1,0,0,0,1,1,1,0,0,0,0,0
28350,28350,Fatal,2004,February,Sunday,13,Hit object,Single Vehicle,152.587434572318,-27.4693863284007,Forest Hill - Fernvale Rd,,Forest Hill - Fernvale Road,Lowood,Somerset Region,4311,Lowood,Ipswich,Southern,SEQ North,North Coast,Lowood,Ipswich Hinterland,Ipswich,Inner Regional,Lockyer,Blair,State-controlled,No Roadway Feature,No traffic control,80 - 90 km/h,Sealed - Dry,Clear,Daylight,Curved - view open,Level,803,Off Path-Curve: Off Cway Rt Bend Hit Obj,19: Off Carriageway on Curve Hit Object,W,1,0,0,0,1,0,1,0,0,0,0,0
28351,28351,Fatal,2004,February,Saturday,12,Head-on,Multi-Vehicle,153.086876255695,-27.6583600876589,Logan Mwy,,Logan Motorway (Gailes - Loganholme),Kingston,Logan City,4114,Logan Central,Logan,South Eastern,SEQ South,South Coast,Marsden,Browns Plains,Logan - Beaudesert,Major Cities,Woodridge,Rankin,State-controlled,No Roadway Feature,No traffic control,100 - 110 km/h,Sealed - Dry,Clear,Daylight,Straight,Level,201,Vehs Opposite Approach: Head On,02: Head-on,W,1,4,0,0,5,3,0,0,0,0,0,0
28352,28352,Fatal,2004,March,Monday,16,Sideswipe,Multi-Vehicle,153.139450180784,-27.6679913300306,Loganlea Rd,,,Meadowbrook,Logan City,4131,Logan Central,Logan,South Eastern,SEQ South,South Coast,Loganlea,Loganlea - Carbrook,Logan - Beaudesert,Major Cities,Waterford,Forde,Locally-controlled,No Roadway Feature,No traffic control,70 km/h,Sealed - Dry,Clear,Daylight,Straight,Level,305,Vehs Same Direction: Lane Side Swipe,05: Lane Change,N,1,0,0,0,1,5,0,0,0,0,0,0
28354,28354,Fatal,2004,March,Tuesday,16,Sideswipe,Multi-Vehicle,153.227834491898,-27.5921710223598,Mt Cotton Rd,,Mount Cotton Road,Mount Cotton,Redland City,4165,Redland Bay,South Brisbane,Brisbane,SEQ South,Metropolitan,Sheldon - Mount Cotton,Cleveland - Stradbroke,Brisbane - East,Major Cities,Springwood,Bowman,State-controlled,No Roadway Feature,No traffic control,80 - 90 km/h,Sealed - Dry,Clear,Daylight,Curved - view open,Crest,305,Vehs Same Direction: Lane Side Swipe,05: Lane Change,S,1,0,0,0,1,0,0,0,1,1,0,0
28358,28358,Fatal,2004,March,Wednesday,16,Head-on,Multi-Vehicle,146.09275262472,-26.4982884834432,Diamantina Development Rd,,Diamantina Developmental Road (Charleville - Quilpie),Ward,Murweh Shire,4470,Charleville,South West,Southern,Southern,Southern Queensland,Charleville,Outback - South,Queensland - Outback,Very Remote,Warrego,Maranoa,State-controlled,No Roadway Feature,No traffic control,100 - 110 km/h,Sealed - Dry,Clear,Daylight,Curved - view open,Level,201,Vehs Opposite Approach: Head On,02: Head-on,E,2,5,0,0,7,2,0,0,0,0,0,0
28382,28382,Fatal,2005,October,Thursday,6,Angle,Multi-Vehicle,153.040640905796,-27.4915699416939,Deshon St,Logan Rd,,Woolloongabba,Brisbane City,4102,Dutton Park,South Brisbane,Brisbane,SEQ South,Metropolitan,Woolloongabba,Holland Park - Yeronga,Brisbane - South,Major Cities,South Brisbane,Griffith,Locally-controlled,Intersection - T-Junction,Operating traffic lights,60 km/h,Sealed - Dry,Clear,Daylight,Straight,Level,202,Vehs Opposite Approach: Thru-Right,03: Opposing Vehicles Turning,N,1,0,0,0,1,1,1,0,0,0,0,0
28482,28482,Fatal,2004,April,Friday,19,Hit object,Single Vehicle,153.108339080988,-27.6850060390296,Chambers Flat Rd,,,Marsden,Logan City,4132,Crestmead,Logan,South Eastern,SEQ South,South Coast,Marsden,Browns Plains,Logan - Beaudesert,Major Cities,Woodridge,Rankin,Locally-controlled,No Roadway Feature,No traffic control,60 km/h,Sealed - Dry,Clear,Darkness - Lighted,Straight,Level,703,Off Path-Straight: Left Off Cway Hit Obj,16: Off Carriageway on Straight Hit Object,N,1,0,0,0,1,1,0,0,0,0,0,0
28563,28563,Fatal,2004,June,Saturday,19,Hit animal,Other,152.598015301355,-25.798477758093,Bruce Hwy,,Bruce Highway (Gympie - Maryborough),Bauple,Fraser Coast Region,4650,Tiaro,Wide Bay Burnett,North Coast,Southern,Southern Queensland,Maryborough Region - South,Maryborough,Wide Bay,Inner Regional,Gympie,Wide Bay,State-controlled,No Roadway Feature,No traffic control,100 - 110 km/h,Sealed - Dry,Clear,Darkness - Not lighted,Straight,Level,201,Vehs Opposite Approach: Head On,02: Head-on,N,1,1,0,0,2,2,0,0,0,0,0,1
28601,28601,Fatal,2004,May,Thursday,16,Angle,Multi-Vehicle,152.98011187081,-27.5668249182157,Cunningham Art Rd Serv Rd,Oxley Rd,,Oxley,Brisbane City,4075,Mount Ommaney,South Brisbane,Brisbane,SEQ South,Metropolitan,Oxley (qld),Forest Lake - Oxley,Ipswich,Major Cities,Inala,Oxley,Locally-controlled,Intersection - Roundabout,Give way sign,60 km/h,Sealed - Dry,Clear,Daylight,Straight,Crest,101,Vehs Adjacent Approach: Thru-Thru,01: Intersection: Adjacent Approach,S,1,0,0,0,1,0,1,1,0,0,0,0
28604,28604,Fatal,2004,May,Friday,16,Hit object,Single Vehicle,152.796327092199,-26.7094512330591,Maleny - Kenilworth Rd,,Maleny - Kenilworth Road,Witta,Sunshine Coast Region,4552,Maleny,Sunshine Coast,North Coast,SEQ North,North Coast,Caloundra Hinterland,Sunshine Coast Hinterland,Sunshine Coast,Inner Regional,Glass House,Fisher,State-controlled,No Roadway Feature,No traffic control,100 - 110 km/h,Sealed - Dry,Clear,Daylight,Curved - view obscured,Grade,803,Off Path-Curve: Off Cway Rt Bend Hit Obj,19: Off Carriageway on Curve Hit Object,W,1,0,0,0,1,0,1,0,0,0,0,0
28605,28605,Fatal,2004,May,Saturday,13,Hit object,Single Vehicle,153.314987141672,-27.8872497955182,Pacific Hwy,,Pacific Highway (Pacific Motorway),Oxenford,Gold Coast City,4210,Coomera,Gold Coast,South Eastern,SEQ South,South Coast,Oxenford - Maudsland,Ormeau - Oxenford,Gold Coast,Major Cities,Theodore,Fadden,State-controlled,No Roadway Feature,No traffic control,100 - 110 km/h,Sealed - Dry,Clear,Daylight,Straight,Level,201,Vehs Opposite Approach: Head On,02: Head-on,S,1,2,0,0,3,2,0,0,0,0,0,0
29011,29011,Fatal,2004,May,Sunday,4,Overturned,Single Vehicle,153.033539836246,-26.832706972748,Bruce Hwy,,Bruce Highway (Brisbane - Gympie),Bells Creek,Sunshine Coast Region,4551,Beerwah,Sunshine Coast,North Coast,SEQ North,North Coast,Caloundra - West,Caloundra,Sunshine Coast,Major Cities,Caloundra,Fisher,State-controlled,No Roadway Feature,No traffic control,100 - 110 km/h,Sealed - Dry,Clear,Darkness - Not lighted,Straight,Level,703,Off Path-Straight: Left Off Cway Hit Obj,16: Off Carriageway on Straight Hit Object,S,1,0,0,0,1,1,0,0,0,0,0,0
29758,29758,Fatal,2004,July,Saturday,3,Overturned,Single Vehicle,152.920247989747,-26.8512804285471,Kilcoy - Beerwah Rd,,Kilcoy - Beerwah Road,Beerwah,Sunshine Coast Region,4519,Beerwah,Sunshine Coast,North Coast,SEQ North,North Coast,Beerwah,Sunshine Coast Hinterland,Sunshine Coast,Inner Regional,Glass House,Fisher,State-controlled,No Roadway Feature,No traffic control,100 - 110 km/h,Sealed - Dry,Clear,Darkness - Not lighted,Curved - view open,Level,803,Off Path-Curve: Off Cway Rt Bend Hit Obj,19: Off Carriageway on Curve Hit Object,W,2,0,0,0,2,1,0,0,0,0,0,0
30010,30010,Fatal,2004,July,Saturday,0,Hit object,Single Vehicle,151.85418040766,-28.8540711739056,New England Hwy,,New England Highway (Warwick - Wallangarra),Wyberba,Southern Downs Region,4382,Wallangarra,Darling Downs,Southern,Southern,Southern Queensland,Stanthorpe Region,Granite Belt,Darling Downs - Maranoa,Outer Regional,Southern Downs,Maranoa,State-controlled,No Roadway Feature,No traffic control,100 - 110 km/h,Sealed - Dry,Clear,Darkness - Not lighted,Curved - view open,Level,803,Off Path-Curve: Off Cway Rt Bend Hit Obj,19: Off Carriageway on Curve Hit Object,N,1,0,0,0,1,1,0,0,0,0,0,0
30180,30180,Fatal,2004,July,Saturday,14,Hit object,Single Vehicle,152.667869365914,-25.3117854340456,Torbanlea - Pialba Rd,,Torbanlea - Pialba Road,Takura,Fraser Coast Region,4655,Howard,Wide Bay Burnett,North Coast,Southern,Southern Queensland,Burrum - Fraser,Maryborough,Wide Bay,Inner Regional,Maryborough,Hinkler,State-controlled,No Roadway Feature,No traffic control,100 - 110 km/h,Sealed - Dry,Clear,Daylight,Straight,Level,703,Off Path-Straight: Left Off Cway Hit Obj,16: Off Carriageway on Straight Hit Object,E,1,1,0,0,2,1,0,0,0,0,0,0
30395,30395,Fatal,2004,September,Saturday,15,Head-on,Multi-Vehicle,152.739568145514,-27.7446263436255,Ipswich - Boonah Rd,,Ipswich - Boonah Road,Purga,Ipswich City,4306,Harrisville,Ipswich,Southern,SEQ South,Metropolitan,Rosewood,Ipswich Hinterland,Ipswich,Inner Regional,Scenic Rim,Blair,State-controlled,No Roadway Feature,No traffic control,100 - 110 km/h,Sealed - Dry,Clear,Daylight,Curved - view obscured,Level,201,Vehs Opposite Approach: Head On,02: Head-on,N,1,2,0,0,3,2,0,0,0,0,0,0
30396,30396,Fatal,2004,September,Sunday,15,Hit object,Single Vehicle,152.641250807799,-27.2979062323603,Mount Glorious Rd,,Mount Glorious Road,Dundas,Somerset Region,4306,Esk,Ipswich,Southern,SEQ North,North Coast,Esk,Ipswich Hinterland,Ipswich,Inner Regional,Nanango,Blair,State-controlled,No Roadway Feature,No traffic control,80 - 90 km/h,Sealed - Dry,Clear,Daylight,Curved - view obscured,Level,803,Off Path-Curve: Off Cway Rt Bend Hit Obj,19: Off Carriageway on Curve Hit Object,E,1,1,0,0,2,0,1,0,0,0,0,0
30404,30404,Fatal,2004,November,Saturday,15,Angle,Multi-Vehicle,148.951225131004,-21.1313631875223,Marian - Hampden Rd,,Marian - Hampden Road,Marian,Mackay Region,4753,Marian,Mackay,Central,Central,Central Queensland,Pioneer Valley,Mackay,Mackay - Isaac - Whitsunday,Outer Regional,Mirani,Capricornia,State-controlled,No Roadway Feature,No traffic control,100 - 110 km/h,Sealed - Dry,Clear,Daylight,Straight,Level,408,Vehs Manoeuvring: Entering From Footway,08: Vehicle Leaving Driveway,N,1,0,0,0,1,1,1,0,0,0,0,0
30406,30406,Fatal,2004,November,Saturday,18,Angle,Multi-Vehicle,152.987937141974,-27.2329624093581,Sheaves Rd,Whitehorse Rd,,Kallangur,Moreton Bay Region,4503,Petrie,Moreton,North Coast,SEQ North,North Coast,Dakabin - Kallangur,North Lakes,Moreton Bay - South,Major Cities,Murrumba,Longman,Locally-controlled,Intersection - T-Junction,No traffic control,60 km/h,Sealed - Dry,Clear,Dawn/Dusk,Straight,Level,202,Vehs Opposite Approach: Thru-Right,03: Opposing Vehicles Turning,E,1,0,0,0,1,1,1,0,0,0,0,0
30408,30408,Fatal,2004,November,Saturday,8,Hit object,Single Vehicle,152.003521451659,-25.4745179625202,Seccombes Rd,,,Degilbo,North Burnett Region,4621,Biggenden,Wide Bay Burnett,North Coast,Southern,Southern Queensland,Gayndah - Mundubbera,Burnett,Wide Bay,Outer Regional,Callide,Flynn,Locally-controlled,Bridge/Causeway,No traffic control,100 - 110 km/h,Sealed - Wet,Clear,Daylight,Curved - view open,Dip,607,Vehs On Path: Temporary Object On Cway,21: Other,E,2,0,0,0,2,1,0,0,0,0,0,0
30413,30413,Fatal,2004,November,Tuesday,15,Rear-end,Multi-Vehicle,153.146403511002,-27.6446462835478,Pacific Hwy,,Pacific Highway (Pacific Motorway),Slacks Creek,Logan City,4127,Springwood,Logan,South Eastern,SEQ South,South Coast,Slacks Creek,Springwood - Kingston,Logan - Beaudesert,Major Cities,Waterford,Rankin,State-controlled,No Roadway Feature,No traffic control,100 - 110 km/h,Sealed - Wet,Raining,Daylight,Straight,Level,301,Vehs Same Direction: Rear End,04: Rear-end,N,1,0,0,0,1,3,0,0,0,0,0,0
30750,30750,Fatal,2008,April,Saturday,18,Hit object,Single Vehicle,152.478508493156,-26.0657879014872,Hayes Rd,,,Lower Wonga,Gympie Region,4570,Kilkivan,Wide Bay Burnett,North Coast,Southern,Southern Queensland,Kilkivan,Gympie - Cooloola,Wide Bay,Inner Regional,Gympie,Wide Bay,Locally-controlled,No Roadway Feature,No traffic control,100 - 110 km/h,Unsealed - Dry,Clear,Dawn/Dusk,Curved - view open,Grade,800,Off Path-Curve: Other,21: Other,N,1,0,0,0,1,1,0,0,0,0,0,0
30850,30850,Fatal,2008,September,Saturday,5,Head-on,Multi-Vehicle,147.246175836534,-19.5611047762209,Bruce Hwy,,Bruce Highway (Ayr - Townsville),Barratta,Burdekin Shire,4809,Ayr,Townsville,Northern,Northern,North Queensland,Burdekin,Charters Towers - Ayr - Ingham,Townsville,Outer Regional,Burdekin,Dawson,State-controlled,No Roadway Feature,No traffic control,100 - 110 km/h,Sealed - Dry,Clear,Darkness - Not lighted,Curved - view open,Level,201,Vehs Opposite Approach: Head On,02: Head-on,S,1,0,1,0,2,1,0,1,0,0,0,0
30854,30854,Fatal,2008,September,Sunday,22,Head-on,Multi-Vehicle,152.967191760121,-27.1375816815225,Burpengary - Caboolture Rd,,Burpengary - Caboolture Road,Burpengary,Moreton Bay Region,4505,Burpengary,Moreton,North Coast,SEQ North,North Coast,Burpengary,Narangba - Burpengary,Moreton Bay - North,Major Cities,Kurwongbah,Longman,State-controlled,No Roadway Feature,No traffic control,80 - 90 km/h,Sealed - Dry,Clear,Darkness - Lighted,Curved - view open,Level,201,Vehs Opposite Approach: Head On,02: Head-on,S,1,0,0,0,1,0,1,1,0,0,0,0
30876,30876,Fatal,2008,July,Friday,15,Head-on,Multi-Vehicle,151.440794891032,-27.7593415451412,Gore Hwy,,Gore Highway (Toowoomba - Millmerran),Brookstead,Toowoomba Region,4364,Pittsworth,Darling Downs,Southern,Southern,Southern Queensland,Pittsworth,Darling Downs - East,Darling Downs - Maranoa,Inner Regional,Condamine,Groom,State-controlled,No Roadway Feature,No traffic control,100 - 110 km/h,Sealed - Dry,Clear,Daylight,Straight,Level,201,Vehs Opposite Approach: Head On,02: Head-on,S,1,0,0,0,1,1,0,1,0,0,0,0
30877,30877,Fatal,2008,July,Saturday,19,Hit pedestrian,Hit pedestrian,145.109434056829,-17.1486258840835,Brickley St,Stephens St,,Dimbulah,Mareeba Shire,4872,Dimbulah,Far North,Far Northern,Northern,North Queensland,Tablelands,Far North,Queensland - Outback,Outer Regional,Hill,Kennedy,Locally-controlled,Intersection - Cross,No traffic control,0 - 50 km/h,Sealed - Dry,Clear,Darkness - Lighted,Straight,Level,004,Pedn: Play; Work; Stand; Lie On Cway,12: Pedestrian,E,1,0,0,0,1,1,0,0,0,0,1,0
30884,30884,Fatal,2008,July,Sunday,12,Overturned,Single Vehicle,149.157461979871,-27.0007661876842,Yuleba - Surat Rd,,,Noorindoo,Maranoa Region,4417,Surat,South West,Southern,Southern,Southern Queensland,Roma Region,Darling Downs (west) - Maranoa,Darling Downs - Maranoa,Remote,Warrego,Maranoa,Locally-controlled,No Roadway Feature,No traffic control,100 - 110 km/h,Unsealed - Dry,Clear,Daylight,Straight,Level,705,Off Path-Straight: Out Of Control On Cway,17: Out of Control on Straight,S,1,0,2,0,3,1,0,0,0,0,0,0
30885,30885,Fatal,2008,July,Sunday,12,Head-on,Multi-Vehicle,152.761739608885,-26.9355885384245,D'Aguilar Hwy,,D'Aguilar Highway (Caboolture - Kilcoy),Woodford,Moreton Bay Region,4514,Woodford,Moreton,North Coast,SEQ North,North Coast,Woodford - Daguilar,Caboolture Hinterland,Moreton Bay - North,Inner Regional,Glass House,Longman,State-controlled,Bridge/Causeway,No traffic control,100 - 110 km/h,Sealed - Wet,Raining,Daylight,Curved - view open,Level,201,Vehs Opposite Approach: Head On,02: Head-on,W,1,1,0,0,2,2,0,0,0,0,0,0
30981,30981,Fatal,2008,December,Tuesday,19,Angle,Multi-Vehicle,153.049221638376,-26.7143079233772,Mooloolaba Rd,Sunshine Mwy Ramp Wa,Mooloolaba Road,Buderim,Sunshine Coast Region,4556,Sippy Downs,Sunshine Coast,North Coast,SEQ North,North Coast,Buderim - South,Buderim,Sunshine Coast,Major Cities,Buderim,Fairfax,State-controlled,Intersection - Interchange,Operating traffic lights,60 km/h,Sealed - Dry,Clear,Darkness - Lighted,Straight,Level,102,Vehs Adjacent Approach: Right-Thru,01: Intersection: Adjacent Approach,E,1,0,2,0,3,2,0,0,0,0,0,0
31053,31053,Fatal,2008,November,Friday,17,Hit object,Single Vehicle,152.693694207574,-26.1964277847601,Randwick Rd,,,Monkland,Gympie Region,4570,Gympie,Wide Bay Burnett,North Coast,Southern,Southern Queensland,Gympie Region,Gympie - Cooloola,Wide Bay,Inner Regional,Gympie,Wide Bay,Locally-controlled,No Roadway Feature,No traffic control,100 - 110 km/h,Sealed - Dry,Clear,Daylight,Curved - view obscured,Crest,804,Off Path-Curve: Off Cway Lt Bend Hit Obj,19: Off Carriageway on Curve Hit Object,S,2,0,0,0,2,1,0,0,0,0,0,0
31055,31055,Fatal,2008,November,Saturday,18,Head-on,Multi-Vehicle,152.941500711206,-27.7314132296468,Spring Mountain Dr,,,New Beith,Logan City,4124,Jimboomba,Logan,South Eastern,SEQ South,South Coast,Greenbank,Jimboomba,Logan - Beaudesert,Inner Regional,Jordan,Wright,Locally-controlled,No Roadway Feature,No traffic control,80 - 90 km/h,Sealed - Wet,Raining,Darkness - Not lighted,Curved - view open,Grade,201,Vehs Opposite Approach: Head On,02: Head-on,E,1,2,2,0,5,2,0,0,0,0,0,0
31074,31074,Fatal,2009,March,Wednesday,20,Head-on,Multi-Vehicle,139.55327771825,-20.7191843061735,Barkly Hwy,,Barkly Highway (Cloncurry - Mount Isa),Mount Isa,Mount Isa City,4825,Mount Isa,Mount Isa,Northern,Northern,North Queensland,Mount Isa Region,Outback - North,Queensland - Outback,Very Remote,Traeger,Kennedy,State-controlled,No Roadway Feature,No traffic control,100 - 110 km/h,Sealed - Dry,Clear,Darkness - Not lighted,Curved - view open,Crest,201,Vehs Opposite Approach: Head On,02: Head-on,W,1,0,1,0,2,1,0,1,0,0,0,0
31076,31076,Fatal,2009,March,Thursday,15,Head-on,Multi-Vehicle,152.710741985539,-26.2892008411949,Bruce Hwy,,Cooroy - Gympie Road,Kybong,Gympie Region,4570,Gympie,Wide Bay Burnett,North Coast,Southern,Southern Queensland,Gympie Region,Gympie - Cooloola,Wide Bay,Inner Regional,Gympie,Wide Bay,State-controlled,No Roadway Feature,No traffic control,80 - 90 km/h,Sealed - Dry,Clear,Daylight,Curved - view open,Level,201,Vehs Opposite Approach: Head On,02: Head-on,S,1,2,0,0,3,3,0,0,0,0,0,0
31080,31080,Fatal,2009,March,Thursday,10,Hit pedestrian,Hit pedestrian,153.087569261579,-26.5362590548071,Seamist Crct,,,Coolum Beach,Sunshine Coast Region,4573,Coolum,Sunshine Coast,North Coast,SEQ North,North Coast,Coolum Beach,Maroochy,Sunshine Coast,Major Cities,Ninderry,Fairfax,Locally-controlled,No Roadway Feature,No traffic control,0 - 50 km/h,Sealed - Dry,Clear,Daylight,Curved - view open,Grade,906,Pass & Misc: Parked Car Ran Away,21: Other,,1,0,0,0,1,1,0,0,0,0,1,0
31789,31789,Fatal,2008,May,Thursday,20,Overturned,Single Vehicle,151.644947215855,-24.5835471149934,Bruce Hwy,,Bruce Highway (Gin Gin - Benaraby),Gindoran,Gladstone Region,4676,Miriam Vale,Capricornia,Central,Central,Central Queensland,Agnes Water - Miriam Vale,Gladstone,Central Queensland,Outer Regional,Burnett,Flynn,State-controlled,No Roadway Feature,No traffic control,100 - 110 km/h,Sealed - Dry,Clear,Darkness - Not lighted,Straight,Level,701,Off Path-Straight: Left Off Cway,15: Off Carriageway on Straight,N,1,0,0,0,1,0,0,1,0,0,0,0