_id,Crash_Ref_Number,Crash_Severity,Crash_Year,Crash_Month,Crash_Day_Of_Week,Crash_Hour,Crash_Nature,Crash_Type,Crash_Longitude,Crash_Latitude,Crash_Street,Crash_Street_Intersecting,State_Road_Name,Loc_Suburb,Loc_Local_Government_Area,Loc_Post_Code,Loc_Police_Division,Loc_Police_District,Loc_Police_Region,Loc_Queensland_Transport_Region,Loc_Main_Roads_Region,Loc_ABS_Statistical_Area_2,Loc_ABS_Statistical_Area_3,Loc_ABS_Statistical_Area_4,Loc_ABS_Remoteness,Loc_State_Electorate,Loc_Federal_Electorate,Crash_Controlling_Authority,Crash_Roadway_Feature,Crash_Traffic_Control,Crash_Speed_Limit,Crash_Road_Surface_Condition,Crash_Atmospheric_Condition,Crash_Lighting_Condition,Crash_Road_Horiz_Align,Crash_Road_Vert_Align,Crash_DCA_Code,Crash_DCA_Description,Crash_DCA_Group_Description,DCA_Key_Approach_Dir,Count_Casualty_Fatality,Count_Casualty_Hospitalised,Count_Casualty_MedicallyTreated,Count_Casualty_MinorInjury,Count_Casualty_Total,Count_Unit_Car,Count_Unit_Motorcycle_Moped,Count_Unit_Truck,Count_Unit_Bus,Count_Unit_Bicycle,Count_Unit_Pedestrian,Count_Unit_Other
31791,31791,Fatal,2008,May,Thursday,22,Angle,Multi-Vehicle,153.16834984093,-27.4770604924386,Whites Rd,,,Manly West,Brisbane City,4179,Wynnum,South Brisbane,Brisbane,SEQ South,Metropolitan,Manly West,Wynnum - Manly,Brisbane - East,Major Cities,Lytton,Bonner,Locally-controlled,No Roadway Feature,No traffic control,60 km/h,Sealed - Dry,Clear,Darkness - Not lighted,Curved - view obscured,Grade,308,Vehs Same Direction: Right Turn S/Swipe,06: Parallel Lanes Turning,E,1,0,0,1,2,0,1,0,0,0,0,1
31843,31843,Fatal,2008,June,Thursday,14,Angle,Multi-Vehicle,152.696371185165,-25.5281470126253,Pallas St,Walker St,,Maryborough,Fraser Coast Region,4650,Maryborough,Wide Bay Burnett,North Coast,Southern,Southern Queensland,Maryborough (qld),Maryborough,Wide Bay,Inner Regional,Maryborough,Wide Bay,Locally-controlled,Intersection - Cross,Operating traffic lights,60 km/h,Sealed - Dry,Clear,Daylight,Straight,Level,101,Vehs Adjacent Approach: Thru-Thru,01: Intersection: Adjacent Approach,N,1,1,0,0,2,0,0,1,0,0,0,1
31860,31860,Fatal,2008,December,Monday,17,Hit object,Single Vehicle,139.143207062284,-20.3485262062571,Barkly Hwy,,Barkly Highway (Mount Isa - Camooweal),Mount Isa,Mount Isa City,4825,Camooweal,Mount Isa,Northern,Northern,North Queensland,Mount Isa Region,Outback - North,Queensland - Outback,Very Remote,Traeger,Kennedy,State-controlled,No Roadway Feature,No traffic control,100 - 110 km/h,Sealed - Dry,Clear,Daylight,Straight,Level,704,Off Path-Straight: Right Off Cway Hit Obj,16: Off Carriageway on Straight Hit Object,S,1,3,0,0,4,1,0,0,0,0,0,0
32155,32155,Fatal,2005,August,Monday,18,Hit object,Single Vehicle,144.711172514021,-18.68855892435,Kennedy Developmental Rd,,Kennedy Developmental Road (Mount Garnet - The Lynd),Conjuboy,Etheridge Shire,4871,Mount Surprise,Far North,Far Northern,Northern,North Queensland,Croydon - Etheridge,Far North,Queensland - Outback,Very Remote,Traeger,Kennedy,State-controlled,No Roadway Feature,No traffic control,100 - 110 km/h,Sealed - Dry,Clear,Dawn/Dusk,Curved - view open,Level,804,Off Path-Curve: Off Cway Lt Bend Hit Obj,19: Off Carriageway on Curve Hit Object,N,1,0,0,0,1,0,1,0,0,0,0,0
32156,32156,Fatal,2006,October,Saturday,19,Hit object,Single Vehicle,152.96072598054,-26.6337315938583,Nambour Connection Rd,,Nambour Connection Road,Nambour,Sunshine Coast Region,4560,Nambour,Sunshine Coast,North Coast,SEQ North,North Coast,Nambour,Nambour,Sunshine Coast,Major Cities,Nicklin,Fairfax,State-controlled,No Roadway Feature,No traffic control,60 km/h,Sealed - Dry,Clear,Darkness - Lighted,Curved - view open,Grade,805,Off Path-Curve: Out Of Control On Cway,20: Out of Control on Curve,N,1,0,0,0,1,1,0,0,0,0,0,0
32159,32159,Fatal,2006,June,Thursday,10,Head-on,Multi-Vehicle,150.263077808928,-23.0321087459872,Bruce Hwy,,Bruce Highway (Rockhampton - St Lawrence),Canoona,Livingstone Shire,4702,Marlborough,Capricornia,Central,Central,Central Queensland,Rockhampton Region - North,Rockhampton,Central Queensland,Outer Regional,Mirani,Capricornia,State-controlled,No Roadway Feature,No traffic control,100 - 110 km/h,Sealed - Dry,Clear,Daylight,Straight,Level,201,Vehs Opposite Approach: Head On,02: Head-on,S,1,0,1,0,2,1,0,1,0,0,0,0
32160,32160,Fatal,2006,October,Saturday,20,Angle,Multi-Vehicle,146.794209167433,-19.2926096556363,Cross St,Ross River Rd,Ross River Road,Mysterton,Townsville City,4812,Mundingburra,Townsville,Northern,Northern,North Queensland,Mundingburra,Townsville,Townsville,Outer Regional,Townsville,Herbert,State-controlled,Intersection - Cross,Operating traffic lights,60 km/h,Sealed - Dry,Clear,Darkness - Lighted,Curved - view open,Crest,202,Vehs Opposite Approach: Thru-Right,03: Opposing Vehicles Turning,N,1,0,0,0,1,2,0,0,0,0,0,0
32165,32165,Fatal,2006,October,Friday,23,Overturned,Single Vehicle,152.852679087161,-26.3864115850834,Pioneer Rd,,,Pomona,Noosa Shire,4568,Pomona,Sunshine Coast,North Coast,SEQ North,North Coast,Noosa Hinterland,Noosa Hinterland,Sunshine Coast,Inner Regional,Noosa,Wide Bay,Locally-controlled,No Roadway Feature,No traffic control,80 - 90 km/h,Sealed - Dry,Clear,Darkness - Not lighted,Curved - view open,Grade,805,Off Path-Curve: Out Of Control On Cway,20: Out of Control on Curve,N,1,0,0,0,1,1,0,0,0,0,0,0
32166,32166,Fatal,2006,October,Thursday,16,Hit object,Single Vehicle,152.760084721706,-25.4136606020131,Maryborough - Hervey Bay Rd,,Maryborough - Hervey Bay Road,Susan River,Fraser Coast Region,4655,Hervey Bay,Wide Bay Burnett,North Coast,Southern,Southern Queensland,Burrum - Fraser,Maryborough,Wide Bay,Inner Regional,Maryborough,Hinkler,State-controlled,No Roadway Feature,No traffic control,100 - 110 km/h,Sealed - Dry,Clear,Daylight,Straight,Level,703,Off Path-Straight: Left Off Cway Hit Obj,16: Off Carriageway on Straight Hit Object,N,1,0,0,0,1,1,0,0,0,0,0,0
32168,32168,Fatal,2006,September,Wednesday,16,Sideswipe,Multi-Vehicle,153.140138800578,-27.4326784372413,Port Of Brisbane Rd,,Port Of Brisbane Road,Lytton,Brisbane City,4178,Wynnum,South Brisbane,Brisbane,SEQ South,Metropolitan,Brisbane Port - Lytton,Wynnum - Manly,Brisbane - East,Major Cities,Lytton,Bonner,State-controlled,No Roadway Feature,No traffic control,60 km/h,Sealed - Dry,Clear,Daylight,Straight,Level,305,Vehs Same Direction: Lane Side Swipe,05: Lane Change,S,1,0,0,1,2,0,0,1,0,1,0,0
32171,32171,Fatal,2007,November,Saturday,4,Hit object,Single Vehicle,152.596403396824,-26.1355008096524,Bruce Hwy,,Gympie - Curra Road,Chatsworth,Gympie Region,4570,Gympie,Wide Bay Burnett,North Coast,Southern,Southern Queensland,Gympie Region,Gympie - Cooloola,Wide Bay,Inner Regional,Gympie,Wide Bay,State-controlled,No Roadway Feature,No traffic control,100 - 110 km/h,Sealed - Dry,Clear,Darkness - Not lighted,Curved - view open,Dip,803,Off Path-Curve: Off Cway Rt Bend Hit Obj,19: Off Carriageway on Curve Hit Object,S,2,0,0,0,2,1,0,0,0,0,0,0
32335,32335,Fatal,2008,December,Saturday,2,Hit pedestrian,Hit pedestrian,148.156128135834,-23.5137810037936,Gregory Hwy,Harris St,Gregory Highway (Emerald - Clermont),Emerald,Central Highlands Region,4720,Emerald,Capricornia,Central,Central,Central Queensland,Emerald,Central Highlands (qld),Central Queensland,Outer Regional,Gregory,Flynn,State-controlled,Intersection - Cross,No traffic control,60 km/h,Sealed - Dry,Clear,Darkness - Lighted,Straight,Level,003,Pedn: Far Side Vehicle Hit From Left,12: Pedestrian,N,1,1,0,0,2,0,1,0,0,0,1,0
32501,32501,Fatal,2008,July,Thursday,13,Hit object,Single Vehicle,145.965499420329,-17.9820529408329,Tully - Hull Rd,,Tully - Hull Road,Silky Oak,Cassowary Coast Region,4854,Tully,Far North,Far Northern,Northern,North Queensland,Tully,Innisfail - Cassowary Coast,Cairns,Outer Regional,Hinchinbrook,Kennedy,State-controlled,No Roadway Feature,No traffic control,100 - 110 km/h,Sealed - Dry,Clear,Daylight,Curved - view open,Level,803,Off Path-Curve: Off Cway Rt Bend Hit Obj,19: Off Carriageway on Curve Hit Object,E,1,0,0,0,1,1,0,0,0,0,0,0
32789,32789,Fatal,2008,September,Friday,11,Head-on,Multi-Vehicle,152.613355007141,-26.1764895286552,Fishermans Pocket Rd,,,Fishermans Pocket,Gympie Region,4570,Gympie,Wide Bay Burnett,North Coast,Southern,Southern Queensland,Gympie Region,Gympie - Cooloola,Wide Bay,Inner Regional,Gympie,Wide Bay,Locally-controlled,No Roadway Feature,No traffic control,80 - 90 km/h,Unsealed - Dry,Clear,Daylight,Curved - view obscured,Dip,201,Vehs Opposite Approach: Head On,02: Head-on,S,1,0,0,3,4,1,0,1,0,0,0,0
32790,32790,Fatal,2008,October,Friday,11,Head-on,Multi-Vehicle,152.90148623321,-27.0562696633048,D'Aguilar Hwy,,D'Aguilar Highway (Caboolture - Kilcoy),Moodlu,Moreton Bay Region,4510,Caboolture,Moreton,North Coast,SEQ North,North Coast,Caboolture,Caboolture,Moreton Bay - North,Major Cities,Pumicestone,Longman,State-controlled,No Roadway Feature,No traffic control,100 - 110 km/h,Sealed - Wet,Raining,Daylight,Curved - view open,Grade,201,Vehs Opposite Approach: Head On,02: Head-on,W,2,1,0,0,3,3,0,0,0,0,0,0
32792,32792,Fatal,2008,October,Sunday,10,Head-on,Multi-Vehicle,143.456313815699,-27.8264046447455,Bulloo Development Rd,,Bulloo Developmental Road (Thargomindah - Bundeena),Bullawarra,Bulloo Shire,4492,Thargomindah,South West,Southern,Southern,Southern Queensland,Far South West,Outback - South,Queensland - Outback,Very Remote,Warrego,Maranoa,State-controlled,No Roadway Feature,No traffic control,100 - 110 km/h,Sealed - Dry,Clear,Daylight,Curved - view open,Grade,201,Vehs Opposite Approach: Head On,02: Head-on,E,1,2,0,0,3,2,0,0,0,0,0,0
32793,32793,Fatal,2008,October,Tuesday,17,Angle,Multi-Vehicle,152.744067185126,-27.6480525913119,Berry St,Hall St,,Yamanto,Ipswich City,4305,Yamanto,Ipswich,Southern,SEQ South,Metropolitan,Churchill - Yamanto,Ipswich Inner,Ipswich,Major Cities,Ipswich West,Blair,Locally-controlled,Intersection - T-Junction,Stop sign,60 km/h,Sealed - Dry,Clear,Daylight,Straight,Grade,406,Vehs Manoeuvring: Leaving Driveway,08: Vehicle Leaving Driveway,S,1,0,0,0,1,1,1,0,0,0,0,0
32853,32853,Fatal,2008,August,Wednesday,15,Angle,Multi-Vehicle,153.098272361005,-27.5831584562126,Gaskell St,Logan Sub-Arterial Rd,Logan Sub-Arterial Road,Eight Mile Plains,Brisbane City,4113,Upper Mount Gravatt,South Brisbane,Brisbane,SEQ South,Metropolitan,Eight Mile Plains,Mt Gravatt,Brisbane - South,Major Cities,Toohey,Moreton,State-controlled,Intersection - T-Junction,Operating traffic lights,70 km/h,Sealed - Dry,Clear,Daylight,Straight,Level,103,Vehs Adjacent Approach: Left-Thru,01: Intersection: Adjacent Approach,E,1,0,1,0,2,2,0,0,0,0,0,0
32854,32854,Fatal,2008,August,Thursday,19,Overturned,Single Vehicle,153.283970258267,-27.8700310082356,Reserve Rd,,,Upper Coomera,Gold Coast City,4209,Coomera,Gold Coast,South Eastern,SEQ South,South Coast,Upper Coomera - Willow Vale,Ormeau - Oxenford,Gold Coast,Major Cities,Theodore,Forde,Locally-controlled,No Roadway Feature,No traffic control,60 km/h,Sealed - Dry,Clear,Darkness - Not lighted,Curved - view open,Grade,802,Off Path-Curve: Off Cway Left Bend,18: Off Carriageway on Curve,N,1,0,0,0,1,1,0,0,0,0,0,0
32855,32855,Fatal,2008,September,Thursday,18,Head-on,Multi-Vehicle,153.014718168207,-27.5974596909276,Learoyd Rd,,,Willawong,Brisbane City,4110,Inala,South Brisbane,Brisbane,SEQ South,Metropolitan,Pallara - Willawong,Rocklea - Acacia Ridge,Brisbane - South,Major Cities,Algester,Moreton,Locally-controlled,No Roadway Feature,No traffic control,80 - 90 km/h,Sealed - Wet,Raining,Darkness - Not lighted,Curved - view open,Level,201,Vehs Opposite Approach: Head On,02: Head-on,E,1,0,1,0,2,2,0,0,0,0,0,0
32859,32859,Fatal,2008,September,Thursday,12,Head-on,Multi-Vehicle,152.734024409263,-26.3457324949576,Bruce Hwy,,Cooroy - Gympie Road,Coles Creek,Gympie Region,4570,Imbil,Wide Bay Burnett,North Coast,Southern,Southern Queensland,Gympie Region,Gympie - Cooloola,Wide Bay,Inner Regional,Gympie,Wide Bay,State-controlled,No Roadway Feature,No traffic control,100 - 110 km/h,Sealed - Wet,Raining,Daylight,Straight,Grade,201,Vehs Opposite Approach: Head On,02: Head-on,N,3,1,1,0,5,2,0,3,0,0,0,0
33010,33010,Fatal,2008,October,Friday,10,Head-on,Multi-Vehicle,152.588676497493,-25.3462816355049,Bruce Hwy,,Bruce Highway (Maryborough - Gin Gin),Torbanlea,Fraser Coast Region,4662,Howard,Wide Bay Burnett,North Coast,Southern,Southern Queensland,Burrum - Fraser,Maryborough,Wide Bay,Inner Regional,Maryborough,Hinkler,State-controlled,No Roadway Feature,No traffic control,100 - 110 km/h,Sealed - Dry,Clear,Daylight,Curved - view open,Level,201,Vehs Opposite Approach: Head On,02: Head-on,N,2,0,0,1,3,1,0,1,0,0,0,0
33014,33014,Fatal,2008,November,Saturday,3,Hit object,Single Vehicle,153.06864077434,-26.7145036593303,Sippy Downs Dr,,,Sippy Downs,Sunshine Coast Region,4556,Sippy Downs,Sunshine Coast,North Coast,SEQ North,North Coast,Sippy Downs,Buderim,Sunshine Coast,Major Cities,Buderim,Fisher,Locally-controlled,Intersection - Roundabout,No traffic control,60 km/h,Sealed - Dry,Clear,Darkness - Lighted,Curved - view open,Level,805,Off Path-Curve: Out Of Control On Cway,20: Out of Control on Curve,W,1,0,0,0,1,1,0,0,0,0,0,0
33520,33520,Fatal,2008,September,Tuesday,14,Hit object,Single Vehicle,151.888917257916,-27.6422179868052,Drayton Connection Rd,,Drayton Connection Road,Vale View,Toowoomba Region,4352,Drayton,Darling Downs,Southern,Southern,Southern Queensland,Cambooya - Wyreema,Toowoomba,Toowoomba,Inner Regional,Condamine,Groom,State-controlled,No Roadway Feature,No traffic control,100 - 110 km/h,Sealed - Dry,Clear,Daylight,Straight,Level,703,Off Path-Straight: Left Off Cway Hit Obj,16: Off Carriageway on Straight Hit Object,N,1,0,0,0,1,1,0,0,0,0,0,0
33522,33522,Fatal,2008,September,Tuesday,17,Hit parked vehicle,Single Vehicle,149.213022487396,-21.0858562642419,Mackay - Slade Point Rd,,Mackay - Slade Point Road,Slade Point,Mackay Region,4740,Mackay,Mackay,Central,Central,Central Queensland,Slade Point,Mackay,Mackay - Isaac - Whitsunday,Inner Regional,Mackay,Dawson,State-controlled,No Roadway Feature,No traffic control,60 km/h,Sealed - Dry,Clear,Daylight,Straight,Level,601,Vehs On Path: Parked,10: Hit Parked Vehicle,S,1,3,0,0,4,1,0,1,0,0,0,0
33533,33533,Fatal,2009,March,Wednesday,13,Angle,Multi-Vehicle,152.853445037897,-27.6430580851553,Redbank Plains Rd,School Rd,,Redbank Plains,Ipswich City,4301,Goodna,Ipswich,Southern,SEQ South,Metropolitan,Redbank Plains,Springfield - Redbank,Ipswich,Major Cities,Bundamba,Blair,Locally-controlled,Intersection - T-Junction,Operating traffic lights,60 km/h,Sealed - Dry,Clear,Daylight,Curved - view open,Grade,202,Vehs Opposite Approach: Thru-Right,03: Opposing Vehicles Turning,E,1,0,1,0,2,2,0,0,0,0,0,0
34040,34040,Fatal,2004,December,Wednesday,12,Rear-end,Multi-Vehicle,150.348350773647,-27.6915709171476,Leichhardt Hwy,,Leichhardt Highway (Miles - Goondiwindi),Moonie,Western Downs Region,4406,Tara,South West,Southern,Southern,Southern Queensland,Tara,Darling Downs (west) - Maranoa,Darling Downs - Maranoa,Outer Regional,Warrego,Maranoa,State-controlled,No Roadway Feature,No traffic control,80 - 90 km/h,Sealed - Dry,Clear,Daylight,Straight,Level,301,Vehs Same Direction: Rear End,04: Rear-end,S,1,0,0,0,1,0,0,2,0,0,0,0
34048,34048,Fatal,2004,June,Tuesday,14,Fall from vehicle,Single Vehicle,152.662070915398,-26.1584283583242,Nash Rd,,,Araluen,Gympie Region,4570,Gympie,Wide Bay Burnett,North Coast,Southern,Southern Queensland,Gympie - North,Gympie - Cooloola,Wide Bay,Inner Regional,Gympie,Wide Bay,Locally-controlled,No Roadway Feature,No traffic control,100 - 110 km/h,Sealed - Dry,Clear,Daylight,Curved - view obscured,Level,900,Pass & Misc: Other,21: Other,,1,0,0,0,1,1,1,0,0,0,0,0
34051,34051,Fatal,2004,June,Wednesday,22,Hit pedestrian,Hit pedestrian,153.520446207778,-27.4262275478204,East Coast Rd,,,Point Lookout,Redland City,4183,Dunwich,South Brisbane,Brisbane,SEQ South,Metropolitan,Redland Islands,Cleveland - Stradbroke,Brisbane - East,Remote,Oodgeroo,Bowman,State-controlled,No Roadway Feature,No traffic control,60 km/h,Sealed - Wet,Raining,Darkness - Not lighted,Straight,Level,004,Pedn: Play; Work; Stand; Lie On Cway,12: Pedestrian,W,1,0,0,0,1,1,0,0,0,0,1,0
34052,34052,Fatal,2004,June,Thursday,2,Hit object,Single Vehicle,149.076638390164,-21.1603054633193,Peak Downs Hwy,,Peak Downs Highway (Nebo - Mackay),Walkerston,Mackay Region,4751,Walkerston,Mackay,Central,Central,Central Queensland,Walkerston - Eton,Mackay,Mackay - Isaac - Whitsunday,Outer Regional,Mirani,Capricornia,State-controlled,No Roadway Feature,No traffic control,80 - 90 km/h,Sealed - Dry,Clear,Darkness - Not lighted,Curved - view open,Level,804,Off Path-Curve: Off Cway Lt Bend Hit Obj,19: Off Carriageway on Curve Hit Object,W,1,0,0,0,1,1,0,0,0,0,0,0
34077,34077,Fatal,2007,October,Tuesday,15,Hit object,Single Vehicle,153.441685310557,-28.1057931461291,Tallebudgera Creek Rd,,Tallebudgera Creek Road,Burleigh Heads,Gold Coast City,4220,Palm Beach,Gold Coast,South Eastern,SEQ South,South Coast,Burleigh Heads,Broadbeach - Burleigh,Gold Coast,Major Cities,Burleigh,Mcpherson,State-controlled,No Roadway Feature,No traffic control,60 km/h,Sealed - Dry,Clear,Daylight,Curved - view open,Grade,502,Vehs Overtaking: Out Of Control,15: Off Carriageway on Straight,S,1,0,0,0,1,0,1,0,0,0,0,0
34514,34514,Fatal,2004,August,Saturday,12,Angle,Multi-Vehicle,153.025898804023,-27.5972825150483,Learoyd Rd,Stanley St,,Willawong,Brisbane City,4110,Acacia Ridge,South Brisbane,Brisbane,SEQ South,Metropolitan,Pallara - Willawong,Rocklea - Acacia Ridge,Brisbane - South,Major Cities,Algester,Moreton,Locally-controlled,Intersection - T-Junction,No traffic control,0 - 50 km/h,Sealed - Dry,Clear,Daylight,Straight,Grade,408,Vehs Manoeuvring: Entering From Footway,08: Vehicle Leaving Driveway,W,1,0,0,0,1,0,0,0,0,1,0,1
34515,34515,Fatal,2004,August,Saturday,1,Hit object,Single Vehicle,151.907134136064,-26.6066311863561,D'Aguilar Hwy,,D'Aguilar Highway (Yarraman - Kingaroy),Coolabunia,South Burnett Region,4610,Kingaroy,Darling Downs,Southern,Southern,Southern Queensland,Kingaroy Region - South,Burnett,Wide Bay,Inner Regional,Nanango,Maranoa,State-controlled,No Roadway Feature,No traffic control,100 - 110 km/h,Sealed - Dry,Clear,Darkness - Not lighted,Curved - view open,Dip,803,Off Path-Curve: Off Cway Rt Bend Hit Obj,19: Off Carriageway on Curve Hit Object,N,1,0,0,0,1,1,0,0,0,0,0,0
34519,34519,Fatal,2004,August,Friday,6,Angle,Multi-Vehicle,153.081115400979,-27.5190022739792,Cavendish Rd,Wyncroft St,,Holland Park,Brisbane City,4121,Holland Park,South Brisbane,Brisbane,SEQ South,Metropolitan,Holland Park,Holland Park - Yeronga,Brisbane - South,Major Cities,Greenslopes,Griffith,Locally-controlled,Intersection - T-Junction,Operating traffic lights,60 km/h,Sealed - Dry,Clear,Daylight,Straight,Level,202,Vehs Opposite Approach: Thru-Right,03: Opposing Vehicles Turning,W,1,0,0,0,1,1,1,0,0,0,0,0
34524,34524,Fatal,2004,August,Saturday,7,Rear-end,Multi-Vehicle,150.804746541301,-28.5822345194541,Cunningham Hwy,Texas - Yelarbon Rd,Cunningham Highway (Inglewood - Goondiwindi),Yelarbon,Goondiwindi Region,4388,Yelarbon,Darling Downs,Southern,Southern,Southern Queensland,Inglewood - Waggamba,Darling Downs (west) - Maranoa,Darling Downs - Maranoa,Outer Regional,Southern Downs,Maranoa,State-controlled,Intersection - T-Junction,No traffic control,100 - 110 km/h,Sealed - Dry,Clear,Daylight,Straight,Level,303,Vehs Same Direction: Right Rear,04: Rear-end,E,1,0,1,0,2,0,0,2,0,0,0,0
34639,34639,Fatal,2004,November,Sunday,20,Hit animal,Other,151.059113483325,-23.9389109198258,Bruce Hwy,,Bruce Highway (Benaraby - Rockhampton),East End,Gladstone Region,4695,Mount Larcom,Capricornia,Central,Central,Central Queensland,Gladstone Hinterland,Gladstone,Central Queensland,Outer Regional,Gladstone,Flynn,State-controlled,No Roadway Feature,No traffic control,100 - 110 km/h,Sealed - Wet,Raining,Darkness - Not lighted,Straight,Level,201,Vehs Opposite Approach: Head On,02: Head-on,S,1,0,0,0,1,2,0,0,0,0,0,1
34671,34671,Fatal,2004,November,Saturday,20,Hit pedestrian,Hit pedestrian,152.664250573348,-27.6034637860488,Haigslea - Amberley Rd,,Haigslea - Amberley Road,Walloon,Ipswich City,4306,Rosewood,Ipswich,Southern,SEQ South,Metropolitan,Rosewood,Ipswich Hinterland,Ipswich,Major Cities,Ipswich West,Blair,State-controlled,No Roadway Feature,No traffic control,60 km/h,Sealed - Wet,Raining,Darkness - Lighted,Straight,Grade,004,Pedn: Play; Work; Stand; Lie On Cway,12: Pedestrian,N,1,0,0,0,1,1,0,0,0,0,1,0
34955,34955,Fatal,2004,October,Monday,14,Hit pedestrian,Hit pedestrian,153.03464621158,-27.5062962132082,Ipswich Rd,,,Annerley,Brisbane City,4103,Annerley,South Brisbane,Brisbane,SEQ South,Metropolitan,Annerley,Holland Park - Yeronga,Brisbane - South,Major Cities,South Brisbane,Moreton,Locally-controlled,No Roadway Feature,Pedestrian operated lights,60 km/h,Sealed - Wet,Clear,Daylight,Curved - view open,Grade,003,Pedn: Far Side Vehicle Hit From Left,12: Pedestrian,S,1,0,1,0,2,1,0,0,0,0,1,0
35381,35381,Fatal,2004,August,Sunday,12,Hit object,Single Vehicle,152.751452850951,-26.9518800325326,Neurum Rd,,,Woodford,Moreton Bay Region,4514,Woodford,Moreton,North Coast,SEQ North,North Coast,Woodford - Daguilar,Caboolture Hinterland,Moreton Bay - North,Inner Regional,Glass House,Longman,Locally-controlled,Bridge/Causeway,No traffic control,80 - 90 km/h,Sealed - Dry,Clear,Daylight,Curved - view open,Level,803,Off Path-Curve: Off Cway Rt Bend Hit Obj,19: Off Carriageway on Curve Hit Object,S,1,0,2,0,3,1,0,0,0,0,0,0
35416,35416,Fatal,2004,September,Sunday,17,Overturned,Single Vehicle,146.974204547001,-19.3912132410343,Bruce Hwy,,Bruce Highway (Ayr - Townsville),Alligator Creek,Townsville City,4816,Giru,Townsville,Northern,Northern,North Queensland,Townsville - South,Townsville,Townsville,Outer Regional,Burdekin,Kennedy,State-controlled,No Roadway Feature,No traffic control,100 - 110 km/h,Sealed - Dry,Clear,Daylight,Straight,Grade,705,Off Path-Straight: Out Of Control On Cway,17: Out of Control on Straight,N,1,4,3,0,8,0,0,0,1,0,0,0
35541,35541,Fatal,2004,October,Thursday,20,Hit object,Single Vehicle,153.045209063029,-27.4858427701075,Sinclair St,Vulture St East,,East Brisbane,Brisbane City,4169,Dutton Park,South Brisbane,Brisbane,SEQ South,Metropolitan,East Brisbane,Brisbane Inner - East,Brisbane Inner City,Major Cities,South Brisbane,Griffith,Locally-controlled,Intersection - T-Junction,No traffic control,60 km/h,Sealed - Dry,Clear,Darkness - Lighted,Straight,Level,703,Off Path-Straight: Left Off Cway Hit Obj,16: Off Carriageway on Straight Hit Object,E,1,0,0,0,1,0,1,0,0,0,0,0
35575,35575,Fatal,2004,October,Tuesday,13,Rear-end,Multi-Vehicle,153.057314726866,-26.7758461156821,Caloundra Rd,Cresswell Rd,,Meridan Plains,Sunshine Coast Region,4551,Caloundra,Sunshine Coast,North Coast,SEQ North,North Coast,Caloundra - West,Caloundra,Sunshine Coast,Major Cities,Kawana,Fisher,Locally-controlled,Intersection - Cross,No traffic control,100 - 110 km/h,Sealed - Dry,Clear,Daylight,Straight,Level,303,Vehs Same Direction: Right Rear,04: Rear-end,E,1,0,0,0,1,2,0,0,0,0,0,0
35681,35681,Fatal,2004,September,Thursday,19,Hit object,Single Vehicle,151.943524629002,-27.5427170292662,Whichello St,,,Newtown,Toowoomba Region,4350,Toowoomba,Darling Downs,Southern,Southern,Southern Queensland,Newtown (qld),Toowoomba,Toowoomba,Inner Regional,Toowoomba North,Groom,Locally-controlled,No Roadway Feature,No traffic control,60 km/h,Sealed - Dry,Clear,Darkness - Lighted,Curved - view open,Level,803,Off Path-Curve: Off Cway Rt Bend Hit Obj,19: Off Carriageway on Curve Hit Object,E,1,0,0,0,1,0,1,0,0,0,0,0
35975,35975,Fatal,2004,October,Sunday,18,Fall from vehicle,Single Vehicle,148.546576201205,-21.2098467135645,Up River Rd,,,Crediton,Mackay Region,4757,Finch Hatton,Mackay,Central,Central,Central Queensland,Pioneer Valley,Mackay,Mackay - Isaac - Whitsunday,Outer Regional,Mirani,Capricornia,Locally-controlled,No Roadway Feature,No traffic control,60 km/h,Sealed - Dry,Clear,Daylight,Straight,Level,901,Pass & Misc: Fell In/From Vehicle,21: Other,N,1,0,0,0,1,0,1,0,0,0,0,0
35976,35976,Fatal,2004,November,Friday,18,Hit object,Single Vehicle,151.286826604508,-25.5270678099465,Burnett Hwy,,Burnett Highway (Gayndah - Monto),Mundowran,North Burnett Region,4626,Mundubbera,Wide Bay Burnett,North Coast,Southern,Southern Queensland,Gayndah - Mundubbera,Burnett,Wide Bay,Outer Regional,Callide,Flynn,State-controlled,No Roadway Feature,No traffic control,100 - 110 km/h,Sealed - Dry,Clear,Darkness - Not lighted,Curved - view obscured,Grade,804,Off Path-Curve: Off Cway Lt Bend Hit Obj,19: Off Carriageway on Curve Hit Object,S,1,1,0,0,2,1,0,0,0,0,0,0
36011,36011,Fatal,2004,December,Sunday,15,Hit object,Single Vehicle,151.996357968228,-27.1954616946105,New England Hwy,,New England Highway (Yarraman - Toowoomba),Glenaven,Toowoomba Region,4355,Crows Nest,Darling Downs,Southern,Southern,Southern Queensland,Crows Nest - Rosalie,Darling Downs - East,Darling Downs - Maranoa,Inner Regional,Condamine,Maranoa,State-controlled,No Roadway Feature,No traffic control,100 - 110 km/h,Sealed - Dry,Clear,Daylight,Straight,Grade,704,Off Path-Straight: Right Off Cway Hit Obj,16: Off Carriageway on Straight Hit Object,S,1,1,0,0,2,1,0,0,0,0,0,0