_id,Crash_Ref_Number,Crash_Severity,Crash_Year,Crash_Month,Crash_Day_Of_Week,Crash_Hour,Crash_Nature,Crash_Type,Crash_Longitude,Crash_Latitude,Crash_Street,Crash_Street_Intersecting,State_Road_Name,Loc_Suburb,Loc_Local_Government_Area,Loc_Post_Code,Loc_Police_Division,Loc_Police_District,Loc_Police_Region,Loc_Queensland_Transport_Region,Loc_Main_Roads_Region,Loc_ABS_Statistical_Area_2,Loc_ABS_Statistical_Area_3,Loc_ABS_Statistical_Area_4,Loc_ABS_Remoteness,Loc_State_Electorate,Loc_Federal_Electorate,Crash_Controlling_Authority,Crash_Roadway_Feature,Crash_Traffic_Control,Crash_Speed_Limit,Crash_Road_Surface_Condition,Crash_Atmospheric_Condition,Crash_Lighting_Condition,Crash_Road_Horiz_Align,Crash_Road_Vert_Align,Crash_DCA_Code,Crash_DCA_Description,Crash_DCA_Group_Description,DCA_Key_Approach_Dir,Count_Casualty_Fatality,Count_Casualty_Hospitalised,Count_Casualty_MedicallyTreated,Count_Casualty_MinorInjury,Count_Casualty_Total,Count_Unit_Car,Count_Unit_Motorcycle_Moped,Count_Unit_Truck,Count_Unit_Bus,Count_Unit_Bicycle,Count_Unit_Pedestrian,Count_Unit_Other
39440,39440,Fatal,2003,April,Monday,11,Angle,Multi-Vehicle,153.080513792869,-27.2590134218605,Angus St,Clontarf - Anzac Ave Rd,Clontarf - Anzac Avenue Road,Clontarf,Moreton Bay Region,4019,Redcliffe,Moreton,North Coast,SEQ North,North Coast,Clontarf,Redcliffe,Moreton Bay - North,Major Cities,Redcliffe,Petrie,State-controlled,Intersection - T-Junction,No traffic control,60 km/h,Sealed - Wet,Clear,Daylight,Straight,Level,400,Vehs Manoeuvring: Other,21: Other,E,1,0,0,0,1,1,0,1,0,0,0,0
39540,39540,Fatal,2003,March,Sunday,15,Head-on,Multi-Vehicle,153.072837311942,-26.6419764901721,Maroochydore - Noosa Rd,,Maroochydore - Noosa Road,Maroochydore,Sunshine Coast Region,4558,Maroochydore,Sunshine Coast,North Coast,SEQ North,North Coast,Maroochydore - Kuluin,Maroochy,Sunshine Coast,Major Cities,Maroochydore,Fairfax,State-controlled,No Roadway Feature,No traffic control,60 km/h,Sealed - Dry,Clear,Daylight,Curved - view open,Level,201,Vehs Opposite Approach: Head On,02: Head-on,W,1,1,4,0,6,2,0,0,0,0,0,0
39591,39591,Fatal,2002,December,Sunday,15,Angle,Multi-Vehicle,152.320382487088,-24.8495594231417,Bundaberg - Gin Gin Rd,Moore Park Rd,Bundaberg - Gin Gin Road,Bundaberg North,Bundaberg Region,4670,Bundaberg,Wide Bay Burnett,North Coast,Southern,Southern Queensland,Bundaberg North - Gooburrum,Bundaberg,Wide Bay,Inner Regional,Bundaberg,Hinkler,State-controlled,Intersection - T-Junction,No traffic control,60 km/h,Sealed - Dry,Clear,Daylight,Straight,Level,202,Vehs Opposite Approach: Thru-Right,03: Opposing Vehicles Turning,W,1,2,0,0,3,2,0,0,0,0,0,0
39592,39592,Fatal,2002,December,Sunday,17,Overturned,Single Vehicle,151.853484315232,-28.8258144616211,New England Hwy,,New England Highway (Warwick - Wallangarra),Lyra,Southern Downs Region,4382,Wallangarra,Darling Downs,Southern,Southern,Southern Queensland,Stanthorpe Region,Granite Belt,Darling Downs - Maranoa,Outer Regional,Southern Downs,Maranoa,State-controlled,Bridge/Causeway,No traffic control,100 - 110 km/h,Sealed - Dry,Clear,Daylight,Curved - view open,Dip,805,Off Path-Curve: Out Of Control On Cway,20: Out of Control on Curve,S,1,0,0,0,1,1,0,1,0,0,0,0
39593,39593,Fatal,2002,December,Sunday,10,Fall from vehicle,Single Vehicle,152.74621609248,-28.3258423138371,Mt Lindesay Hwy,,Mount Lindesay Highway (Beaudesert - Border),Mount Lindesay,Scenic Rim Region,4287,Rathdowney,Logan,South Eastern,SEQ South,South Coast,Beaudesert,Beaudesert,Logan - Beaudesert,Inner Regional,Scenic Rim,Wright,State-controlled,No Roadway Feature,No traffic control,100 - 110 km/h,Sealed - Dry,Clear,Daylight,Curved - view obscured,Grade,801,Off Path-Curve: Off Cway Right Bend,18: Off Carriageway on Curve,S,1,0,0,0,1,0,1,0,0,0,0,0
39594,39594,Fatal,2002,November,Friday,15,Overturned,Single Vehicle,152.894322971588,-25.3725538790419,River Heads Rd,,,Booral,Fraser Coast Region,4655,Hervey Bay,Wide Bay Burnett,North Coast,Southern,Southern Queensland,Booral - River Heads,Hervey Bay,Wide Bay,Inner Regional,Hervey Bay,Hinkler,Locally-controlled,No Roadway Feature,No traffic control,100 - 110 km/h,Sealed - Dry,Clear,Daylight,Straight,Level,502,Vehs Overtaking: Out Of Control,15: Off Carriageway on Straight,N,2,2,0,1,5,1,0,0,0,0,0,0
39595,39595,Fatal,2002,November,Friday,18,Fall from vehicle,Single Vehicle,151.987062848215,-25.0798915387302,Zillmann Rd,,,Wallaville,Bundaberg Region,4671,Gin Gin,Wide Bay Burnett,North Coast,Southern,Southern Queensland,Gin Gin,Burnett,Wide Bay,Outer Regional,Callide,Flynn,Locally-controlled,No Roadway Feature,No traffic control,80 - 90 km/h,Sealed - Dry,Clear,Dawn/Dusk,Curved - view open,Level,901,Pass & Misc: Fell In/From Vehicle,21: Other,E,1,0,0,0,1,0,1,0,0,0,0,0
39616,39616,Fatal,2003,March,Wednesday,20,Angle,Multi-Vehicle,152.65340999701,-26.1853098386839,Bruce Hwy,Jane St,Gympie - Curra Road,Gympie,Gympie Region,4570,Gympie,Wide Bay Burnett,North Coast,Southern,Southern Queensland,Gympie - North,Gympie - Cooloola,Wide Bay,Inner Regional,Gympie,Wide Bay,State-controlled,Intersection - Cross,Stop sign,60 km/h,Sealed - Wet,Raining,Darkness - Lighted,Straight,Grade,104,Vehs Adjacent Approach: Thru-Right,01: Intersection: Adjacent Approach,N,1,1,0,0,2,2,0,1,0,0,0,0
39808,39808,Fatal,2003,June,Tuesday,16,Hit pedestrian,Hit pedestrian,153.407018185972,-28.0471213311343,Unnamed Rd,,,Mermaid Waters,Gold Coast City,4218,Broadbeach,Gold Coast,South Eastern,SEQ South,South Coast,Mermaid Waters,Broadbeach - Burleigh,Gold Coast,Major Cities,Mermaid Beach,Moncrieff,Locally-controlled,No Roadway Feature,No traffic control,0 - 50 km/h,Sealed - Dry,Clear,Daylight,Straight,Level,003,Pedn: Far Side Vehicle Hit From Left,12: Pedestrian,N,1,0,0,0,1,1,0,0,0,0,1,0
39962,39962,Fatal,2006,September,Friday,17,Hit object,Single Vehicle,148.53597933991,-25.8647648317092,Blue Lagoon Rd,,,Injune,Maranoa Region,4454,Injune,South West,Southern,Southern,Southern Queensland,Roma Region,Darling Downs (west) - Maranoa,Darling Downs - Maranoa,Remote,Warrego,Maranoa,Locally-controlled,No Roadway Feature,No traffic control,100 - 110 km/h,Unsealed - Dry,Clear,Dawn/Dusk,Straight,Dip,704,Off Path-Straight: Right Off Cway Hit Obj,16: Off Carriageway on Straight Hit Object,W,1,0,0,0,1,1,0,0,0,0,0,0
40307,40307,Fatal,2003,July,Sunday,21,Hit parked vehicle,Single Vehicle,140.833505318146,-17.4933209748768,Yappar St,,,Karumba,Carpentaria Shire,4891,Karumba,Mount Isa,Northern,Northern,North Queensland,Carpentaria,Outback - North,Queensland - Outback,Very Remote,Traeger,Kennedy,Locally-controlled,No Roadway Feature,No traffic control,60 km/h,Sealed - Dry,Clear,Darkness - Not lighted,Straight,Level,601,Vehs On Path: Parked,10: Hit Parked Vehicle,N,1,0,0,0,1,0,0,2,0,0,0,0
40318,40318,Fatal,2003,July,Saturday,2,Head-on,Multi-Vehicle,148.553020073965,-20.3466827238284,Bruce Hwy,,Bruce Highway (Proserpine - Bowen),Myrtlevale,Whitsunday Region,4800,Proserpine,Mackay,Central,Central,Central Queensland,Proserpine,Whitsunday,Mackay - Isaac - Whitsunday,Outer Regional,Whitsunday,Dawson,State-controlled,No Roadway Feature,No traffic control,100 - 110 km/h,Sealed - Dry,Clear,Darkness - Not lighted,Straight,Level,201,Vehs Opposite Approach: Head On,02: Head-on,S,1,2,3,0,6,2,0,0,0,0,0,0
40319,40319,Fatal,2003,July,Friday,15,Hit pedestrian,Hit pedestrian,153.131741694359,-27.0690644025098,Caboolture - Bribie Island Rd,,Caboolture - Bribie Island Road,Sandstone Point,Moreton Bay Region,4511,Bribie Island,Moreton,North Coast,SEQ North,North Coast,Beachmere - Sandstone Point,Bribie - Beachmere,Moreton Bay - North,Major Cities,Pumicestone,Longman,State-controlled,No Roadway Feature,No traffic control,80 - 90 km/h,Sealed - Wet,Raining,Daylight,Straight,Level,009,Pedn: Hit While Boarding/Alighting,12: Pedestrian,E,1,0,0,0,1,1,0,0,0,0,1,0
40320,40320,Fatal,2003,July,Sunday,0,Sideswipe,Multi-Vehicle,150.328178108662,-28.5172935557375,Cunningham Hwy,Polo Rd,Cunningham Highway (Inglewood - Goondiwindi),Goondiwindi,Goondiwindi Region,4390,Goondiwindi,Darling Downs,Southern,Southern,Southern Queensland,Goondiwindi,Darling Downs (west) - Maranoa,Darling Downs - Maranoa,Outer Regional,Southern Downs,Maranoa,State-controlled,Intersection - T-Junction,No traffic control,100 - 110 km/h,Sealed - Wet,Raining,Darkness - Not lighted,Curved - view open,Level,201,Vehs Opposite Approach: Head On,02: Head-on,S,1,2,0,0,3,2,0,0,0,0,0,0
40321,40321,Fatal,2003,July,Sunday,19,Head-on,Multi-Vehicle,152.755590798068,-26.3702054952945,Bruce Hwy,,Cooroy - Gympie Road,Coles Creek,Gympie Region,4570,Imbil,Wide Bay Burnett,North Coast,Southern,Southern Queensland,Gympie Region,Gympie - Cooloola,Wide Bay,Inner Regional,Gympie,Wide Bay,State-controlled,No Roadway Feature,No traffic control,100 - 110 km/h,Sealed - Wet,Clear,Darkness - Not lighted,Curved - view open,Level,201,Vehs Opposite Approach: Head On,02: Head-on,N,2,3,0,0,5,2,0,0,0,0,0,0
40389,40389,Fatal,2002,November,Saturday,4,Hit object,Single Vehicle,142.320002860429,-10.1877181157687,Kubin - St Pauls Rd,,,Moa Island,Torres Strait Island Region,4875,Thursday Island,Far North,Far Northern,Northern,North Queensland,Torres Strait Islands,Far North,Queensland - Outback,Very Remote,Cook,Leichhardt,Locally-controlled,No Roadway Feature,No traffic control,100 - 110 km/h,Sealed - Dry,Clear,Darkness - Not lighted,Curved - view open,Grade,800,Off Path-Curve: Other,21: Other,S,1,0,1,0,2,1,0,0,0,0,0,0
40484,40484,Fatal,2003,January,Monday,9,Hit object,Single Vehicle,153.104721362868,-27.452445334829,Gateway Arterial Rd,,Gateway Motorway (Eight Mile Plains - Nudgee),Murarrie,Brisbane City,4172,Morningside,South Brisbane,Brisbane,SEQ South,Metropolitan,Murarrie,Wynnum - Manly,Brisbane - East,Major Cities,Bulimba,Griffith,State-controlled,No Roadway Feature,Railway - lights and boom gate,60 km/h,Sealed - Dry,Clear,Daylight,Straight,Level,004,Pedn: Play; Work; Stand; Lie On Cway,12: Pedestrian,N,1,0,0,0,1,0,0,1,0,0,1,1
40489,40489,Fatal,2003,January,Wednesday,12,Sideswipe,Multi-Vehicle,146.916050809138,-19.3808841925497,Bruce Hwy,,Bruce Highway (Ayr - Townsville),Nome,Townsville City,4816,Stuart,Townsville,Northern,Northern,North Queensland,Townsville - South,Townsville,Townsville,Outer Regional,Burdekin,Dawson,State-controlled,No Roadway Feature,No traffic control,100 - 110 km/h,Sealed - Dry,Clear,Daylight,Curved - view obscured,Crest,201,Vehs Opposite Approach: Head On,02: Head-on,N,1,0,0,0,1,1,0,1,0,0,0,0
40492,40492,Fatal,2003,January,Friday,7,Hit pedestrian,Hit pedestrian,152.978894419469,-27.4515600751831,Coopers Camp Rd,Sunrise St,,Ashgrove,Brisbane City,4060,The Gap,North Brisbane,Brisbane,SEQ North,Metropolitan,Ashgrove,Brisbane Inner - West,Brisbane Inner City,Major Cities,Cooper,Ryan,Locally-controlled,Intersection - T-Junction,No traffic control,60 km/h,Sealed - Dry,Clear,Daylight,Straight,Level,001,Pedn: Near Side Vehicle Hit From Right,12: Pedestrian,W,1,0,0,0,1,0,0,0,0,0,1,1
40575,40575,Fatal,2006,September,Monday,15,Overturned,Single Vehicle,153.298783690814,-27.7908784081153,Pimpama - Jacobs Well Rd,,,Pimpama,Gold Coast City,4209,Coomera,Gold Coast,South Eastern,SEQ South,South Coast,Pimpama,Ormeau - Oxenford,Gold Coast,Major Cities,Coomera,Fadden,Locally-controlled,No Roadway Feature,No traffic control,80 - 90 km/h,Sealed - Dry,Clear,Daylight,Curved - view open,Grade,803,Off Path-Curve: Off Cway Rt Bend Hit Obj,19: Off Carriageway on Curve Hit Object,E,1,0,0,0,1,1,0,1,0,0,0,0
41283,41283,Fatal,2002,November,Sunday,15,Head-on,Multi-Vehicle,152.384327014009,-25.1467252678128,Goodwood Rd,,Goodwood Road,Goodwood,Bundaberg Region,4660,Childers,Wide Bay Burnett,North Coast,Southern,Southern Queensland,Bundaberg Region - South,Bundaberg,Wide Bay,Inner Regional,Burnett,Hinkler,State-controlled,No Roadway Feature,No traffic control,100 - 110 km/h,Sealed - Dry,Clear,Daylight,Curved - view open,Grade,201,Vehs Opposite Approach: Head On,02: Head-on,N,2,2,0,0,4,1,2,0,0,0,0,0
41833,41833,Fatal,2003,May,Monday,13,Head-on,Multi-Vehicle,152.604102480921,-27.4661785650204,Forest Hill - Fernvale Rd,,Forest Hill - Fernvale Road,Vernor,Somerset Region,4306,Lowood,Ipswich,Southern,SEQ North,North Coast,Lowood,Ipswich Hinterland,Ipswich,Inner Regional,Lockyer,Blair,State-controlled,No Roadway Feature,No traffic control,100 - 110 km/h,Sealed - Dry,Clear,Daylight,Straight,Crest,501,Vehs Overtaking: Head On,02: Head-on,E,1,0,0,0,1,1,1,0,0,0,0,0
42114,42114,Fatal,2002,November,Wednesday,22,Hit object,Single Vehicle,152.942559174328,-27.0126149790634,School Rd,,,Elimbah,Moreton Bay Region,4516,Caboolture,Moreton,North Coast,SEQ North,North Coast,Elimbah,Caboolture,Moreton Bay - North,Major Cities,Glass House,Longman,Locally-controlled,No Roadway Feature,No traffic control,60 km/h,Sealed - Wet,Raining,Darkness - Not lighted,Curved - view obscured,Grade,808,Off Path-Curve: Mounts Traffic Island,19: Off Carriageway on Curve Hit Object,S,1,0,0,0,1,0,1,0,0,0,0,0
42117,42117,Fatal,2002,November,Thursday,18,Fall from vehicle,Single Vehicle,143.345205587952,-12.7955381927358,Taylors Landing Rd,,,Lockhart River,Lockhart River Aboriginal Shire,4892,Lockhart River,Far North,Far Northern,Northern,North Queensland,Cape York,Far North,Queensland - Outback,Very Remote,Cook,Leichhardt,Locally-controlled,No Roadway Feature,No traffic control,60 km/h,Unsealed - Dry,Clear,Daylight,Curved - view obscured,Grade,901,Pass & Misc: Fell In/From Vehicle,21: Other,N,1,0,0,0,1,1,0,0,0,0,0,0
42118,42118,Fatal,2002,November,Friday,17,Head-on,Multi-Vehicle,152.963320821696,-26.5818885607031,Old Bruce Hwy,,Yandina South Connection Road,Kulangoor,Sunshine Coast Region,4560,Nambour,Sunshine Coast,North Coast,SEQ North,North Coast,Eumundi - Yandina,Nambour,Sunshine Coast,Inner Regional,Nicklin,Fairfax,State-controlled,No Roadway Feature,No traffic control,100 - 110 km/h,Sealed - Wet,Raining,Dawn/Dusk,Curved - view open,Level,201,Vehs Opposite Approach: Head On,02: Head-on,S,1,2,1,0,4,3,0,0,0,0,0,0
42119,42119,Fatal,2002,November,Friday,20,Hit object,Single Vehicle,146.870272960146,-19.6000443409472,Woodstock - Giru Rd,,Woodstock - Giru Road,Woodstock,Townsville City,4816,Stuart,Townsville,Northern,Northern,North Queensland,Townsville - South,Townsville,Townsville,Outer Regional,Burdekin,Kennedy,State-controlled,No Roadway Feature,No traffic control,100 - 110 km/h,Sealed - Dry,Clear,Darkness - Not lighted,Straight,Level,700,Off Path-Straight: Other,21: Other,E,1,1,0,0,2,1,0,0,0,0,0,0
42212,42212,Fatal,2003,April,Friday,13,Hit object,Single Vehicle,144.252768725788,-19.6826555996432,Kennedy Developmental Rd,,Kennedy Developmental Road (The Lynd - Hughenden),Porcupine,Flinders Shire,4821,Hughenden,Townsville,Northern,Northern,North Queensland,Northern Highlands,Outback - North,Queensland - Outback,Very Remote,Traeger,Kennedy,State-controlled,No Roadway Feature,No traffic control,100 - 110 km/h,Unsealed - Dry,Clear,Daylight,Straight,Level,703,Off Path-Straight: Left Off Cway Hit Obj,16: Off Carriageway on Straight Hit Object,N,1,0,0,0,1,1,0,0,0,0,0,0
42264,42264,Fatal,2006,May,Saturday,17,Head-on,Multi-Vehicle,152.652072700158,-27.9753052027659,Boonah - Fassifern Rd,,Boonah - Fassifern Road,Templin,Scenic Rim Region,4310,Boonah,Ipswich,Southern,SEQ South,South Coast,Boonah,Ipswich Hinterland,Ipswich,Inner Regional,Scenic Rim,Wright,State-controlled,No Roadway Feature,No traffic control,100 - 110 km/h,Sealed - Dry,Clear,Daylight,Curved - view obscured,Grade,201,Vehs Opposite Approach: Head On,02: Head-on,E,2,1,0,0,3,2,0,0,0,0,0,0
42448,42448,Fatal,2006,June,Friday,19,Angle,Multi-Vehicle,153.057427119395,-27.4171288287918,Collins St,Sandgate Rd,,Clayfield,Brisbane City,4011,Hendra,North Brisbane,Brisbane,SEQ North,Metropolitan,Clayfield,Brisbane Inner - North,Brisbane Inner City,Major Cities,Clayfield,Brisbane,Locally-controlled,Intersection - Cross,No traffic control,60 km/h,Sealed - Wet,Raining,Darkness - Lighted,Straight,Level,202,Vehs Opposite Approach: Thru-Right,03: Opposing Vehicles Turning,N,1,0,0,0,1,3,0,0,0,0,0,0
42449,42449,Fatal,2007,December,Wednesday,11,Hit pedestrian,Hit pedestrian,152.961149257303,-26.868763524778,Steve Irwin Way,Kello Rd,Glass House Mountains Road,Beerwah,Sunshine Coast Region,4519,Beerwah,Sunshine Coast,North Coast,SEQ North,North Coast,Beerwah,Sunshine Coast Hinterland,Sunshine Coast,Inner Regional,Glass House,Fisher,State-controlled,Intersection - T-Junction,Road/Rail worker,80 - 90 km/h,Sealed - Dry,Clear,Daylight,Straight,Level,000,Pedn: Hit Other,21: Other,E,1,0,0,0,1,0,0,0,0,0,1,1
42454,42454,Fatal,2009,March,Thursday,19,Rear-end,Multi-Vehicle,153.084631472298,-27.6161121340997,Compton Rd,,,Kuraby,Brisbane City,4112,Acacia Ridge,South Brisbane,Brisbane,SEQ South,Metropolitan,Kuraby,Sunnybank,Brisbane - South,Major Cities,Stretton,Moreton,Locally-controlled,No Roadway Feature,No traffic control,80 - 90 km/h,Sealed - Dry,Clear,Darkness - Lighted,Straight,Level,301,Vehs Same Direction: Rear End,04: Rear-end,E,1,1,0,0,2,1,1,0,0,0,0,0
42455,42455,Fatal,2006,May,Sunday,15,Angle,Multi-Vehicle,153.047061359548,-27.4326362978728,Crosby Rd,,,Albion,Brisbane City,4010,Hendra,North Brisbane,Brisbane,SEQ North,Metropolitan,Albion,Brisbane Inner - North,Brisbane Inner City,Major Cities,Clayfield,Brisbane,Locally-controlled,No Roadway Feature,No traffic control,60 km/h,Sealed - Dry,Clear,Daylight,Straight,Level,506,Vehs Overtaking: Overtake-Right Turn,09: Overtaking Same Direction,E,1,0,1,0,2,1,1,0,0,0,0,0
42459,42459,Fatal,2009,January,Tuesday,17,Fall from vehicle,Single Vehicle,153.15712947588,-27.9968584884008,Beaudesert - Nerang Rd,,Beaudesert - Nerang Road,Canungra,Scenic Rim Region,4275,Canungra,Logan,South Eastern,SEQ South,South Coast,Tamborine - Canungra,Gold Coast Hinterland,Gold Coast,Inner Regional,Scenic Rim,Wright,State-controlled,No Roadway Feature,No traffic control,100 - 110 km/h,Sealed - Dry,Clear,Daylight,Curved - view open,Level,805,Off Path-Curve: Out Of Control On Cway,20: Out of Control on Curve,S,1,0,0,0,1,0,1,0,0,0,0,0
42463,42463,Fatal,2006,October,Saturday,16,Hit object,Single Vehicle,152.945714545012,-27.0285243455057,Beerburrum Rd,,Beerburrum Road,Elimbah,Moreton Bay Region,4516,Caboolture,Moreton,North Coast,SEQ North,North Coast,Elimbah,Caboolture,Moreton Bay - North,Major Cities,Glass House,Longman,State-controlled,No Roadway Feature,No traffic control,100 - 110 km/h,Sealed - Dry,Clear,Daylight,Curved - view open,Dip,803,Off Path-Curve: Off Cway Rt Bend Hit Obj,19: Off Carriageway on Curve Hit Object,S,1,1,2,0,4,1,0,0,0,0,0,0
42464,42464,Fatal,2006,May,Wednesday,11,Hit object,Single Vehicle,148.028519131947,-23.0845557980125,Yan Yan Rd,,Yan Yan Road,Capella,Central Highlands Region,4723,Capella,Capricornia,Central,Central,Central Queensland,Central Highlands - West,Central Highlands (qld),Central Queensland,Remote,Gregory,Flynn,State-controlled,No Roadway Feature,No traffic control,60 km/h,Sealed - Dry,Clear,Daylight,Curved - view open,Level,804,Off Path-Curve: Off Cway Lt Bend Hit Obj,19: Off Carriageway on Curve Hit Object,W,1,1,0,0,2,1,0,0,0,0,0,0
42467,42467,Fatal,2007,December,Saturday,6,Head-on,Multi-Vehicle,153.074314275669,-26.5625786436849,Sunshine Mwy,,Sunshine Motorway (Mooloolaba - Peregian),Coolum Beach,Sunshine Coast Region,4573,Coolum,Sunshine Coast,North Coast,SEQ North,North Coast,Coolum Beach,Maroochy,Sunshine Coast,Major Cities,Maroochydore,Fairfax,State-controlled,No Roadway Feature,No traffic control,100 - 110 km/h,Sealed - Dry,Clear,Daylight,Curved - view open,Level,201,Vehs Opposite Approach: Head On,02: Head-on,N,1,1,0,0,2,2,0,0,0,0,0,0
42471,42471,Fatal,2004,September,Tuesday,18,Fall from vehicle,Single Vehicle,146.029389310213,-17.6214326053395,Bruce Hwy,South Johnstone Rd,Bruce Highway (Ingham - Innisfail),Boogan,Cassowary Coast Region,4871,Mourilyan,Far North,Far Northern,Northern,North Queensland,Johnstone,Innisfail - Cassowary Coast,Cairns,Outer Regional,Hill,Kennedy,State-controlled,Intersection - T-Junction,No traffic control,100 - 110 km/h,Sealed - Dry,Clear,Unknown,Straight,Level,104,Vehs Adjacent Approach: Thru-Right,01: Intersection: Adjacent Approach,N,1,0,0,0,1,1,1,0,0,0,0,0
42473,42473,Fatal,2005,August,Thursday,14,Hit object,Single Vehicle,153.396589607051,-27.9857703805904,Coolibah St,,,Southport,Gold Coast City,4215,Southport,Gold Coast,South Eastern,SEQ South,South Coast,Southport - South,Southport,Gold Coast,Major Cities,Southport,Moncrieff,Locally-controlled,No Roadway Feature,No traffic control,0 - 50 km/h,Sealed - Dry,Clear,Daylight,Straight,Level,708,Off Path-Straight: Mounts Traffic Island,16: Off Carriageway on Straight Hit Object,N,1,0,0,0,1,0,1,0,0,0,0,0
42628,42628,Fatal,2006,January,Wednesday,4,Head-on,Multi-Vehicle,153.034841828305,-27.4924720951186,South East Arterial Rd,,South-East Arterial Road (Pacific Motorway),Woolloongabba,Brisbane City,4102,Dutton Park,South Brisbane,Brisbane,SEQ South,Metropolitan,Woolloongabba,Holland Park - Yeronga,Brisbane - South,Major Cities,South Brisbane,Griffith,State-controlled,Bridge/Causeway,No traffic control,100 - 110 km/h,Sealed - Dry,Clear,Darkness - Lighted,Straight,Level,201,Vehs Opposite Approach: Head On,02: Head-on,N,1,1,1,0,3,2,0,0,0,0,0,0
42670,42670,Fatal,2003,November,Sunday,17,Hit object,Single Vehicle,152.153863092193,-24.7529586161652,Avondale Rd,,,Avondale,Bundaberg Region,4670,South Kolan,Wide Bay Burnett,North Coast,Southern,Southern Queensland,Bundaberg Region - North,Bundaberg,Wide Bay,Inner Regional,Burnett,Flynn,Locally-controlled,No Roadway Feature,No traffic control,100 - 110 km/h,Sealed - Dry,Clear,Daylight,Curved - view open,Level,803,Off Path-Curve: Off Cway Rt Bend Hit Obj,19: Off Carriageway on Curve Hit Object,N,1,0,0,0,1,1,0,0,0,0,0,0
43163,43163,Fatal,2004,April,Tuesday,9,Hit pedestrian,Hit pedestrian,152.994842688518,-27.4455301957339,Waterworks Rd,,,Ashgrove,Brisbane City,4060,The Gap,North Brisbane,Brisbane,SEQ North,Metropolitan,Ashgrove,Brisbane Inner - West,Brisbane Inner City,Major Cities,Cooper,Brisbane,Locally-controlled,No Roadway Feature,No traffic control,60 km/h,Sealed - Dry,Clear,Daylight,Straight,Level,001,Pedn: Near Side Vehicle Hit From Right,12: Pedestrian,E,1,0,0,0,1,0,0,0,1,0,1,0
43597,43597,Fatal,2004,March,Wednesday,17,Angle,Multi-Vehicle,153.207270522212,-27.7168798912637,George St,,,Beenleigh,Logan City,4207,Beenleigh,Logan,South Eastern,SEQ South,South Coast,Beenleigh,Beenleigh,Logan - Beaudesert,Major Cities,Macalister,Forde,Locally-controlled,No Roadway Feature,Operating traffic lights,60 km/h,Sealed - Dry,Clear,Daylight,Straight,Level,202,Vehs Opposite Approach: Thru-Right,03: Opposing Vehicles Turning,E,1,1,0,0,2,1,1,0,0,0,0,0
43741,43741,Fatal,2004,February,Monday,14,Hit object,Single Vehicle,152.455670656457,-27.5185036698223,Cricket Rd,,,Brightview,Lockyer Valley Region,4311,Laidley,Darling Downs,Southern,SEQ South,Southern Queensland,Lockyer Valley - East,Ipswich Hinterland,Ipswich,Inner Regional,Lockyer,Wright,Locally-controlled,No Roadway Feature,No traffic control,60 km/h,Unsealed - Dry,Clear,Daylight,Straight,Level,700,Off Path-Straight: Other,21: Other,E,1,0,0,0,1,1,0,0,0,0,0,0
43743,43743,Fatal,2004,February,Wednesday,19,Angle,Multi-Vehicle,153.232217273625,-27.6768253844713,Beenleigh - Redland Bay Rd,,Beenleigh - Redland Bay Road,Carbrook,Logan City,4130,Loganholme,Logan,South Eastern,SEQ South,South Coast,Cornubia - Carbrook,Loganlea - Carbrook,Logan - Beaudesert,Major Cities,Macalister,Forde,State-controlled,No Roadway Feature,No traffic control,80 - 90 km/h,Sealed - Dry,Clear,Darkness - Not lighted,Straight,Level,400,Vehs Manoeuvring: Other,21: Other,E,1,0,0,0,1,1,0,1,0,0,0,0
43749,43749,Fatal,2004,February,Thursday,16,Hit pedestrian,Hit pedestrian,153.082771725665,-26.6520217242516,Evans St,Maroochydore Rd,Maroochydore Road,Maroochydore,Sunshine Coast Region,4558,Maroochydore,Sunshine Coast,North Coast,SEQ North,North Coast,Maroochydore - Kuluin,Maroochy,Sunshine Coast,Major Cities,Maroochydore,Fairfax,State-controlled,Intersection - Cross,Operating traffic lights,60 km/h,Sealed - Dry,Clear,Daylight,Straight,Level,003,Pedn: Far Side Vehicle Hit From Left,12: Pedestrian,E,1,0,0,0,1,1,0,0,0,0,1,0
43844,43844,Fatal,2003,December,Tuesday,21,Hit pedestrian,Hit pedestrian,146.730299364551,-19.3716228715192,Garbutt - Upper Ross Rd,,Garbutt - Upper Ross Road,Kelso,Townsville City,4815,Kirwan,Townsville,Northern,Northern,North Queensland,Kelso,Townsville,Townsville,Outer Regional,Thuringowa,Herbert,State-controlled,No Roadway Feature,No traffic control,70 km/h,Sealed - Dry,Clear,Darkness - Lighted,Straight,Level,004,Pedn: Play; Work; Stand; Lie On Cway,12: Pedestrian,N,1,0,0,0,1,1,0,0,0,0,1,0
43874,43874,Fatal,2003,November,Tuesday,4,Fall from vehicle,Single Vehicle,153.431209764664,-28.0135519623369,Old Burleigh Rd,,,Surfers Paradise,Gold Coast City,4217,Surfers Paradise,Gold Coast,South Eastern,SEQ South,South Coast,Surfers Paradise,Surfers Paradise,Gold Coast,Major Cities,Surfers Paradise,Moncrieff,Locally-controlled,No Roadway Feature,No traffic control,60 km/h,Sealed - Dry,Clear,Darkness - Lighted,Straight,Level,901,Pass & Misc: Fell In/From Vehicle,21: Other,S,1,0,0,0,1,1,0,0,0,0,0,0