_id,Crash_Ref_Number,Crash_Severity,Crash_Year,Crash_Month,Crash_Day_Of_Week,Crash_Hour,Crash_Nature,Crash_Type,Crash_Longitude,Crash_Latitude,Crash_Street,Crash_Street_Intersecting,State_Road_Name,Loc_Suburb,Loc_Local_Government_Area,Loc_Post_Code,Loc_Police_Division,Loc_Police_District,Loc_Police_Region,Loc_Queensland_Transport_Region,Loc_Main_Roads_Region,Loc_ABS_Statistical_Area_2,Loc_ABS_Statistical_Area_3,Loc_ABS_Statistical_Area_4,Loc_ABS_Remoteness,Loc_State_Electorate,Loc_Federal_Electorate,Crash_Controlling_Authority,Crash_Roadway_Feature,Crash_Traffic_Control,Crash_Speed_Limit,Crash_Road_Surface_Condition,Crash_Atmospheric_Condition,Crash_Lighting_Condition,Crash_Road_Horiz_Align,Crash_Road_Vert_Align,Crash_DCA_Code,Crash_DCA_Description,Crash_DCA_Group_Description,DCA_Key_Approach_Dir,Count_Casualty_Fatality,Count_Casualty_Hospitalised,Count_Casualty_MedicallyTreated,Count_Casualty_MinorInjury,Count_Casualty_Total,Count_Unit_Car,Count_Unit_Motorcycle_Moped,Count_Unit_Truck,Count_Unit_Bus,Count_Unit_Bicycle,Count_Unit_Pedestrian,Count_Unit_Other
49277,49277,Fatal,2002,February,Friday,17,Head-on,Multi-Vehicle,152.996763234818,-27.0830872110526,Caboolture - Bribie Island Rd,,Caboolture - Bribie Island Road,Caboolture,Moreton Bay Region,4510,Caboolture,Moreton,North Coast,SEQ North,North Coast,Caboolture,Caboolture,Moreton Bay - North,Major Cities,Pumicestone,Longman,State-controlled,No Roadway Feature,No traffic control,100 - 110 km/h,Sealed - Dry,Clear,Daylight,Straight,Level,201,Vehs Opposite Approach: Head On,02: Head-on,E,1,3,0,0,4,2,0,0,0,0,0,0
49369,49369,Fatal,2001,December,Wednesday,12,Overturned,Single Vehicle,152.731500800312,-26.1260617009411,Old Goomboorian Rd,,,Veteran,Gympie Region,4570,Gympie,Wide Bay Burnett,North Coast,Southern,Southern Queensland,Gympie Region,Gympie - Cooloola,Wide Bay,Inner Regional,Gympie,Wide Bay,Locally-controlled,No Roadway Feature,No traffic control,60 km/h,Unsealed - Dry,Clear,Daylight,Curved - view open,Grade,805,Off Path-Curve: Out Of Control On Cway,20: Out of Control on Curve,W,1,0,0,0,1,1,0,0,0,0,0,0
49375,49375,Fatal,2001,December,Friday,12,Sideswipe,Multi-Vehicle,152.991999817226,-26.4083323331845,Sunrise Rd,,,Tinbeerwah,Noosa Shire,4563,Noosa Heads,Sunshine Coast,North Coast,SEQ North,North Coast,Noosa Hinterland,Noosa Hinterland,Sunshine Coast,Major Cities,Noosa,Wide Bay,Locally-controlled,No Roadway Feature,No traffic control,80 - 90 km/h,Sealed - Dry,Clear,Daylight,Curved - view open,Crest,201,Vehs Opposite Approach: Head On,02: Head-on,N,1,0,0,1,2,1,0,1,0,0,0,0
49376,49376,Fatal,2001,December,Friday,14,Angle,Multi-Vehicle,152.249874903439,-27.5371185538548,Warrego Hwy,,Warrego Highway (Ipswich - Toowoomba),Gatton,Lockyer Valley Region,4343,Gatton,Darling Downs,Southern,SEQ South,Southern Queensland,Gatton,Toowoomba,Toowoomba,Inner Regional,Lockyer,Wright,State-controlled,No Roadway Feature,No traffic control,100 - 110 km/h,Sealed - Dry,Clear,Daylight,Straight,Level,308,Vehs Same Direction: Right Turn S/Swipe,06: Parallel Lanes Turning,W,1,2,0,0,3,2,0,0,0,0,0,0
49378,49378,Fatal,2002,January,Thursday,7,Overturned,Single Vehicle,152.810954703114,-27.6302050648208,Mary St,,,Blackstone,Ipswich City,4304,Booval,Ipswich,Southern,SEQ South,Metropolitan,Bundamba,Ipswich Inner,Ipswich,Major Cities,Bundamba,Blair,Locally-controlled,No Roadway Feature,No traffic control,80 - 90 km/h,Sealed - Dry,Clear,Daylight,Curved - view open,Level,805,Off Path-Curve: Out Of Control On Cway,20: Out of Control on Curve,W,1,0,0,0,1,1,0,0,0,0,0,0
49381,49381,Fatal,2002,January,Sunday,14,Fall from vehicle,Single Vehicle,148.679039592491,-21.1354975478721,Mackay - Eungella Rd,,Mackay - Eungella Road,Pinnacle,Mackay Region,4741,Finch Hatton,Mackay,Central,Central,Central Queensland,Pioneer Valley,Mackay,Mackay - Isaac - Whitsunday,Outer Regional,Mirani,Capricornia,State-controlled,No Roadway Feature,No traffic control,100 - 110 km/h,Sealed - Dry,Clear,Daylight,Curved - view open,Level,802,Off Path-Curve: Off Cway Left Bend,18: Off Carriageway on Curve,W,1,0,0,0,1,0,1,0,0,0,0,0
49446,49446,Fatal,2001,November,Monday,10,Angle,Multi-Vehicle,151.726575360722,-27.4582278998409,Toowoomba Rd,Warrego Hwy,Warrego Highway (Toowoomba - Dalby),Oakey,Toowoomba Region,4401,Oakey,Darling Downs,Southern,Southern,Southern Queensland,Jondaryan,Darling Downs - East,Darling Downs - Maranoa,Inner Regional,Condamine,Groom,State-controlled,Intersection - T-Junction,Give way sign,80 - 90 km/h,Sealed - Dry,Clear,Daylight,Straight,Level,202,Vehs Opposite Approach: Thru-Right,03: Opposing Vehicles Turning,W,1,0,0,2,3,2,0,0,0,0,0,0
49459,49459,Fatal,2001,November,Thursday,17,Hit object,Single Vehicle,153.05596555469,-27.352602597134,Beams Rd,,,Boondall,Brisbane City,4034,Boondall,North Brisbane,Brisbane,SEQ North,Metropolitan,Boondall,Nundah,Brisbane - North,Major Cities,Nudgee,Lilley,Locally-controlled,No Roadway Feature,No traffic control,60 km/h,Sealed - Dry,Clear,Dawn/Dusk,Straight,Level,000,Pedn: Hit Other,21: Other,E,1,5,0,0,6,1,0,0,0,0,1,0
50569,50569,Fatal,2002,February,Friday,18,Head-on,Multi-Vehicle,151.72103432242,-27.4574162863068,Warrego Hwy,,Warrego Highway (Toowoomba - Dalby),Oakey,Toowoomba Region,4401,Oakey,Darling Downs,Southern,Southern,Southern Queensland,Jondaryan,Darling Downs - East,Darling Downs - Maranoa,Inner Regional,Condamine,Groom,State-controlled,No Roadway Feature,No traffic control,100 - 110 km/h,Sealed - Dry,Clear,Daylight,Straight,Level,201,Vehs Opposite Approach: Head On,02: Head-on,E,2,2,0,0,4,2,0,0,0,0,0,0
50570,50570,Fatal,2002,February,Saturday,9,Hit object,Single Vehicle,151.250875359639,-23.8488871458939,Bayne St,,,West Gladstone,Gladstone Region,4680,Gladstone,Capricornia,Central,Central,Central Queensland,West Gladstone,Gladstone,Central Queensland,Inner Regional,Gladstone,Flynn,Locally-controlled,No Roadway Feature,No traffic control,60 km/h,Sealed - Dry,Clear,Daylight,Straight,Level,906,Pass & Misc: Parked Car Ran Away,21: Other,E,1,0,0,0,1,1,0,0,0,0,1,0
50571,50571,Fatal,2002,February,Sunday,18,Overturned,Single Vehicle,153.426205961211,-28.0984647574928,Executive Dr,Southport - Burleigh Rd,Southport - Burleigh Road,Burleigh Waters,Gold Coast City,4220,Robina,Gold Coast,South Eastern,SEQ South,South Coast,Burleigh Waters,Broadbeach - Burleigh,Gold Coast,Major Cities,Burleigh,Mcpherson,State-controlled,Intersection - T-Junction,No traffic control,80 - 90 km/h,Sealed - Dry,Clear,Daylight,Straight,Level,707,Off Path-Straight: Right Turn,15: Off Carriageway on Straight,S,1,2,0,0,3,1,0,0,0,0,0,0
50572,50572,Fatal,2002,February,Sunday,2,Angle,Multi-Vehicle,153.124820896226,-27.6140113251301,Fitzgerald Ave,Rochedale Rd,,Springwood,Logan City,4127,Springwood,Logan,South Eastern,SEQ South,South Coast,Springwood,Springwood - Kingston,Logan - Beaudesert,Major Cities,Springwood,Rankin,Locally-controlled,Intersection - Cross,Operating traffic lights,60 km/h,Sealed - Dry,Clear,Darkness - Lighted,Straight,Level,101,Vehs Adjacent Approach: Thru-Thru,01: Intersection: Adjacent Approach,E,3,4,0,0,7,2,0,0,0,0,0,0
50698,50698,Fatal,2002,March,Sunday,14,Head-on,Multi-Vehicle,151.382755034813,-24.0450724458438,Bruce Hwy,,Bruce Highway (Gin Gin - Benaraby),Tannum Sands,Gladstone Region,4680,Tannum Sands,Capricornia,Central,Central,Central Queensland,Boyne Island - Tannum Sands,Gladstone,Central Queensland,Inner Regional,Gladstone,Flynn,State-controlled,No Roadway Feature,No traffic control,100 - 110 km/h,Sealed - Dry,Clear,Daylight,Straight,Level,201,Vehs Opposite Approach: Head On,02: Head-on,N,1,1,0,0,2,2,0,0,0,0,0,0
51023,51023,Fatal,2001,September,Saturday,23,Overturned,Single Vehicle,152.794918651947,-26.6640030605558,Kidaman Creek Rd,,,Kidaman Creek,Sunshine Coast Region,4574,Nambour,Sunshine Coast,North Coast,SEQ North,North Coast,Maroochy Hinterland,Sunshine Coast Hinterland,Sunshine Coast,Inner Regional,Glass House,Fairfax,Locally-controlled,No Roadway Feature,No traffic control,100 - 110 km/h,Unsealed - Dry,Clear,Darkness - Not lighted,Curved - view open,Grade,801,Off Path-Curve: Off Cway Right Bend,18: Off Carriageway on Curve,S,1,0,0,0,1,1,0,0,0,0,0,0
51034,51034,Fatal,2001,September,Wednesday,0,Overturned,Single Vehicle,152.537313187643,-27.4942251596566,Jendra Rd,,,Tarampa,Somerset Region,4311,Lowood,Ipswich,Southern,SEQ North,North Coast,Lowood,Ipswich Hinterland,Ipswich,Inner Regional,Lockyer,Blair,Locally-controlled,Bridge/Causeway,No traffic control,100 - 110 km/h,Unsealed - Dry,Clear,Darkness - Not lighted,Curved - view open,Level,802,Off Path-Curve: Off Cway Left Bend,18: Off Carriageway on Curve,S,2,0,0,0,2,1,0,0,0,0,0,0
51035,51035,Fatal,2001,September,Thursday,20,Head-on,Multi-Vehicle,152.891520163807,-26.4139177601786,Bruce Hwy,,Bruce Highway (Brisbane - Gympie),Black Mountain,Noosa Shire,4563,Cooroy,Sunshine Coast,North Coast,SEQ North,North Coast,Noosa Hinterland,Noosa Hinterland,Sunshine Coast,Inner Regional,Nicklin,Wide Bay,State-controlled,No Roadway Feature,No traffic control,100 - 110 km/h,Sealed - Dry,Clear,Darkness - Not lighted,Curved - view open,Level,501,Vehs Overtaking: Head On,02: Head-on,N,1,0,0,0,1,2,0,0,0,0,0,0
51037,51037,Fatal,2001,September,Friday,22,Hit object,Single Vehicle,151.84641146123,-26.4980928156709,Couchmans Road,,,Kingaroy,South Burnett Region,4610,Kingaroy,Darling Downs,Southern,Southern,Southern Queensland,Kingaroy,Burnett,Wide Bay,Inner Regional,Nanango,Maranoa,Locally-controlled,No Roadway Feature,No traffic control,60 km/h,Sealed - Wet,Raining,Darkness - Not lighted,Curved - view obscured,Grade,804,Off Path-Curve: Off Cway Lt Bend Hit Obj,19: Off Carriageway on Curve Hit Object,S,1,0,0,0,1,0,1,0,0,0,0,0
51038,51038,Fatal,2001,September,Saturday,2,Overturned,Single Vehicle,153.04121601283,-27.6489360749939,Mt Lindesay Art. Rd,,Mount Lindesay Arterial Road,Drewvale,Brisbane City,4116,Calamvale,South Brisbane,Brisbane,SEQ South,Metropolitan,Parkinson - Drewvale,Rocklea - Acacia Ridge,Brisbane - South,Major Cities,Stretton,Rankin,State-controlled,No Roadway Feature,No traffic control,80 - 90 km/h,Sealed - Dry,Clear,Darkness - Not lighted,Straight,Grade,703,Off Path-Straight: Left Off Cway Hit Obj,16: Off Carriageway on Straight Hit Object,S,1,0,1,0,2,1,0,0,0,0,0,0
51053,51053,Fatal,2001,August,Saturday,15,Sideswipe,Multi-Vehicle,153.058114861769,-26.7117881322506,Sunshine Mwy,,Sunshine Motorway (Tanawha - Mooloolaba),Buderim,Sunshine Coast Region,4556,Sippy Downs,Sunshine Coast,North Coast,SEQ North,North Coast,Sippy Downs,Buderim,Sunshine Coast,Major Cities,Buderim,Fisher,State-controlled,No Roadway Feature,No traffic control,100 - 110 km/h,Sealed - Dry,Clear,Daylight,Curved - view open,Level,201,Vehs Opposite Approach: Head On,02: Head-on,E,1,3,0,0,4,3,0,0,0,0,0,0
51072,51072,Fatal,2001,September,Saturday,1,Hit pedestrian,Hit pedestrian,139.350753967901,-25.9002223748277,Florence St,,,Birdsville,Diamantina Shire,4482,Birdsville,Mount Isa,Northern,Central,Central Queensland,Far Central West,Outback - South,Queensland - Outback,Very Remote,Gregory,Maranoa,Locally-controlled,No Roadway Feature,No traffic control,60 km/h,Sealed - Dry,Clear,Darkness - Lighted,Straight,Level,003,Pedn: Far Side Vehicle Hit From Left,12: Pedestrian,E,1,0,0,0,1,1,0,0,0,0,1,0
51104,51104,Fatal,2001,November,Tuesday,7,Angle,Multi-Vehicle,152.377458725952,-27.6237006779869,Gatton - Laidley Rd,Wehlow Dr,Gatton - Laidley Road,Laidley Heights,Lockyer Valley Region,4341,Laidley,Darling Downs,Southern,SEQ South,Southern Queensland,Lockyer Valley - East,Ipswich Hinterland,Ipswich,Inner Regional,Lockyer,Wright,State-controlled,Intersection - T-Junction,Give way sign,100 - 110 km/h,Sealed - Dry,Clear,Daylight,Curved - view open,Level,104,Vehs Adjacent Approach: Thru-Right,01: Intersection: Adjacent Approach,N,1,0,0,0,1,1,0,0,0,1,0,0
51108,51108,Fatal,2001,November,Tuesday,15,Overturned,Single Vehicle,150.300302695498,-28.0834570258856,Leichhardt Hwy,,Leichhardt Highway (Miles - Goondiwindi),Billa Billa,Goondiwindi Region,4390,Goondiwindi,Darling Downs,Southern,Southern,Southern Queensland,Inglewood - Waggamba,Darling Downs (west) - Maranoa,Darling Downs - Maranoa,Outer Regional,Southern Downs,Maranoa,State-controlled,No Roadway Feature,No traffic control,100 - 110 km/h,Sealed - Dry,Clear,Daylight,Straight,Level,705,Off Path-Straight: Out Of Control On Cway,17: Out of Control on Straight,S,1,0,0,0,1,1,0,0,0,0,0,0
51113,51113,Fatal,2001,November,Wednesday,17,Angle,Multi-Vehicle,153.125380351415,-27.6356627683573,Garoona Gr,Lake Rd,,Slacks Creek,Logan City,4127,Springwood,Logan,South Eastern,SEQ South,South Coast,Slacks Creek,Springwood - Kingston,Logan - Beaudesert,Major Cities,Waterford,Rankin,Locally-controlled,Intersection - T-Junction,No traffic control,0 - 50 km/h,Sealed - Dry,Clear,Daylight,Straight,Grade,100,Vehs Adjacent Approach: Other,01: Intersection: Adjacent Approach,S,1,0,0,0,1,1,0,0,0,1,0,0
51115,51115,Fatal,2001,November,Saturday,15,Fall from vehicle,Single Vehicle,151.60950604722,-26.383309431192,J.Hunters Rd,,,Ballogie,South Burnett Region,4610,Wondai,Darling Downs,Southern,Southern,Southern Queensland,Kingaroy Region - North,Burnett,Wide Bay,Outer Regional,Nanango,Flynn,Locally-controlled,No Roadway Feature,No traffic control,100 - 110 km/h,Unsealed - Dry,Clear,Daylight,Curved - view open,Level,901,Pass & Misc: Fell In/From Vehicle,21: Other,N,1,0,0,0,1,1,0,0,0,0,0,0
51116,51116,Fatal,2001,November,Friday,12,Hit object,Single Vehicle,153.069053421349,-27.5263250828239,Logan Rd,,,Holland Park West,Brisbane City,4121,Holland Park,South Brisbane,Brisbane,SEQ South,Metropolitan,Holland Park,Holland Park - Yeronga,Brisbane - South,Major Cities,Greenslopes,Griffith,Locally-controlled,No Roadway Feature,No traffic control,60 km/h,Sealed - Dry,Clear,Daylight,Straight,Level,704,Off Path-Straight: Right Off Cway Hit Obj,16: Off Carriageway on Straight Hit Object,S,1,0,0,0,1,1,0,0,0,0,0,0
51117,51117,Fatal,2001,November,Sunday,16,Hit object,Single Vehicle,150.469463713729,-28.4886630212342,Cunningham Hwy,,Cunningham Highway (Inglewood - Goondiwindi),Goondiwindi,Goondiwindi Region,4390,Goondiwindi,Darling Downs,Southern,Southern,Southern Queensland,Goondiwindi,Darling Downs (west) - Maranoa,Darling Downs - Maranoa,Outer Regional,Southern Downs,Maranoa,State-controlled,No Roadway Feature,No traffic control,100 - 110 km/h,Sealed - Wet,Raining,Daylight,Straight,Level,703,Off Path-Straight: Left Off Cway Hit Obj,16: Off Carriageway on Straight Hit Object,W,1,0,0,0,1,1,0,0,0,0,0,0
51863,51863,Fatal,2002,January,Friday,21,Hit object,Single Vehicle,147.258769859807,-19.5587009801689,Bruce Hwy,,Bruce Highway (Ayr - Townsville),Barratta,Burdekin Shire,4809,Ayr,Townsville,Northern,Northern,North Queensland,Burdekin,Charters Towers - Ayr - Ingham,Townsville,Outer Regional,Burdekin,Dawson,State-controlled,No Roadway Feature,No traffic control,100 - 110 km/h,Sealed - Wet,Clear,Darkness - Not lighted,Curved - view open,Level,804,Off Path-Curve: Off Cway Lt Bend Hit Obj,19: Off Carriageway on Curve Hit Object,N,1,0,0,0,1,1,0,0,0,0,0,0
51864,51864,Fatal,2002,January,Saturday,3,Hit pedestrian,Hit pedestrian,153.034259060437,-27.4919200050557,South East Arterial Rd,,South-East Arterial Road (Pacific Motorway),Woolloongabba,Brisbane City,4102,Dutton Park,South Brisbane,Brisbane,SEQ South,Metropolitan,Woolloongabba,Holland Park - Yeronga,Brisbane - South,Major Cities,South Brisbane,Griffith,State-controlled,No Roadway Feature,No traffic control,100 - 110 km/h,Sealed - Wet,Clear,Darkness - Lighted,Curved - view obscured,Level,004,Pedn: Play; Work; Stand; Lie On Cway,12: Pedestrian,S,1,0,0,0,1,1,0,0,0,0,1,1
51867,51867,Fatal,2002,January,Tuesday,15,Hit object,Single Vehicle,151.137710225372,-25.2245074366088,Burnett Hwy,,Burnett Highway (Gayndah - Monto),Cynthia,North Burnett Region,4627,Eidsvold,Wide Bay Burnett,North Coast,Southern,Southern Queensland,Monto - Eidsvold,Burnett,Wide Bay,Outer Regional,Callide,Flynn,State-controlled,No Roadway Feature,No traffic control,100 - 110 km/h,Sealed - Dry,Clear,Daylight,Straight,Level,704,Off Path-Straight: Right Off Cway Hit Obj,16: Off Carriageway on Straight Hit Object,N,1,1,0,0,2,1,0,0,0,0,0,0
51870,51870,Fatal,2002,February,Sunday,8,Overturned,Single Vehicle,141.953102268029,-21.5549943745047,Julia Creek - Kynuna Rd,,Julia Creek - Kynuna Road,Kynuna,Mckinlay Shire,4823,Kynuna,Mount Isa,Northern,Northern,North Queensland,Northern Highlands,Outback - North,Queensland - Outback,Very Remote,Traeger,Kennedy,State-controlled,No Roadway Feature,No traffic control,100 - 110 km/h,Unsealed - Dry,Clear,Daylight,Curved - view open,Level,801,Off Path-Curve: Off Cway Right Bend,18: Off Carriageway on Curve,S,1,0,0,0,1,1,0,0,0,0,0,0
51871,51871,Fatal,2002,February,Sunday,9,Sideswipe,Multi-Vehicle,153.178691163048,-28.0472641759729,Upper Coomera Rd,,,Witheren,Scenic Rim Region,4275,Canungra,Logan,South Eastern,SEQ South,South Coast,Tamborine - Canungra,Gold Coast Hinterland,Gold Coast,Inner Regional,Scenic Rim,Wright,Locally-controlled,No Roadway Feature,No traffic control,80 - 90 km/h,Sealed - Dry,Clear,Daylight,Curved - view obscured,Grade,201,Vehs Opposite Approach: Head On,02: Head-on,N,1,0,0,0,1,1,1,0,0,0,0,0
51872,51872,Fatal,2002,February,Sunday,21,Overturned,Single Vehicle,152.96149531937,-26.6989684474571,Palmwoods - Mooloolah Rd,,Palmwoods - Mooloolah Road,Palmwoods,Sunshine Coast Region,4555,Palmwoods,Sunshine Coast,North Coast,SEQ North,North Coast,Palmwoods,Sunshine Coast Hinterland,Sunshine Coast,Inner Regional,Nicklin,Fisher,State-controlled,No Roadway Feature,No traffic control,100 - 110 km/h,Sealed - Dry,Clear,Darkness - Not lighted,Curved - view open,Level,804,Off Path-Curve: Off Cway Lt Bend Hit Obj,19: Off Carriageway on Curve Hit Object,N,1,0,0,0,1,1,0,0,0,0,0,0
51932,51932,Fatal,2001,September,Monday,11,Head-on,Multi-Vehicle,153.05775480848,-27.4953505334433,Harries Rd,Old Cleveland Rd,,Coorparoo,Brisbane City,4151,Coorparoo,South Brisbane,Brisbane,SEQ South,Metropolitan,Coorparoo,Holland Park - Yeronga,Brisbane - South,Major Cities,Greenslopes,Griffith,Locally-controlled,Intersection - T-Junction,Operating traffic lights,60 km/h,Sealed - Dry,Clear,Daylight,Straight,Level,201,Vehs Opposite Approach: Head On,02: Head-on,E,1,2,0,0,3,3,0,0,0,0,0,0
51938,51938,Fatal,2001,September,Tuesday,16,Hit pedestrian,Hit pedestrian,152.391842202224,-26.0548164929036,Bauple - Woolooga Rd,Fraser St,Bauple - Woolooga Road,Woolooga,Gympie Region,4570,Kilkivan,Wide Bay Burnett,North Coast,Southern,Southern Queensland,Kilkivan,Gympie - Cooloola,Wide Bay,Inner Regional,Nanango,Wide Bay,State-controlled,Intersection - T-Junction,No traffic control,60 km/h,Sealed - Dry,Clear,Daylight,Straight,Level,003,Pedn: Far Side Vehicle Hit From Left,12: Pedestrian,S,1,0,0,0,1,1,0,0,0,0,1,0
52373,52373,Fatal,2007,August,Thursday,5,Overturned,Single Vehicle,152.790612877306,-25.5911411404875,Maryborough - Cooloola Rd,Phone Rd,Maryborough - Cooloola Road,Tuan Forest,Fraser Coast Region,4650,Maryborough,Wide Bay Burnett,North Coast,Southern,Southern Queensland,Maryborough Region - South,Maryborough,Wide Bay,Inner Regional,Maryborough,Wide Bay,State-controlled,Intersection - T-Junction,Give way sign,100 - 110 km/h,Sealed - Dry,Smoke/Dust,Dawn/Dusk,Straight,Level,106,Vehs Adjacent Approach: Left-Right,01: Intersection: Adjacent Approach,N,1,1,0,0,2,1,0,1,0,0,0,0
52509,52509,Fatal,2007,December,Wednesday,13,Angle,Multi-Vehicle,152.284336157406,-24.7821223790768,Moore Park Rd,Pashleys Rd,Moore Park Road,Welcome Creek,Bundaberg Region,4670,Bundaberg,Wide Bay Burnett,North Coast,Southern,Southern Queensland,Bundaberg Region - North,Bundaberg,Wide Bay,Inner Regional,Burnett,Flynn,State-controlled,Intersection - T-Junction,Give way sign,100 - 110 km/h,Sealed - Dry,Clear,Daylight,Straight,Level,104,Vehs Adjacent Approach: Thru-Right,01: Intersection: Adjacent Approach,E,1,0,0,0,1,2,0,0,0,0,0,0
52547,52547,Fatal,2006,November,Sunday,16,Head-on,Multi-Vehicle,152.961110420732,-27.025801473025,Mansfield Rd,,,Elimbah,Moreton Bay Region,4516,Caboolture,Moreton,North Coast,SEQ North,North Coast,Elimbah,Caboolture,Moreton Bay - North,Major Cities,Pumicestone,Longman,Locally-controlled,No Roadway Feature,No traffic control,100 - 110 km/h,Sealed - Dry,Clear,Daylight,Straight,Crest,201,Vehs Opposite Approach: Head On,02: Head-on,E,1,2,0,0,3,2,0,0,0,0,0,0
52551,52551,Fatal,2006,November,Sunday,23,Overturned,Single Vehicle,151.983491422309,-26.6218300698154,Smith Rd,,,Booie,South Burnett Region,4610,Nanango,Darling Downs,Southern,Southern,Southern Queensland,Kingaroy Region - South,Burnett,Wide Bay,Inner Regional,Nanango,Maranoa,Locally-controlled,No Roadway Feature,No traffic control,100 - 110 km/h,Sealed - Dry,Clear,Darkness - Not lighted,Curved - view open,Grade,805,Off Path-Curve: Out Of Control On Cway,20: Out of Control on Curve,W,1,0,1,0,2,1,0,0,0,0,0,0
52617,52617,Fatal,2008,August,Friday,18,Hit pedestrian,Hit pedestrian,152.88650991941,-27.5628206778217,Moggill Sub-Arterial Rd,,Moggill Sub-Arterial Road,Bellbowrie,Brisbane City,4070,Indooroopilly,North Brisbane,Brisbane,SEQ North,Metropolitan,Bellbowrie - Moggill,Kenmore - Brookfield - Moggill,Brisbane - West,Major Cities,Moggill,Ryan,State-controlled,No Roadway Feature,No traffic control,70 km/h,Sealed - Dry,Clear,Darkness - Lighted,Straight,Level,003,Pedn: Far Side Vehicle Hit From Left,12: Pedestrian,W,1,0,0,0,1,1,0,0,0,0,1,0
52622,52622,Fatal,2008,August,Saturday,3,Overturned,Single Vehicle,145.42431998153,-17.123522376455,Hansen Rd,,,Walkamin,Tablelands Region,4872,Mareeba,Far North,Far Northern,Northern,North Queensland,Atherton,Tablelands (east) - Kuranda,Cairns,Outer Regional,Hill,Kennedy,Locally-controlled,No Roadway Feature,No traffic control,100 - 110 km/h,Sealed - Dry,Clear,Darkness - Not lighted,Straight,Level,703,Off Path-Straight: Left Off Cway Hit Obj,16: Off Carriageway on Straight Hit Object,E,1,0,0,0,1,1,0,0,0,0,0,0
52638,52638,Fatal,2007,April,Wednesday,3,Overturned,Single Vehicle,150.68826755555,-23.6777536356502,Bruce Hwy,,Bruce Highway (Benaraby - Rockhampton),Marmor,Rockhampton Region,4702,Marmor,Capricornia,Central,Central,Central Queensland,Bouldercombe,Rockhampton,Central Queensland,Outer Regional,Mirani,Flynn,State-controlled,No Roadway Feature,No traffic control,100 - 110 km/h,Sealed - Dry,Clear,Darkness - Not lighted,Curved - view open,Grade,803,Off Path-Curve: Off Cway Rt Bend Hit Obj,19: Off Carriageway on Curve Hit Object,N,2,0,0,0,2,0,0,1,0,0,0,0
52773,52773,Fatal,2007,July,Monday,16,Head-on,Multi-Vehicle,152.98086769268,-27.2652064339053,Redcliffe Rd,,Redcliffe Road,Petrie,Moreton Bay Region,4502,Petrie,Moreton,North Coast,SEQ North,North Coast,Petrie,Strathpine,Moreton Bay - South,Major Cities,Kurwongbah,Dickson,State-controlled,No Roadway Feature,No traffic control,60 km/h,Sealed - Dry,Clear,Daylight,Curved - view open,Grade,201,Vehs Opposite Approach: Head On,02: Head-on,S,1,1,0,1,3,2,0,0,0,0,0,0
52774,52774,Fatal,2007,August,Friday,13,Angle,Multi-Vehicle,149.172961087828,-21.176897948608,East Boundary Rd,Milton St,,Paget,Mackay Region,4740,Mackay,Mackay,Central,Central,Central Queensland,South Mackay,Mackay,Mackay - Isaac - Whitsunday,Inner Regional,Mackay,Dawson,Locally-controlled,Intersection - Cross,Stop sign,60 km/h,Sealed - Dry,Clear,Daylight,Straight,Level,101,Vehs Adjacent Approach: Thru-Thru,01: Intersection: Adjacent Approach,S,1,2,0,0,3,1,0,1,0,0,0,0
52783,52783,Fatal,2007,August,Saturday,5,Hit pedestrian,Hit pedestrian,152.968720415146,-26.589911334308,Nambour Connection Rd,,Nambour Connection Road,Kulangoor,Sunshine Coast Region,4560,Nambour,Sunshine Coast,North Coast,SEQ North,North Coast,Eumundi - Yandina,Nambour,Sunshine Coast,Inner Regional,Nicklin,Fairfax,State-controlled,No Roadway Feature,No traffic control,80 - 90 km/h,Sealed - Dry,Clear,Darkness - Not lighted,Straight,Grade,005,Pedn: Hit Walking With Traffic,12: Pedestrian,S,1,0,0,0,1,1,0,0,0,0,1,0
52784,52784,Fatal,2007,August,Sunday,13,Head-on,Multi-Vehicle,149.504488628222,-23.6732983987008,Capricorn Hwy,,Capricorn Highway (Duaringa - Emerald),Wallaroo,Central Highlands Region,4702,Duaringa,Capricornia,Central,Central,Central Queensland,Central Highlands - East,Central Highlands (qld),Central Queensland,Outer Regional,Gregory,Flynn,State-controlled,No Roadway Feature,No traffic control,100 - 110 km/h,Sealed - Dry,Clear,Daylight,Straight,Level,201,Vehs Opposite Approach: Head On,02: Head-on,W,1,4,0,0,5,2,0,0,0,0,0,0
53119,53119,Fatal,2008,March,Friday,19,Hit animal,Other,139.844441738904,-22.8426643099889,Diamantina Development Rd,,Diamantina Developmental Road (Boulia - Dajarra),Wills,Boulia Shire,4829,Boulia,Mount Isa,Northern,Central,Central Queensland,Far Central West,Outback - South,Queensland - Outback,Very Remote,Gregory,Kennedy,State-controlled,No Roadway Feature,No traffic control,100 - 110 km/h,Sealed - Dry,Clear,Darkness - Not lighted,Straight,Level,609,Pass & Misc: Hit Animal,14: Hit Animal,S,1,0,0,0,1,0,1,0,0,0,0,1