_id,Crash_Ref_Number,Crash_Severity,Crash_Year,Crash_Month,Crash_Day_Of_Week,Crash_Hour,Crash_Nature,Crash_Type,Crash_Longitude,Crash_Latitude,Crash_Street,Crash_Street_Intersecting,State_Road_Name,Loc_Suburb,Loc_Local_Government_Area,Loc_Post_Code,Loc_Police_Division,Loc_Police_District,Loc_Police_Region,Loc_Queensland_Transport_Region,Loc_Main_Roads_Region,Loc_ABS_Statistical_Area_2,Loc_ABS_Statistical_Area_3,Loc_ABS_Statistical_Area_4,Loc_ABS_Remoteness,Loc_State_Electorate,Loc_Federal_Electorate,Crash_Controlling_Authority,Crash_Roadway_Feature,Crash_Traffic_Control,Crash_Speed_Limit,Crash_Road_Surface_Condition,Crash_Atmospheric_Condition,Crash_Lighting_Condition,Crash_Road_Horiz_Align,Crash_Road_Vert_Align,Crash_DCA_Code,Crash_DCA_Description,Crash_DCA_Group_Description,DCA_Key_Approach_Dir,Count_Casualty_Fatality,Count_Casualty_Hospitalised,Count_Casualty_MedicallyTreated,Count_Casualty_MinorInjury,Count_Casualty_Total,Count_Unit_Car,Count_Unit_Motorcycle_Moped,Count_Unit_Truck,Count_Unit_Bus,Count_Unit_Bicycle,Count_Unit_Pedestrian,Count_Unit_Other
53625,53625,Fatal,2008,July,Monday,6,Rear-end,Multi-Vehicle,153.130283150948,-27.6666354690958,Logan Mwy,,,Loganlea,Logan City,4131,Logan Central,Logan,South Eastern,SEQ South,South Coast,Loganlea,Loganlea - Carbrook,Logan - Beaudesert,Major Cities,Waterford,Rankin,Locally-controlled,Bridge/Causeway,No traffic control,100 - 110 km/h,Sealed - Dry,Clear,Darkness - Not lighted,Straight,Grade,301,Vehs Same Direction: Rear End,04: Rear-end,E,1,0,0,0,1,2,1,0,0,0,0,0
54003,54003,Fatal,2007,July,Monday,10,Hit object,Single Vehicle,152.995934391708,-27.9880733221163,Brisbane St,Mt Lindesay Hwy,Mount Lindesay Highway (Brisbane - Beaudesert),Beaudesert,Scenic Rim Region,4285,Beaudesert,Logan,South Eastern,SEQ South,South Coast,Beaudesert,Beaudesert,Logan - Beaudesert,Inner Regional,Scenic Rim,Wright,State-controlled,Intersection - Cross,Operating traffic lights,60 km/h,Sealed - Dry,Clear,Daylight,Straight,Level,000,Pedn: Hit Other,21: Other,E,1,1,0,0,2,1,0,0,0,0,1,0
54106,54106,Fatal,2007,March,Tuesday,7,Hit object,Single Vehicle,153.210596833063,-27.5661960384111,Redland Bay Rd,,Redland Bay Road,Capalaba,Redland City,4157,Capalaba,South Brisbane,Brisbane,SEQ South,Metropolitan,Capalaba,Capalaba,Brisbane - East,Major Cities,Capalaba,Bowman,State-controlled,No Roadway Feature,No traffic control,80 - 90 km/h,Sealed - Dry,Clear,Daylight,Curved - view open,Crest,201,Vehs Opposite Approach: Head On,02: Head-on,W,1,0,0,0,1,1,0,0,0,0,0,1
54137,54137,Fatal,2006,June,Tuesday,21,Hit pedestrian,Hit pedestrian,145.373191528359,-16.4702494613436,Captain Cook Hwy,,Captain Cook Highway (Cairns - Mossman),Mossman,Douglas Shire,4873,Mossman,Far North,Far Northern,Northern,North Queensland,Daintree,Port Douglas - Daintree,Cairns,Outer Regional,Cook,Leichhardt,State-controlled,No Roadway Feature,No traffic control,70 km/h,Sealed - Dry,Clear,Darkness - Lighted,Straight,Level,004,Pedn: Play; Work; Stand; Lie On Cway,12: Pedestrian,N,1,0,0,0,1,1,0,0,0,0,1,0
54151,54151,Fatal,2007,April,Wednesday,5,Rear-end,Multi-Vehicle,152.968629519507,-27.6345001625992,Logan Mwy,,Logan Motorway (Gailes - Loganholme),Forest Lake,Brisbane City,4078,Inala,South Brisbane,Brisbane,SEQ South,Metropolitan,Forest Lake - Doolandella,Forest Lake - Oxley,Ipswich,Major Cities,Jordan,Oxley,State-controlled,No Roadway Feature,No traffic control,100 - 110 km/h,Sealed - Dry,Clear,Darkness - Not lighted,Straight,Level,301,Vehs Same Direction: Rear End,04: Rear-end,W,1,0,0,0,1,1,0,1,0,0,0,0
54152,54152,Fatal,2007,April,Monday,17,Hit object,Single Vehicle,153.017430008768,-27.4084599117063,Collier St,Webster Rd,,Stafford,Brisbane City,4053,Stafford,North Brisbane,Brisbane,SEQ North,Metropolitan,Stafford,Chermside,Brisbane - North,Major Cities,Stafford,Lilley,Locally-controlled,Intersection - T-Junction,No traffic control,60 km/h,Sealed - Dry,Clear,Daylight,Straight,Level,703,Off Path-Straight: Left Off Cway Hit Obj,16: Off Carriageway on Straight Hit Object,S,1,0,0,0,1,1,0,0,0,0,0,0
54470,54470,Fatal,2006,November,Friday,23,Hit object,Single Vehicle,153.120032870653,-27.6068393575911,Pacific Hwy Ramp Xm,Rochedale Rd,Pacific Highway (Pacific Motorway),Rochedale South,Logan City,4123,Springwood,Logan,South Eastern,SEQ South,South Coast,Rochedale South - Priestdale,Springwood - Kingston,Logan - Beaudesert,Major Cities,Springwood,Rankin,State-controlled,Intersection - Interchange,Operating traffic lights,60 km/h,Sealed - Dry,Clear,Darkness - Lighted,Curved - view open,Grade,805,Off Path-Curve: Out Of Control On Cway,20: Out of Control on Curve,S,1,0,0,0,1,2,0,0,0,0,0,0
54472,54472,Fatal,2006,November,Saturday,1,Hit object,Single Vehicle,153.100952942569,-26.6938730964158,Karawatha Dr,Saratoga Dr,,Mountain Creek,Sunshine Coast Region,4557,Maroochydore,Sunshine Coast,North Coast,SEQ North,North Coast,Mountain Creek,Buderim,Sunshine Coast,Major Cities,Buderim,Fairfax,Locally-controlled,Intersection - T-Junction,No traffic control,0 - 50 km/h,Sealed - Dry,Clear,Darkness - Lighted,Curved - view open,Level,803,Off Path-Curve: Off Cway Rt Bend Hit Obj,19: Off Carriageway on Curve Hit Object,N,3,1,0,0,4,1,0,0,0,0,0,0
54476,54476,Fatal,2006,November,Sunday,1,Hit pedestrian,Hit pedestrian,153.428124289295,-27.9881165848225,Gold Coast Hwy,,,Surfers Paradise,Gold Coast City,4217,Surfers Paradise,Gold Coast,South Eastern,SEQ South,South Coast,Surfers Paradise,Surfers Paradise,Gold Coast,Major Cities,Surfers Paradise,Moncrieff,Locally-controlled,No Roadway Feature,No traffic control,0 - 50 km/h,Sealed - Dry,Clear,Darkness - Lighted,Curved - view open,Level,000,Pedn: Hit Other,21: Other,S,1,0,0,0,1,1,0,0,0,0,1,0
54477,54477,Fatal,2007,January,Saturday,2,Hit object,Single Vehicle,152.657695596028,-28.0271391837282,Mt Alford Rd,,Mount Alford Road,Dugandan,Scenic Rim Region,4310,Boonah,Ipswich,Southern,SEQ South,South Coast,Boonah,Ipswich Hinterland,Ipswich,Inner Regional,Scenic Rim,Wright,State-controlled,Bridge/Causeway,No traffic control,100 - 110 km/h,Sealed - Dry,Clear,Darkness - Not lighted,Curved - view open,Dip,804,Off Path-Curve: Off Cway Lt Bend Hit Obj,19: Off Carriageway on Curve Hit Object,W,1,1,0,0,2,1,0,0,0,0,0,0
54490,54490,Fatal,2007,January,Sunday,9,Fall from vehicle,Single Vehicle,153.417379432649,-28.20275884841,Currumbin Creek - Tomewin Rd,,,Currumbin Valley,Gold Coast City,4223,Coolangatta,Gold Coast,South Eastern,SEQ South,South Coast,Currumbin Valley - Tallebudgera,Mudgeeraba - Tallebudgera,Gold Coast,Inner Regional,Currumbin,Mcpherson,Locally-controlled,No Roadway Feature,No traffic control,60 km/h,Sealed - Dry,Clear,Daylight,Curved - view open,Grade,201,Vehs Opposite Approach: Head On,02: Head-on,S,1,0,0,0,1,1,1,0,0,0,0,0
54491,54491,Fatal,2007,January,Sunday,20,Angle,Multi-Vehicle,151.978381823145,-25.1135828001694,Bruce Hwy,Martins Rd Access Rd,Bruce Highway (Maryborough - Gin Gin),Wallaville,Bundaberg Region,4671,Gin Gin,Wide Bay Burnett,North Coast,Southern,Southern Queensland,Gin Gin,Burnett,Wide Bay,Outer Regional,Callide,Flynn,State-controlled,Intersection - Cross,Give way sign,100 - 110 km/h,Sealed - Dry,Clear,Darkness - Not lighted,Straight,Level,101,Vehs Adjacent Approach: Thru-Thru,01: Intersection: Adjacent Approach,S,2,0,0,1,3,1,0,1,0,0,0,0
54506,54506,Fatal,2006,December,Tuesday,17,Hit object,Single Vehicle,152.901860455459,-27.5413111801849,Pinjarra Rd,,,Pinjarra Hills,Brisbane City,4069,Indooroopilly,North Brisbane,Brisbane,SEQ North,Metropolitan,Pinjarra Hills - Pullenvale,Kenmore - Brookfield - Moggill,Brisbane - West,Major Cities,Moggill,Ryan,Locally-controlled,No Roadway Feature,No traffic control,60 km/h,Sealed - Dry,Clear,Dawn/Dusk,Curved - view open,Crest,803,Off Path-Curve: Off Cway Rt Bend Hit Obj,19: Off Carriageway on Curve Hit Object,W,2,1,0,0,3,1,0,0,0,0,0,0
54602,54602,Fatal,2007,August,Wednesday,1,Overturned,Single Vehicle,152.376139444107,-27.542453093218,Warrego Hwy,,Warrego Highway (Ipswich - Toowoomba),Crowley Vale,Lockyer Valley Region,4342,Laidley,Darling Downs,Southern,SEQ South,Southern Queensland,Lockyer Valley - East,Ipswich Hinterland,Ipswich,Inner Regional,Lockyer,Wright,State-controlled,No Roadway Feature,No traffic control,100 - 110 km/h,Sealed - Dry,Clear,Darkness - Not lighted,Curved - view open,Level,801,Off Path-Curve: Off Cway Right Bend,18: Off Carriageway on Curve,E,1,0,0,0,1,0,0,1,0,0,0,0
54680,54680,Fatal,2006,December,Wednesday,6,Head-on,Multi-Vehicle,150.052241735493,-22.8969110811342,Bruce Hwy,,Bruce Highway (Rockhampton - St Lawrence),Kunwarara,Livingstone Shire,4702,Marlborough,Capricornia,Central,Central,Central Queensland,Rockhampton Region - North,Rockhampton,Central Queensland,Remote,Mirani,Capricornia,State-controlled,No Roadway Feature,No traffic control,100 - 110 km/h,Sealed - Dry,Clear,Daylight,Curved - view obscured,Grade,201,Vehs Opposite Approach: Head On,02: Head-on,N,2,0,1,0,3,1,0,1,0,0,0,0
54686,54686,Fatal,2006,December,Thursday,22,Hit object,Single Vehicle,153.183358595893,-27.7866940953972,Beaudesert - Beenleigh Rd,,Beaudesert - Beenleigh Road,Wolffdene,Logan City,4207,Beenleigh,Logan,South Eastern,SEQ South,South Coast,Wolffdene - Bahrs Scrub,Beenleigh,Logan - Beaudesert,Major Cities,Logan,Forde,State-controlled,No Roadway Feature,No traffic control,80 - 90 km/h,Sealed - Dry,Clear,Darkness - Not lighted,Curved - view open,Level,803,Off Path-Curve: Off Cway Rt Bend Hit Obj,19: Off Carriageway on Curve Hit Object,S,1,0,1,0,2,1,0,0,0,0,0,0
54688,54688,Fatal,2006,December,Sunday,18,Angle,Multi-Vehicle,153.15787144336,-27.4430975181124,Wynnum North Rd,Wynnum Rd,,Wynnum,Brisbane City,4178,Wynnum,South Brisbane,Brisbane,SEQ South,Metropolitan,Wynnum West - Hemmant,Wynnum - Manly,Brisbane - East,Major Cities,Lytton,Bonner,Locally-controlled,Intersection - Roundabout,Give way sign,60 km/h,Sealed - Dry,Clear,Dawn/Dusk,Straight,Level,101,Vehs Adjacent Approach: Thru-Thru,01: Intersection: Adjacent Approach,N,1,0,0,0,1,1,0,0,0,1,0,0
54692,54692,Fatal,2006,December,Sunday,23,Hit pedestrian,Hit pedestrian,152.721005762517,-26.3053999153425,Bruce Hwy,,Cooroy - Gympie Road,Kybong,Gympie Region,4570,Gympie,Wide Bay Burnett,North Coast,Southern,Southern Queensland,Gympie Region,Gympie - Cooloola,Wide Bay,Inner Regional,Gympie,Wide Bay,State-controlled,No Roadway Feature,No traffic control,80 - 90 km/h,Sealed - Dry,Clear,Darkness - Lighted,Straight,Level,001,Pedn: Near Side Vehicle Hit From Right,12: Pedestrian,N,1,0,0,0,1,1,0,0,0,0,1,0
54875,54875,Fatal,2007,October,Monday,13,Hit object,Single Vehicle,151.779134095307,-26.5480713536398,River Rd,,,Inverlaw,South Burnett Region,4610,Kingaroy,Darling Downs,Southern,Southern,Southern Queensland,Kingaroy Region - South,Burnett,Wide Bay,Inner Regional,Nanango,Maranoa,Locally-controlled,No Roadway Feature,No traffic control,100 - 110 km/h,Sealed - Dry,Clear,Daylight,Curved - view obscured,Crest,804,Off Path-Curve: Off Cway Lt Bend Hit Obj,19: Off Carriageway on Curve Hit Object,E,1,0,0,0,1,1,0,0,0,0,0,0
54887,54887,Fatal,2007,May,Tuesday,14,Hit pedestrian,Hit pedestrian,152.974381888091,-27.5536401195375,Oxley Station Rd,,,Oxley,Brisbane City,4075,Sherwood,South Brisbane,Brisbane,SEQ South,Metropolitan,Oxley (qld),Forest Lake - Oxley,Ipswich,Major Cities,Mount Ommaney,Moreton,Locally-controlled,No Roadway Feature,Pedestrian crossing sign,60 km/h,Sealed - Dry,Clear,Daylight,Curved - view open,Grade,001,Pedn: Near Side Vehicle Hit From Right,12: Pedestrian,W,1,0,0,1,2,1,0,0,0,0,1,0
54904,54904,Fatal,2007,February,Friday,1,Overturned,Single Vehicle,152.40483882738,-27.5637058551948,Warrego Hwy,,Warrego Highway (Ipswich - Toowoomba),Glenore Grove,Lockyer Valley Region,4342,Laidley,Darling Downs,Southern,SEQ South,Southern Queensland,Lockyer Valley - East,Ipswich Hinterland,Ipswich,Inner Regional,Lockyer,Wright,State-controlled,No Roadway Feature,No traffic control,100 - 110 km/h,Sealed - Dry,Clear,Darkness - Not lighted,Curved - view open,Level,803,Off Path-Curve: Off Cway Rt Bend Hit Obj,19: Off Carriageway on Curve Hit Object,W,1,0,0,0,1,1,0,0,0,0,0,0
54922,54922,Fatal,2008,November,Tuesday,19,Hit pedestrian,Hit pedestrian,152.764958382237,-26.0907372609775,Tin Can Bay Rd,,Tin Can Bay Road,Goomboorian,Gympie Region,4570,Gympie,Wide Bay Burnett,North Coast,Southern,Southern Queensland,Gympie Region,Gympie - Cooloola,Wide Bay,Inner Regional,Gympie,Wide Bay,State-controlled,No Roadway Feature,No traffic control,100 - 110 km/h,Sealed - Dry,Clear,Darkness - Not lighted,Straight,Crest,004,Pedn: Play; Work; Stand; Lie On Cway,12: Pedestrian,E,1,0,0,0,1,1,0,0,0,0,1,0
54966,54966,Fatal,2007,July,Saturday,16,Angle,Multi-Vehicle,148.647832696594,-20.3798332559246,Conway Rd,,,Preston,Whitsunday Region,4800,Proserpine,Mackay,Central,Central,Central Queensland,Proserpine,Whitsunday,Mackay - Isaac - Whitsunday,Outer Regional,Whitsunday,Dawson,Locally-controlled,Railway Crossing,Railway - lights only,100 - 110 km/h,Sealed - Dry,Clear,Daylight,Curved - view open,Level,903,Pass & Misc: Hit Train,11: Train,E,1,0,0,0,1,0,1,0,0,0,0,1
54972,54972,Fatal,2007,July,Sunday,1,Hit object,Single Vehicle,153.003753813014,-27.6558027442878,Johnson Rd,,,Larapinta,Brisbane City,4110,Browns Plains,Logan,South Eastern,SEQ South,Metropolitan,Pallara - Willawong,Rocklea - Acacia Ridge,Brisbane - South,Major Cities,Algester,Oxley,Locally-controlled,No Roadway Feature,No traffic control,70 km/h,Sealed - Dry,Clear,Darkness - Lighted,Straight,Level,708,Off Path-Straight: Mounts Traffic Island,16: Off Carriageway on Straight Hit Object,E,1,0,0,0,1,1,0,0,0,0,0,0
55008,55008,Fatal,2007,August,Sunday,17,Hit pedestrian,Hit pedestrian,151.263553766203,-27.1835020729949,Cunningham St,Warrego Hwy,Warrego Highway (Toowoomba - Dalby),Dalby,Western Downs Region,4405,Dalby,South West,Southern,Southern,Southern Queensland,Wambo,Darling Downs - East,Darling Downs - Maranoa,Inner Regional,Warrego,Maranoa,State-controlled,Intersection - Cross,Operating traffic lights,0 - 50 km/h,Sealed - Dry,Clear,Daylight,Straight,Level,001,Pedn: Near Side Vehicle Hit From Right,12: Pedestrian,W,1,0,0,0,1,1,0,0,0,0,1,0
55169,55169,Fatal,2006,June,Thursday,4,Fall from vehicle,Single Vehicle,153.40299231288,-27.9971423903318,Slatyer Ave,,,Southport,Gold Coast City,4215,Southport,Gold Coast,South Eastern,SEQ South,South Coast,Southport - South,Southport,Gold Coast,Major Cities,Southport,Moncrieff,Locally-controlled,No Roadway Feature,No traffic control,60 km/h,Sealed - Dry,Clear,Darkness - Lighted,Straight,Level,901,Pass & Misc: Fell In/From Vehicle,21: Other,E,1,0,0,0,1,0,1,0,0,0,0,0
55171,55171,Fatal,2006,August,Tuesday,11,Angle,Multi-Vehicle,151.868629513731,-27.6455327908863,Toowoomba - Karara Rd,,Toowoomba - Karara Road,Wyreema,Toowoomba Region,4352,Drayton,Darling Downs,Southern,Southern,Southern Queensland,Cambooya - Wyreema,Toowoomba,Toowoomba,Inner Regional,Condamine,Groom,State-controlled,Railway Crossing,Railway - lights only,100 - 110 km/h,Sealed - Dry,Clear,Daylight,Straight,Level,903,Pass & Misc: Hit Train,11: Train,N,1,0,2,0,3,1,0,0,0,0,0,1
55314,55314,Fatal,2007,February,Sunday,19,Hit object,Single Vehicle,153.301642194838,-27.8895014721813,Tamborine - Oxenford Rd,,Tamborine - Oxenford Road,Oxenford,Gold Coast City,4210,Coomera,Gold Coast,South Eastern,SEQ South,South Coast,Oxenford - Maudsland,Ormeau - Oxenford,Gold Coast,Major Cities,Theodore,Fadden,State-controlled,No Roadway Feature,No traffic control,60 km/h,Sealed - Dry,Clear,Darkness - Not lighted,Curved - view open,Crest,803,Off Path-Curve: Off Cway Rt Bend Hit Obj,19: Off Carriageway on Curve Hit Object,E,1,0,0,0,1,0,1,0,0,0,0,0
55325,55325,Fatal,2007,November,Sunday,5,Overturned,Single Vehicle,149.286592990994,-21.3593641008042,Grasstree Beach Rd,,,Grasstree Beach,Mackay Region,4740,Sarina,Mackay,Central,Central,Central Queensland,Sarina,Mackay,Mackay - Isaac - Whitsunday,Outer Regional,Mirani,Capricornia,Locally-controlled,No Roadway Feature,No traffic control,80 - 90 km/h,Sealed - Dry,Clear,Daylight,Curved - view open,Grade,805,Off Path-Curve: Out Of Control On Cway,20: Out of Control on Curve,W,1,3,0,0,4,1,0,0,0,0,0,0
55342,55342,Fatal,2007,February,Friday,14,Head-on,Multi-Vehicle,146.144720904462,-18.8241131798515,Bruce Hwy,,Bruce Highway (Townsville - Ingham),Yuruga,Hinchinbrook Shire,4850,Ingham,Townsville,Northern,Northern,North Queensland,Ingham Region,Charters Towers - Ayr - Ingham,Townsville,Outer Regional,Hinchinbrook,Kennedy,State-controlled,No Roadway Feature,No traffic control,100 - 110 km/h,Sealed - Dry,Clear,Daylight,Curved - view open,Level,201,Vehs Opposite Approach: Head On,02: Head-on,N,4,1,0,0,5,2,0,0,0,0,0,0
55343,55343,Fatal,2006,November,Monday,3,Hit object,Single Vehicle,152.892232332693,-25.3154557713683,Booral Rd,,Booral Road,Urangan,Fraser Coast Region,4655,Hervey Bay,Wide Bay Burnett,North Coast,Southern,Southern Queensland,Urangan - Wondunna,Hervey Bay,Wide Bay,Inner Regional,Hervey Bay,Hinkler,State-controlled,No Roadway Feature,No traffic control,80 - 90 km/h,Sealed - Dry,Clear,Darkness - Lighted,Straight,Level,703,Off Path-Straight: Left Off Cway Hit Obj,16: Off Carriageway on Straight Hit Object,S,1,1,0,0,2,1,0,0,0,0,0,0
55389,55389,Fatal,2007,August,Thursday,6,Hit pedestrian,Hit pedestrian,153.410924283708,-27.984018269037,Benowa Rd,Southport - Burleigh Rd,Southport - Burleigh Road,Southport,Gold Coast City,4215,Southport,Gold Coast,South Eastern,SEQ South,South Coast,Southport - South,Southport,Gold Coast,Major Cities,Southport,Moncrieff,State-controlled,Intersection - T-Junction,Pedestrian crossing sign,60 km/h,Sealed - Dry,Clear,Daylight,Curved - view open,Level,001,Pedn: Near Side Vehicle Hit From Right,12: Pedestrian,E,1,1,0,0,2,1,0,0,0,0,2,0
55405,55405,Fatal,2007,August,Thursday,23,Overturned,Single Vehicle,151.368266530603,-23.9599502637844,Tannum Sands Rd,,Tannum Sands Road,Tannum Sands,Gladstone Region,4680,Tannum Sands,Capricornia,Central,Central,Central Queensland,Boyne Island - Tannum Sands,Gladstone,Central Queensland,Inner Regional,Gladstone,Flynn,State-controlled,No Roadway Feature,No traffic control,60 km/h,Sealed - Dry,Clear,Darkness - Not lighted,Curved - view obscured,Crest,802,Off Path-Curve: Off Cway Left Bend,18: Off Carriageway on Curve,S,1,0,0,0,1,1,0,0,0,0,0,0
55559,55559,Fatal,2007,February,Sunday,15,Angle,Multi-Vehicle,145.693154117023,-16.8383001587713,Captain Cook Hwy,,Captain Cook Highway (Cairns - Mossman),Smithfield,Cairns Region,4878,Smithfield,Far North,Far Northern,Northern,North Queensland,Trinity Beach - Smithfield,Cairns - North,Cairns,Outer Regional,Barron River,Leichhardt,State-controlled,No Roadway Feature,No traffic control,80 - 90 km/h,Sealed - Dry,Clear,Daylight,Straight,Level,406,Vehs Manoeuvring: Leaving Driveway,08: Vehicle Leaving Driveway,S,1,0,0,0,1,1,0,0,0,1,0,0
55724,55724,Fatal,2007,November,Saturday,0,Overturned,Single Vehicle,151.139998012292,-23.9625661965149,Bruce Hwy,,Bruce Highway (Benaraby - Rockhampton),West Stowe,Gladstone Region,4680,Mount Larcom,Capricornia,Central,Central,Central Queensland,Gladstone Hinterland,Gladstone,Central Queensland,Inner Regional,Gladstone,Flynn,State-controlled,No Roadway Feature,No traffic control,100 - 110 km/h,Sealed - Dry,Clear,Darkness - Not lighted,Curved - view obscured,Grade,802,Off Path-Curve: Off Cway Left Bend,18: Off Carriageway on Curve,S,1,0,0,0,1,0,0,1,0,0,0,0
56056,56056,Fatal,2004,April,Saturday,4,Hit object,Single Vehicle,153.066836247166,-26.6451532235942,Sunshine Mwy,,Sunshine Motorway (Mooloolaba - Peregian),Maroochydore,Sunshine Coast Region,4558,Maroochydore,Sunshine Coast,North Coast,SEQ North,North Coast,Maroochydore - Kuluin,Maroochy,Sunshine Coast,Major Cities,Maroochydore,Fairfax,State-controlled,No Roadway Feature,No traffic control,100 - 110 km/h,Sealed - Dry,Clear,Dawn/Dusk,Straight,Level,502,Vehs Overtaking: Out Of Control,15: Off Carriageway on Straight,N,1,0,0,0,1,1,0,0,0,0,0,0
56360,56360,Fatal,2004,February,Sunday,17,Angle,Multi-Vehicle,152.669961364169,-27.5036399738267,Brisbane Valley Hwy,Pine Mountain Rd,Brisbane Valley Highway (Ipswich - Harlin),Wanora,Somerset Region,4306,Marburg,Ipswich,Southern,SEQ North,North Coast,Lowood,Ipswich Hinterland,Ipswich,Inner Regional,Lockyer,Blair,State-controlled,Intersection - Cross,Give way sign,100 - 110 km/h,Sealed - Dry,Clear,Daylight,Straight,Level,101,Vehs Adjacent Approach: Thru-Thru,01: Intersection: Adjacent Approach,W,1,3,1,0,5,2,0,0,0,0,0,0
56433,56433,Fatal,2003,December,Monday,21,Sideswipe,Multi-Vehicle,151.219855367125,-23.8611426721041,Red Rover Rd,,,Callemondah,Gladstone Region,4680,Gladstone,Capricornia,Central,Central,Central Queensland,Callemondah,Gladstone,Central Queensland,Inner Regional,Gladstone,Flynn,Locally-controlled,No Roadway Feature,No traffic control,80 - 90 km/h,Sealed - Dry,Clear,Darkness - Not lighted,Straight,Level,500,Vehs Overtaking: Other,21: Other,S,1,1,0,0,2,2,0,0,0,0,0,0
56442,56442,Fatal,2003,December,Wednesday,16,Sideswipe,Multi-Vehicle,152.985969317183,-27.7487182362365,Teviot Rd,,,North Maclean,Logan City,4280,Jimboomba,Logan,South Eastern,SEQ South,South Coast,Greenbank,Jimboomba,Logan - Beaudesert,Major Cities,Logan,Wright,Locally-controlled,No Roadway Feature,No traffic control,80 - 90 km/h,Sealed - Dry,Clear,Daylight,Straight,Grade,201,Vehs Opposite Approach: Head On,02: Head-on,S,1,0,0,0,1,0,0,2,0,0,0,0
56446,56446,Fatal,2003,December,Thursday,15,Hit object,Single Vehicle,152.948843639415,-27.1587407848537,Rowley Rd,,,Burpengary,Moreton Bay Region,4505,Burpengary,Moreton,North Coast,SEQ North,North Coast,Burpengary,Narangba - Burpengary,Moreton Bay - North,Major Cities,Morayfield,Longman,Locally-controlled,No Roadway Feature,No traffic control,80 - 90 km/h,Sealed - Dry,Clear,Daylight,Curved - view open,Level,803,Off Path-Curve: Off Cway Rt Bend Hit Obj,19: Off Carriageway on Curve Hit Object,E,1,0,0,0,1,1,0,0,0,0,0,0
56449,56449,Fatal,2003,December,Friday,0,Hit object,Single Vehicle,153.338631773392,-27.9858250116944,North St,Southport - Nerang Rd,Southport - Nerang Road,Nerang,Gold Coast City,4211,Nerang,Gold Coast,South Eastern,SEQ South,South Coast,Nerang - Mount Nathan,Nerang,Gold Coast,Major Cities,Gaven,Moncrieff,State-controlled,Intersection - T-Junction,No traffic control,60 km/h,Sealed - Dry,Clear,Darkness - Lighted,Curved - view open,Grade,103,Vehs Adjacent Approach: Left-Thru,01: Intersection: Adjacent Approach,E,1,0,0,0,1,2,0,0,0,0,0,0
56451,56451,Fatal,2003,December,Sunday,13,Hit object,Single Vehicle,149.76136293805,-27.9249092359486,Moonie Hwy,,Moonie Highway (Dalby - St George),Westmar,Western Downs Region,4422,Meandarra,South West,Southern,Southern,Southern Queensland,Tara,Darling Downs (west) - Maranoa,Darling Downs - Maranoa,Remote,Warrego,Maranoa,State-controlled,No Roadway Feature,No traffic control,100 - 110 km/h,Sealed - Dry,Clear,Daylight,Straight,Level,703,Off Path-Straight: Left Off Cway Hit Obj,16: Off Carriageway on Straight Hit Object,E,1,0,1,0,2,1,0,0,0,0,0,0
56763,56763,Fatal,2004,August,Saturday,17,Hit object,Single Vehicle,150.293861252218,-27.7664486498449,Moonie Hwy,,Moonie Highway (Dalby - St George),Moonie,Western Downs Region,4406,Tara,South West,Southern,Southern,Southern Queensland,Tara,Darling Downs (west) - Maranoa,Darling Downs - Maranoa,Outer Regional,Warrego,Maranoa,State-controlled,No Roadway Feature,No traffic control,100 - 110 km/h,Sealed - Dry,Clear,Daylight,Straight,Level,705,Off Path-Straight: Out Of Control On Cway,17: Out of Control on Straight,W,1,1,0,0,2,1,0,0,0,0,0,0
56764,56764,Fatal,2004,August,Sunday,3,Hit object,Single Vehicle,153.359169068583,-28.0598372713631,Pacific Hwy,,Pacific Highway (Pacific Motorway),Mudgeeraba,Gold Coast City,4213,Mudgeeraba,Gold Coast,South Eastern,SEQ South,South Coast,Mudgeeraba - Bonogin,Mudgeeraba - Tallebudgera,Gold Coast,Major Cities,Mudgeeraba,Mcpherson,State-controlled,No Roadway Feature,No traffic control,100 - 110 km/h,Sealed - Dry,Clear,Darkness - Not lighted,Straight,Level,704,Off Path-Straight: Right Off Cway Hit Obj,16: Off Carriageway on Straight Hit Object,N,1,0,0,0,1,1,0,0,0,0,0,0
56768,56768,Fatal,2004,August,Saturday,19,Hit object,Single Vehicle,153.105302023051,-27.2525494283039,Arthur St,Brighton - Redcliffe Rd,Brighton - Redcliffe Road,Woody Point,Moreton Bay Region,4019,Redcliffe,Moreton,North Coast,SEQ North,North Coast,Margate - Woody Point,Redcliffe,Moreton Bay - North,Major Cities,Redcliffe,Petrie,State-controlled,Intersection - Cross,No traffic control,60 km/h,Sealed - Dry,Clear,Darkness - Lighted,Straight,Level,705,Off Path-Straight: Out Of Control On Cway,17: Out of Control on Straight,N,1,0,0,0,1,1,0,0,0,0,0,0
56773,56773,Fatal,2004,August,Saturday,17,Head-on,Multi-Vehicle,146.046530809496,-18.292057259272,Bruce Hwy,,Bruce Highway (Ingham - Innisfail),Damper Creek,Cassowary Coast Region,4849,Cardwell,Far North,Far Northern,Northern,North Queensland,Tully,Innisfail - Cassowary Coast,Cairns,Remote,Hinchinbrook,Kennedy,State-controlled,No Roadway Feature,No traffic control,100 - 110 km/h,Sealed - Dry,Clear,Daylight,Straight,Level,501,Vehs Overtaking: Head On,02: Head-on,N,1,2,1,0,4,1,3,0,0,0,0,0