_id,Crash_Ref_Number,Crash_Severity,Crash_Year,Crash_Month,Crash_Day_Of_Week,Crash_Hour,Crash_Nature,Crash_Type,Crash_Longitude,Crash_Latitude,Crash_Street,Crash_Street_Intersecting,State_Road_Name,Loc_Suburb,Loc_Local_Government_Area,Loc_Post_Code,Loc_Police_Division,Loc_Police_District,Loc_Police_Region,Loc_Queensland_Transport_Region,Loc_Main_Roads_Region,Loc_ABS_Statistical_Area_2,Loc_ABS_Statistical_Area_3,Loc_ABS_Statistical_Area_4,Loc_ABS_Remoteness,Loc_State_Electorate,Loc_Federal_Electorate,Crash_Controlling_Authority,Crash_Roadway_Feature,Crash_Traffic_Control,Crash_Speed_Limit,Crash_Road_Surface_Condition,Crash_Atmospheric_Condition,Crash_Lighting_Condition,Crash_Road_Horiz_Align,Crash_Road_Vert_Align,Crash_DCA_Code,Crash_DCA_Description,Crash_DCA_Group_Description,DCA_Key_Approach_Dir,Count_Casualty_Fatality,Count_Casualty_Hospitalised,Count_Casualty_MedicallyTreated,Count_Casualty_MinorInjury,Count_Casualty_Total,Count_Unit_Car,Count_Unit_Motorcycle_Moped,Count_Unit_Truck,Count_Unit_Bus,Count_Unit_Bicycle,Count_Unit_Pedestrian,Count_Unit_Other
56872,56872,Fatal,2004,March,Saturday,15,Hit object,Single Vehicle,145.693283780288,-16.8346987037496,Captain Cook Hwy,,Captain Cook Highway (Cairns - Mossman),Smithfield,Cairns Region,4878,Smithfield,Far North,Far Northern,Northern,North Queensland,Trinity Beach - Smithfield,Cairns - North,Cairns,Outer Regional,Barron River,Leichhardt,State-controlled,Bridge/Causeway,No traffic control,80 - 90 km/h,Sealed - Wet,Raining,Daylight,Straight,Level,704,Off Path-Straight: Right Off Cway Hit Obj,16: Off Carriageway on Straight Hit Object,N,1,0,0,0,1,1,0,0,0,0,0,0
56873,56873,Fatal,2004,March,Sunday,1,Hit object,Single Vehicle,153.168607715894,-27.4928862365897,Greencamp Rd,,,Wakerley,Brisbane City,4154,Capalaba,South Brisbane,Brisbane,SEQ South,Metropolitan,Belmont - Gumdale,Capalaba,Brisbane - East,Major Cities,Chatsworth,Bonner,Locally-controlled,No Roadway Feature,No traffic control,80 - 90 km/h,Sealed - Wet,Raining,Darkness - Not lighted,Curved - view open,Level,803,Off Path-Curve: Off Cway Rt Bend Hit Obj,19: Off Carriageway on Curve Hit Object,N,1,0,0,0,1,1,0,0,0,0,0,0
56874,56874,Fatal,2004,March,Sunday,2,Hit pedestrian,Hit pedestrian,149.177030030023,-21.1092181493835,Beaconsfield Rd,,,Andergrove,Mackay Region,4740,Mackay Northern Beaches,Mackay,Central,Central,Central Queensland,Andergrove - Beaconsfield,Mackay,Mackay - Isaac - Whitsunday,Inner Regional,Mackay,Dawson,Locally-controlled,No Roadway Feature,No traffic control,60 km/h,Sealed - Dry,Clear,Darkness - Lighted,Straight,Level,004,Pedn: Play; Work; Stand; Lie On Cway,12: Pedestrian,W,1,0,0,0,1,1,0,0,0,0,1,0
56875,56875,Fatal,2004,March,Sunday,5,Hit pedestrian,Hit pedestrian,150.483136821522,-23.4110730688674,Capricorn Hwy,,Capricorn Highway (Rockhampton - Duaringa),Fairy Bower,Rockhampton Region,4700,Gracemere,Capricornia,Central,Central,Central Queensland,Rockhampton - West,Rockhampton,Central Queensland,Inner Regional,Rockhampton,Capricornia,State-controlled,No Roadway Feature,No traffic control,100 - 110 km/h,Sealed - Dry,Clear,Darkness - Not lighted,Straight,Level,006,Pedn: Hit Facing Traffic,12: Pedestrian,E,1,0,0,0,1,1,0,0,0,0,1,0
56877,56877,Fatal,2004,March,Monday,21,Hit pedestrian,Hit pedestrian,153.430071946728,-28.0294701393458,Gold Coast Hwy,Victoria Ave,,Broadbeach,Gold Coast City,4218,Broadbeach,Gold Coast,South Eastern,SEQ South,South Coast,Mermaid Beach - Broadbeach,Broadbeach - Burleigh,Gold Coast,Major Cities,Surfers Paradise,Moncrieff,Locally-controlled,Intersection - Cross,Operating traffic lights,70 km/h,Sealed - Dry,Clear,Darkness - Lighted,Straight,Level,003,Pedn: Far Side Vehicle Hit From Left,12: Pedestrian,N,1,1,0,0,2,1,0,0,0,0,2,0
56888,56888,Fatal,2004,March,Thursday,18,Hit pedestrian,Hit pedestrian,152.933949609311,-27.0440677404524,Old Gympie Rd,,,Caboolture,Moreton Bay Region,4510,Caboolture,Moreton,North Coast,SEQ North,North Coast,Caboolture,Caboolture,Moreton Bay - North,Major Cities,Glass House,Longman,Locally-controlled,No Roadway Feature,No traffic control,80 - 90 km/h,Sealed - Dry,Clear,Darkness - Not lighted,Curved - view open,Grade,006,Pedn: Hit Facing Traffic,12: Pedestrian,N,1,0,0,0,1,1,0,0,0,0,1,0
56889,56889,Fatal,2004,March,Sunday,3,Hit object,Single Vehicle,153.054689052343,-27.6096984600381,Calam Rd,,,Sunnybank Hills,Brisbane City,4109,Acacia Ridge,South Brisbane,Brisbane,SEQ South,Metropolitan,Sunnybank Hills,Sunnybank,Brisbane - South,Major Cities,Stretton,Moreton,Locally-controlled,No Roadway Feature,No traffic control,60 km/h,Sealed - Dry,Clear,Darkness - Lighted,Straight,Level,703,Off Path-Straight: Left Off Cway Hit Obj,16: Off Carriageway on Straight Hit Object,S,2,1,2,0,5,1,0,0,0,0,0,0
56890,56890,Fatal,2004,March,Sunday,15,Sideswipe,Multi-Vehicle,152.258331665857,-27.583335374042,Tenthill Creek Rd,,,Gatton,Lockyer Valley Region,4343,Gatton,Darling Downs,Southern,SEQ South,Southern Queensland,Gatton,Toowoomba,Toowoomba,Inner Regional,Lockyer,Wright,Locally-controlled,No Roadway Feature,No traffic control,100 - 110 km/h,Sealed - Dry,Clear,Daylight,Straight,Grade,201,Vehs Opposite Approach: Head On,02: Head-on,S,1,1,0,0,2,2,0,0,0,0,0,0
56931,56931,Fatal,2004,March,Monday,8,Overturned,Single Vehicle,152.815790335999,-27.6588119075276,Swanbank Rd,,Swanbank Road,Swanbank,Ipswich City,4306,Yamanto,Ipswich,Southern,SEQ South,Metropolitan,Ripley,Ipswich Inner,Ipswich,Major Cities,Bundamba,Blair,State-controlled,Bridge/Causeway,No traffic control,60 km/h,Sealed - Dry,Clear,Daylight,Curved - view obscured,Crest,805,Off Path-Curve: Out Of Control On Cway,20: Out of Control on Curve,E,1,0,0,0,1,0,0,1,0,0,0,0
56937,56937,Fatal,2004,March,Tuesday,9,Hit object,Single Vehicle,153.400960577247,-28.0269532703589,Campbell St,,,Bundall,Gold Coast City,4217,Broadbeach,Gold Coast,South Eastern,SEQ South,South Coast,Bundall,Surfers Paradise,Gold Coast,Major Cities,Surfers Paradise,Moncrieff,Locally-controlled,No Roadway Feature,No traffic control,0 - 50 km/h,Sealed - Dry,Clear,Daylight,Straight,Level,700,Off Path-Straight: Other,21: Other,S,1,0,0,0,1,1,0,0,0,0,0,0
56940,56940,Fatal,2004,April,Thursday,8,Angle,Multi-Vehicle,152.389117630974,-24.7777453022673,Bundaberg - Port Rd,Rowlands Rd,Bundaberg - Port Road,Burnett Heads,Bundaberg Region,4670,Bundaberg,Wide Bay Burnett,North Coast,Southern,Southern Queensland,Bargara - Burnett Heads,Bundaberg,Wide Bay,Inner Regional,Burnett,Hinkler,State-controlled,Intersection - Cross,Stop sign,60 km/h,Sealed - Dry,Clear,Daylight,Straight,Level,101,Vehs Adjacent Approach: Thru-Thru,01: Intersection: Adjacent Approach,W,1,1,0,0,2,1,0,1,0,0,0,0
56942,56942,Fatal,2004,April,Friday,16,Rear-end,Multi-Vehicle,151.498713042988,-27.3101699450716,Warrego Hwy,,Warrego Highway (Toowoomba - Dalby),Bowenville,Toowoomba Region,4404,Jondaryan,Darling Downs,Southern,Southern,Southern Queensland,Jondaryan,Darling Downs - East,Darling Downs - Maranoa,Inner Regional,Condamine,Groom,State-controlled,No Roadway Feature,No traffic control,100 - 110 km/h,Sealed - Dry,Clear,Daylight,Curved - view open,Level,503,Vehs Overtaking: Pulling Out,09: Overtaking Same Direction,E,1,0,0,0,1,2,0,0,0,0,0,0
56957,56957,Fatal,2004,July,Thursday,23,Hit object,Single Vehicle,142.067703340765,-16.4601561511695,Burke Developmental Rd,,Burke Developmental Road (Normanton - Dimbulah),Maramie,Carpentaria Shire,4892,Kowanyama,Far North,Far Northern,Northern,North Queensland,Carpentaria,Outback - North,Queensland - Outback,Very Remote,Cook,Kennedy,State-controlled,No Roadway Feature,No traffic control,100 - 110 km/h,Unsealed - Dry,Clear,Darkness - Not lighted,Curved - view obscured,Dip,800,Off Path-Curve: Other,21: Other,N,1,0,4,0,5,1,0,0,0,0,0,0
56961,56961,Fatal,2004,April,Friday,18,Hit object,Single Vehicle,152.989607261134,-27.7459788185796,Greenbank Rd,,,North Maclean,Logan City,4280,Jimboomba,Logan,South Eastern,SEQ South,South Coast,Greenbank,Jimboomba,Logan - Beaudesert,Major Cities,Logan,Wright,Locally-controlled,No Roadway Feature,No traffic control,80 - 90 km/h,Sealed - Dry,Clear,Darkness - Not lighted,Straight,Level,703,Off Path-Straight: Left Off Cway Hit Obj,16: Off Carriageway on Straight Hit Object,E,1,0,0,0,1,1,0,0,0,0,0,0
56963,56963,Fatal,2004,April,Saturday,16,Overturned,Single Vehicle,151.101970482881,-26.7220980123025,Braziers Rd,,,Jandowae,Western Downs Region,4410,Jandowae,South West,Southern,Southern,Southern Queensland,Wambo,Darling Downs - East,Darling Downs - Maranoa,Outer Regional,Callide,Maranoa,Locally-controlled,No Roadway Feature,No traffic control,100 - 110 km/h,Unsealed - Dry,Clear,Daylight,Straight,Crest,704,Off Path-Straight: Right Off Cway Hit Obj,16: Off Carriageway on Straight Hit Object,W,1,1,0,0,2,1,0,0,0,0,0,0
56965,56965,Fatal,2004,March,Wednesday,15,Fall from vehicle,Single Vehicle,153.031870639146,-27.4328627423489,Constitution Rd,Lutwyche Rd,,Windsor,Brisbane City,4030,Stafford,North Brisbane,Brisbane,SEQ North,Metropolitan,Windsor,Brisbane Inner - North,Brisbane Inner City,Major Cities,Clayfield,Brisbane,Locally-controlled,Intersection - Cross,No traffic control,60 km/h,Sealed - Dry,Clear,Daylight,Straight,Level,400,Vehs Manoeuvring: Other,21: Other,N,1,0,0,0,1,0,0,0,0,1,0,0
56966,56966,Fatal,2004,April,Monday,6,Head-on,Multi-Vehicle,153.140034113534,-27.7087528974108,Waterford - Tamborine Rd,,Waterford - Tamborine Road,Waterford,Logan City,4133,Beenleigh,Logan,South Eastern,SEQ South,South Coast,Bethania - Waterford,Loganlea - Carbrook,Logan - Beaudesert,Major Cities,Waterford,Forde,State-controlled,Bridge/Causeway,No traffic control,100 - 110 km/h,Sealed - Dry,Clear,Daylight,Curved - view open,Level,501,Vehs Overtaking: Head On,02: Head-on,E,1,0,0,0,1,3,0,0,0,0,0,0
56968,56968,Fatal,2004,April,Tuesday,19,Hit parked vehicle,Single Vehicle,151.81325652852,-26.2531300155408,Wondai - Proston Rd,,Wondai - Proston Road,Chelmsford,South Burnett Region,4606,Wondai,Darling Downs,Southern,Southern,Southern Queensland,Kingaroy Region - North,Burnett,Wide Bay,Outer Regional,Nanango,Flynn,State-controlled,No Roadway Feature,No traffic control,100 - 110 km/h,Sealed - Dry,Clear,Darkness - Not lighted,Straight,Level,608,Vehs On Path: Accident Or Broken Down,10: Hit Parked Vehicle,W,1,1,0,0,2,1,0,1,0,0,0,0
56970,56970,Fatal,2004,April,Wednesday,7,Hit object,Single Vehicle,151.632034054875,-28.1837332595302,Cunningham Hwy,,Cunningham Highway (Warwick - Inglewood),Karara,Southern Downs Region,4352,Leyburn,Darling Downs,Southern,Southern,Southern Queensland,Southern Downs - West,Granite Belt,Darling Downs - Maranoa,Outer Regional,Southern Downs,Maranoa,State-controlled,No Roadway Feature,No traffic control,100 - 110 km/h,Sealed - Dry,Clear,Daylight,Straight,Level,704,Off Path-Straight: Right Off Cway Hit Obj,16: Off Carriageway on Straight Hit Object,W,1,3,0,0,4,1,0,0,0,0,0,0
56971,56971,Fatal,2004,April,Wednesday,8,Angle,Multi-Vehicle,153.04868742605,-27.5697316311196,Sherrington St,Troughton Rd,,Sunnybank,Brisbane City,4109,Upper Mount Gravatt,South Brisbane,Brisbane,SEQ South,Metropolitan,Sunnybank,Sunnybank,Brisbane - South,Major Cities,Toohey,Moreton,Locally-controlled,Intersection - T-Junction,Give way sign,60 km/h,Sealed - Dry,Clear,Daylight,Straight,Level,104,Vehs Adjacent Approach: Thru-Right,01: Intersection: Adjacent Approach,S,1,0,0,0,1,1,0,0,0,0,0,1
56972,56972,Fatal,2004,April,Wednesday,15,Angle,Multi-Vehicle,153.090526374135,-27.2484621017842,King St,Maine Rd,,Clontarf,Moreton Bay Region,4019,Redcliffe,Moreton,North Coast,SEQ North,North Coast,Clontarf,Redcliffe,Moreton Bay - North,Major Cities,Redcliffe,Petrie,Locally-controlled,Intersection - Cross,Stop sign,60 km/h,Sealed - Dry,Clear,Daylight,Straight,Dip,101,Vehs Adjacent Approach: Thru-Thru,01: Intersection: Adjacent Approach,W,1,2,11,0,14,3,0,0,1,0,0,0
56975,56975,Fatal,2004,April,Friday,7,Overturned,Single Vehicle,148.566690009086,-22.2852932721847,Fitzroy Developmental Rd,,Fitzroy Developmental Road (Dingo - Mount Flora),Valkyrie,Isaac Region,4742,Dysart,Mackay,Central,Central,Central Queensland,Broadsound - Nebo,Bowen Basin - North,Mackay - Isaac - Whitsunday,Remote,Burdekin,Capricornia,State-controlled,No Roadway Feature,No traffic control,100 - 110 km/h,Sealed - Dry,Clear,Daylight,Curved - view open,Level,803,Off Path-Curve: Off Cway Rt Bend Hit Obj,19: Off Carriageway on Curve Hit Object,N,1,0,0,0,1,1,0,0,0,0,0,0
57003,57003,Fatal,2004,September,Friday,18,Hit object,Single Vehicle,139.506782502329,-20.6353242304357,Lake Moondarra Rd,,,Mount Isa,Mount Isa City,4825,Mount Isa,Mount Isa,Northern,Northern,North Queensland,Mount Isa Region,Outback - North,Queensland - Outback,Very Remote,Traeger,Kennedy,Locally-controlled,No Roadway Feature,No traffic control,0 - 50 km/h,Sealed - Dry,Clear,Dawn/Dusk,Curved - view open,Level,804,Off Path-Curve: Off Cway Lt Bend Hit Obj,19: Off Carriageway on Curve Hit Object,E,1,1,0,0,2,1,0,0,0,0,0,0
57075,57075,Fatal,2003,November,Sunday,15,Sideswipe,Multi-Vehicle,152.990219155284,-27.3718707186876,Beckett Rd,,,Bridgeman Downs,Brisbane City,4035,Albany Creek,North Brisbane,Brisbane,SEQ North,Metropolitan,Bridgeman Downs,Bald Hills - Everton Park,Brisbane - North,Major Cities,Aspley,Dickson,Locally-controlled,Merge Lane,No traffic control,60 km/h,Sealed - Dry,Clear,Daylight,Straight,Level,305,Vehs Same Direction: Lane Side Swipe,05: Lane Change,N,1,0,0,0,1,1,1,0,0,0,0,0
57844,57844,Fatal,2004,February,Monday,9,Overturned,Single Vehicle,140.788447723542,-20.7100415276337,Flinders Hwy,,Flinders Highway (Julia Creek - Cloncurry),Cloncurry,Cloncurry Shire,4824,Cloncurry,Mount Isa,Northern,Northern,North Queensland,Mount Isa Region,Outback - North,Queensland - Outback,Very Remote,Traeger,Kennedy,State-controlled,No Roadway Feature,No traffic control,100 - 110 km/h,Sealed - Dry,Clear,Daylight,Straight,Level,700,Off Path-Straight: Other,21: Other,W,1,1,0,0,2,1,0,0,0,0,0,0
57855,57855,Fatal,2006,January,Friday,18,Hit object,Single Vehicle,139.407042603892,-19.8819306450585,Gunpowder Rd,,,Gunpowder,Mount Isa City,4825,Mount Isa,Mount Isa,Northern,Northern,North Queensland,Mount Isa Region,Outback - North,Queensland - Outback,Very Remote,Traeger,Kennedy,Locally-controlled,Bridge/Causeway,No traffic control,100 - 110 km/h,Sealed - Wet,Raining,Daylight,Straight,Dip,607,Vehs On Path: Temporary Object On Cway,21: Other,S,1,0,0,0,1,0,0,1,0,0,0,0
58219,58219,Fatal,2006,January,Thursday,19,Hit object,Single Vehicle,153.380990627017,-27.999255664108,Ashmore Rd,,,Ashmore,Gold Coast City,4214,Broadbeach,Gold Coast,South Eastern,SEQ South,South Coast,Ashmore,Southport,Gold Coast,Major Cities,Southport,Moncrieff,Locally-controlled,No Roadway Feature,No traffic control,70 km/h,Sealed - Wet,Raining,Darkness - Lighted,Curved - view open,Level,808,Off Path-Curve: Mounts Traffic Island,19: Off Carriageway on Curve Hit Object,W,1,0,0,0,1,0,1,0,0,0,0,0
58287,58287,Fatal,2004,February,Sunday,17,Overturned,Single Vehicle,152.672273152396,-27.692235712542,Cunningham Hwy,,Cunningham Highway (Ipswich - Warwick),Willowbank,Ipswich City,4306,Yamanto,Ipswich,Southern,SEQ South,Metropolitan,Rosewood,Ipswich Hinterland,Ipswich,Major Cities,Scenic Rim,Blair,State-controlled,No Roadway Feature,No traffic control,100 - 110 km/h,Sealed - Dry,Clear,Daylight,Straight,Level,701,Off Path-Straight: Left Off Cway,15: Off Carriageway on Straight,S,1,0,1,0,2,1,0,0,0,0,0,0
58579,58579,Fatal,2004,March,Friday,19,Hit object,Single Vehicle,149.163734914797,-26.5875636699697,Warrego Hwy,,Warrego Highway (Miles - Roma),Wallumbilla,Maranoa Region,4428,Wallumbilla,South West,Southern,Southern,Southern Queensland,Roma Region,Darling Downs (west) - Maranoa,Darling Downs - Maranoa,Remote,Warrego,Maranoa,State-controlled,No Roadway Feature,No traffic control,100 - 110 km/h,Sealed - Dry,Clear,Darkness - Not lighted,Straight,Level,607,Vehs On Path: Temporary Object On Cway,21: Other,E,1,0,0,0,1,1,0,0,0,0,0,0
59048,59048,Fatal,2007,November,Friday,17,Fall from vehicle,Single Vehicle,151.674672343792,-27.721782693972,Broxburn Rd,Pittsworth - Felton Rd,Pittsworth - Felton Road,Broxburn,Toowoomba Region,4356,Pittsworth,Darling Downs,Southern,Southern,Southern Queensland,Pittsworth,Darling Downs - East,Darling Downs - Maranoa,Inner Regional,Condamine,Groom,State-controlled,Intersection - T-Junction,No traffic control,100 - 110 km/h,Sealed - Dry,Clear,Daylight,Curved - view open,Dip,805,Off Path-Curve: Out Of Control On Cway,20: Out of Control on Curve,S,1,0,0,0,1,0,1,0,0,0,0,0
59343,59343,Fatal,2004,July,Friday,12,Head-on,Multi-Vehicle,151.046899622549,-24.0019222522148,Dawson Hwy,,Dawson Highway (Gladstone - Biloela),Wooderson,Gladstone Region,4680,Calliope,Capricornia,Central,Central,Central Queensland,Gladstone Hinterland,Gladstone,Central Queensland,Outer Regional,Callide,Flynn,State-controlled,No Roadway Feature,No traffic control,100 - 110 km/h,Sealed - Dry,Clear,Daylight,Curved - view obscured,Grade,800,Off Path-Curve: Other,21: Other,E,1,1,0,0,2,2,0,0,0,0,0,0
59353,59353,Fatal,2004,March,Friday,12,Fall from vehicle,Single Vehicle,153.108910486893,-27.4328944740961,Curtin Ave E,Lavarack Ave,,Pinkenba,Brisbane City,4008,Hendra,North Brisbane,Brisbane,SEQ North,Metropolitan,Eagle Farm - Pinkenba,Nundah,Brisbane - North,Major Cities,Clayfield,Lilley,Locally-controlled,Intersection - T-Junction,No traffic control,60 km/h,Sealed - Dry,Clear,Daylight,Straight,Level,506,Vehs Overtaking: Overtake-Right Turn,09: Overtaking Same Direction,W,1,0,0,0,1,0,1,1,0,0,0,0
59401,59401,Fatal,2004,November,Thursday,11,Overturned,Single Vehicle,147.969330894598,-19.9710754193484,Bruce Hwy,,Bruce Highway (Bowen - Ayr),Guthalungra,Whitsunday Region,4805,Bowen,Mackay,Central,Central,Central Queensland,Collinsville,Bowen Basin - North,Mackay - Isaac - Whitsunday,Outer Regional,Burdekin,Dawson,State-controlled,Railway Crossing,Flashing amber lights,100 - 110 km/h,Sealed - Dry,Clear,Daylight,Curved - view open,Level,801,Off Path-Curve: Off Cway Right Bend,18: Off Carriageway on Curve,S,1,0,0,0,1,0,0,1,0,0,0,0
59403,59403,Fatal,2004,November,Sunday,10,Hit object,Single Vehicle,148.692702196674,-20.4384841051321,Conway Rd,,,Conway,Whitsunday Region,4800,Proserpine,Mackay,Central,Central,Central Queensland,Proserpine,Whitsunday,Mackay - Isaac - Whitsunday,Outer Regional,Whitsunday,Dawson,Locally-controlled,No Roadway Feature,No traffic control,100 - 110 km/h,Sealed - Dry,Clear,Daylight,Curved - view open,Level,803,Off Path-Curve: Off Cway Rt Bend Hit Obj,19: Off Carriageway on Curve Hit Object,N,1,0,0,0,1,1,0,0,0,0,0,0
59411,59411,Fatal,2004,June,Friday,16,Hit object,Single Vehicle,152.860769600524,-27.0400094591117,D'Aguilar Hwy,,D'Aguilar Highway (Caboolture - Kilcoy),Wamuran,Moreton Bay Region,4512,Caboolture,Moreton,North Coast,SEQ North,North Coast,Wamuran,Caboolture,Moreton Bay - North,Major Cities,Glass House,Longman,State-controlled,No Roadway Feature,No traffic control,60 km/h,Sealed - Dry,Clear,Daylight,Curved - view obscured,Crest,804,Off Path-Curve: Off Cway Lt Bend Hit Obj,19: Off Carriageway on Curve Hit Object,E,1,0,0,0,1,1,0,0,0,0,0,0
59412,59412,Fatal,2004,June,Sunday,23,Hit object,Single Vehicle,146.785744148547,-19.262579984748,North Ward Rd,,North Ward Road,West End,Townsville City,4810,Townsville,Townsville,Northern,Northern,North Queensland,Garbutt - West End,Townsville,Townsville,Outer Regional,Townsville,Herbert,State-controlled,No Roadway Feature,No traffic control,60 km/h,Sealed - Dry,Clear,Darkness - Lighted,Curved - view open,Level,803,Off Path-Curve: Off Cway Rt Bend Hit Obj,19: Off Carriageway on Curve Hit Object,S,1,0,0,0,1,1,0,0,0,0,0,0
59417,59417,Fatal,2004,July,Thursday,23,Overturned,Single Vehicle,147.937734009499,-21.2987711489813,Newlands Access Rd,,,Suttor,Isaac Region,4743,Glenden,Mackay,Central,Central,Central Queensland,Broadsound - Nebo,Bowen Basin - North,Mackay - Isaac - Whitsunday,Remote,Burdekin,Capricornia,Locally-controlled,No Roadway Feature,No traffic control,80 - 90 km/h,Unsealed - Dry,Clear,Darkness - Not lighted,Straight,Level,701,Off Path-Straight: Left Off Cway,15: Off Carriageway on Straight,N,1,0,0,0,1,0,0,1,0,0,0,0
59418,59418,Fatal,2004,July,Friday,3,Overturned,Single Vehicle,153.034173333584,-26.7171263748885,Bruce Hwy,,Bruce Highway (Brisbane - Gympie),Tanawha,Sunshine Coast Region,4556,Palmwoods,Sunshine Coast,North Coast,SEQ North,North Coast,Buderim - South,Buderim,Sunshine Coast,Major Cities,Buderim,Fairfax,State-controlled,No Roadway Feature,No traffic control,100 - 110 km/h,Sealed - Dry,Clear,Darkness - Not lighted,Straight,Grade,701,Off Path-Straight: Left Off Cway,15: Off Carriageway on Straight,S,1,0,0,0,1,0,0,1,0,0,0,0
59419,59419,Fatal,2004,July,Saturday,13,Hit pedestrian,Hit pedestrian,152.965777762888,-27.5546710166838,Seventeen Mile Rocks Rd,,,Oxley,Brisbane City,4075,Sherwood,South Brisbane,Brisbane,SEQ South,Metropolitan,Oxley (qld),Forest Lake - Oxley,Ipswich,Major Cities,Mount Ommaney,Moreton,Locally-controlled,No Roadway Feature,No traffic control,60 km/h,Sealed - Wet,Raining,Daylight,Curved - view open,Crest,003,Pedn: Far Side Vehicle Hit From Left,12: Pedestrian,W,1,0,0,1,2,1,0,0,0,0,1,0
59420,59420,Fatal,2004,July,Sunday,11,Hit object,Single Vehicle,151.928021021505,-27.5607580179184,Tor St,,Toowoomba Connection Road,Newtown,Toowoomba Region,4350,Toowoomba,Darling Downs,Southern,Southern,Southern Queensland,Newtown (qld),Toowoomba,Toowoomba,Inner Regional,Toowoomba North,Groom,State-controlled,No Roadway Feature,No traffic control,60 km/h,Sealed - Dry,Clear,Daylight,Straight,Level,703,Off Path-Straight: Left Off Cway Hit Obj,16: Off Carriageway on Straight Hit Object,S,1,1,0,0,2,1,0,0,0,0,0,0
59421,59421,Fatal,2004,July,Wednesday,17,Hit object,Single Vehicle,150.811459141802,-23.2362728672403,Yeppoon - Emu Park Rd,,Western Yeppoon - Emu Park Road,Emu Park,Livingstone Shire,4710,Emu Park,Capricornia,Central,Central,Central Queensland,Emu Park,Rockhampton,Central Queensland,Inner Regional,Keppel,Capricornia,State-controlled,No Roadway Feature,No traffic control,100 - 110 km/h,Sealed - Dry,Clear,Daylight,Straight,Grade,502,Vehs Overtaking: Out Of Control,15: Off Carriageway on Straight,N,1,0,0,0,1,0,1,0,0,0,0,0
59423,59423,Fatal,2004,July,Thursday,14,Hit object,Single Vehicle,152.81401294475,-27.5826375227502,Warrego Hwy,,Warrego Highway (Ipswich - Toowoomba),Karalee,Ipswich City,4306,Karana Downs,Ipswich,Southern,SEQ South,Metropolitan,Karalee - Barellan Point,Ipswich Inner,Ipswich,Major Cities,Ipswich West,Blair,State-controlled,No Roadway Feature,No traffic control,100 - 110 km/h,Sealed - Dry,Clear,Daylight,Straight,Level,703,Off Path-Straight: Left Off Cway Hit Obj,16: Off Carriageway on Straight Hit Object,E,2,1,0,0,3,1,0,0,0,0,0,0
59424,59424,Fatal,2004,July,Thursday,19,Hit pedestrian,Hit pedestrian,152.911046058247,-27.0639322973207,D'Aguilar Hwy,,Caboolture Connection Road,Moodlu,Moreton Bay Region,4510,Caboolture,Moreton,North Coast,SEQ North,North Coast,Caboolture,Caboolture,Moreton Bay - North,Major Cities,Glass House,Longman,State-controlled,No Roadway Feature,No traffic control,80 - 90 km/h,Sealed - Dry,Clear,Darkness - Not lighted,Straight,Level,001,Pedn: Near Side Vehicle Hit From Right,12: Pedestrian,W,1,0,0,0,1,1,0,0,0,0,1,0
59829,59829,Fatal,2004,August,Monday,6,Hit parked vehicle,Single Vehicle,152.266658126118,-25.2340468650436,Bruce Hwy,,Bruce Highway (Maryborough - Gin Gin),Childers,Bundaberg Region,4660,Childers,Wide Bay Burnett,North Coast,Southern,Southern Queensland,Bundaberg Region - South,Bundaberg,Wide Bay,Inner Regional,Burnett,Hinkler,State-controlled,No Roadway Feature,No traffic control,60 km/h,Sealed - Dry,Clear,Daylight,Curved - view open,Level,601,Vehs On Path: Parked,10: Hit Parked Vehicle,E,2,0,0,0,2,0,0,2,0,0,0,0
59833,59833,Fatal,2004,October,Friday,18,Angle,Multi-Vehicle,153.194638162364,-27.6950655698149,Pacific Hwy,,Pacific Highway (Pacific Motorway),Loganholme,Logan City,4129,Loganholme,Logan,South Eastern,SEQ South,South Coast,Loganholme - Tanah Merah,Loganlea - Carbrook,Logan - Beaudesert,Major Cities,Macalister,Forde,State-controlled,No Roadway Feature,No traffic control,100 - 110 km/h,Sealed - Dry,Clear,Darkness - Lighted,Straight,Level,100,Vehs Adjacent Approach: Other,01: Intersection: Adjacent Approach,S,1,0,0,0,1,0,0,1,0,1,0,0
59834,59834,Fatal,2004,October,Sunday,3,Overturned,Single Vehicle,144.580435052016,-20.9770782446674,Prairie - Muttaburra  Rd,,,Prairie,Flinders Shire,4821,Prairie,Townsville,Northern,Northern,North Queensland,Northern Highlands,Outback - North,Queensland - Outback,Very Remote,Traeger,Kennedy,Locally-controlled,No Roadway Feature,No traffic control,100 - 110 km/h,Sealed - Dry,Clear,Darkness - Not lighted,Curved - view open,Level,800,Off Path-Curve: Other,21: Other,S,1,2,0,0,3,1,0,0,0,0,0,0
59844,59844,Fatal,2004,June,Tuesday,15,Sideswipe,Multi-Vehicle,153.157278364873,-27.557756854959,Redland Sub-Arterial Rd,,Redland Sub-Arterial Road,Burbank,Brisbane City,4156,Capalaba,South Brisbane,Brisbane,SEQ South,Metropolitan,Rochedale - Burbank,Mt Gravatt,Brisbane - South,Major Cities,Mansfield,Bonner,State-controlled,Bridge/Causeway,No traffic control,70 km/h,Sealed - Dry,Clear,Daylight,Curved - view open,Dip,201,Vehs Opposite Approach: Head On,02: Head-on,W,1,0,0,2,3,3,0,0,0,0,0,1