_id,Crash_Ref_Number,Crash_Severity,Crash_Year,Crash_Month,Crash_Day_Of_Week,Crash_Hour,Crash_Nature,Crash_Type,Crash_Longitude,Crash_Latitude,Crash_Street,Crash_Street_Intersecting,State_Road_Name,Loc_Suburb,Loc_Local_Government_Area,Loc_Post_Code,Loc_Police_Division,Loc_Police_District,Loc_Police_Region,Loc_Queensland_Transport_Region,Loc_Main_Roads_Region,Loc_ABS_Statistical_Area_2,Loc_ABS_Statistical_Area_3,Loc_ABS_Statistical_Area_4,Loc_ABS_Remoteness,Loc_State_Electorate,Loc_Federal_Electorate,Crash_Controlling_Authority,Crash_Roadway_Feature,Crash_Traffic_Control,Crash_Speed_Limit,Crash_Road_Surface_Condition,Crash_Atmospheric_Condition,Crash_Lighting_Condition,Crash_Road_Horiz_Align,Crash_Road_Vert_Align,Crash_DCA_Code,Crash_DCA_Description,Crash_DCA_Group_Description,DCA_Key_Approach_Dir,Count_Casualty_Fatality,Count_Casualty_Hospitalised,Count_Casualty_MedicallyTreated,Count_Casualty_MinorInjury,Count_Casualty_Total,Count_Unit_Car,Count_Unit_Motorcycle_Moped,Count_Unit_Truck,Count_Unit_Bus,Count_Unit_Bicycle,Count_Unit_Pedestrian,Count_Unit_Other
62418,62418,Fatal,2006,September,Saturday,8,Head-on,Multi-Vehicle,150.80993771902,-23.2354930990947,Yeppoon - Emu Park Rd,,Western Yeppoon - Emu Park Road,Emu Park,Livingstone Shire,4710,Emu Park,Capricornia,Central,Central,Central Queensland,Emu Park,Rockhampton,Central Queensland,Inner Regional,Keppel,Capricornia,State-controlled,No Roadway Feature,No traffic control,100 - 110 km/h,Sealed - Wet,Clear,Daylight,Curved - view open,Level,201,Vehs Opposite Approach: Head On,02: Head-on,S,1,0,1,0,2,2,0,0,0,0,0,0
62420,62420,Fatal,2009,January,Monday,5,Hit object,Single Vehicle,145.682343128471,-16.8413076680372,Kennedy Hwy,,Kennedy Highway (Cairns - Mareeba),Macalister Range,Cairns Region,4871,Smithfield,Far North,Far Northern,Northern,North Queensland,Clifton Beach - Kewarra Beach,Cairns - North,Cairns,Outer Regional,Barron River,Leichhardt,State-controlled,No Roadway Feature,No traffic control,60 km/h,Sealed - Dry,Clear,Dawn/Dusk,Curved - view obscured,Grade,803,Off Path-Curve: Off Cway Rt Bend Hit Obj,19: Off Carriageway on Curve Hit Object,W,1,0,0,0,1,0,1,0,0,0,0,0
62422,62422,Fatal,2006,September,Saturday,3,Hit object,Single Vehicle,151.958320424913,-24.9942120072681,Bruce Hwy,,Bruce Highway (Maryborough - Gin Gin),Gin Gin,Bundaberg Region,4671,Gin Gin,Wide Bay Burnett,North Coast,Southern,Southern Queensland,Gin Gin,Burnett,Wide Bay,Outer Regional,Callide,Flynn,State-controlled,No Roadway Feature,No traffic control,60 km/h,Sealed - Dry,Clear,Darkness - Not lighted,Curved - view open,Grade,803,Off Path-Curve: Off Cway Rt Bend Hit Obj,19: Off Carriageway on Curve Hit Object,N,2,0,0,0,2,0,0,1,0,0,0,0
62423,62423,Fatal,2009,January,Thursday,14,Hit object,Single Vehicle,152.485600379265,-27.3642371085436,Bellwards Rd,Malmborg Rd,,Coominya,Somerset Region,4311,Lowood,Ipswich,Southern,SEQ North,North Coast,Lowood,Ipswich Hinterland,Ipswich,Inner Regional,Nanango,Blair,Locally-controlled,Intersection - T-Junction,No traffic control,100 - 110 km/h,Sealed - Dry,Clear,Daylight,Curved - view obscured,Level,804,Off Path-Curve: Off Cway Lt Bend Hit Obj,19: Off Carriageway on Curve Hit Object,N,1,0,0,0,1,1,0,0,0,0,0,0
62424,62424,Fatal,2006,June,Monday,7,Angle,Multi-Vehicle,146.818291372575,-19.3177978866562,Bruce Hwy,,Bruce Highway (Townsville - Ingham),Cluden,Townsville City,4811,Stuart,Townsville,Northern,Northern,North Queensland,Oonoonba,Townsville,Townsville,Outer Regional,Mundingburra,Dawson,State-controlled,No Roadway Feature,No traffic control,70 km/h,Sealed - Dry,Clear,Daylight,Straight,Level,408,Vehs Manoeuvring: Entering From Footway,08: Vehicle Leaving Driveway,E,1,0,0,1,2,1,0,0,0,1,0,0
62426,62426,Fatal,2006,September,Saturday,23,Hit object,Single Vehicle,153.132244551802,-26.7781087792409,Browning Blvd,Vickers St,,Battery Hill,Sunshine Coast Region,4551,Caloundra,Sunshine Coast,North Coast,SEQ North,North Coast,Moffat Beach - Battery Hill,Caloundra,Sunshine Coast,Major Cities,Caloundra,Fisher,Locally-controlled,Intersection - T-Junction,No traffic control,0 - 50 km/h,Sealed - Dry,Clear,Darkness - Lighted,Curved - view open,Level,803,Off Path-Curve: Off Cway Rt Bend Hit Obj,19: Off Carriageway on Curve Hit Object,E,1,0,0,0,1,0,1,0,0,0,0,0
62429,62429,Fatal,2006,September,Friday,17,Angle,Multi-Vehicle,152.829038961433,-25.3435824462984,Booral Rd,Main St,Booral Road,Bunya Creek,Fraser Coast Region,4655,Hervey Bay,Wide Bay Burnett,North Coast,Southern,Southern Queensland,Booral - River Heads,Hervey Bay,Wide Bay,Inner Regional,Maryborough,Hinkler,State-controlled,Intersection - T-Junction,No traffic control,100 - 110 km/h,Sealed - Dry,Clear,Daylight,Straight,Level,202,Vehs Opposite Approach: Thru-Right,03: Opposing Vehicles Turning,W,1,1,0,1,3,3,0,0,0,0,0,0
62430,62430,Fatal,2009,January,Thursday,9,Angle,Multi-Vehicle,152.117812498116,-27.5505899441413,Warrego Hwy,,Warrego Highway (Ipswich - Toowoomba),Helidon Spa,Lockyer Valley Region,4344,Helidon,Darling Downs,Southern,SEQ South,Southern Queensland,Lockyer Valley - West,Toowoomba,Toowoomba,Inner Regional,Lockyer,Wright,State-controlled,Median Opening,Give way sign,100 - 110 km/h,Sealed - Dry,Clear,Daylight,Curved - view open,Level,406,Vehs Manoeuvring: Leaving Driveway,08: Vehicle Leaving Driveway,S,1,0,0,0,1,1,0,1,0,0,0,0
62431,62431,Fatal,2009,January,Monday,21,Rear-end,Multi-Vehicle,152.955359238398,-27.6229729091794,Woogaroo St,,,Ellen Grove,Brisbane City,4078,Inala,South Brisbane,Brisbane,SEQ South,Metropolitan,Forest Lake - Doolandella,Forest Lake - Oxley,Ipswich,Major Cities,Inala,Oxley,Locally-controlled,No Roadway Feature,No traffic control,70 km/h,Sealed - Dry,Clear,Darkness - Lighted,Straight,Level,500,Vehs Overtaking: Other,21: Other,,1,0,0,0,1,1,0,0,0,1,0,0
62433,62433,Fatal,2009,January,Thursday,14,Rear-end,Multi-Vehicle,153.077085028496,-26.6018703362782,Sunshine Mwy,,Sunshine Motorway (Mooloolaba - Peregian),Marcoola,Sunshine Coast Region,4564,Coolum,Sunshine Coast,North Coast,SEQ North,North Coast,Marcoola - Mudjimba,Maroochy,Sunshine Coast,Major Cities,Maroochydore,Fairfax,State-controlled,No Roadway Feature,No traffic control,0 - 50 km/h,Sealed - Dry,Clear,Daylight,Straight,Level,301,Vehs Same Direction: Rear End,04: Rear-end,S,2,1,4,0,7,4,0,1,0,0,0,0
62434,62434,Fatal,2006,September,Sunday,0,Hit pedestrian,Hit pedestrian,147.411175955456,-19.5711188700435,Macmillan St,,,Ayr,Burdekin Shire,4807,Ayr,Townsville,Northern,Northern,North Queensland,Ayr,Charters Towers - Ayr - Ingham,Townsville,Outer Regional,Burdekin,Dawson,Locally-controlled,No Roadway Feature,No traffic control,0 - 50 km/h,Sealed - Dry,Clear,Darkness - Lighted,Straight,Level,004,Pedn: Play; Work; Stand; Lie On Cway,12: Pedestrian,E,1,0,0,0,1,1,0,0,0,0,1,0
62436,62436,Fatal,2006,September,Sunday,18,Head-on,Multi-Vehicle,151.968716396034,-26.7544707094505,D'Aguilar Hwy,,D'Aguilar Highway (Yarraman - Kingaroy),South Nanango,South Burnett Region,4615,Nanango,Darling Downs,Southern,Southern,Southern Queensland,Nanango,Burnett,Wide Bay,Inner Regional,Nanango,Maranoa,State-controlled,No Roadway Feature,No traffic control,100 - 110 km/h,Sealed - Dry,Clear,Darkness - Not lighted,Straight,Level,501,Vehs Overtaking: Head On,02: Head-on,S,1,4,0,0,5,2,0,0,0,0,0,0
62439,62439,Fatal,2008,July,Saturday,13,Head-on,Multi-Vehicle,153.086778181339,-27.7399760952921,Chambers Flat Rd,,,Chambers Flat,Logan City,4133,Crestmead,Logan,South Eastern,SEQ South,South Coast,Chambers Flat - Logan Reserve,Browns Plains,Logan - Beaudesert,Major Cities,Logan,Forde,Locally-controlled,No Roadway Feature,No traffic control,80 - 90 km/h,Sealed - Dry,Clear,Daylight,Curved - view open,Level,201,Vehs Opposite Approach: Head On,02: Head-on,S,1,1,0,0,2,0,1,1,0,0,0,0
63064,63064,Fatal,2008,August,Friday,14,Rear-end,Multi-Vehicle,153.121281452058,-27.4448282874367,Port Of Brisbane Rd,,Port Of Brisbane Road,Hemmant,Brisbane City,4174,Wynnum,South Brisbane,Brisbane,SEQ South,Metropolitan,Wynnum West - Hemmant,Wynnum - Manly,Brisbane - East,Major Cities,Lytton,Bonner,State-controlled,No Roadway Feature,No traffic control,60 km/h,Sealed - Dry,Clear,Daylight,Straight,Level,301,Vehs Same Direction: Rear End,04: Rear-end,E,1,0,0,0,1,0,1,1,0,0,0,0
63067,63067,Fatal,2008,August,Friday,20,Hit object,Single Vehicle,153.365611899796,-27.9752948243549,Macquarie Ave,,,Molendinar,Gold Coast City,4214,Southport,Gold Coast,South Eastern,SEQ South,South Coast,Molendinar,Southport,Gold Coast,Major Cities,Southport,Moncrieff,Locally-controlled,No Roadway Feature,No traffic control,0 - 50 km/h,Sealed - Dry,Clear,Darkness - Not lighted,Curved - view open,Level,804,Off Path-Curve: Off Cway Lt Bend Hit Obj,19: Off Carriageway on Curve Hit Object,N,1,0,0,0,1,0,1,0,0,0,0,0
63070,63070,Fatal,2008,August,Saturday,14,Head-on,Multi-Vehicle,151.394310906967,-27.2786691799943,Warrego Hwy,,Warrego Highway (Toowoomba - Dalby),Bowenville,Toowoomba Region,4404,Dalby,South West,Southern,Southern,Southern Queensland,Jondaryan,Darling Downs - East,Darling Downs - Maranoa,Inner Regional,Condamine,Groom,State-controlled,No Roadway Feature,No traffic control,100 - 110 km/h,Sealed - Dry,Clear,Daylight,Straight,Level,501,Vehs Overtaking: Head On,02: Head-on,E,2,1,0,0,3,2,0,0,0,0,0,0
63135,63135,Fatal,2008,June,Monday,2,Fall from vehicle,Single Vehicle,145.663010297962,-17.3645913551471,Haines Rd,,,Glen Allyn,Tablelands Region,4885,Malanda,Far North,Far Northern,Northern,North Queensland,Malanda - Yungaburra,Tablelands (east) - Kuranda,Cairns,Outer Regional,Hill,Kennedy,Locally-controlled,No Roadway Feature,No traffic control,80 - 90 km/h,Sealed - Dry,Clear,Darkness - Not lighted,Curved - view obscured,Crest,805,Off Path-Curve: Out Of Control On Cway,20: Out of Control on Curve,W,1,0,0,0,1,0,1,0,0,0,0,0
63209,63209,Fatal,2009,February,Monday,6,Angle,Multi-Vehicle,150.497499046127,-23.2513835938422,Bruce Hwy,Greenlake Rd,Bruce Highway (Rockhampton - St Lawrence),Glenlee,Livingstone Shire,4701,North Rockhampton,Capricornia,Central,Central,Central Queensland,Glenlee - Rockyview,Rockhampton,Central Queensland,Inner Regional,Mirani,Capricornia,State-controlled,Intersection - Cross,Give way sign,100 - 110 km/h,Sealed - Dry,Clear,Daylight,Straight,Level,102,Vehs Adjacent Approach: Right-Thru,01: Intersection: Adjacent Approach,W,1,1,1,0,3,2,0,0,0,0,0,0
63268,63268,Fatal,2008,August,Saturday,20,Hit object,Single Vehicle,153.091971205273,-27.6888467754119,Augusta St,,,Crestmead,Logan City,4132,Crestmead,Logan,South Eastern,SEQ South,South Coast,Crestmead,Browns Plains,Logan - Beaudesert,Major Cities,Woodridge,Rankin,Locally-controlled,No Roadway Feature,No traffic control,60 km/h,Sealed - Dry,Clear,Darkness - Lighted,Curved - view open,Level,808,Off Path-Curve: Mounts Traffic Island,19: Off Carriageway on Curve Hit Object,E,1,0,0,0,1,1,0,0,0,0,0,0
63269,63269,Fatal,2008,August,Sunday,10,Hit object,Single Vehicle,146.472864176222,-19.3625646713413,Hervey'S Range Developmental Rd,,Hervey Range Developmental Road (Townsville - Battery),Hervey Range,Townsville City,4817,Deeragun,Townsville,Northern,Northern,North Queensland,Northern Beaches,Townsville,Townsville,Outer Regional,Hinchinbrook,Herbert,State-controlled,No Roadway Feature,No traffic control,100 - 110 km/h,Sealed - Dry,Clear,Daylight,Curved - view open,Grade,803,Off Path-Curve: Off Cway Rt Bend Hit Obj,19: Off Carriageway on Curve Hit Object,W,1,0,0,0,1,0,1,0,0,0,0,0
63512,63512,Fatal,2008,June,Thursday,0,Hit object,Single Vehicle,150.520182946269,-23.3726189088928,Rockhampton - Emu Park Rd,,Rockhampton - Emu Park Road,Berserker,Rockhampton Region,4701,North Rockhampton,Capricornia,Central,Central,Central Queensland,Berserker,Rockhampton,Central Queensland,Inner Regional,Rockhampton,Capricornia,State-controlled,No Roadway Feature,No traffic control,60 km/h,Sealed - Wet,Clear,Darkness - Lighted,Curved - view open,Level,803,Off Path-Curve: Off Cway Rt Bend Hit Obj,19: Off Carriageway on Curve Hit Object,W,2,0,0,0,2,1,0,0,0,0,0,0
63513,63513,Fatal,2008,June,Thursday,13,Head-on,Multi-Vehicle,152.903067371304,-26.4002965822223,Cooroy Connection Rd,,Cooroy Connection Road,Cooroy,Noosa Shire,4563,Cooroy,Sunshine Coast,North Coast,SEQ North,North Coast,Noosa Hinterland,Noosa Hinterland,Sunshine Coast,Inner Regional,Nicklin,Wide Bay,State-controlled,No Roadway Feature,No traffic control,100 - 110 km/h,Sealed - Dry,Clear,Daylight,Curved - view obscured,Level,201,Vehs Opposite Approach: Head On,02: Head-on,E,1,0,1,0,2,2,0,0,0,0,0,0
63535,63535,Fatal,2008,July,Sunday,9,Hit object,Single Vehicle,153.072484999354,-25.9764358177853,Rainbow Beach Rd,,Rainbow Beach Road,Cooloola,Gympie Region,4580,Tin Can Bay,Wide Bay Burnett,North Coast,Southern,Southern Queensland,Cooloola,Gympie - Cooloola,Wide Bay,Inner Regional,Gympie,Wide Bay,State-controlled,No Roadway Feature,No traffic control,100 - 110 km/h,Sealed - Wet,Raining,Daylight,Curved - view obscured,Grade,804,Off Path-Curve: Off Cway Lt Bend Hit Obj,19: Off Carriageway on Curve Hit Object,S,1,1,0,0,2,1,0,0,0,0,0,0
63538,63538,Fatal,2008,July,Sunday,12,Head-on,Multi-Vehicle,151.866743500474,-27.6493688647357,Toowoomba - Karara Rd,,Toowoomba - Karara Road,Wyreema,Toowoomba Region,4352,Drayton,Darling Downs,Southern,Southern,Southern Queensland,Cambooya - Wyreema,Toowoomba,Toowoomba,Inner Regional,Condamine,Groom,State-controlled,No Roadway Feature,No traffic control,100 - 110 km/h,Sealed - Dry,Clear,Daylight,Straight,Level,201,Vehs Opposite Approach: Head On,02: Head-on,N,2,1,0,0,3,1,1,0,0,0,0,0
64117,64117,Fatal,2020,June,Monday,1,Hit object,Single Vehicle,153.01809649742,-27.2755713737206,Bruce Hwy,,Bruce Highway (Brisbane - Gympie),Griffin,Moreton Bay Region,4503,Mango Hill North Lakes,Moreton,North Coast,SEQ North,North Coast,Murrumba Downs - Griffin,North Lakes,Moreton Bay - South,Major Cities,Murrumba,Petrie,State-controlled,Intersection - Interchange,No traffic control,100 - 110 km/h,Sealed - Dry,Clear,Darkness - Lighted,Curved - view open,Level,805,Off Path-Curve: Out Of Control On Cway,20: Out of Control on Curve,S,1,0,2,0,3,1,0,0,0,0,0,0
64125,64125,Fatal,2022,February,Saturday,8,Hit pedestrian,Hit pedestrian,153.082636130676,-26.6520444442381,Broadmeadows Rd,Maroochydore Rd,Maroochydore Road,Maroochydore,Sunshine Coast Region,4558,Maroochydore,Sunshine Coast,North Coast,SEQ North,North Coast,Maroochydore - Kuluin,Maroochy,Sunshine Coast,Major Cities,Maroochydore,Fairfax,State-controlled,Intersection - Cross,Operating traffic lights,60 km/h,Sealed - Dry,Clear,Daylight,Straight,Level,003,Pedn: Far Side Vehicle Hit From Left,12: Pedestrian,E,1,0,0,0,1,1,0,0,0,0,1,0
64359,64359,Fatal,2016,May,Wednesday,15,Fall from vehicle,Single Vehicle,153.076941028993,-27.467096450149,Gary St,Wynnum Rd,,Morningside,Brisbane City,4170,Morningside,South Brisbane,Brisbane,SEQ South,Metropolitan,Morningside - Seven Hills,Brisbane Inner - East,Brisbane Inner City,Major Cities,Bulimba,Griffith,Locally-controlled,Intersection - T-Junction,No traffic control,60 km/h,Sealed - Dry,Clear,Daylight,Curved - view open,Level,900,Pass & Misc: Other,21: Other,E,1,0,0,0,1,1,1,0,0,0,0,0
64448,64448,Fatal,2013,November,Tuesday,19,Head-on,Multi-Vehicle,153.11024946495,-27.1936377403346,Bird O'Passage Pde,,,Scarborough,Moreton Bay Region,4020,Redcliffe,Moreton,North Coast,SEQ North,North Coast,Scarborough - Newport - Moreton Island,Redcliffe,Moreton Bay - North,Major Cities,Redcliffe,Petrie,Locally-controlled,No Roadway Feature,No traffic control,0 - 50 km/h,Sealed - Dry,Clear,Darkness - Not lighted,Curved - view obscured,Level,201,Vehs Opposite Approach: Head On,02: Head-on,E,1,0,0,0,1,1,0,0,0,1,0,0
64499,64499,Fatal,2022,February,Friday,20,Hit object,Single Vehicle,152.551017078946,-27.5201983982112,Lowood - Minden Rd,,,Coolana,Somerset Region,4311,Lowood,Ipswich,Southern,SEQ North,North Coast,Lowood,Ipswich Hinterland,Ipswich,Inner Regional,Lockyer,Blair,Locally-controlled,No Roadway Feature,No traffic control,60 km/h,Sealed - Wet,Raining,Darkness - Not lighted,Straight,Dip,607,Vehs On Path: Temporary Object On Cway,21: Other,N,1,0,0,0,1,0,0,0,1,0,0,0
64661,64661,Fatal,2014,January,Saturday,22,Hit object,Single Vehicle,153.11729148845,-27.4688053502244,Gateway Art Rd Ramp S,,Gateway Motorway (Eight Mile Plains - Nudgee),Tingalpa,Brisbane City,4173,Wynnum,South Brisbane,Brisbane,SEQ South,Metropolitan,Tingalpa,Wynnum - Manly,Brisbane - East,Major Cities,Lytton,Bonner,State-controlled,Intersection - Interchange,No traffic control,100 - 110 km/h,Sealed - Dry,Clear,Darkness - Lighted,Curved - view open,Level,803,Off Path-Curve: Off Cway Rt Bend Hit Obj,19: Off Carriageway on Curve Hit Object,S,1,0,0,0,1,1,0,0,0,0,0,0
64662,64662,Fatal,2014,January,Sunday,17,Overturned,Single Vehicle,144.490002463714,-20.8790521339198,Flinders Hwy,,Flinders Highway (Charters Towers - Hughenden),Prairie,Flinders Shire,4821,Prairie,Townsville,Northern,Northern,North Queensland,Northern Highlands,Outback - North,Queensland - Outback,Very Remote,Traeger,Kennedy,State-controlled,No Roadway Feature,No traffic control,100 - 110 km/h,Sealed - Dry,Clear,Daylight,Curved - view open,Level,805,Off Path-Curve: Out Of Control On Cway,20: Out of Control on Curve,W,1,0,0,0,1,0,0,0,0,0,0,1
64663,64663,Fatal,2014,January,Friday,0,Hit object,Single Vehicle,153.186593852901,-27.7838787007018,Beaudesert - Beenleigh Rd,,Beaudesert - Beenleigh Road,Wolffdene,Logan City,4207,Beenleigh,Logan,South Eastern,SEQ South,South Coast,Wolffdene - Bahrs Scrub,Beenleigh,Logan - Beaudesert,Major Cities,Logan,Forde,State-controlled,No Roadway Feature,No traffic control,80 - 90 km/h,Sealed - Wet,Clear,Darkness - Not lighted,Curved - view obscured,Grade,803,Off Path-Curve: Off Cway Rt Bend Hit Obj,19: Off Carriageway on Curve Hit Object,S,2,0,0,0,2,1,0,0,0,0,0,0
64888,64888,Fatal,2016,August,Wednesday,20,Hit pedestrian,Hit pedestrian,145.75120470541,-16.8906787343075,Stratford Connection Rd,,Stratford Connection Road,Aeroglen,Cairns Region,4870,Cairns,Far North,Far Northern,Northern,North Queensland,Freshwater - Stratford,Cairns - North,Cairns,Outer Regional,Cairns,Leichhardt,State-controlled,No Roadway Feature,No traffic control,60 km/h,Sealed - Dry,Clear,Darkness - Lighted,Straight,Level,004,Pedn: Play; Work; Stand; Lie On Cway,12: Pedestrian,N,1,1,0,0,2,1,0,0,0,0,1,0
64891,64891,Fatal,2016,August,Tuesday,5,Hit pedestrian,Hit pedestrian,152.23948910605,-27.5739763681344,Gatton - Helidon Rd,,Gatton - Helidon Road,Lower Tenthill,Lockyer Valley Region,4343,Gatton,Darling Downs,Southern,SEQ South,Southern Queensland,Lockyer Valley - West,Toowoomba,Toowoomba,Inner Regional,Lockyer,Wright,State-controlled,No Roadway Feature,No traffic control,100 - 110 km/h,Sealed - Dry,Clear,Darkness - Not lighted,Straight,Level,005,Pedn: Hit Walking With Traffic,12: Pedestrian,E,1,0,0,0,1,1,0,0,0,0,1,0
64966,64966,Fatal,2013,November,Tuesday,19,Head-on,Multi-Vehicle,150.544285890217,-24.2886245806032,Dawson Hwy,,Dawson Highway (Gladstone - Biloela),Callide,Banana Shire,4715,Biloela,Capricornia,Central,Central,Central Queensland,Banana,Biloela,Central Queensland,Outer Regional,Callide,Flynn,State-controlled,No Roadway Feature,No traffic control,100 - 110 km/h,Sealed - Dry,Clear,Darkness - Not lighted,Curved - view open,Level,201,Vehs Opposite Approach: Head On,02: Head-on,S,1,0,0,0,1,1,0,1,0,0,0,0
64967,64967,Fatal,2013,November,Wednesday,15,Head-on,Multi-Vehicle,146.612973360505,-19.2218970985163,Bruce Hwy,,Bruce Highway (Townsville - Ingham),Black River,Townsville City,4818,Deeragun,Townsville,Northern,Northern,North Queensland,Northern Beaches,Townsville,Townsville,Outer Regional,Hinchinbrook,Herbert,State-controlled,No Roadway Feature,No traffic control,100 - 110 km/h,Sealed - Dry,Clear,Daylight,Straight,Level,201,Vehs Opposite Approach: Head On,02: Head-on,E,1,0,0,0,1,2,0,0,0,0,0,0
64969,64969,Fatal,2013,November,Friday,6,Hit object,Single Vehicle,152.963592780999,-27.4683355467829,Unnamed Forestry Rd,,,Mount Coot-tha,Brisbane City,4066,Indooroopilly,North Brisbane,Brisbane,SEQ North,Metropolitan,Mount Coot-tha,The Gap - Enoggera,Brisbane - West,Major Cities,Maiwar,Ryan,Locally-controlled,Forestry/National Park Road,No traffic control,0 - 50 km/h,Unsealed - Dry,Clear,Daylight,Straight,Grade,400,Vehs Manoeuvring: Other,21: Other,E,1,0,0,0,1,0,0,0,0,1,0,0
65339,65339,Fatal,2021,June,Friday,8,Head-on,Multi-Vehicle,151.34956924172,-27.2452252805317,Warrego Hwy,,Warrego Highway (Toowoomba - Dalby),Bowenville,Toowoomba Region,4404,Dalby,South West,Southern,Southern,Southern Queensland,Jondaryan,Darling Downs - East,Darling Downs - Maranoa,Inner Regional,Condamine,Groom,State-controlled,No Roadway Feature,No traffic control,100 - 110 km/h,Sealed - Dry,Clear,Daylight,Straight,Level,201,Vehs Opposite Approach: Head On,02: Head-on,W,1,1,0,0,2,1,0,1,0,0,0,0
65341,65341,Fatal,2018,October,Friday,21,Hit object,Single Vehicle,143.255687353892,-24.3525576318997,Warbreccan-Stonehenge Rd,,,Stonehenge,Barcoo Shire,4730,Jundah,Capricornia,Central,Central,Central Queensland,Far Central West,Outback - South,Queensland - Outback,Very Remote,Gregory,Maranoa,Locally-controlled,Bridge/Causeway,No traffic control,100 - 110 km/h,Sealed - Dry,Clear,Darkness - Not lighted,Straight,Level,900,Pass & Misc: Other,21: Other,,1,0,2,0,3,2,0,0,0,0,0,0
65435,65435,Fatal,2016,September,Friday,20,Hit pedestrian,Hit pedestrian,153.044517048902,-27.3367984458585,Lemke Rd,,,Taigum,Brisbane City,4018,Carseldine,North Brisbane,Brisbane,SEQ North,Metropolitan,Taigum - Fitzgibbon,Sandgate,Brisbane - North,Major Cities,Sandgate,Lilley,Locally-controlled,No Roadway Feature,No traffic control,60 km/h,Sealed - Dry,Clear,Darkness - Lighted,Straight,Grade,003,Pedn: Far Side Vehicle Hit From Left,12: Pedestrian,S,1,0,0,0,1,1,0,0,0,0,1,0
65436,65436,Fatal,2016,September,Saturday,4,Hit pedestrian,Hit pedestrian,145.375217761241,-16.456666704367,Junction Rd,,,Mossman,Douglas Shire,4873,Mossman,Far North,Far Northern,Northern,North Queensland,Daintree,Port Douglas - Daintree,Cairns,Outer Regional,Cook,Leichhardt,Locally-controlled,No Roadway Feature,No traffic control,0 - 50 km/h,Sealed - Dry,Clear,Darkness - Not lighted,Straight,Crest,004,Pedn: Play; Work; Stand; Lie On Cway,12: Pedestrian,S,1,0,0,0,1,1,0,0,0,0,1,0
65440,65440,Fatal,2013,December,Tuesday,7,Head-on,Multi-Vehicle,152.752964367646,-26.9287879084989,D'Aguilar Hwy,,D'Aguilar Highway (Caboolture - Kilcoy),Woodford,Moreton Bay Region,4514,Woodford,Moreton,North Coast,SEQ North,North Coast,Woodford - Daguilar,Caboolture Hinterland,Moreton Bay - North,Inner Regional,Glass House,Longman,State-controlled,No Roadway Feature,No traffic control,100 - 110 km/h,Sealed - Dry,Clear,Daylight,Curved - view open,Level,201,Vehs Opposite Approach: Head On,02: Head-on,E,1,1,0,0,2,2,0,0,0,0,0,0
65441,65441,Fatal,2013,December,Tuesday,7,Hit pedestrian,Hit pedestrian,153.051121843603,-27.5079347418761,Logan Rd,,,Greenslopes,Brisbane City,4120,Coorparoo,South Brisbane,Brisbane,SEQ South,Metropolitan,Greenslopes,Holland Park - Yeronga,Brisbane - South,Major Cities,Greenslopes,Griffith,Locally-controlled,No Roadway Feature,No traffic control,60 km/h,Sealed - Dry,Clear,Daylight,Straight,Level,001,Pedn: Near Side Vehicle Hit From Right,12: Pedestrian,N,1,1,0,0,2,1,0,0,0,0,1,0
65442,65442,Fatal,2013,December,Thursday,16,Angle,Multi-Vehicle,149.22627400077,-21.4121757671119,Brownsey Ct,Hans Christian St,,Sarina,Mackay Region,4737,Sarina,Mackay,Central,Central,Central Queensland,Sarina,Mackay,Mackay - Isaac - Whitsunday,Outer Regional,Mirani,Capricornia,Locally-controlled,Intersection - T-Junction,No traffic control,0 - 50 km/h,Sealed - Dry,Clear,Daylight,Straight,Level,100,Vehs Adjacent Approach: Other,01: Intersection: Adjacent Approach,N,1,1,0,0,2,1,0,0,0,1,0,0
65443,65443,Fatal,2013,December,Saturday,13,Hit object,Single Vehicle,153.225262715295,-28.1531948415108,Nerang - Murwillumbah Rd,,Nerang - Murwillumbah Road,Numinbah Valley,Gold Coast City,4211,Nerang,Gold Coast,South Eastern,SEQ South,South Coast,Guanaba - Springbrook,Gold Coast Hinterland,Gold Coast,Inner Regional,Mudgeeraba,Wright,State-controlled,No Roadway Feature,No traffic control,80 - 90 km/h,Sealed - Dry,Clear,Daylight,Curved - view open,Level,803,Off Path-Curve: Off Cway Rt Bend Hit Obj,19: Off Carriageway on Curve Hit Object,E,1,0,0,0,1,0,1,0,0,0,0,0
65524,65524,Fatal,2016,August,Thursday,13,Angle,Multi-Vehicle,152.988256057227,-27.3183054400666,Kremzow Rd,South Pine Rd,South Pine Road,Brendale,Moreton Bay Region,4500,Albany Creek,North Brisbane,Brisbane,SEQ North,North Coast,Strathpine - Brendale,Strathpine,Moreton Bay - South,Major Cities,Pine Rivers,Dickson,State-controlled,Intersection - Cross,Operating traffic lights,60 km/h,Sealed - Dry,Clear,Daylight,Straight,Level,202,Vehs Opposite Approach: Thru-Right,03: Opposing Vehicles Turning,S,1,0,0,0,1,1,1,0,0,0,0,0