_id,Crash_Ref_Number,Crash_Severity,Crash_Year,Crash_Month,Crash_Day_Of_Week,Crash_Hour,Crash_Nature,Crash_Type,Crash_Longitude,Crash_Latitude,Crash_Street,Crash_Street_Intersecting,State_Road_Name,Loc_Suburb,Loc_Local_Government_Area,Loc_Post_Code,Loc_Police_Division,Loc_Police_District,Loc_Police_Region,Loc_Queensland_Transport_Region,Loc_Main_Roads_Region,Loc_ABS_Statistical_Area_2,Loc_ABS_Statistical_Area_3,Loc_ABS_Statistical_Area_4,Loc_ABS_Remoteness,Loc_State_Electorate,Loc_Federal_Electorate,Crash_Controlling_Authority,Crash_Roadway_Feature,Crash_Traffic_Control,Crash_Speed_Limit,Crash_Road_Surface_Condition,Crash_Atmospheric_Condition,Crash_Lighting_Condition,Crash_Road_Horiz_Align,Crash_Road_Vert_Align,Crash_DCA_Code,Crash_DCA_Description,Crash_DCA_Group_Description,DCA_Key_Approach_Dir,Count_Casualty_Fatality,Count_Casualty_Hospitalised,Count_Casualty_MedicallyTreated,Count_Casualty_MinorInjury,Count_Casualty_Total,Count_Unit_Car,Count_Unit_Motorcycle_Moped,Count_Unit_Truck,Count_Unit_Bus,Count_Unit_Bicycle,Count_Unit_Pedestrian,Count_Unit_Other
74444,74444,Fatal,2013,January,Sunday,4,Hit object,Single Vehicle,152.330477083415,-27.6289290064358,Woodlands Rd,,,Blenheim,Lockyer Valley Region,4341,Laidley,Darling Downs,Southern,SEQ South,Southern Queensland,Lockyer Valley - East,Ipswich Hinterland,Ipswich,Inner Regional,Lockyer,Wright,Locally-controlled,Bridge/Causeway,No traffic control,60 km/h,Sealed - Wet,Raining,Darkness - Not lighted,Curved - view obscured,Dip,607,Vehs On Path: Temporary Object On Cway,21: Other,N,1,0,0,0,1,1,0,0,0,0,0,0
75164,75164,Fatal,2016,December,Monday,4,Hit object,Single Vehicle,151.085251284669,-27.1206122549059,Dalby - Kogan Rd,,Dalby - Kogan Road,Ranges Bridge,Western Downs Region,4405,Dalby,South West,Southern,Southern,Southern Queensland,Wambo,Darling Downs - East,Darling Downs - Maranoa,Outer Regional,Warrego,Maranoa,State-controlled,No Roadway Feature,No traffic control,100 - 110 km/h,Sealed - Dry,Clear,Dawn/Dusk,Straight,Level,704,Off Path-Straight: Right Off Cway Hit Obj,16: Off Carriageway on Straight Hit Object,E,1,3,0,0,4,1,0,0,0,0,0,0
75165,75165,Fatal,2016,December,Friday,13,Hit pedestrian,Hit pedestrian,153.110610004003,-27.6357264548697,St Pauls Dr,,,Woodridge,Logan City,4114,Logan Central,Logan,South Eastern,SEQ South,South Coast,Woodridge,Springwood - Kingston,Logan - Beaudesert,Major Cities,Woodridge,Rankin,Locally-controlled,No Roadway Feature,No traffic control,0 - 50 km/h,Sealed - Dry,Clear,Daylight,Straight,Level,004,Pedn: Play; Work; Stand; Lie On Cway,12: Pedestrian,S,1,0,0,0,1,1,0,0,0,0,1,0
75178,75178,Fatal,2016,April,Friday,7,Head-on,Multi-Vehicle,152.74385902031,-27.8222004196613,Ipswich - Boonah Rd,,Ipswich - Boonah Road,Washpool,Scenic Rim Region,4306,Harrisville,Ipswich,Southern,SEQ South,South Coast,Boonah,Ipswich Hinterland,Ipswich,Inner Regional,Scenic Rim,Wright,State-controlled,No Roadway Feature,No traffic control,100 - 110 km/h,Sealed - Dry,Clear,Daylight,Curved - view open,Crest,201,Vehs Opposite Approach: Head On,02: Head-on,N,1,4,0,0,5,3,0,0,0,0,0,0
75179,75179,Fatal,2016,April,Friday,10,Hit object,Single Vehicle,153.027182019009,-27.588391446107,Chardean St,Mt Lindesay Art. Rd,Mount Lindesay Arterial Road,Acacia Ridge,Brisbane City,4110,Acacia Ridge,South Brisbane,Brisbane,SEQ South,Metropolitan,Rocklea - Acacia Ridge,Rocklea - Acacia Ridge,Brisbane - South,Major Cities,Algester,Moreton,State-controlled,Intersection - T-Junction,No traffic control,70 km/h,Sealed - Dry,Clear,Daylight,Curved - view open,Level,803,Off Path-Curve: Off Cway Rt Bend Hit Obj,19: Off Carriageway on Curve Hit Object,N,1,0,0,0,1,1,0,0,0,0,0,0
75180,75180,Fatal,2016,April,Sunday,4,Rear-end,Multi-Vehicle,149.234707046187,-21.5964370453745,Bruce Hwy,,Bruce Highway (St Lawrence - Mackay),Koumala,Mackay Region,4738,Sarina,Mackay,Central,Central,Central Queensland,Sarina,Mackay,Mackay - Isaac - Whitsunday,Outer Regional,Mirani,Capricornia,State-controlled,No Roadway Feature,No traffic control,100 - 110 km/h,Sealed - Dry,Clear,Darkness - Not lighted,Straight,Level,301,Vehs Same Direction: Rear End,04: Rear-end,S,1,1,0,0,2,1,0,1,0,0,0,0
75181,75181,Fatal,2016,April,Sunday,15,Hit object,Single Vehicle,145.297784677724,-17.6455417091675,Kennedy Hwy,,Kennedy Highway (Ravenshoe - Mount Garnet),Millstream,Tablelands Region,4888,Ravenshoe,Far North,Far Northern,Northern,North Queensland,Herberton,Tablelands (east) - Kuranda,Cairns,Outer Regional,Hill,Kennedy,State-controlled,No Roadway Feature,No traffic control,100 - 110 km/h,Sealed - Dry,Clear,Daylight,Straight,Grade,704,Off Path-Straight: Right Off Cway Hit Obj,16: Off Carriageway on Straight Hit Object,W,1,1,0,0,2,1,0,0,0,0,0,0
75374,75374,Fatal,2022,January,Monday,15,Hit object,Single Vehicle,153.04721347872,-26.7854282407438,Pierce Ave,,,Bells Creek,Sunshine Coast Region,4551,Caloundra,Sunshine Coast,North Coast,SEQ North,North Coast,Caloundra - West,Caloundra,Sunshine Coast,Major Cities,Caloundra,Fisher,Locally-controlled,No Roadway Feature,No traffic control,60 km/h,Unsealed - Dry,Clear,Daylight,Curved - view open,Level,803,Off Path-Curve: Off Cway Rt Bend Hit Obj,19: Off Carriageway on Curve Hit Object,W,1,1,2,0,4,1,0,0,0,0,0,0
75446,75446,Fatal,2015,February,Wednesday,14,Hit object,Single Vehicle,153.020105119601,-26.7929524390822,Old Caloundra Rd,,,Landsborough,Sunshine Coast Region,4550,Beerwah,Sunshine Coast,North Coast,SEQ North,North Coast,Landsborough,Sunshine Coast Hinterland,Sunshine Coast,Inner Regional,Caloundra,Fisher,Locally-controlled,No Roadway Feature,No traffic control,100 - 110 km/h,Unsealed - Dry,Clear,Daylight,Curved - view open,Level,803,Off Path-Curve: Off Cway Rt Bend Hit Obj,19: Off Carriageway on Curve Hit Object,E,1,1,0,0,2,1,0,0,0,0,0,0
75447,75447,Fatal,2015,February,Friday,23,Hit object,Single Vehicle,145.708565707692,-16.8958437313475,Cairns Western Arterial Rd,,Cairns Western Arterial Road,Redlynch,Cairns Region,4870,Cairns,Far North,Far Northern,Northern,North Queensland,Redlynch,Cairns - North,Cairns,Outer Regional,Barron River,Leichhardt,State-controlled,No Roadway Feature,No traffic control,80 - 90 km/h,Sealed - Wet,Raining,Darkness - Lighted,Curved - view open,Level,804,Off Path-Curve: Off Cway Lt Bend Hit Obj,19: Off Carriageway on Curve Hit Object,N,1,0,0,3,4,1,0,0,0,0,0,0
75448,75448,Fatal,2015,February,Saturday,16,Fall from vehicle,Single Vehicle,152.552564142464,-27.0039553942762,Esk - Kilcoy Rd,,Esk - Kilcoy Road,Hazeldean,Somerset Region,4515,Kilcoy,Moreton,North Coast,SEQ North,North Coast,Kilcoy,Caboolture Hinterland,Moreton Bay - North,Inner Regional,Nanango,Blair,State-controlled,No Roadway Feature,No traffic control,100 - 110 km/h,Sealed - Dry,Clear,Daylight,Straight,Crest,705,Off Path-Straight: Out Of Control On Cway,17: Out of Control on Straight,N,1,0,0,0,1,0,1,0,0,0,0,0
75449,75449,Fatal,2015,February,Thursday,10,Hit object,Single Vehicle,146.043253623174,-17.7126407621118,Bruce Hwy,,Bruce Highway (Ingham - Innisfail),Cowley,Cassowary Coast Region,4871,Mourilyan,Far North,Far Northern,Northern,North Queensland,Johnstone,Innisfail - Cassowary Coast,Cairns,Outer Regional,Hill,Kennedy,State-controlled,Railway Crossing,No traffic control,100 - 110 km/h,Sealed - Wet,Raining,Daylight,Curved - view open,Level,201,Vehs Opposite Approach: Head On,02: Head-on,N,1,0,1,0,2,1,0,1,0,0,0,0
75450,75450,Fatal,2015,February,Wednesday,12,Head-on,Multi-Vehicle,148.420590239221,-20.237029966046,Bruce Hwy,,Bruce Highway (Proserpine - Bowen),Gregory River,Whitsunday Region,4800,Proserpine,Mackay,Central,Central,Central Queensland,Proserpine,Whitsunday,Mackay - Isaac - Whitsunday,Outer Regional,Whitsunday,Dawson,State-controlled,No Roadway Feature,No traffic control,100 - 110 km/h,Sealed - Dry,Clear,Daylight,Straight,Grade,201,Vehs Opposite Approach: Head On,02: Head-on,N,1,0,0,0,1,1,0,1,0,0,0,0
75451,75451,Fatal,2015,February,Thursday,15,Hit object,Single Vehicle,145.597677676575,-17.399216727864,Millaa Millaa - Malanda Rd,,Millaa Millaa - Malanda Road,Jaggan,Tablelands Region,4885,Malanda,Far North,Far Northern,Northern,North Queensland,Malanda - Yungaburra,Tablelands (east) - Kuranda,Cairns,Outer Regional,Hill,Kennedy,State-controlled,No Roadway Feature,No traffic control,80 - 90 km/h,Sealed - Dry,Clear,Daylight,Curved - view open,Grade,803,Off Path-Curve: Off Cway Rt Bend Hit Obj,19: Off Carriageway on Curve Hit Object,N,1,0,0,0,1,1,0,0,0,0,0,0
75452,75452,Fatal,2015,February,Friday,7,Angle,Multi-Vehicle,145.768046692352,-17.0480717368423,Bruce Hwy,,Bruce Highway (Innisfail - Cairns),Wrights Creek,Cairns Region,4869,Edmonton,Far North,Far Northern,Northern,North Queensland,Gordonvale - Trinity,Cairns - South,Cairns,Outer Regional,Mulgrave,Kennedy,State-controlled,No Roadway Feature,No traffic control,80 - 90 km/h,Sealed - Dry,Clear,Daylight,Curved - view open,Level,502,Vehs Overtaking: Out Of Control,15: Off Carriageway on Straight,N,1,0,0,0,1,1,0,1,0,0,0,0
75453,75453,Fatal,2015,February,Monday,9,Head-on,Multi-Vehicle,151.628640274615,-26.7127623026327,Bunya Hwy,,Bunya Highway (Dalby - Kingaroy),Kumbia,South Burnett Region,4610,Kumbia,Darling Downs,Southern,Southern,Southern Queensland,Kingaroy Region - South,Burnett,Wide Bay,Outer Regional,Nanango,Maranoa,State-controlled,No Roadway Feature,No traffic control,100 - 110 km/h,Sealed - Dry,Clear,Daylight,Straight,Crest,201,Vehs Opposite Approach: Head On,02: Head-on,N,1,4,0,0,5,1,0,1,0,0,0,0
75454,75454,Fatal,2015,March,Sunday,9,Angle,Multi-Vehicle,153.128582991584,-27.7181114573301,Waterford - Tamborine Rd,,Waterford - Tamborine Road,Buccan,Logan City,4207,Logan Village Yarrabilba,Logan,South Eastern,SEQ South,South Coast,Logan Village,Jimboomba,Logan - Beaudesert,Major Cities,Logan,Forde,State-controlled,No Roadway Feature,No traffic control,80 - 90 km/h,Sealed - Dry,Clear,Daylight,Straight,Level,406,Vehs Manoeuvring: Leaving Driveway,08: Vehicle Leaving Driveway,S,2,1,0,0,3,1,1,0,0,0,0,0
75455,75455,Fatal,2015,March,Sunday,18,Overturned,Single Vehicle,147.246502155352,-22.2254478894787,Gregory Developmental Rd,,Gregory Developmental Road (Clermont - Belyando Crossing),Frankfield,Isaac Region,4721,Clermont,Mackay,Central,Central,Central Queensland,Clermont,Bowen Basin - North,Mackay - Isaac - Whitsunday,Remote,Burdekin,Capricornia,State-controlled,No Roadway Feature,No traffic control,100 - 110 km/h,Sealed - Dry,Clear,Daylight,Straight,Level,705,Off Path-Straight: Out Of Control On Cway,17: Out of Control on Straight,N,1,0,0,0,1,1,0,0,0,0,0,0
75456,75456,Fatal,2015,March,Sunday,7,Head-on,Multi-Vehicle,148.93838312116,-21.0670280159043,Bruce Hwy,,Bruce Highway (Mackay - Proserpine),Hampden,Mackay Region,4741,Marian,Mackay,Central,Central,Central Queensland,Seaforth - Calen,Mackay,Mackay - Isaac - Whitsunday,Outer Regional,Whitsunday,Dawson,State-controlled,No Roadway Feature,No traffic control,100 - 110 km/h,Sealed - Dry,Clear,Daylight,Curved - view open,Grade,201,Vehs Opposite Approach: Head On,02: Head-on,E,2,1,0,0,3,1,0,1,0,0,0,0
75457,75457,Fatal,2015,March,Thursday,10,Head-on,Multi-Vehicle,153.046482121541,-26.7553894414304,Frizzo Rd,,,Palmview,Sunshine Coast Region,4553,Sippy Downs,Sunshine Coast,North Coast,SEQ North,North Coast,Landsborough,Sunshine Coast Hinterland,Sunshine Coast,Inner Regional,Caloundra,Fisher,Locally-controlled,No Roadway Feature,No traffic control,80 - 90 km/h,Sealed - Dry,Clear,Daylight,Straight,Grade,201,Vehs Opposite Approach: Head On,02: Head-on,N,2,1,0,0,3,2,0,0,0,0,0,0
75458,75458,Fatal,2015,March,Saturday,17,Angle,Multi-Vehicle,153.010739038836,-27.4453504433268,Herston Rd,,,Kelvin Grove,Brisbane City,4059,Brisbane City,North Brisbane,Brisbane,SEQ North,Metropolitan,Kelvin Grove - Herston,Brisbane Inner - North,Brisbane Inner City,Major Cities,Mcconnel,Brisbane,Locally-controlled,No Roadway Feature,No traffic control,0 - 50 km/h,Sealed - Dry,Clear,Daylight,Straight,Level,506,Vehs Overtaking: Overtake-Right Turn,09: Overtaking Same Direction,E,1,0,0,0,1,1,2,0,0,0,0,0
75461,75461,Fatal,2013,March,Sunday,8,Head-on,Multi-Vehicle,148.989793007818,-21.0379793059755,Yakapari - Seaforth Rd,,Yakapari - Seaforth Road,Kuttabul,Mackay Region,4741,Seaforth,Mackay,Central,Central,Central Queensland,Seaforth - Calen,Mackay,Mackay - Isaac - Whitsunday,Outer Regional,Whitsunday,Dawson,State-controlled,No Roadway Feature,No traffic control,100 - 110 km/h,Sealed - Dry,Clear,Daylight,Curved - view obscured,Level,201,Vehs Opposite Approach: Head On,02: Head-on,N,1,2,0,0,3,2,0,0,0,0,0,0
75847,75847,Fatal,2010,January,Thursday,8,Angle,Multi-Vehicle,150.327206305033,-28.5324280157668,Cunningham Hwy,Leichhardt Hwy,Cunningham Highway (Inglewood - Goondiwindi),Goondiwindi,Goondiwindi Region,4390,Goondiwindi,Darling Downs,Southern,Southern,Southern Queensland,Goondiwindi,Darling Downs (west) - Maranoa,Darling Downs - Maranoa,Outer Regional,Southern Downs,Maranoa,State-controlled,Intersection - T-Junction,No traffic control,80 - 90 km/h,Sealed - Dry,Clear,Daylight,Straight,Level,202,Vehs Opposite Approach: Thru-Right,03: Opposing Vehicles Turning,S,1,1,0,0,2,1,0,1,0,0,0,0
75849,75849,Fatal,2010,January,Friday,20,Hit object,Single Vehicle,150.473481134244,-25.4388499125443,Rockybar Rd,,,Eidsvold West,North Burnett Region,4627,Eidsvold,Wide Bay Burnett,North Coast,Southern,Southern Queensland,Monto - Eidsvold,Burnett,Wide Bay,Remote,Callide,Flynn,Locally-controlled,No Roadway Feature,No traffic control,100 - 110 km/h,Unsealed - Dry,Clear,Darkness - Not lighted,Curved - view obscured,Level,800,Off Path-Curve: Other,21: Other,N,1,0,0,0,1,1,0,0,0,0,0,0
75850,75850,Fatal,2010,January,Saturday,1,Hit pedestrian,Hit pedestrian,153.090751412826,-26.6521429010553,Ocean St,,,Maroochydore,Sunshine Coast Region,4558,Maroochydore,Sunshine Coast,North Coast,SEQ North,North Coast,Maroochydore - Kuluin,Maroochy,Sunshine Coast,Major Cities,Maroochydore,Fairfax,Locally-controlled,No Roadway Feature,No traffic control,0 - 50 km/h,Sealed - Dry,Clear,Darkness - Lighted,Straight,Level,004,Pedn: Play; Work; Stand; Lie On Cway,12: Pedestrian,E,1,0,1,0,2,1,0,0,0,0,1,0
75851,75851,Fatal,2010,January,Saturday,17,Fall from vehicle,Single Vehicle,146.140857835704,-19.7102117300285,Mirrambeena Rd,,,Basalt,Charters Towers Region,4820,Ravenswood,Townsville,Northern,Northern,North Queensland,Dalrymple,Charters Towers - Ayr - Ingham,Townsville,Remote,Traeger,Kennedy,Locally-controlled,No Roadway Feature,No traffic control,100 - 110 km/h,Unsealed - Dry,Clear,Daylight,Curved - view open,Grade,901,Pass & Misc: Fell In/From Vehicle,21: Other,W,1,0,0,0,1,1,0,0,0,0,0,0
75931,75931,Fatal,2011,September,Tuesday,14,Rear-end,Multi-Vehicle,153.015017695086,-27.5427599575259,Muriel Ave,,,Moorooka,Brisbane City,4105,Moorooka,South Brisbane,Brisbane,SEQ South,Metropolitan,Moorooka,Nathan,Brisbane - South,Major Cities,Toohey,Moreton,Locally-controlled,No Roadway Feature,No traffic control,60 km/h,Sealed - Dry,Clear,Daylight,Curved - view open,Level,505,Vehs Overtaking: Pulling Out Rear End,09: Overtaking Same Direction,W,1,1,0,0,2,2,0,1,0,0,0,0
76144,76144,Fatal,2011,September,Tuesday,15,Sideswipe,Multi-Vehicle,153.110279085469,-26.8230031433866,Pelican Waters Blvd,,,Pelican Waters,Sunshine Coast Region,4551,Caloundra,Sunshine Coast,North Coast,SEQ North,North Coast,Golden Beach - Pelican Waters,Caloundra,Sunshine Coast,Major Cities,Caloundra,Fisher,Locally-controlled,No Roadway Feature,No traffic control,60 km/h,Sealed - Dry,Clear,Daylight,Curved - view open,Level,305,Vehs Same Direction: Lane Side Swipe,05: Lane Change,W,1,0,0,0,1,1,0,0,0,1,0,0
76145,76145,Fatal,2011,September,Wednesday,13,Fall from vehicle,Single Vehicle,141.21268140865,-17.8846464593377,Gulf Developmental Rd,,Gulf Developmental Road (Normanton - Croydon),Normanton,Carpentaria Shire,4890,Normanton,Mount Isa,Northern,Northern,North Queensland,Carpentaria,Outback - North,Queensland - Outback,Very Remote,Traeger,Kennedy,State-controlled,No Roadway Feature,No traffic control,100 - 110 km/h,Sealed - Dry,Clear,Daylight,Straight,Level,503,Vehs Overtaking: Pulling Out,09: Overtaking Same Direction,E,1,1,0,0,2,0,2,0,0,0,0,0
76147,76147,Fatal,2011,September,Saturday,18,Hit object,Single Vehicle,150.412113355542,-27.1257156174468,Bennett School Rd,,,Tara,Western Downs Region,4421,Tara,South West,Southern,Southern,Southern Queensland,Tara,Darling Downs (west) - Maranoa,Darling Downs - Maranoa,Outer Regional,Warrego,Maranoa,Locally-controlled,No Roadway Feature,No traffic control,100 - 110 km/h,Sealed - Dry,Clear,Dawn/Dusk,Straight,Level,700,Off Path-Straight: Other,21: Other,S,4,1,0,0,5,1,0,0,0,0,0,0
76539,76539,Fatal,2009,November,Thursday,11,Angle,Multi-Vehicle,152.630259462214,-27.5698552844221,Claus Rd,Warrego Hwy,Warrego Highway (Ipswich - Toowoomba),Haigslea,Ipswich City,4306,Marburg,Ipswich,Southern,SEQ South,Metropolitan,Rosewood,Ipswich Hinterland,Ipswich,Inner Regional,Ipswich West,Blair,State-controlled,Intersection - Cross,Give way sign,100 - 110 km/h,Sealed - Dry,Clear,Daylight,Straight,Grade,101,Vehs Adjacent Approach: Thru-Thru,01: Intersection: Adjacent Approach,W,1,0,0,0,1,1,0,1,0,0,0,0
76546,76546,Fatal,2009,November,Friday,11,Overturned,Single Vehicle,149.531843172296,-22.146535359432,Bruce Hwy,,Bruce Highway (St Lawrence - Mackay),St Lawrence,Isaac Region,4707,Saint Lawrence,Mackay,Central,Central,Central Queensland,Broadsound - Nebo,Bowen Basin - North,Mackay - Isaac - Whitsunday,Remote,Mirani,Capricornia,State-controlled,No Roadway Feature,No traffic control,100 - 110 km/h,Sealed - Dry,Clear,Daylight,Straight,Level,701,Off Path-Straight: Left Off Cway,15: Off Carriageway on Straight,S,1,2,0,0,3,1,0,0,0,0,0,0
76912,76912,Fatal,2011,September,Sunday,13,Hit object,Single Vehicle,153.095589881356,-27.6063274261254,Beenleigh Rd,,,Kuraby,Brisbane City,4112,Upper Mount Gravatt,South Brisbane,Brisbane,SEQ South,Metropolitan,Kuraby,Sunnybank,Brisbane - South,Major Cities,Stretton,Moreton,Locally-controlled,No Roadway Feature,No traffic control,60 km/h,Sealed - Dry,Clear,Daylight,Curved - view open,Grade,000,Pedn: Hit Other,21: Other,E,1,2,0,0,3,1,0,0,0,0,1,0
76913,76913,Fatal,2011,September,Saturday,14,Sideswipe,Multi-Vehicle,145.427493856518,-17.0274070268552,Kennedy Hwy,,Kennedy Highway (Mareeba - Ravenshoe),Mareeba,Mareeba Shire,4880,Mareeba,Far North,Far Northern,Northern,North Queensland,Mareeba,Tablelands (east) - Kuranda,Cairns,Outer Regional,Cook,Kennedy,State-controlled,No Roadway Feature,No traffic control,100 - 110 km/h,Sealed - Dry,Clear,Daylight,Straight,Level,305,Vehs Same Direction: Lane Side Swipe,05: Lane Change,S,1,0,1,0,2,1,0,0,0,1,0,0
77120,77120,Fatal,2011,September,Saturday,22,Hit pedestrian,Hit pedestrian,153.43769371793,-28.0600424953631,Chairlift Ave,Gold Coast Hwy,Gold Coast Highway (Broadbeach - Coolangatta),Mermaid Beach,Gold Coast City,4218,Broadbeach,Gold Coast,South Eastern,SEQ South,South Coast,Mermaid Beach - Broadbeach,Broadbeach - Burleigh,Gold Coast,Major Cities,Mermaid Beach,Moncrieff,State-controlled,Intersection - Cross,Operating traffic lights,60 km/h,Sealed - Dry,Clear,Darkness - Lighted,Straight,Level,003,Pedn: Far Side Vehicle Hit From Left,12: Pedestrian,W,1,0,0,0,1,0,0,0,1,0,1,0
77633,77633,Fatal,2011,August,Saturday,21,Overturned,Single Vehicle,152.048348843096,-26.6340782791642,Bullcamp Rd,,,Bullcamp,South Burnett Region,4615,Nanango,Darling Downs,Southern,Southern,Southern Queensland,Nanango,Burnett,Wide Bay,Inner Regional,Nanango,Maranoa,Locally-controlled,No Roadway Feature,No traffic control,80 - 90 km/h,Unsealed - Dry,Clear,Darkness - Not lighted,Straight,Grade,705,Off Path-Straight: Out Of Control On Cway,17: Out of Control on Straight,S,1,0,1,0,2,1,0,0,0,0,0,0
77777,77777,Fatal,2009,July,Thursday,19,Hit pedestrian,Hit pedestrian,150.503007969293,-23.3680519713044,Lion Creek Rd,,,Wandal,Rockhampton Region,4700,Rockhampton,Capricornia,Central,Central,Central Queensland,Rockhampton - West,Rockhampton,Central Queensland,Inner Regional,Rockhampton,Capricornia,Locally-controlled,No Roadway Feature,No traffic control,60 km/h,Sealed - Dry,Clear,Darkness - Not lighted,Straight,Level,003,Pedn: Far Side Vehicle Hit From Left,12: Pedestrian,N,1,1,0,0,2,1,0,0,0,0,2,0
77778,77778,Fatal,2009,July,Thursday,15,Angle,Multi-Vehicle,153.117345595773,-27.4741046332717,Gateway Art Rd Ramp S,Wynnum Rd,Gateway Motorway (Eight Mile Plains - Nudgee),Tingalpa,Brisbane City,4173,Wynnum,South Brisbane,Brisbane,SEQ South,Metropolitan,Tingalpa,Wynnum - Manly,Brisbane - East,Major Cities,Chatsworth,Bonner,State-controlled,Intersection - Interchange,Operating traffic lights,70 km/h,Sealed - Dry,Clear,Daylight,Straight,Level,101,Vehs Adjacent Approach: Thru-Thru,01: Intersection: Adjacent Approach,W,1,0,1,0,2,1,1,0,0,0,0,0
77779,77779,Fatal,2009,July,Sunday,0,Hit pedestrian,Hit pedestrian,152.919414617287,-26.8476335214347,Kilcoy - Beerwah Rd,,,Beerwah,Sunshine Coast Region,4519,Beerwah,Sunshine Coast,North Coast,SEQ North,North Coast,Beerwah,Sunshine Coast Hinterland,Sunshine Coast,Inner Regional,Glass House,Fisher,Locally-controlled,No Roadway Feature,No traffic control,0 - 50 km/h,Sealed - Dry,Clear,Darkness - Not lighted,Straight,Level,000,Pedn: Hit Other,21: Other,E,1,0,0,0,1,0,0,0,1,0,1,0
77780,77780,Fatal,2009,July,Saturday,1,Hit object,Single Vehicle,151.272470179949,-23.8735105271117,Gladstone - Benaraby Rd,,Gladstone - Benaraby Road,South Gladstone,Gladstone Region,4680,Gladstone,Capricornia,Central,Central,Central Queensland,Gladstone,Gladstone,Central Queensland,Inner Regional,Gladstone,Flynn,State-controlled,No Roadway Feature,No traffic control,60 km/h,Sealed - Dry,Clear,Darkness - Lighted,Straight,Grade,708,Off Path-Straight: Mounts Traffic Island,16: Off Carriageway on Straight Hit Object,N,2,0,0,0,2,1,0,0,0,0,0,0
77781,77781,Fatal,2009,July,Wednesday,16,Hit object,Single Vehicle,152.931659033306,-27.0780998484939,Caboolture Connection Rd,Smiths Rd,Caboolture Connection Road,Caboolture,Moreton Bay Region,4510,Caboolture,Moreton,North Coast,SEQ North,North Coast,Caboolture,Caboolture,Moreton Bay - North,Major Cities,Morayfield,Longman,State-controlled,Intersection - T-Junction,Operating traffic lights,60 km/h,Sealed - Dry,Clear,Daylight,Straight,Level,708,Off Path-Straight: Mounts Traffic Island,16: Off Carriageway on Straight Hit Object,N,1,0,0,0,1,1,0,0,0,0,0,0
77825,77825,Fatal,2009,August,Thursday,17,Angle,Multi-Vehicle,150.12053017345,-28.1573135514138,Goodar Rd,Kondar Rd,,Billa Billa,Goondiwindi Region,4390,Goondiwindi,Darling Downs,Southern,Southern,Southern Queensland,Inglewood - Waggamba,Darling Downs (west) - Maranoa,Darling Downs - Maranoa,Outer Regional,Southern Downs,Maranoa,Locally-controlled,Intersection - Cross,Give way sign,100 - 110 km/h,Sealed - Dry,Clear,Daylight,Straight,Level,101,Vehs Adjacent Approach: Thru-Thru,01: Intersection: Adjacent Approach,E,1,1,0,0,2,1,0,1,0,0,0,0
77827,77827,Fatal,2009,August,Friday,11,Hit object,Single Vehicle,153.030831090988,-27.6723492771355,Mt Lindesay Hwy Serv Rd,,,Hillcrest,Logan City,4118,Browns Plains,Logan,South Eastern,SEQ South,South Coast,Hillcrest,Browns Plains,Logan - Beaudesert,Major Cities,Algester,Rankin,Locally-controlled,No Roadway Feature,No traffic control,60 km/h,Sealed - Dry,Clear,Daylight,Straight,Level,400,Vehs Manoeuvring: Other,21: Other,S,1,0,0,0,1,0,1,0,0,0,0,0
78404,78404,Fatal,2014,July,Tuesday,6,Overturned,Single Vehicle,152.008476056392,-28.1863703505588,Warwick - Allora Rd,,Warwick - Allora Road,Rosehill,Southern Downs Region,4370,Warwick,Darling Downs,Southern,Southern,Southern Queensland,Warwick,Granite Belt,Darling Downs - Maranoa,Inner Regional,Southern Downs,Maranoa,State-controlled,No Roadway Feature,No traffic control,60 km/h,Sealed - Dry,Clear,Dawn/Dusk,Curved - view open,Level,801,Off Path-Curve: Off Cway Right Bend,18: Off Carriageway on Curve,S,1,0,0,0,1,1,0,0,0,0,0,0
78405,78405,Fatal,2014,July,Sunday,12,Hit object,Single Vehicle,150.488426404972,-26.6211371963422,Cameby Rd,,,Cameby,Western Downs Region,4413,Chinchilla,South West,Southern,Southern,Southern Queensland,Chinchilla,Darling Downs (west) - Maranoa,Darling Downs - Maranoa,Outer Regional,Callide,Maranoa,Locally-controlled,No Roadway Feature,No traffic control,100 - 110 km/h,Unsealed - Dry,Clear,Daylight,Straight,Level,703,Off Path-Straight: Left Off Cway Hit Obj,16: Off Carriageway on Straight Hit Object,N,1,1,0,0,2,1,0,0,0,0,0,0
78520,78520,Fatal,2009,August,Monday,7,Hit parked vehicle,Single Vehicle,151.902970716441,-27.6003829638248,Gore Hwy,,Toowoomba - Athol Road,Drayton,Toowoomba Region,4350,Drayton,Darling Downs,Southern,Southern,Southern Queensland,Drayton - Harristown,Toowoomba,Toowoomba,Inner Regional,Condamine,Groom,State-controlled,No Roadway Feature,No traffic control,80 - 90 km/h,Sealed - Dry,Clear,Daylight,Straight,Grade,608,Vehs On Path: Accident Or Broken Down,10: Hit Parked Vehicle,E,1,0,0,0,1,1,0,1,0,0,0,0