_id,Crash_Ref_Number,Crash_Severity,Crash_Year,Crash_Month,Crash_Day_Of_Week,Crash_Hour,Crash_Nature,Crash_Type,Crash_Longitude,Crash_Latitude,Crash_Street,Crash_Street_Intersecting,State_Road_Name,Loc_Suburb,Loc_Local_Government_Area,Loc_Post_Code,Loc_Police_Division,Loc_Police_District,Loc_Police_Region,Loc_Queensland_Transport_Region,Loc_Main_Roads_Region,Loc_ABS_Statistical_Area_2,Loc_ABS_Statistical_Area_3,Loc_ABS_Statistical_Area_4,Loc_ABS_Remoteness,Loc_State_Electorate,Loc_Federal_Electorate,Crash_Controlling_Authority,Crash_Roadway_Feature,Crash_Traffic_Control,Crash_Speed_Limit,Crash_Road_Surface_Condition,Crash_Atmospheric_Condition,Crash_Lighting_Condition,Crash_Road_Horiz_Align,Crash_Road_Vert_Align,Crash_DCA_Code,Crash_DCA_Description,Crash_DCA_Group_Description,DCA_Key_Approach_Dir,Count_Casualty_Fatality,Count_Casualty_Hospitalised,Count_Casualty_MedicallyTreated,Count_Casualty_MinorInjury,Count_Casualty_Total,Count_Unit_Car,Count_Unit_Motorcycle_Moped,Count_Unit_Truck,Count_Unit_Bus,Count_Unit_Bicycle,Count_Unit_Pedestrian,Count_Unit_Other
85356,85356,Fatal,2015,March,Thursday,17,Angle,Multi-Vehicle,152.458778414951,-24.8152703673972,Grimwood St,Whalley St,,Bargara,Bundaberg Region,4670,Bargara,Wide Bay Burnett,North Coast,Southern,Southern Queensland,Bargara - Burnett Heads,Bundaberg,Wide Bay,Inner Regional,Burnett,Hinkler,Locally-controlled,Intersection - Cross,Stop sign,0 - 50 km/h,Sealed - Dry,Clear,Daylight,Straight,Level,102,Vehs Adjacent Approach: Right-Thru,01: Intersection: Adjacent Approach,S,1,0,0,0,1,1,0,0,0,1,0,0
85357,85357,Fatal,2015,March,Friday,4,Head-on,Multi-Vehicle,148.06275710132,-22.0491269522298,Moranbah Access Rd,,,Moranbah,Isaac Region,4744,Moranbah,Mackay,Central,Central,Central Queensland,Moranbah,Bowen Basin - North,Mackay - Isaac - Whitsunday,Outer Regional,Burdekin,Capricornia,Locally-controlled,No Roadway Feature,No traffic control,100 - 110 km/h,Sealed - Dry,Clear,Darkness - Not lighted,Straight,Level,201,Vehs Opposite Approach: Head On,02: Head-on,N,1,1,0,0,2,2,0,0,0,0,0,0
85358,85358,Fatal,2015,March,Sunday,4,Hit pedestrian,Hit pedestrian,152.981501037893,-27.4777295406512,Western Arterial Rd,,Western Arterial Road (Toowong - Everton Park),Mount Coot-tha,Brisbane City,4066,Indooroopilly,North Brisbane,Brisbane,SEQ North,Metropolitan,Toowong,Brisbane Inner - West,Brisbane Inner City,Major Cities,Maiwar,Ryan,State-controlled,No Roadway Feature,No traffic control,60 km/h,Sealed - Dry,Clear,Darkness - Lighted,Curved - view obscured,Level,004,Pedn: Play; Work; Stand; Lie On Cway,12: Pedestrian,E,1,0,0,0,1,1,0,0,0,0,1,0
85359,85359,Fatal,2015,March,Tuesday,16,Head-on,Multi-Vehicle,152.00107519119,-27.0835843411792,Pierce Ck Rd,,,Emu Creek,Toowoomba Region,4355,Crows Nest,Darling Downs,Southern,Southern,Southern Queensland,Crows Nest - Rosalie,Darling Downs - East,Darling Downs - Maranoa,Inner Regional,Nanango,Maranoa,Locally-controlled,No Roadway Feature,No traffic control,100 - 110 km/h,Sealed - Dry,Clear,Daylight,Curved - view open,Grade,201,Vehs Opposite Approach: Head On,02: Head-on,N,1,0,1,0,2,1,1,0,0,0,0,0
85729,85729,Fatal,2006,September,Friday,14,Angle,Multi-Vehicle,153.178544460176,-27.0790578303108,First Ave,,,Bongaree,Moreton Bay Region,4507,Bribie Island,Moreton,North Coast,SEQ North,North Coast,Bribie Island,Bribie - Beachmere,Moreton Bay - North,Inner Regional,Pumicestone,Longman,Locally-controlled,No Roadway Feature,No traffic control,70 km/h,Sealed - Dry,Clear,Daylight,Straight,Level,401,Vehs Manoeuvring: Leaving Parking,08: Vehicle Leaving Driveway,E,1,0,0,0,1,2,0,0,0,0,0,0
85752,85752,Fatal,2008,August,Saturday,1,Hit object,Single Vehicle,139.485763207339,-20.7095332440845,Barkly Hwy,,Barkly Highway (Mount Isa - Camooweal),Mount Isa,Mount Isa City,4825,Mount Isa,Mount Isa,Northern,Northern,North Queensland,Mount Isa,Outback - North,Queensland - Outback,Remote,Traeger,Kennedy,State-controlled,No Roadway Feature,No traffic control,60 km/h,Sealed - Dry,Clear,Darkness - Lighted,Straight,Level,708,Off Path-Straight: Mounts Traffic Island,16: Off Carriageway on Straight Hit Object,N,1,1,0,0,2,1,0,0,0,0,0,0
85902,85902,Fatal,2008,March,Saturday,22,Angle,Multi-Vehicle,153.411841533073,-28.011348484345,Ashmore Rd,Southport - Burleigh Rd,Southport - Burleigh Road,Bundall,Gold Coast City,4217,Broadbeach,Gold Coast,South Eastern,SEQ South,South Coast,Bundall,Surfers Paradise,Gold Coast,Major Cities,Surfers Paradise,Moncrieff,State-controlled,Intersection - Cross,Operating traffic lights,70 km/h,Sealed - Dry,Clear,Darkness - Lighted,Straight,Level,101,Vehs Adjacent Approach: Thru-Thru,01: Intersection: Adjacent Approach,N,1,1,2,0,4,2,0,0,0,0,0,0
86066,86066,Fatal,2008,August,Sunday,20,Hit object,Single Vehicle,146.748619429881,-19.2670940300063,Bruce Hwy,Mather St,North Townsville Road,Mount Louisa,Townsville City,4814,Townsville,Townsville,Northern,Northern,North Queensland,Mount Louisa,Townsville,Townsville,Outer Regional,Townsville,Herbert,State-controlled,Intersection - Roundabout,No traffic control,80 - 90 km/h,Sealed - Dry,Clear,Darkness - Lighted,Straight,Level,708,Off Path-Straight: Mounts Traffic Island,16: Off Carriageway on Straight Hit Object,E,1,0,0,0,1,0,1,0,0,0,0,0
86139,86139,Fatal,2008,August,Saturday,11,Hit object,Single Vehicle,147.062704547868,-19.3750687676164,Goodsell Rd,,,Cape Cleveland,Townsville City,4810,Giru,Townsville,Northern,Northern,North Queensland,Townsville - South,Townsville,Townsville,Outer Regional,Burdekin,Dawson,Locally-controlled,No Roadway Feature,No traffic control,100 - 110 km/h,Sealed - Dry,Clear,Daylight,Curved - view open,Level,804,Off Path-Curve: Off Cway Lt Bend Hit Obj,19: Off Carriageway on Curve Hit Object,W,1,0,0,0,1,0,1,0,0,0,0,0
86240,86240,Fatal,2007,March,Wednesday,22,Hit object,Single Vehicle,150.281325588385,-23.9547816052255,Burnett Hwy,,Burnett Highway (Biloela - Mount Morgan),Dixalea,Banana Shire,4702,Wowan,Capricornia,Central,Central,Central Queensland,Banana,Biloela,Central Queensland,Outer Regional,Callide,Flynn,State-controlled,Bridge/Causeway,No traffic control,100 - 110 km/h,Sealed - Dry,Clear,Darkness - Not lighted,Straight,Grade,704,Off Path-Straight: Right Off Cway Hit Obj,16: Off Carriageway on Straight Hit Object,N,1,0,0,0,1,1,0,0,0,0,0,0
86319,86319,Fatal,2007,June,Friday,10,Angle,Multi-Vehicle,153.407158693811,-28.0482427481574,Markeri St,Southport - Burleigh Rd,Southport - Burleigh Road,Mermaid Waters,Gold Coast City,4218,Broadbeach,Gold Coast,South Eastern,SEQ South,South Coast,Mermaid Waters,Broadbeach - Burleigh,Gold Coast,Major Cities,Mermaid Beach,Mcpherson,State-controlled,Intersection - Cross,Operating traffic lights,80 - 90 km/h,Sealed - Dry,Clear,Daylight,Straight,Level,202,Vehs Opposite Approach: Thru-Right,03: Opposing Vehicles Turning,N,1,1,0,0,2,2,0,0,0,0,0,0
86320,86320,Fatal,2007,June,Friday,21,Head-on,Multi-Vehicle,145.053611581359,-17.7211264841545,Kennedy Hwy,,Kennedy Highway (Mount Garnet - The Lynd),Mount Garnet,Tablelands Region,4872,Mount Garnet,Far North,Far Northern,Northern,North Queensland,Herberton,Tablelands (east) - Kuranda,Cairns,Remote,Hill,Kennedy,State-controlled,No Roadway Feature,No traffic control,100 - 110 km/h,Sealed - Dry,Clear,Darkness - Not lighted,Straight,Level,201,Vehs Opposite Approach: Head On,02: Head-on,N,4,4,0,0,8,2,0,0,0,0,0,0
86380,86380,Fatal,2008,February,Monday,5,Head-on,Multi-Vehicle,146.462423469591,-19.0978298353392,Bruce Hwy,,Bruce Highway (Townsville - Ingham),Clemant,Townsville City,4816,Rollingstone,Townsville,Northern,Northern,North Queensland,Northern Beaches,Townsville,Townsville,Outer Regional,Hinchinbrook,Kennedy,State-controlled,No Roadway Feature,No traffic control,100 - 110 km/h,Sealed - Wet,Raining,Darkness - Not lighted,Straight,Level,201,Vehs Opposite Approach: Head On,02: Head-on,S,1,2,0,0,3,2,0,0,0,0,0,0
86418,86418,Fatal,2008,February,Friday,9,Angle,Multi-Vehicle,153.125612548557,-26.7295868101848,Tandem Ave,,,Warana,Sunshine Coast Region,4575,Kawana Waters,Sunshine Coast,North Coast,SEQ North,North Coast,Parrearra - Warana,Caloundra,Sunshine Coast,Major Cities,Kawana,Fisher,Locally-controlled,No Roadway Feature,No traffic control,0 - 50 km/h,Sealed - Dry,Clear,Daylight,Straight,Level,202,Vehs Opposite Approach: Thru-Right,03: Opposing Vehicles Turning,S,1,0,0,0,1,0,1,1,0,0,0,0
86424,86424,Fatal,2008,February,Saturday,12,Rear-end,Multi-Vehicle,153.472873101964,-28.137808594564,Pacific Hwy,,Pacific Highway (Pacific Motorway),Currumbin,Gold Coast City,4223,Coolangatta,Gold Coast,South Eastern,SEQ South,South Coast,Currumbin - Tugun,Coolangatta,Gold Coast,Major Cities,Currumbin,Mcpherson,State-controlled,No Roadway Feature,No traffic control,100 - 110 km/h,Sealed - Dry,Clear,Daylight,Straight,Level,301,Vehs Same Direction: Rear End,04: Rear-end,S,1,0,3,0,4,5,0,0,0,0,0,0
86425,86425,Fatal,2008,February,Saturday,15,Hit object,Single Vehicle,151.952521511529,-25.4415421793469,Gooroolba - Biggenden Rd,,Gooroolba - Biggenden Road,Coringa,North Burnett Region,4621,Biggenden,Wide Bay Burnett,North Coast,Southern,Southern Queensland,Gayndah - Mundubbera,Burnett,Wide Bay,Outer Regional,Callide,Flynn,State-controlled,No Roadway Feature,No traffic control,100 - 110 km/h,Sealed - Dry,Clear,Daylight,Curved - view obscured,Grade,803,Off Path-Curve: Off Cway Rt Bend Hit Obj,19: Off Carriageway on Curve Hit Object,S,2,0,0,0,2,0,1,0,0,0,0,0
86528,86528,Fatal,2008,April,Sunday,17,Hit object,Single Vehicle,148.743732171863,-20.2763839719918,Proserpine - Shute Harbour Rd,,Proserpine - Shute Harbour Road,Flametree,Whitsunday Region,4802,Whitsunday,Mackay,Central,Central,Central Queensland,Airlie - Whitsundays,Whitsunday,Mackay - Isaac - Whitsunday,Outer Regional,Whitsunday,Dawson,State-controlled,No Roadway Feature,No traffic control,80 - 90 km/h,Sealed - Dry,Clear,Daylight,Curved - view open,Crest,803,Off Path-Curve: Off Cway Rt Bend Hit Obj,19: Off Carriageway on Curve Hit Object,S,1,0,0,0,1,0,1,0,0,0,0,0
86732,86732,Fatal,2006,December,Monday,20,Hit object,Single Vehicle,153.00082342652,-26.3986681629914,Cooroy - Noosa Rd,,Cooroy - Noosa Road,Tewantin,Noosa Shire,4565,Noosa Heads,Sunshine Coast,North Coast,SEQ North,North Coast,Tewantin,Noosa,Sunshine Coast,Major Cities,Noosa,Wide Bay,State-controlled,No Roadway Feature,No traffic control,100 - 110 km/h,Sealed - Dry,Clear,Darkness - Not lighted,Straight,Level,703,Off Path-Straight: Left Off Cway Hit Obj,16: Off Carriageway on Straight Hit Object,E,1,0,0,0,1,1,0,0,0,0,0,0
86883,86883,Fatal,2008,February,Saturday,12,Head-on,Multi-Vehicle,152.106269725644,-27.8022394970012,Gatton - Clifton Rd,,Gatton - Clifton Road,West Haldon,Toowoomba Region,4359,Clifton,Darling Downs,Southern,Southern,Southern Queensland,Clifton - Greenmount,Granite Belt,Darling Downs - Maranoa,Inner Regional,Condamine,Groom,State-controlled,Bridge/Causeway,Give way sign,100 - 110 km/h,Sealed - Dry,Clear,Daylight,Curved - view open,Dip,201,Vehs Opposite Approach: Head On,02: Head-on,E,1,0,0,0,1,2,0,0,0,0,0,0
86934,86934,Fatal,2007,April,Sunday,1,Hit object,Single Vehicle,153.023111612825,-27.6644393192982,Whitcomb St,,,Hillcrest,Logan City,4118,Browns Plains,Logan,South Eastern,SEQ South,South Coast,Hillcrest,Browns Plains,Logan - Beaudesert,Major Cities,Algester,Rankin,Locally-controlled,No Roadway Feature,No traffic control,0 - 50 km/h,Sealed - Dry,Clear,Darkness - Not lighted,Curved - view open,Level,803,Off Path-Curve: Off Cway Rt Bend Hit Obj,19: Off Carriageway on Curve Hit Object,N,1,0,0,0,1,0,1,0,0,0,0,0
86936,86936,Fatal,2007,May,Wednesday,13,Hit parked vehicle,Single Vehicle,152.988023204511,-27.1967116010791,Bruce Hwy,,Bruce Highway (Brisbane - Gympie),Narangba,Moreton Bay Region,4504,Burpengary,Moreton,North Coast,SEQ North,North Coast,Deception Bay,Narangba - Burpengary,Moreton Bay - North,Major Cities,Bancroft,Petrie,State-controlled,No Roadway Feature,No traffic control,100 - 110 km/h,Sealed - Dry,Clear,Daylight,Straight,Level,608,Vehs On Path: Accident Or Broken Down,10: Hit Parked Vehicle,N,1,3,0,0,4,1,0,0,0,0,0,1
86941,86941,Fatal,2007,June,Wednesday,17,Hit pedestrian,Hit pedestrian,153.026561895028,-27.4700189931098,Elizabeth St,,,Brisbane City,Brisbane City,4000,Brisbane City,North Brisbane,Brisbane,SEQ North,Metropolitan,Brisbane City,Brisbane Inner,Brisbane Inner City,Major Cities,Mcconnel,Brisbane,Locally-controlled,No Roadway Feature,No traffic control,0 - 50 km/h,Sealed - Dry,Clear,Darkness - Lighted,Straight,Level,001,Pedn: Near Side Vehicle Hit From Right,12: Pedestrian,E,1,2,0,0,3,1,0,0,0,0,3,0
86942,86942,Fatal,2007,June,Thursday,12,Hit object,Single Vehicle,149.896230815702,-24.3037742509544,Moura - Baralaba Rd,,,Baralaba,Banana Shire,4702,Baralaba,Capricornia,Central,Central,Central Queensland,Banana,Biloela,Central Queensland,Outer Regional,Callide,Flynn,Locally-controlled,No Roadway Feature,No traffic control,100 - 110 km/h,Sealed - Dry,Clear,Daylight,Curved - view open,Level,804,Off Path-Curve: Off Cway Lt Bend Hit Obj,19: Off Carriageway on Curve Hit Object,S,1,0,0,0,1,1,0,0,0,0,0,0
86947,86947,Fatal,2007,July,Monday,8,Angle,Multi-Vehicle,150.502966325325,-23.3772307783766,Bruce Hwy,Cambridge St,Bruce Highway (Rockhampton - St Lawrence),Rockhampton City,Rockhampton Region,4700,Rockhampton,Capricornia,Central,Central,Central Queensland,Rockhampton City,Rockhampton,Central Queensland,Inner Regional,Rockhampton,Capricornia,State-controlled,Intersection - Cross,Stop sign,60 km/h,Sealed - Dry,Clear,Daylight,Straight,Level,101,Vehs Adjacent Approach: Thru-Thru,01: Intersection: Adjacent Approach,W,1,0,0,0,1,2,0,0,0,0,0,0
86948,86948,Fatal,2007,July,Monday,6,Head-on,Multi-Vehicle,153.320240194309,-27.9167037042831,Entertainment Rd,,,Oxenford,Gold Coast City,4210,Coomera,Gold Coast,South Eastern,SEQ South,South Coast,Oxenford - Maudsland,Ormeau - Oxenford,Gold Coast,Major Cities,Theodore,Fadden,Locally-controlled,No Roadway Feature,No traffic control,60 km/h,Sealed - Dry,Clear,Darkness - Not lighted,Straight,Level,201,Vehs Opposite Approach: Head On,02: Head-on,S,1,1,0,1,3,1,1,0,0,0,0,0
86951,86951,Fatal,2007,July,Thursday,1,Hit object,Single Vehicle,151.786437671497,-26.7345888848229,Kumbia - Brooklands Rd,,,Brooklands,South Burnett Region,4615,Nanango,Darling Downs,Southern,Southern,Southern Queensland,Nanango,Burnett,Wide Bay,Outer Regional,Nanango,Maranoa,Locally-controlled,No Roadway Feature,No traffic control,100 - 110 km/h,Sealed - Dry,Clear,Darkness - Not lighted,Curved - view obscured,Level,804,Off Path-Curve: Off Cway Lt Bend Hit Obj,19: Off Carriageway on Curve Hit Object,W,1,0,0,0,1,1,0,0,0,0,0,0
87240,87240,Fatal,2008,April,Saturday,14,Overturned,Single Vehicle,149.277835406635,-26.8616258988499,Yuleba - Surat Rd,,,Warkon,Maranoa Region,4417,Yuleba,South West,Southern,Southern,Southern Queensland,Roma Region,Darling Downs (west) - Maranoa,Darling Downs - Maranoa,Remote,Warrego,Maranoa,Locally-controlled,No Roadway Feature,No traffic control,100 - 110 km/h,Unsealed - Dry,Clear,Daylight,Straight,Dip,701,Off Path-Straight: Left Off Cway,15: Off Carriageway on Straight,N,1,0,1,0,2,1,0,0,0,0,0,0
87242,87242,Fatal,2008,April,Sunday,3,Hit object,Single Vehicle,153.408699521577,-28.1105016268027,Old Coach Rd,,,Reedy Creek,Gold Coast City,4227,Robina,Gold Coast,South Eastern,SEQ South,South Coast,Reedy Creek - Andrews,Mudgeeraba - Tallebudgera,Gold Coast,Major Cities,Burleigh,Mcpherson,Locally-controlled,No Roadway Feature,No traffic control,60 km/h,Sealed - Wet,Clear,Darkness - Not lighted,Curved - view open,Grade,803,Off Path-Curve: Off Cway Rt Bend Hit Obj,19: Off Carriageway on Curve Hit Object,S,1,1,0,0,2,1,0,0,0,0,0,0
87329,87329,Fatal,2008,March,Thursday,7,Sideswipe,Multi-Vehicle,152.73274619246,-25.4628179936998,Maryborough - Hervey Bay Rd,,Maryborough - Hervey Bay Road,Dundathu,Fraser Coast Region,4650,Maryborough,Wide Bay Burnett,North Coast,Southern,Southern Queensland,Burrum - Fraser,Maryborough,Wide Bay,Inner Regional,Maryborough,Hinkler,State-controlled,No Roadway Feature,No traffic control,80 - 90 km/h,Sealed - Wet,Raining,Daylight,Curved - view open,Level,201,Vehs Opposite Approach: Head On,02: Head-on,N,1,0,0,0,1,1,0,1,0,0,0,0
87343,87343,Fatal,2006,December,Monday,16,Sideswipe,Multi-Vehicle,151.855638582091,-25.8276488831754,Burnett Hwy,,Burnett Highway (Goomeri - Gayndah),Booubyjan,Gympie Region,4601,Goomeri,Wide Bay Burnett,North Coast,Southern,Southern Queensland,Kilkivan,Gympie - Cooloola,Wide Bay,Outer Regional,Nanango,Wide Bay,State-controlled,No Roadway Feature,No traffic control,100 - 110 km/h,Sealed - Dry,Clear,Daylight,Curved - view open,Level,201,Vehs Opposite Approach: Head On,02: Head-on,N,1,0,0,1,2,1,0,1,0,0,0,0
87344,87344,Fatal,2006,December,Monday,16,Angle,Multi-Vehicle,150.508321453747,-23.4347694253354,Bruce Hwy,Burnett Hwy,Burnett Highway (Mount Morgan - Rockhampton),Gracemere,Rockhampton Region,4702,Gracemere,Capricornia,Central,Central,Central Queensland,Bouldercombe,Rockhampton,Central Queensland,Inner Regional,Rockhampton,Flynn,State-controlled,Intersection - T-Junction,Give way sign,100 - 110 km/h,Sealed - Dry,Clear,Daylight,Curved - view open,Level,107,Vehs Adjacent Approach: Thru-Left,01: Intersection: Adjacent Approach,E,1,0,1,0,2,1,0,1,0,0,0,0
87345,87345,Fatal,2006,December,Wednesday,20,Hit object,Single Vehicle,153.018230413315,-27.2762876617398,Bruce Hwy,Bruce Hwy Ramp Db,Bruce Highway (Brisbane - Gympie),Griffin,Moreton Bay Region,4503,Mango Hill North Lakes,Moreton,North Coast,SEQ North,North Coast,Murrumba Downs - Griffin,North Lakes,Moreton Bay - South,Major Cities,Murrumba,Petrie,State-controlled,Intersection - Interchange,No traffic control,100 - 110 km/h,Sealed - Dry,Clear,Darkness - Lighted,Curved - view open,Level,804,Off Path-Curve: Off Cway Lt Bend Hit Obj,19: Off Carriageway on Curve Hit Object,S,1,0,0,0,1,0,1,0,0,0,0,0
87346,87346,Fatal,2006,December,Thursday,7,Rear-end,Multi-Vehicle,153.014852389988,-27.7728129473228,Mt Lindesay Hwy,,Mount Lindesay Highway (Brisbane - Beaudesert),North Maclean,Logan City,4280,Jimboomba,Logan,South Eastern,SEQ South,South Coast,Greenbank,Jimboomba,Logan - Beaudesert,Major Cities,Logan,Forde,State-controlled,No Roadway Feature,No traffic control,80 - 90 km/h,Sealed - Dry,Clear,Daylight,Straight,Level,303,Vehs Same Direction: Right Rear,04: Rear-end,N,1,0,0,0,1,1,1,0,0,0,0,0
87347,87347,Fatal,2006,December,Thursday,10,Angle,Multi-Vehicle,150.522735248086,-23.3627491590417,Elphinstone St,Rockhampton - Yeppoon Rd,Rockhampton - Yeppoon Road,Berserker,Rockhampton Region,4701,North Rockhampton,Capricornia,Central,Central,Central Queensland,Berserker,Rockhampton,Central Queensland,Inner Regional,Rockhampton,Capricornia,State-controlled,Intersection - Cross,Operating traffic lights,60 km/h,Sealed - Dry,Clear,Daylight,Straight,Level,202,Vehs Opposite Approach: Thru-Right,03: Opposing Vehicles Turning,S,1,0,0,0,1,1,0,1,0,0,0,0
87348,87348,Fatal,2006,December,Friday,14,Hit object,Single Vehicle,142.859383985542,-13.3166776664406,Peninsula Developmental Rd,,Peninsula Developmental Road (Coen - Weipa),Archer River,Cook Shire,4892,Coen,Far North,Far Northern,Northern,North Queensland,Cape York,Far North,Queensland - Outback,Very Remote,Cook,Leichhardt,State-controlled,No Roadway Feature,No traffic control,100 - 110 km/h,Sealed - Dry,Clear,Daylight,Straight,Level,703,Off Path-Straight: Left Off Cway Hit Obj,16: Off Carriageway on Straight Hit Object,N,1,1,0,0,2,1,0,0,0,0,0,0
87349,87349,Fatal,2006,December,Saturday,9,Head-on,Multi-Vehicle,151.506593054532,-24.2671484343153,Bruce Hwy,,Bruce Highway (Gin Gin - Benaraby),Bororen,Gladstone Region,4678,Miriam Vale,Capricornia,Central,Central,Central Queensland,Agnes Water - Miriam Vale,Gladstone,Central Queensland,Outer Regional,Burnett,Flynn,State-controlled,No Roadway Feature,No traffic control,100 - 110 km/h,Sealed - Dry,Clear,Daylight,Straight,Level,201,Vehs Opposite Approach: Head On,02: Head-on,S,1,0,0,0,1,1,0,1,0,0,0,0
87350,87350,Fatal,2006,December,Monday,21,Hit object,Single Vehicle,153.248426235565,-27.6792381151312,Beenleigh - Redland Bay Rd,,Beenleigh - Redland Bay Road,Carbrook,Logan City,4130,Loganholme,Logan,South Eastern,SEQ South,South Coast,Cornubia - Carbrook,Loganlea - Carbrook,Logan - Beaudesert,Major Cities,Macalister,Forde,State-controlled,No Roadway Feature,No traffic control,80 - 90 km/h,Sealed - Dry,Clear,Darkness - Not lighted,Curved - view open,Level,803,Off Path-Curve: Off Cway Rt Bend Hit Obj,19: Off Carriageway on Curve Hit Object,E,1,0,0,0,1,1,0,0,0,0,0,0
87351,87351,Fatal,2006,December,Thursday,13,Overturned,Single Vehicle,150.45739743866,-23.3843539783271,Nine Mile Rd,,,Fairy Bower,Rockhampton Region,4700,Gracemere,Capricornia,Central,Central,Central Queensland,Rockhampton - West,Rockhampton,Central Queensland,Inner Regional,Rockhampton,Capricornia,Locally-controlled,No Roadway Feature,No traffic control,100 - 110 km/h,Sealed - Dry,Clear,Daylight,Curved - view open,Level,805,Off Path-Curve: Out Of Control On Cway,20: Out of Control on Curve,E,1,2,0,0,3,1,0,0,0,0,0,0
87352,87352,Fatal,2007,January,Tuesday,12,Hit object,Single Vehicle,153.035302324579,-27.6164732481439,Algester Rd,,,Algester,Brisbane City,4115,Calamvale,South Brisbane,Brisbane,SEQ South,Metropolitan,Algester,Rocklea - Acacia Ridge,Brisbane - South,Major Cities,Algester,Rankin,Locally-controlled,No Roadway Feature,No traffic control,60 km/h,Sealed - Dry,Clear,Daylight,Curved - view obscured,Grade,601,Vehs On Path: Parked,10: Hit Parked Vehicle,S,1,1,0,0,2,3,0,0,0,0,1,0
87353,87353,Fatal,2007,February,Monday,16,Angle,Multi-Vehicle,151.891941703591,-24.2241923155907,Bicentennial Dr,,,Agnes Water,Gladstone Region,4677,Agnes Water,Capricornia,Central,Central,Central Queensland,Agnes Water - Miriam Vale,Gladstone,Central Queensland,Outer Regional,Burnett,Flynn,Locally-controlled,No Roadway Feature,No traffic control,60 km/h,Sealed - Dry,Clear,Daylight,Curved - view open,Level,202,Vehs Opposite Approach: Thru-Right,03: Opposing Vehicles Turning,E,1,0,0,0,1,0,1,0,1,0,0,0
87354,87354,Fatal,2007,February,Thursday,15,Hit object,Single Vehicle,153.267630650929,-27.8085835100957,Pacific Hwy,,Pacific Highway (Pacific Motorway),Pimpama,Gold Coast City,4209,Coomera,Gold Coast,South Eastern,SEQ South,South Coast,Pimpama,Ormeau - Oxenford,Gold Coast,Major Cities,Coomera,Forde,State-controlled,No Roadway Feature,No traffic control,100 - 110 km/h,Sealed - Dry,Clear,Daylight,Straight,Level,703,Off Path-Straight: Left Off Cway Hit Obj,16: Off Carriageway on Straight Hit Object,N,1,0,1,0,2,1,0,0,0,0,0,0
87369,87369,Fatal,2008,February,Friday,10,Fall from vehicle,Single Vehicle,152.975966056171,-27.2893561086056,Gerard St,Sparkes Rd,,Bray Park,Moreton Bay Region,4500,Petrie,Moreton,North Coast,SEQ North,North Coast,Bray Park,Strathpine,Moreton Bay - South,Major Cities,Pine Rivers,Dickson,Locally-controlled,Intersection - T-Junction,Give way sign,60 km/h,Sealed - Dry,Clear,Daylight,Straight,Level,107,Vehs Adjacent Approach: Thru-Left,01: Intersection: Adjacent Approach,S,1,0,0,0,1,2,1,0,0,0,0,0
87370,87370,Fatal,2008,January,Wednesday,9,Hit pedestrian,Hit pedestrian,153.269514800814,-27.5262930600598,Wynyard St,,,Cleveland,Redland City,4163,Cleveland,South Brisbane,Brisbane,SEQ South,Metropolitan,Cleveland,Cleveland - Stradbroke,Brisbane - East,Major Cities,Oodgeroo,Bowman,Locally-controlled,No Roadway Feature,Pedestrian crossing sign,0 - 50 km/h,Sealed - Dry,Clear,Daylight,Straight,Grade,003,Pedn: Far Side Vehicle Hit From Left,12: Pedestrian,S,1,0,0,0,1,1,0,0,0,0,1,0
87394,87394,Fatal,2007,July,Friday,4,Hit object,Single Vehicle,149.203854889311,-21.0943372305347,Keeleys Rd,,,Mackay Harbour,Mackay Region,4740,Mackay Northern Beaches,Mackay,Central,Central,Central Queensland,Andergrove - Beaconsfield,Mackay,Mackay - Isaac - Whitsunday,Inner Regional,Mackay,Dawson,Locally-controlled,No Roadway Feature,No traffic control,80 - 90 km/h,Sealed - Dry,Clear,Darkness - Not lighted,Curved - view open,Level,803,Off Path-Curve: Off Cway Rt Bend Hit Obj,19: Off Carriageway on Curve Hit Object,E,1,1,1,0,3,1,0,0,0,0,0,0
87395,87395,Fatal,2007,July,Friday,10,Fall from vehicle,Single Vehicle,152.371421727494,-24.9068876555937,Elverys Rd,,,Woongarra,Bundaberg Region,4670,Bundaberg,Wide Bay Burnett,North Coast,Southern,Southern Queensland,Bargara - Burnett Heads,Bundaberg,Wide Bay,Inner Regional,Burnett,Hinkler,Locally-controlled,No Roadway Feature,No traffic control,100 - 110 km/h,Sealed - Dry,Clear,Daylight,Straight,Level,705,Off Path-Straight: Out Of Control On Cway,17: Out of Control on Straight,E,1,0,0,0,1,0,1,0,0,0,0,0
87551,87551,Fatal,2008,April,Tuesday,10,Hit object,Single Vehicle,152.22522293581,-24.8867908171827,Raines Rd,,,Sharon,Bundaberg Region,4670,South Kolan,Wide Bay Burnett,North Coast,Southern,Southern Queensland,Bundaberg Region - North,Bundaberg,Wide Bay,Inner Regional,Burnett,Flynn,Locally-controlled,No Roadway Feature,No traffic control,100 - 110 km/h,Unsealed - Dry,Clear,Daylight,Curved - view open,Level,804,Off Path-Curve: Off Cway Lt Bend Hit Obj,19: Off Carriageway on Curve Hit Object,N,2,3,0,0,5,1,0,0,0,0,0,0