_id,Crash_Ref_Number,Crash_Severity,Crash_Year,Crash_Month,Crash_Day_Of_Week,Crash_Hour,Crash_Nature,Crash_Type,Crash_Longitude,Crash_Latitude,Crash_Street,Crash_Street_Intersecting,State_Road_Name,Loc_Suburb,Loc_Local_Government_Area,Loc_Post_Code,Loc_Police_Division,Loc_Police_District,Loc_Police_Region,Loc_Queensland_Transport_Region,Loc_Main_Roads_Region,Loc_ABS_Statistical_Area_2,Loc_ABS_Statistical_Area_3,Loc_ABS_Statistical_Area_4,Loc_ABS_Remoteness,Loc_State_Electorate,Loc_Federal_Electorate,Crash_Controlling_Authority,Crash_Roadway_Feature,Crash_Traffic_Control,Crash_Speed_Limit,Crash_Road_Surface_Condition,Crash_Atmospheric_Condition,Crash_Lighting_Condition,Crash_Road_Horiz_Align,Crash_Road_Vert_Align,Crash_DCA_Code,Crash_DCA_Description,Crash_DCA_Group_Description,DCA_Key_Approach_Dir,Count_Casualty_Fatality,Count_Casualty_Hospitalised,Count_Casualty_MedicallyTreated,Count_Casualty_MinorInjury,Count_Casualty_Total,Count_Unit_Car,Count_Unit_Motorcycle_Moped,Count_Unit_Truck,Count_Unit_Bus,Count_Unit_Bicycle,Count_Unit_Pedestrian,Count_Unit_Other
89133,89133,Fatal,2002,March,Thursday,6,Angle,Multi-Vehicle,148.229296903317,-20.0446485228659,Bruce Hwy,,Bruce Highway (Proserpine - Bowen),Bowen,Whitsunday Region,4805,Bowen,Mackay,Central,Central,Central Queensland,Bowen,Bowen Basin - North,Mackay - Isaac - Whitsunday,Outer Regional,Burdekin,Dawson,State-controlled,No Roadway Feature,No traffic control,80 - 90 km/h,Sealed - Dry,Clear,Daylight,Straight,Level,406,Vehs Manoeuvring: Leaving Driveway,08: Vehicle Leaving Driveway,N,2,3,1,0,6,1,0,1,0,0,0,0
89135,89135,Fatal,2002,March,Thursday,17,Angle,Multi-Vehicle,152.98951656986,-27.4473436552143,Bryant St,Jubilee Tce,Western Arterial Road (Toowong - Everton Park),Ashgrove,Brisbane City,4060,The Gap,North Brisbane,Brisbane,SEQ North,Metropolitan,Ashgrove,Brisbane Inner - West,Brisbane Inner City,Major Cities,Cooper,Brisbane,State-controlled,Intersection - T-Junction,No traffic control,60 km/h,Sealed - Dry,Clear,Daylight,Curved - view obscured,Grade,202,Vehs Opposite Approach: Thru-Right,03: Opposing Vehicles Turning,N,1,0,1,0,2,1,2,0,0,0,0,0
89136,89136,Fatal,2002,March,Thursday,19,Overturned,Single Vehicle,153.381461999005,-28.0221665083358,Nielsens Rd,,,Carrara,Gold Coast City,4211,Nerang,Gold Coast,South Eastern,SEQ South,South Coast,Carrara,Nerang,Gold Coast,Major Cities,Gaven,Moncrieff,Locally-controlled,No Roadway Feature,No traffic control,60 km/h,Sealed - Dry,Clear,Darkness - Lighted,Curved - view open,Level,805,Off Path-Curve: Out Of Control On Cway,20: Out of Control on Curve,E,1,0,0,0,1,1,0,0,0,0,0,0
89139,89139,Fatal,2002,March,Wednesday,16,Angle,Multi-Vehicle,152.881797944272,-25.2859083070865,Ann St,Truro St,,Torquay,Fraser Coast Region,4655,Hervey Bay,Wide Bay Burnett,North Coast,Southern,Southern Queensland,Torquay - Scarness - Kawungan,Hervey Bay,Wide Bay,Inner Regional,Hervey Bay,Hinkler,Locally-controlled,Intersection - Cross,Stop sign,60 km/h,Sealed - Dry,Clear,Daylight,Straight,Level,101,Vehs Adjacent Approach: Thru-Thru,01: Intersection: Adjacent Approach,S,1,0,0,1,2,2,0,0,0,0,0,0
89140,89140,Fatal,2002,March,Saturday,17,Hit object,Single Vehicle,152.775682636616,-25.35192039706,Maryborough - Hervey Bay Rd,,Maryborough - Hervey Bay Road,Walligan,Fraser Coast Region,4655,Hervey Bay,Wide Bay Burnett,North Coast,Southern,Southern Queensland,Booral - River Heads,Hervey Bay,Wide Bay,Inner Regional,Maryborough,Hinkler,State-controlled,No Roadway Feature,No traffic control,100 - 110 km/h,Sealed - Dry,Clear,Daylight,Curved - view open,Level,201,Vehs Opposite Approach: Head On,02: Head-on,S,1,1,2,1,5,2,0,0,0,0,0,0
89153,89153,Fatal,2001,November,Saturday,22,Overturned,Single Vehicle,151.598359449037,-27.9813569707592,Aerodrome Rd,,,Leyburn,Toowoomba Region,4365,Leyburn,Darling Downs,Southern,Southern,Southern Queensland,Southern Downs - West,Granite Belt,Darling Downs - Maranoa,Inner Regional,Condamine,Maranoa,Locally-controlled,No Roadway Feature,No traffic control,100 - 110 km/h,Sealed - Wet,Raining,Darkness - Not lighted,Straight,Grade,702,Off Path-Straight: Right Off Cway,15: Off Carriageway on Straight,E,1,0,0,0,1,0,0,0,0,1,0,0
89156,89156,Fatal,2001,November,Tuesday,12,Hit pedestrian,Hit pedestrian,145.704529959733,-16.8854691609748,Brinsmead - Kamerunga Rd,Stratford Connection Rd,Cairns Western Arterial Road,Redlynch,Cairns Region,4870,Cairns,Far North,Far Northern,Northern,North Queensland,Freshwater - Stratford,Cairns - North,Cairns,Outer Regional,Barron River,Leichhardt,State-controlled,Intersection - T-Junction,No traffic control,80 - 90 km/h,Sealed - Dry,Clear,Daylight,Curved - view open,Level,003,Pedn: Far Side Vehicle Hit From Left,12: Pedestrian,W,1,0,0,0,1,0,0,1,0,0,1,0
89351,89351,Fatal,2002,April,Thursday,16,Hit object,Single Vehicle,145.563186809364,-19.2978559504931,Gregory Developmental Rd,,Gregory Developmental Road (Charters Towers - The Lynd),Basalt,Charters Towers Region,4820,Greenvale,Townsville,Northern,Northern,North Queensland,Dalrymple,Charters Towers - Ayr - Ingham,Townsville,Remote,Traeger,Kennedy,State-controlled,No Roadway Feature,No traffic control,100 - 110 km/h,Sealed - Dry,Clear,Daylight,Curved - view obscured,Grade,803,Off Path-Curve: Off Cway Rt Bend Hit Obj,19: Off Carriageway on Curve Hit Object,N,1,1,0,0,2,0,0,1,0,0,0,0
89580,89580,Fatal,2001,November,Thursday,22,Hit object,Single Vehicle,153.070271044652,-27.4912692816693,Dorothy La,Old Cleveland Rd,,Camp Hill,Brisbane City,4152,Carina,South Brisbane,Brisbane,SEQ South,Metropolitan,Camp Hill,Carindale,Brisbane - South,Major Cities,Bulimba,Griffith,Locally-controlled,Intersection - T-Junction,No traffic control,60 km/h,Sealed - Dry,Clear,Darkness - Lighted,Straight,Grade,700,Off Path-Straight: Other,21: Other,E,1,0,0,0,1,1,0,0,0,0,0,0
89592,89592,Fatal,2001,December,Saturday,23,Hit pedestrian,Hit pedestrian,145.461805816583,-16.9974759959771,Kennedy Hwy,,Kennedy Highway (Cairns - Mareeba),Mareeba,Mareeba Shire,4880,Mareeba,Far North,Far Northern,Northern,North Queensland,Mareeba,Tablelands (east) - Kuranda,Cairns,Outer Regional,Cook,Kennedy,State-controlled,No Roadway Feature,No traffic control,100 - 110 km/h,Sealed - Dry,Clear,Darkness - Not lighted,Straight,Grade,004,Pedn: Play; Work; Stand; Lie On Cway,12: Pedestrian,W,1,0,0,0,1,0,0,0,1,0,1,0
90344,90344,Fatal,2002,January,Wednesday,13,Head-on,Multi-Vehicle,153.078485856296,-26.4897058435202,Emu Mountain Rd,,Emu Mountain Road,Peregian Beach,Sunshine Coast Region,4573,Coolum,Sunshine Coast,North Coast,SEQ North,North Coast,Peregian Springs,Noosa,Sunshine Coast,Major Cities,Ninderry,Fairfax,State-controlled,No Roadway Feature,No traffic control,100 - 110 km/h,Unknown,Unknown,Daylight,Straight,Level,201,Vehs Opposite Approach: Head On,02: Head-on,N,1,4,0,0,5,2,0,0,0,0,0,0
90625,90625,Fatal,2002,April,Monday,17,Hit pedestrian,Hit pedestrian,153.126208650368,-27.619584860314,Pacific Hwy,,Pacific Highway (Pacific Motorway),Slacks Creek,Logan City,4127,Springwood,Logan,South Eastern,SEQ South,South Coast,Springwood,Springwood - Kingston,Logan - Beaudesert,Major Cities,Springwood,Rankin,State-controlled,No Roadway Feature,No traffic control,100 - 110 km/h,Sealed - Dry,Clear,Daylight,Straight,Level,003,Pedn: Far Side Vehicle Hit From Left,12: Pedestrian,S,1,0,0,0,1,2,0,0,0,0,1,0
90626,90626,Fatal,2002,April,Wednesday,10,Angle,Multi-Vehicle,152.827933090934,-25.3071291388914,Andersen Ave,Christensen St,,Urraween,Fraser Coast Region,4655,Hervey Bay,Wide Bay Burnett,North Coast,Southern,Southern Queensland,Pialba - Eli Waters,Hervey Bay,Wide Bay,Inner Regional,Hervey Bay,Hinkler,Locally-controlled,Intersection - T-Junction,No traffic control,60 km/h,Sealed - Dry,Clear,Daylight,Curved - view open,Level,104,Vehs Adjacent Approach: Thru-Right,01: Intersection: Adjacent Approach,E,1,0,0,1,2,1,1,0,0,0,0,0
90633,90633,Fatal,2002,April,Monday,17,Head-on,Multi-Vehicle,151.15279528186,-27.2286719020288,Moonie Hwy,,Moonie Highway (Dalby - St George),Nandi,Western Downs Region,4405,Dalby,South West,Southern,Southern,Southern Queensland,Wambo,Darling Downs - East,Darling Downs - Maranoa,Inner Regional,Warrego,Maranoa,State-controlled,No Roadway Feature,No traffic control,100 - 110 km/h,Sealed - Dry,Clear,Dawn/Dusk,Straight,Level,201,Vehs Opposite Approach: Head On,02: Head-on,S,1,1,0,0,2,1,0,1,0,0,0,0
90649,90649,Fatal,2002,April,Wednesday,16,Hit object,Single Vehicle,150.570298659071,-23.2850473186996,Rockhampton - Yeppoon Rd,,Rockhampton - Yeppoon Road,Limestone Creek,Rockhampton Region,4701,North Rockhampton,Capricornia,Central,Central,Central Queensland,Norman Gardens,Rockhampton,Central Queensland,Inner Regional,Keppel,Capricornia,State-controlled,No Roadway Feature,No traffic control,100 - 110 km/h,Sealed - Wet,Clear,Daylight,Curved - view open,Level,800,Off Path-Curve: Other,21: Other,E,1,2,0,0,3,1,0,0,0,0,0,0
90683,90683,Fatal,2002,April,Monday,21,Overturned,Single Vehicle,144.902470421406,-28.1435023566157,Bulloo Development Rd,,Bulloo Developmental Road (Cunnamulla - Thargomindah),Eulo,Paroo Shire,4491,Eulo,South West,Southern,Southern,Southern Queensland,Far South West,Outback - South,Queensland - Outback,Very Remote,Warrego,Maranoa,State-controlled,No Roadway Feature,No traffic control,100 - 110 km/h,Sealed - Dry,Clear,Darkness - Not lighted,Curved - view open,Level,805,Off Path-Curve: Out Of Control On Cway,20: Out of Control on Curve,W,1,1,0,0,2,1,0,0,0,0,0,0
90695,90695,Fatal,2002,June,Sunday,10,Hit object,Single Vehicle,153.457893079485,-28.1465082951024,Galleon Way,,,Currumbin Waters,Gold Coast City,4223,Palm Beach,Gold Coast,South Eastern,SEQ South,South Coast,Currumbin Waters,Coolangatta,Gold Coast,Major Cities,Currumbin,Mcpherson,Locally-controlled,No Roadway Feature,No traffic control,60 km/h,Sealed - Dry,Clear,Daylight,Curved - view open,Crest,804,Off Path-Curve: Off Cway Lt Bend Hit Obj,19: Off Carriageway on Curve Hit Object,S,1,0,0,0,1,1,0,0,0,0,0,0
90851,90851,Fatal,2002,January,Thursday,12,Head-on,Multi-Vehicle,153.338856295451,-27.7831770261236,Pimpama - Jacobs Well Rd,,,Jacobs Well,Gold Coast City,4208,Coomera,Gold Coast,South Eastern,SEQ South,South Coast,Jacobs Well - Alberton,Ormeau - Oxenford,Gold Coast,Major Cities,Coomera,Fadden,Locally-controlled,No Roadway Feature,No traffic control,80 - 90 km/h,Sealed - Dry,Clear,Daylight,Straight,Level,201,Vehs Opposite Approach: Head On,02: Head-on,W,1,0,0,0,1,1,0,1,0,0,0,0
90852,90852,Fatal,2002,January,Thursday,8,Hit pedestrian,Hit pedestrian,153.02441147586,-27.5048709641694,Fairfield Rd,,,Fairfield,Brisbane City,4103,Annerley,South Brisbane,Brisbane,SEQ South,Metropolitan,Fairfield - Dutton Park,Holland Park - Yeronga,Brisbane - South,Major Cities,Miller,Moreton,Locally-controlled,No Roadway Feature,No traffic control,60 km/h,Sealed - Dry,Clear,Daylight,Straight,Level,001,Pedn: Near Side Vehicle Hit From Right,12: Pedestrian,N,1,0,0,0,1,1,0,0,0,0,1,0
90854,90854,Fatal,2002,January,Sunday,5,Hit object,Single Vehicle,146.150290843447,-18.6938117331528,Bruce Hwy,,Bruce Highway (Townsville - Ingham),Toobanna,Hinchinbrook Shire,4850,Ingham,Townsville,Northern,Northern,North Queensland,Ingham Region,Charters Towers - Ayr - Ingham,Townsville,Outer Regional,Hinchinbrook,Kennedy,State-controlled,No Roadway Feature,No traffic control,100 - 110 km/h,Sealed - Dry,Clear,Darkness - Not lighted,Straight,Level,704,Off Path-Straight: Right Off Cway Hit Obj,16: Off Carriageway on Straight Hit Object,N,1,2,0,0,3,1,0,0,0,0,0,0
90855,90855,Fatal,2002,January,Monday,11,Sideswipe,Multi-Vehicle,153.249082399731,-28.0905767934315,Nerang - Murwillumbah Rd,,Nerang - Murwillumbah Road,Advancetown,Gold Coast City,4211,Nerang,Gold Coast,South Eastern,SEQ South,South Coast,Guanaba - Springbrook,Gold Coast Hinterland,Gold Coast,Inner Regional,Mudgeeraba,Wright,State-controlled,No Roadway Feature,No traffic control,100 - 110 km/h,Sealed - Dry,Clear,Daylight,Straight,Grade,308,Vehs Same Direction: Right Turn S/Swipe,06: Parallel Lanes Turning,S,1,1,0,0,2,0,2,0,0,0,0,0
91095,91095,Fatal,2002,April,Thursday,11,Head-on,Multi-Vehicle,151.581783720985,-27.7385937982905,Gore Hwy,,Gore Highway (Toowoomba - Millmerran),Yarranlea,Toowoomba Region,4356,Pittsworth,Darling Downs,Southern,Southern,Southern Queensland,Pittsworth,Darling Downs - East,Darling Downs - Maranoa,Inner Regional,Condamine,Groom,State-controlled,No Roadway Feature,No traffic control,100 - 110 km/h,Sealed - Dry,Clear,Daylight,Straight,Level,201,Vehs Opposite Approach: Head On,02: Head-on,W,1,0,1,0,2,1,0,1,0,0,0,0
91098,91098,Fatal,2002,April,Saturday,10,Head-on,Multi-Vehicle,150.655805135629,-23.6672534616116,Bruce Hwy,,Bruce Highway (Benaraby - Rockhampton),Bajool,Rockhampton Region,4699,Marmor,Capricornia,Central,Central,Central Queensland,Bouldercombe,Rockhampton,Central Queensland,Outer Regional,Mirani,Flynn,State-controlled,No Roadway Feature,No traffic control,100 - 110 km/h,Sealed - Dry,Clear,Daylight,Curved - view obscured,Grade,201,Vehs Opposite Approach: Head On,02: Head-on,N,1,2,0,0,3,2,0,0,0,0,0,0
91104,91104,Fatal,2002,April,Monday,17,Head-on,Multi-Vehicle,152.92307896481,-27.0091392740876,Old Gympie Rd,,,Elimbah,Moreton Bay Region,4516,Caboolture,Moreton,North Coast,SEQ North,North Coast,Elimbah,Caboolture,Moreton Bay - North,Major Cities,Glass House,Longman,Locally-controlled,No Roadway Feature,No traffic control,80 - 90 km/h,Unsealed - Dry,Clear,Dawn/Dusk,Curved - view obscured,Dip,201,Vehs Opposite Approach: Head On,02: Head-on,N,1,0,0,1,2,1,1,0,0,0,0,0
91112,91112,Fatal,2002,April,Saturday,7,Overturned,Single Vehicle,151.643586341312,-25.0811201289242,Gin Gin - Mt Perry Rd,,Gin Gin - Mount Perry Road,Wonbah,Bundaberg Region,4671,Gin Gin,Wide Bay Burnett,North Coast,Southern,Southern Queensland,Gin Gin,Burnett,Wide Bay,Outer Regional,Callide,Flynn,State-controlled,No Roadway Feature,No traffic control,100 - 110 km/h,Sealed - Dry,Clear,Daylight,Curved - view open,Grade,805,Off Path-Curve: Out Of Control On Cway,20: Out of Control on Curve,N,1,1,2,0,4,1,0,0,0,0,0,0
91116,91116,Fatal,2002,April,Monday,7,Head-on,Multi-Vehicle,152.944423976751,-27.0637576756568,Old Gympie Rd,,,Caboolture,Moreton Bay Region,4510,Caboolture,Moreton,North Coast,SEQ North,North Coast,Caboolture,Caboolture,Moreton Bay - North,Major Cities,Pumicestone,Longman,Locally-controlled,No Roadway Feature,No traffic control,80 - 90 km/h,Sealed - Wet,Clear,Daylight,Straight,Level,201,Vehs Opposite Approach: Head On,02: Head-on,N,1,1,0,0,2,2,0,0,0,0,0,0
91119,91119,Fatal,2002,April,Tuesday,12,Head-on,Multi-Vehicle,152.943916004232,-27.02026382926,Beerburrum Rd,,Beerburrum Road,Elimbah,Moreton Bay Region,4516,Caboolture,Moreton,North Coast,SEQ North,North Coast,Elimbah,Caboolture,Moreton Bay - North,Major Cities,Glass House,Longman,State-controlled,No Roadway Feature,No traffic control,80 - 90 km/h,Sealed - Wet,Clear,Daylight,Straight,Level,201,Vehs Opposite Approach: Head On,02: Head-on,S,1,2,0,0,3,2,0,0,0,0,0,0
91123,91123,Fatal,2002,April,Wednesday,17,Fall from vehicle,Single Vehicle,153.018451878194,-27.5468965189032,Railway Tce,,,Rocklea,Brisbane City,4106,Moorooka,South Brisbane,Brisbane,SEQ South,Metropolitan,Rocklea - Acacia Ridge,Rocklea - Acacia Ridge,Brisbane - South,Major Cities,Toohey,Moreton,Locally-controlled,No Roadway Feature,No traffic control,0 - 50 km/h,Sealed - Wet,Clear,Dawn/Dusk,Curved - view open,Level,406,Vehs Manoeuvring: Leaving Driveway,08: Vehicle Leaving Driveway,S,1,0,0,0,1,0,1,1,0,0,0,0
91673,91673,Fatal,2002,January,Monday,14,Hit object,Single Vehicle,152.394985919102,-28.0509931750548,Cunningham Hwy,,Cunningham Highway (Ipswich - Warwick),Tarome,Scenic Rim Region,4309,Boonah,Ipswich,Southern,SEQ South,South Coast,Boonah,Ipswich Hinterland,Ipswich,Inner Regional,Scenic Rim,Wright,State-controlled,No Roadway Feature,No traffic control,70 km/h,Sealed - Dry,Clear,Daylight,Curved - view obscured,Grade,502,Vehs Overtaking: Out Of Control,15: Off Carriageway on Straight,N,1,0,0,0,1,1,0,0,0,0,0,0
91694,91694,Fatal,2002,April,Thursday,23,Hit object,Single Vehicle,152.730223330479,-25.464714492465,Maryborough - Hervey Bay Rd,,Maryborough - Hervey Bay Road,Dundathu,Fraser Coast Region,4650,Maryborough,Wide Bay Burnett,North Coast,Southern,Southern Queensland,Burrum - Fraser,Maryborough,Wide Bay,Inner Regional,Maryborough,Hinkler,State-controlled,No Roadway Feature,No traffic control,80 - 90 km/h,Sealed - Dry,Clear,Darkness - Not lighted,Curved - view open,Level,803,Off Path-Curve: Off Cway Rt Bend Hit Obj,19: Off Carriageway on Curve Hit Object,S,2,0,0,0,2,1,0,0,0,0,0,0
91696,91696,Fatal,2002,April,Saturday,19,Overturned,Single Vehicle,151.097750765271,-26.7660300542597,Jandowae Connection Rd,,Jandowae Connection Road,Jandowae,Western Downs Region,4410,Jandowae,South West,Southern,Southern,Southern Queensland,Wambo,Darling Downs - East,Darling Downs - Maranoa,Outer Regional,Callide,Maranoa,State-controlled,No Roadway Feature,No traffic control,100 - 110 km/h,Sealed - Dry,Clear,Darkness - Not lighted,Curved - view open,Level,805,Off Path-Curve: Out Of Control On Cway,20: Out of Control on Curve,S,1,2,1,0,4,1,0,0,0,0,0,0
91926,91926,Fatal,2002,April,Thursday,0,Hit object,Single Vehicle,150.164734435226,-23.7641305392673,Leichhardt Hwy,,Leichhardt Highway (Westwood - Taroom),Westwood,Banana Shire,4702,Wowan,Capricornia,Central,Central,Central Queensland,Banana,Biloela,Central Queensland,Outer Regional,Callide,Flynn,State-controlled,No Roadway Feature,No traffic control,100 - 110 km/h,Sealed - Dry,Clear,Darkness - Not lighted,Curved - view open,Level,803,Off Path-Curve: Off Cway Rt Bend Hit Obj,19: Off Carriageway on Curve Hit Object,N,1,0,0,0,1,0,0,1,0,0,0,0
91929,91929,Fatal,2002,April,Thursday,10,Angle,Multi-Vehicle,153.103277254509,-27.6300990980869,Bruce Rd,North Rd,,Woodridge,Logan City,4114,Logan Central,Logan,South Eastern,SEQ South,South Coast,Woodridge,Springwood - Kingston,Logan - Beaudesert,Major Cities,Woodridge,Rankin,Locally-controlled,Intersection - Cross,Give way sign,60 km/h,Sealed - Dry,Clear,Daylight,Straight,Grade,101,Vehs Adjacent Approach: Thru-Thru,01: Intersection: Adjacent Approach,N,1,0,2,0,3,2,0,0,0,0,0,0
91936,91936,Fatal,2002,April,Friday,16,Angle,Multi-Vehicle,153.021415105614,-26.6470993830479,Diddillibah Rd,Eudlo Flats Rd,,Diddillibah,Sunshine Coast Region,4559,Maroochydore,Sunshine Coast,North Coast,SEQ North,North Coast,Diddillibah - Rosemount,Nambour,Sunshine Coast,Major Cities,Ninderry,Fairfax,Locally-controlled,Intersection - T-Junction,Give way sign,80 - 90 km/h,Sealed - Dry,Clear,Daylight,Straight,Grade,103,Vehs Adjacent Approach: Left-Thru,01: Intersection: Adjacent Approach,N,1,0,0,0,1,1,1,0,0,0,0,0
91937,91937,Fatal,2002,April,Sunday,13,Fall from vehicle,Single Vehicle,152.803291140567,-27.1286957990908,Brisbane - Woodford Rd,,Brisbane - Woodford Road,Ocean View,Moreton Bay Region,4521,Dayboro,Moreton,North Coast,SEQ North,North Coast,Dayboro,The Hills District,Moreton Bay - South,Inner Regional,Glass House,Dickson,State-controlled,No Roadway Feature,No traffic control,80 - 90 km/h,Sealed - Dry,Clear,Daylight,Curved - view obscured,Dip,201,Vehs Opposite Approach: Head On,02: Head-on,S,1,0,0,0,1,1,1,0,0,0,0,0
92064,92064,Fatal,2002,January,Monday,15,Angle,Multi-Vehicle,153.078469434874,-27.4667424723,Junction Rd,Wynnum Rd,,Morningside,Brisbane City,4170,Morningside,South Brisbane,Brisbane,SEQ South,Metropolitan,Morningside - Seven Hills,Brisbane Inner - East,Brisbane Inner City,Major Cities,Bulimba,Griffith,Locally-controlled,Intersection - T-Junction,Operating traffic lights,60 km/h,Sealed - Dry,Clear,Daylight,Straight,Level,202,Vehs Opposite Approach: Thru-Right,03: Opposing Vehicles Turning,W,1,0,0,0,1,2,0,0,0,0,0,0
92107,92107,Fatal,2002,April,Monday,12,Head-on,Multi-Vehicle,150.670203214939,-23.1837985749235,Rockhampton - Yeppoon Rd,,Rockhampton - Yeppoon Road,Bondoola,Livingstone Shire,4703,Yeppoon,Capricornia,Central,Central,Central Queensland,Rockhampton Region - North,Rockhampton,Central Queensland,Inner Regional,Keppel,Capricornia,State-controlled,No Roadway Feature,No traffic control,100 - 110 km/h,Sealed - Wet,Raining,Daylight,Straight,Grade,201,Vehs Opposite Approach: Head On,02: Head-on,E,1,2,1,0,4,2,0,0,0,0,0,0
92444,92444,Fatal,2008,November,Monday,14,Hit object,Single Vehicle,153.258327219189,-27.6503255399059,German Church Rd,,,Mount Cotton,Redland City,4165,Loganholme,Logan,South Eastern,SEQ South,Metropolitan,Redland Bay,Cleveland - Stradbroke,Brisbane - East,Major Cities,Springwood,Bowman,Locally-controlled,No Roadway Feature,No traffic control,80 - 90 km/h,Unsealed - Dry,Clear,Daylight,Curved - view obscured,Level,805,Off Path-Curve: Out Of Control On Cway,20: Out of Control on Curve,N,1,1,0,0,2,1,0,0,0,0,0,0
92497,92497,Fatal,2007,July,Monday,8,Head-on,Multi-Vehicle,153.233658103328,-27.7327257790578,Stapylton - Jacobs Well Rd,,Stapylton - Jacobs Well Road,Stapylton,Gold Coast City,4207,Coomera,Gold Coast,South Eastern,SEQ South,South Coast,Ormeau - Yatala,Ormeau - Oxenford,Gold Coast,Major Cities,Coomera,Fadden,State-controlled,No Roadway Feature,No traffic control,80 - 90 km/h,Sealed - Dry,Clear,Daylight,Straight,Grade,201,Vehs Opposite Approach: Head On,02: Head-on,W,1,0,0,0,1,0,1,0,0,0,0,1
92499,92499,Fatal,2007,July,Tuesday,11,Hit object,Single Vehicle,152.981126135177,-27.4916715757238,Moggill Rd,,,Taringa,Brisbane City,4068,Indooroopilly,North Brisbane,Brisbane,SEQ North,Metropolitan,Taringa,Sherwood - Indooroopilly,Brisbane - West,Major Cities,Maiwar,Ryan,Locally-controlled,No Roadway Feature,No traffic control,60 km/h,Sealed - Dry,Clear,Daylight,Straight,Grade,000,Pedn: Hit Other,21: Other,E,1,1,0,0,2,0,0,1,0,0,1,0
92689,92689,Fatal,2006,November,Monday,15,Overturned,Single Vehicle,144.71140883486,-16.3288840814191,Peninsula Developmental Rd,,Mulligan Highway (Mount Molloy - Lakeland),Desailly,Mareeba Shire,4871,Mount Molloy,Far North,Far Northern,Northern,North Queensland,Tablelands,Far North,Queensland - Outback,Very Remote,Cook,Leichhardt,State-controlled,No Roadway Feature,No traffic control,100 - 110 km/h,Sealed - Dry,Clear,Daylight,Straight,Grade,705,Off Path-Straight: Out Of Control On Cway,17: Out of Control on Straight,S,1,4,0,0,5,1,0,0,0,0,0,0
92895,92895,Fatal,2006,December,Friday,15,Overturned,Single Vehicle,142.848737603511,-13.2266577460498,Peninsula Developmental Rd,,Peninsula Developmental Road (Coen - Weipa),Archer River,Cook Shire,4892,Coen,Far North,Far Northern,Northern,North Queensland,Cape York,Far North,Queensland - Outback,Very Remote,Cook,Leichhardt,State-controlled,No Roadway Feature,No traffic control,100 - 110 km/h,Unsealed - Dry,Clear,Daylight,Straight,Grade,705,Off Path-Straight: Out Of Control On Cway,17: Out of Control on Straight,S,1,2,0,2,5,1,0,0,0,0,0,0
92900,92900,Fatal,2008,September,Sunday,20,Hit object,Single Vehicle,152.109110510481,-27.3744708559108,Esk - Hampton Rd,,Esk - Hampton Road,Perseverance,Toowoomba Region,4352,Crows Nest,Darling Downs,Southern,Southern,Southern Queensland,Crows Nest - Rosalie,Darling Downs - East,Darling Downs - Maranoa,Inner Regional,Condamine,Maranoa,State-controlled,No Roadway Feature,No traffic control,100 - 110 km/h,Sealed - Wet,Raining,Darkness - Not lighted,Curved - view open,Grade,803,Off Path-Curve: Off Cway Rt Bend Hit Obj,19: Off Carriageway on Curve Hit Object,W,1,0,0,0,1,1,0,0,0,0,0,0
92903,92903,Fatal,2006,December,Friday,23,Hit pedestrian,Hit pedestrian,152.563088252515,-27.4647475049632,Forest Hill - Fernvale Rd,,Forest Hill - Fernvale Road,Lowood,Somerset Region,4311,Lowood,Ipswich,Southern,SEQ North,North Coast,Lowood,Ipswich Hinterland,Ipswich,Inner Regional,Lockyer,Blair,State-controlled,No Roadway Feature,No traffic control,80 - 90 km/h,Sealed - Dry,Clear,Darkness - Not lighted,Straight,Level,005,Pedn: Hit Walking With Traffic,12: Pedestrian,W,1,0,0,0,1,1,0,0,0,0,1,0
92908,92908,Fatal,2006,December,Saturday,6,Overturned,Single Vehicle,150.28899757653,-23.2532332581334,Rockhampton - Ridgelands Rd,,Rockhampton - Ridgelands Road,Ridgelands,Rockhampton Region,4702,Rockhampton,Capricornia,Central,Central,Central Queensland,Rockhampton Region - West,Rockhampton,Central Queensland,Outer Regional,Mirani,Flynn,State-controlled,Bridge/Causeway,No traffic control,100 - 110 km/h,Sealed - Dry,Clear,Dawn/Dusk,Straight,Dip,703,Off Path-Straight: Left Off Cway Hit Obj,16: Off Carriageway on Straight Hit Object,N,1,0,0,0,1,1,0,0,0,0,0,0
93085,93085,Fatal,2007,February,Sunday,9,Hit object,Single Vehicle,152.786517501998,-26.9702159691626,D'Aguilar Hwy,,D'Aguilar Highway (Caboolture - Kilcoy),Woodford,Moreton Bay Region,4514,Woodford,Moreton,North Coast,SEQ North,North Coast,Woodford - Daguilar,Caboolture Hinterland,Moreton Bay - North,Inner Regional,Glass House,Longman,State-controlled,No Roadway Feature,No traffic control,100 - 110 km/h,Sealed - Dry,Clear,Daylight,Curved - view open,Level,803,Off Path-Curve: Off Cway Rt Bend Hit Obj,19: Off Carriageway on Curve Hit Object,W,1,0,0,0,1,0,1,0,0,0,0,0