_id,Crash_Ref_Number,Crash_Severity,Crash_Year,Crash_Month,Crash_Day_Of_Week,Crash_Hour,Crash_Nature,Crash_Type,Crash_Longitude,Crash_Latitude,Crash_Street,Crash_Street_Intersecting,State_Road_Name,Loc_Suburb,Loc_Local_Government_Area,Loc_Post_Code,Loc_Police_Division,Loc_Police_District,Loc_Police_Region,Loc_Queensland_Transport_Region,Loc_Main_Roads_Region,Loc_ABS_Statistical_Area_2,Loc_ABS_Statistical_Area_3,Loc_ABS_Statistical_Area_4,Loc_ABS_Remoteness,Loc_State_Electorate,Loc_Federal_Electorate,Crash_Controlling_Authority,Crash_Roadway_Feature,Crash_Traffic_Control,Crash_Speed_Limit,Crash_Road_Surface_Condition,Crash_Atmospheric_Condition,Crash_Lighting_Condition,Crash_Road_Horiz_Align,Crash_Road_Vert_Align,Crash_DCA_Code,Crash_DCA_Description,Crash_DCA_Group_Description,DCA_Key_Approach_Dir,Count_Casualty_Fatality,Count_Casualty_Hospitalised,Count_Casualty_MedicallyTreated,Count_Casualty_MinorInjury,Count_Casualty_Total,Count_Unit_Car,Count_Unit_Motorcycle_Moped,Count_Unit_Truck,Count_Unit_Bus,Count_Unit_Bicycle,Count_Unit_Pedestrian,Count_Unit_Other
93189,93189,Fatal,2007,August,Tuesday,0,Hit object,Single Vehicle,148.242465430362,-20.0662354741143,Bruce Hwy,,Bruce Highway (Proserpine - Bowen),Bowen,Whitsunday Region,4805,Bowen,Mackay,Central,Central,Central Queensland,Bowen,Bowen Basin - North,Mackay - Isaac - Whitsunday,Outer Regional,Burdekin,Dawson,State-controlled,No Roadway Feature,No traffic control,100 - 110 km/h,Sealed - Dry,Clear,Darkness - Not lighted,Straight,Grade,704,Off Path-Straight: Right Off Cway Hit Obj,16: Off Carriageway on Straight Hit Object,N,1,0,0,0,1,0,0,1,0,0,0,0
93190,93190,Fatal,2007,August,Wednesday,18,Hit object,Single Vehicle,152.835850425312,-27.0064984623614,D'Aguilar Hwy,,D'Aguilar Highway (Caboolture - Kilcoy),Bracalba,Moreton Bay Region,4512,Woodford,Moreton,North Coast,SEQ North,North Coast,Woodford - Daguilar,Caboolture Hinterland,Moreton Bay - North,Inner Regional,Glass House,Longman,State-controlled,No Roadway Feature,No traffic control,100 - 110 km/h,Sealed - Wet,Clear,Darkness - Not lighted,Curved - view open,Grade,201,Vehs Opposite Approach: Head On,02: Head-on,E,1,0,1,0,2,2,0,0,0,0,0,0
93194,93194,Fatal,2007,August,Wednesday,20,Hit object,Single Vehicle,153.410582140205,-27.9804616279742,Southport - Burleigh Rd,,Southport - Burleigh Road,Southport,Gold Coast City,4215,Southport,Gold Coast,South Eastern,SEQ South,South Coast,Southport - South,Southport,Gold Coast,Major Cities,Southport,Moncrieff,State-controlled,No Roadway Feature,No traffic control,60 km/h,Sealed - Wet,Raining,Darkness - Lighted,Curved - view open,Dip,201,Vehs Opposite Approach: Head On,02: Head-on,N,1,1,0,0,2,1,0,0,1,0,0,0
93289,93289,Fatal,2006,December,Monday,12,Angle,Multi-Vehicle,145.431816080508,-17.0105055380103,Kennedy Hwy,Mareeba Connection Rd,Kennedy Highway (Cairns - Mareeba),Mareeba,Mareeba Shire,4880,Mareeba,Far North,Far Northern,Northern,North Queensland,Mareeba,Tablelands (east) - Kuranda,Cairns,Outer Regional,Cook,Kennedy,State-controlled,Intersection - T-Junction,Give way sign,80 - 90 km/h,Sealed - Dry,Clear,Daylight,Straight,Level,202,Vehs Opposite Approach: Thru-Right,03: Opposing Vehicles Turning,S,1,1,0,0,2,1,1,0,0,0,0,0
93291,93291,Fatal,2006,December,Monday,12,Angle,Multi-Vehicle,152.857595588034,-27.6224892074071,Collingwood Dr,Paul Tully Ave,,Collingwood Park,Ipswich City,4301,Goodna,Ipswich,Southern,SEQ South,Metropolitan,Collingwood Park - Redbank,Springfield - Redbank,Ipswich,Major Cities,Bundamba,Oxley,Locally-controlled,Intersection - T-Junction,No traffic control,60 km/h,Sealed - Dry,Clear,Daylight,Straight,Grade,308,Vehs Same Direction: Right Turn S/Swipe,06: Parallel Lanes Turning,S,1,0,0,0,1,1,1,0,0,0,0,0
93426,93426,Fatal,2007,January,Thursday,14,Head-on,Multi-Vehicle,151.823335692288,-26.922642920843,New England Hwy,,New England Highway (Yarraman - Toowoomba),Cooyar,Toowoomba Region,4402,Cooyar,Darling Downs,Southern,Southern,Southern Queensland,Crows Nest - Rosalie,Darling Downs - East,Darling Downs - Maranoa,Outer Regional,Nanango,Maranoa,State-controlled,No Roadway Feature,No traffic control,100 - 110 km/h,Sealed - Dry,Clear,Daylight,Curved - view open,Grade,201,Vehs Opposite Approach: Head On,02: Head-on,N,1,0,0,0,1,1,0,1,0,0,0,0
93541,93541,Fatal,2007,February,Thursday,23,Hit object,Single Vehicle,146.047899267082,-17.5049887726749,Flying Fish Pt Rd,,,Eaton,Cassowary Coast Region,4860,Innisfail,Far North,Far Northern,Northern,North Queensland,Innisfail,Innisfail - Cassowary Coast,Cairns,Outer Regional,Hill,Kennedy,Locally-controlled,No Roadway Feature,No traffic control,80 - 90 km/h,Sealed - Wet,Raining,Darkness - Not lighted,Curved - view open,Level,804,Off Path-Curve: Off Cway Lt Bend Hit Obj,19: Off Carriageway on Curve Hit Object,E,1,2,1,0,4,1,0,0,0,0,0,0
93704,93704,Fatal,2007,February,Thursday,15,Hit pedestrian,Hit pedestrian,152.768171873772,-27.6459763766899,South Whitehill Rd,,,Flinders View,Ipswich City,4305,Yamanto,Ipswich,Southern,SEQ South,Metropolitan,Raceview,Ipswich Inner,Ipswich,Major Cities,Ipswich,Blair,Locally-controlled,No Roadway Feature,No traffic control,60 km/h,Sealed - Dry,Clear,Daylight,Straight,Level,009,Pedn: Hit While Boarding/Alighting,12: Pedestrian,S,1,0,0,0,1,1,0,0,0,0,1,0
93755,93755,Fatal,2007,February,Wednesday,18,Head-on,Multi-Vehicle,153.011635159031,-27.7831144800811,Mt Lindesay Hwy,,Mount Lindesay Highway (Brisbane - Beaudesert),North Maclean,Logan City,4280,Jimboomba,Logan,South Eastern,SEQ South,South Coast,Greenbank,Jimboomba,Logan - Beaudesert,Major Cities,Logan,Forde,State-controlled,No Roadway Feature,No traffic control,80 - 90 km/h,Sealed - Dry,Clear,Darkness - Lighted,Curved - view open,Level,201,Vehs Opposite Approach: Head On,02: Head-on,N,2,3,0,0,5,3,0,0,0,0,0,0
93858,93858,Fatal,2008,June,Thursday,8,Angle,Multi-Vehicle,151.109505142915,-27.0701196787569,Pirrinuan - Apunyal Rd,,,Macalister,Western Downs Region,4406,Dalby,South West,Southern,Southern,Southern Queensland,Wambo,Darling Downs - East,Darling Downs - Maranoa,Outer Regional,Warrego,Maranoa,Locally-controlled,Railway Crossing,Give way sign,80 - 90 km/h,Sealed - Wet,Fog,Daylight,Straight,Level,903,Pass & Misc: Hit Train,11: Train,N,1,1,0,0,2,0,0,0,1,0,0,1
93991,93991,Fatal,2007,July,Monday,17,Head-on,Multi-Vehicle,145.521671558176,-17.5360791357243,Sluice Creek Rd,,,Evelyn,Tablelands Region,4888,Ravenshoe,Far North,Far Northern,Northern,North Queensland,Herberton,Tablelands (east) - Kuranda,Cairns,Outer Regional,Hill,Kennedy,Locally-controlled,No Roadway Feature,No traffic control,80 - 90 km/h,Sealed - Dry,Clear,Daylight,Straight,Grade,201,Vehs Opposite Approach: Head On,02: Head-on,W,1,1,0,0,2,2,0,0,0,0,0,0
94012,94012,Fatal,2007,November,Wednesday,2,Hit object,Single Vehicle,153.406716435222,-28.1072120215748,Pacific Hwy,,Pacific Highway (Pacific Motorway),Reedy Creek,Gold Coast City,4227,Robina,Gold Coast,South Eastern,SEQ South,South Coast,Reedy Creek - Andrews,Mudgeeraba - Tallebudgera,Gold Coast,Major Cities,Mudgeeraba,Mcpherson,State-controlled,No Roadway Feature,No traffic control,100 - 110 km/h,Sealed - Dry,Clear,Darkness - Lighted,Curved - view open,Grade,305,Vehs Same Direction: Lane Side Swipe,05: Lane Change,N,1,0,1,0,2,0,1,1,0,0,0,0
94059,94059,Fatal,2007,August,Thursday,12,Hit object,Single Vehicle,152.931780998083,-27.2477815708533,Brisbane - Woodford Rd,,Brisbane - Woodford Road,Kurwongbah,Moreton Bay Region,4503,Petrie,Moreton,North Coast,SEQ North,North Coast,Dayboro,The Hills District,Moreton Bay - South,Major Cities,Kurwongbah,Dickson,State-controlled,No Roadway Feature,No traffic control,80 - 90 km/h,Sealed - Dry,Clear,Daylight,Curved - view obscured,Crest,803,Off Path-Curve: Off Cway Rt Bend Hit Obj,19: Off Carriageway on Curve Hit Object,E,1,0,1,0,2,0,0,1,0,0,0,0
94160,94160,Fatal,2007,February,Friday,19,Hit object,Single Vehicle,145.412735013591,-16.3672192391909,Mossman - Daintree Rd,,Mossman - Daintree Road,Rocky Point,Douglas Shire,4873,Mossman,Far North,Far Northern,Northern,North Queensland,Daintree,Port Douglas - Daintree,Cairns,Outer Regional,Cook,Leichhardt,State-controlled,No Roadway Feature,No traffic control,100 - 110 km/h,Sealed - Dry,Clear,Darkness - Not lighted,Curved - view obscured,Level,803,Off Path-Curve: Off Cway Rt Bend Hit Obj,19: Off Carriageway on Curve Hit Object,S,1,0,0,0,1,1,0,0,0,0,0,0
94184,94184,Fatal,2006,October,Sunday,7,Hit object,Single Vehicle,145.686519113404,-16.7991464939699,Captain Cook Hwy,Trinity Beach Rd,Captain Cook Highway (Cairns - Mossman),Trinity Beach,Cairns Region,4879,Smithfield,Far North,Far Northern,Northern,North Queensland,Trinity Beach - Smithfield,Cairns - North,Cairns,Outer Regional,Barron River,Leichhardt,State-controlled,Intersection - Roundabout,Give way sign,80 - 90 km/h,Sealed - Dry,Clear,Daylight,Straight,Level,708,Off Path-Straight: Mounts Traffic Island,16: Off Carriageway on Straight Hit Object,S,1,0,0,0,1,0,1,0,0,0,0,0
94204,94204,Fatal,2006,November,Monday,16,Fall from vehicle,Single Vehicle,152.925510985099,-27.404554429468,Mcginn Rd,,,Ferny Grove,Brisbane City,4055,Ferny Grove,North Brisbane,Brisbane,SEQ North,Metropolitan,Upper Kedron - Ferny Grove,The Gap - Enoggera,Brisbane - West,Major Cities,Ferny Grove,Ryan,Locally-controlled,No Roadway Feature,No traffic control,60 km/h,Sealed - Dry,Clear,Daylight,Straight,Grade,900,Pass & Misc: Other,21: Other,E,1,0,0,0,1,0,0,0,0,0,0,1
94205,94205,Fatal,2007,November,Tuesday,18,Head-on,Multi-Vehicle,151.868512666502,-28.752941233499,New England Hwy,,New England Highway (Warwick - Wallangarra),Fletcher,Southern Downs Region,4381,Stanthorpe,Darling Downs,Southern,Southern,Southern Queensland,Stanthorpe Region,Granite Belt,Darling Downs - Maranoa,Outer Regional,Southern Downs,Maranoa,State-controlled,No Roadway Feature,No traffic control,100 - 110 km/h,Sealed - Dry,Clear,Dawn/Dusk,Curved - view open,Grade,201,Vehs Opposite Approach: Head On,02: Head-on,N,1,0,1,0,2,1,0,1,0,0,0,0
94259,94259,Fatal,2007,August,Friday,19,Angle,Multi-Vehicle,153.190796046727,-27.5384123241903,Burke St,Churchill St,,Capalaba,Redland City,4157,Capalaba,South Brisbane,Brisbane,SEQ South,Metropolitan,Capalaba,Capalaba,Brisbane - East,Major Cities,Capalaba,Bowman,Locally-controlled,Intersection - T-Junction,No traffic control,0 - 50 km/h,Sealed - Dry,Clear,Darkness - Lighted,Straight,Level,202,Vehs Opposite Approach: Thru-Right,03: Opposing Vehicles Turning,N,1,0,0,0,1,1,1,0,0,0,0,0
94263,94263,Fatal,2007,October,Wednesday,5,Hit object,Single Vehicle,148.342812757901,-20.1742896931737,Bruce Hwy,,Bruce Highway (Proserpine - Bowen),Bowen,Whitsunday Region,4805,Bowen,Mackay,Central,Central,Central Queensland,Collinsville,Bowen Basin - North,Mackay - Isaac - Whitsunday,Outer Regional,Burdekin,Dawson,State-controlled,No Roadway Feature,No traffic control,100 - 110 km/h,Sealed - Dry,Clear,Daylight,Straight,Level,703,Off Path-Straight: Left Off Cway Hit Obj,16: Off Carriageway on Straight Hit Object,S,1,0,0,0,1,0,0,1,0,0,0,0
94435,94435,Fatal,2007,February,Saturday,13,Hit object,Single Vehicle,152.422082684261,-24.8507783760913,Windermere Rd,,,Qunaba,Bundaberg Region,4670,Bargara,Wide Bay Burnett,North Coast,Southern,Southern Queensland,Bargara - Burnett Heads,Bundaberg,Wide Bay,Inner Regional,Burnett,Hinkler,Locally-controlled,No Roadway Feature,No traffic control,100 - 110 km/h,Sealed - Dry,Clear,Daylight,Straight,Level,704,Off Path-Straight: Right Off Cway Hit Obj,16: Off Carriageway on Straight Hit Object,W,1,0,0,0,1,1,0,0,0,0,0,0
94545,94545,Fatal,2007,November,Monday,8,Overturned,Single Vehicle,149.234776193224,-23.4116494254414,Fitzroy Developmental Rd,,Fitzroy Developmental Road (Dingo - Mount Flora),Dingo,Central Highlands Region,4702,Duaringa,Capricornia,Central,Central,Central Queensland,Central Highlands - East,Central Highlands (qld),Central Queensland,Remote,Gregory,Flynn,State-controlled,No Roadway Feature,No traffic control,100 - 110 km/h,Sealed - Dry,Clear,Daylight,Straight,Level,703,Off Path-Straight: Left Off Cway Hit Obj,16: Off Carriageway on Straight Hit Object,S,1,0,0,0,1,0,0,1,0,0,0,0
94590,94590,Fatal,2008,February,Thursday,17,Head-on,Multi-Vehicle,153.221116018378,-27.7429710678695,Stanmore Rd,,,Yatala,Gold Coast City,4207,Coomera,Gold Coast,South Eastern,SEQ South,South Coast,Ormeau - Yatala,Ormeau - Oxenford,Gold Coast,Major Cities,Coomera,Forde,Locally-controlled,No Roadway Feature,No traffic control,80 - 90 km/h,Sealed - Dry,Clear,Daylight,Curved - view obscured,Grade,201,Vehs Opposite Approach: Head On,02: Head-on,S,1,1,2,0,4,1,0,1,0,0,0,0
94606,94606,Fatal,2007,November,Tuesday,20,Hit pedestrian,Hit pedestrian,139.492516562707,-20.7308400465528,Mt Isa - Duchess Rd,,Mount Isa - Duchess Road,Mornington,Mount Isa City,4825,Mount Isa,Mount Isa,Northern,Northern,North Queensland,Mount Isa,Outback - North,Queensland - Outback,Remote,Traeger,Kennedy,State-controlled,No Roadway Feature,No traffic control,60 km/h,Sealed - Dry,Clear,Darkness - Lighted,Straight,Level,004,Pedn: Play; Work; Stand; Lie On Cway,12: Pedestrian,S,1,0,0,0,1,1,0,0,0,0,1,0
94626,94626,Fatal,2006,November,Tuesday,17,Hit object,Single Vehicle,139.495905998723,-20.7249352576572,Atherton St,Barkly Hwy,Barkly Highway (Cloncurry - Mount Isa),The Gap,Mount Isa City,4825,Mount Isa,Mount Isa,Northern,Northern,North Queensland,Mount Isa,Outback - North,Queensland - Outback,Remote,Traeger,Kennedy,State-controlled,Intersection - T-Junction,No traffic control,60 km/h,Sealed - Dry,Clear,Daylight,Curved - view open,Level,803,Off Path-Curve: Off Cway Rt Bend Hit Obj,19: Off Carriageway on Curve Hit Object,E,1,0,0,0,1,0,1,0,0,0,0,0
94632,94632,Fatal,2007,February,Monday,2,Overturned,Single Vehicle,150.462485332679,-23.4176837150608,Capricorn Hwy,,Capricorn Highway (Rockhampton - Duaringa),Fairy Bower,Rockhampton Region,4700,Gracemere,Capricornia,Central,Central,Central Queensland,Rockhampton - West,Rockhampton,Central Queensland,Inner Regional,Rockhampton,Capricornia,State-controlled,No Roadway Feature,No traffic control,100 - 110 km/h,Sealed - Wet,Raining,Darkness - Not lighted,Straight,Level,702,Off Path-Straight: Right Off Cway,15: Off Carriageway on Straight,W,1,0,0,0,1,1,0,0,0,0,0,0
94680,94680,Fatal,2007,June,Thursday,18,Hit object,Single Vehicle,153.439220867115,-28.1112876349207,Township Dr,,,Burleigh Heads,Gold Coast City,4219,Robina,Gold Coast,South Eastern,SEQ South,South Coast,Burleigh Heads,Broadbeach - Burleigh,Gold Coast,Major Cities,Burleigh,Mcpherson,Locally-controlled,No Roadway Feature,No traffic control,0 - 50 km/h,Sealed - Dry,Clear,Darkness - Lighted,Straight,Level,704,Off Path-Straight: Right Off Cway Hit Obj,16: Off Carriageway on Straight Hit Object,E,1,0,0,0,1,1,0,0,0,0,0,0
94683,94683,Fatal,2007,June,Thursday,18,Hit object,Single Vehicle,153.40668694835,-27.9903761806551,Cotlew St,,,Southport,Gold Coast City,4215,Southport,Gold Coast,South Eastern,SEQ South,South Coast,Southport - South,Southport,Gold Coast,Major Cities,Southport,Moncrieff,Locally-controlled,No Roadway Feature,No traffic control,70 km/h,Sealed - Dry,Clear,Darkness - Lighted,Straight,Level,708,Off Path-Straight: Mounts Traffic Island,16: Off Carriageway on Straight Hit Object,W,2,1,1,0,4,1,0,0,0,0,0,0
94702,94702,Fatal,2007,August,Wednesday,13,Angle,Multi-Vehicle,152.952697939429,-27.1153861768951,Burpengary - Caboolture Rd,Gaffield St,Burpengary - Caboolture Road,Morayfield,Moreton Bay Region,4506,Caboolture,Moreton,North Coast,SEQ North,North Coast,Caboolture - South,Caboolture,Moreton Bay - North,Major Cities,Morayfield,Longman,State-controlled,Intersection - T-Junction,Operating traffic lights,70 km/h,Sealed - Dry,Clear,Daylight,Straight,Level,202,Vehs Opposite Approach: Thru-Right,03: Opposing Vehicles Turning,S,1,3,0,0,4,2,0,0,0,0,0,0
95039,95039,Fatal,2007,February,Saturday,7,Angle,Multi-Vehicle,150.370169261354,-27.7169094413051,Leichhardt Hwy,Moonie Hwy,Leichhardt Highway (Miles - Goondiwindi),Moonie,Western Downs Region,4406,Tara,South West,Southern,Southern,Southern Queensland,Tara,Darling Downs (west) - Maranoa,Darling Downs - Maranoa,Outer Regional,Warrego,Maranoa,State-controlled,Intersection - Cross,Give way sign,60 km/h,Sealed - Dry,Clear,Daylight,Straight,Level,101,Vehs Adjacent Approach: Thru-Thru,01: Intersection: Adjacent Approach,W,1,2,1,0,4,2,0,0,0,0,0,0
95041,95041,Fatal,2007,February,Friday,19,Head-on,Multi-Vehicle,152.832943559838,-25.3204879574991,Main St,,,Nikenbah,Fraser Coast Region,4655,Hervey Bay,Wide Bay Burnett,North Coast,Southern,Southern Queensland,Booral - River Heads,Hervey Bay,Wide Bay,Inner Regional,Hervey Bay,Hinkler,Locally-controlled,No Roadway Feature,No traffic control,100 - 110 km/h,Sealed - Dry,Clear,Darkness - Not lighted,Straight,Grade,201,Vehs Opposite Approach: Head On,02: Head-on,N,1,1,0,0,2,2,0,0,0,0,0,0
95048,95048,Fatal,2007,January,Friday,17,Overturned,Single Vehicle,150.18303255081,-26.6789508024075,Leichhardt Hwy,,Leichhardt Highway (Miles - Goondiwindi),Miles,Western Downs Region,4415,Miles,South West,Southern,Southern,Southern Queensland,Miles - Wandoan,Darling Downs (west) - Maranoa,Darling Downs - Maranoa,Outer Regional,Callide,Maranoa,State-controlled,No Roadway Feature,No traffic control,100 - 110 km/h,Sealed - Dry,Clear,Daylight,Curved - view open,Level,803,Off Path-Curve: Off Cway Rt Bend Hit Obj,19: Off Carriageway on Curve Hit Object,N,1,0,0,0,1,1,0,0,0,0,0,0
95085,95085,Fatal,2007,November,Tuesday,14,Overturned,Single Vehicle,145.560703116168,-23.5691350633822,Capricorn Hwy,,Capricorn Highway (Alpha - Barcaldine),Grant,Barcaldine Region,4725,Barcaldine,Capricornia,Central,Central,Central Queensland,Barcaldine - Blackall,Outback - South,Queensland - Outback,Very Remote,Gregory,Maranoa,State-controlled,No Roadway Feature,No traffic control,100 - 110 km/h,Sealed - Dry,Clear,Daylight,Straight,Level,705,Off Path-Straight: Out Of Control On Cway,17: Out of Control on Straight,E,1,1,0,0,2,1,0,0,0,0,0,0
95195,95195,Fatal,2007,March,Wednesday,23,Hit object,Single Vehicle,152.912522971026,-27.6071307707697,Cunningham Hwy,,Cunningham Highway (Ipswich Motorway),Gailes,Ipswich City,4300,Goodna,Ipswich,Southern,SEQ South,Metropolitan,Camira - Gailes,Springfield - Redbank,Ipswich,Major Cities,Jordan,Oxley,State-controlled,No Roadway Feature,No traffic control,80 - 90 km/h,Sealed - Dry,Clear,Darkness - Lighted,Straight,Grade,703,Off Path-Straight: Left Off Cway Hit Obj,16: Off Carriageway on Straight Hit Object,E,1,0,0,0,1,1,0,0,0,0,0,0
95326,95326,Fatal,2007,September,Monday,11,Angle,Multi-Vehicle,153.265613091442,-27.5481817838375,Cleveland - Redland Bay Rd,South St,Cleveland - Redland Bay Road,Cleveland,Redland City,4163,Cleveland,South Brisbane,Brisbane,SEQ South,Metropolitan,Cleveland,Cleveland - Stradbroke,Brisbane - East,Major Cities,Oodgeroo,Bowman,State-controlled,Intersection - Cross,Operating traffic lights,60 km/h,Sealed - Dry,Clear,Daylight,Straight,Level,202,Vehs Opposite Approach: Thru-Right,03: Opposing Vehicles Turning,N,1,0,1,0,2,0,1,1,0,0,0,0
95329,95329,Fatal,2007,September,Monday,14,Head-on,Multi-Vehicle,152.28629007731,-28.0577739384876,Cunningham Hwy,,Cunningham Highway (Ipswich - Warwick),Maryvale,Southern Downs Region,4370,Yangan,Darling Downs,Southern,Southern,Southern Queensland,Southern Downs - East,Granite Belt,Darling Downs - Maranoa,Inner Regional,Southern Downs,Maranoa,State-controlled,No Roadway Feature,No traffic control,60 km/h,Sealed - Dry,Clear,Daylight,Straight,Crest,201,Vehs Opposite Approach: Head On,02: Head-on,W,1,0,0,0,1,1,0,1,0,0,0,0
95351,95351,Fatal,2007,January,Tuesday,19,Hit pedestrian,Hit pedestrian,153.373640570165,-28.0043454513999,Labrador - Carrara Rd,,Labrador - Carrara Road,Benowa,Gold Coast City,4217,Southport,Gold Coast,South Eastern,SEQ South,South Coast,Benowa,Surfers Paradise,Gold Coast,Major Cities,Southport,Moncrieff,State-controlled,No Roadway Feature,No traffic control,60 km/h,Sealed - Dry,Clear,Darkness - Not lighted,Straight,Level,003,Pedn: Far Side Vehicle Hit From Left,12: Pedestrian,N,1,0,0,1,2,3,0,0,0,0,1,0
95370,95370,Fatal,2006,November,Tuesday,14,Hit object,Single Vehicle,153.427383589144,-28.0594097193066,Launch Rd,,,Mermaid Waters,Gold Coast City,4218,Broadbeach,Gold Coast,South Eastern,SEQ South,South Coast,Mermaid Waters,Broadbeach - Burleigh,Gold Coast,Major Cities,Mermaid Beach,Moncrieff,Locally-controlled,No Roadway Feature,No traffic control,0 - 50 km/h,Sealed - Dry,Clear,Daylight,Straight,Level,704,Off Path-Straight: Right Off Cway Hit Obj,16: Off Carriageway on Straight Hit Object,N,1,0,0,0,1,1,0,0,0,0,0,0
95371,95371,Fatal,2006,November,Friday,10,Head-on,Multi-Vehicle,150.389144200108,-23.6275865461957,Burnett Hwy,,Burnett Highway (Mount Morgan - Rockhampton),Mount Morgan,Rockhampton Region,4714,Mount Morgan,Capricornia,Central,Central,Central Queensland,Mount Morgan,Rockhampton,Central Queensland,Inner Regional,Mirani,Flynn,State-controlled,No Roadway Feature,No traffic control,70 km/h,Sealed - Dry,Clear,Daylight,Curved - view obscured,Grade,201,Vehs Opposite Approach: Head On,02: Head-on,S,1,0,0,0,1,1,1,0,0,0,0,0
95372,95372,Fatal,2008,April,Thursday,4,Hit object,Single Vehicle,151.563002015757,-28.2157753952372,Cunningham Hwy,,Cunningham Highway (Warwick - Inglewood),Karara,Southern Downs Region,4352,Leyburn,Darling Downs,Southern,Southern,Southern Queensland,Southern Downs - West,Granite Belt,Darling Downs - Maranoa,Outer Regional,Southern Downs,Maranoa,State-controlled,No Roadway Feature,No traffic control,100 - 110 km/h,Sealed - Dry,Clear,Darkness - Not lighted,Curved - view open,Grade,804,Off Path-Curve: Off Cway Lt Bend Hit Obj,19: Off Carriageway on Curve Hit Object,E,1,1,0,0,2,0,0,1,0,0,0,0
95527,95527,Fatal,2008,May,Tuesday,22,Overturned,Single Vehicle,140.84687069569,-17.4851349294778,Karumba Developmental Rd,,Karumba Developmental Road (Karumba Dev Road),Karumba,Carpentaria Shire,4891,Karumba,Mount Isa,Northern,Northern,North Queensland,Carpentaria,Outback - North,Queensland - Outback,Very Remote,Traeger,Kennedy,State-controlled,No Roadway Feature,No traffic control,0 - 50 km/h,Sealed - Dry,Clear,Darkness - Lighted,Straight,Level,701,Off Path-Straight: Left Off Cway,15: Off Carriageway on Straight,S,1,0,0,0,1,1,0,0,0,0,0,0
95770,95770,Fatal,2007,July,Wednesday,5,Angle,Multi-Vehicle,153.195899632426,-27.5286031956285,Capalaba - Victoria Point Rd,Smith St,Capalaba - Victoria Point Road,Capalaba,Redland City,4157,Capalaba,South Brisbane,Brisbane,SEQ South,Metropolitan,Capalaba,Capalaba,Brisbane - East,Major Cities,Capalaba,Bowman,State-controlled,Intersection - T-Junction,Operating traffic lights,60 km/h,Sealed - Dry,Clear,Darkness - Lighted,Straight,Level,202,Vehs Opposite Approach: Thru-Right,03: Opposing Vehicles Turning,N,1,0,0,0,1,1,1,0,0,0,0,0
95777,95777,Fatal,2006,November,Saturday,11,Hit pedestrian,Hit pedestrian,152.74225791778,-27.6284189769776,Siemons St,,,One Mile,Ipswich City,4305,Ipswich,Ipswich,Southern,SEQ South,Metropolitan,Leichhardt - One Mile,Ipswich Inner,Ipswich,Major Cities,Ipswich West,Blair,Locally-controlled,No Roadway Feature,No traffic control,0 - 50 km/h,Sealed - Dry,Clear,Daylight,Straight,Level,001,Pedn: Near Side Vehicle Hit From Right,12: Pedestrian,N,1,0,0,0,1,1,0,0,0,0,1,0
95785,95785,Fatal,2006,November,Saturday,19,Hit pedestrian,Hit pedestrian,145.741523670187,-16.9410135870553,Mulgrave Rd,,Mulgrave Road,Earlville,Cairns Region,4870,Cairns,Far North,Far Northern,Northern,North Queensland,Earlville - Bayview Heights,Cairns - South,Cairns,Outer Regional,Cairns,Leichhardt,State-controlled,No Roadway Feature,No traffic control,60 km/h,Sealed - Dry,Clear,Darkness - Lighted,Straight,Level,003,Pedn: Far Side Vehicle Hit From Left,12: Pedestrian,W,1,0,0,2,3,1,0,0,0,0,1,0
95788,95788,Fatal,2006,November,Sunday,14,Hit object,Single Vehicle,145.427923674058,-16.2406473651559,Bloomfield Rd,,,Cow Bay,Douglas Shire,4873,Mossman,Far North,Far Northern,Northern,North Queensland,Daintree,Port Douglas - Daintree,Cairns,Remote,Cook,Leichhardt,Locally-controlled,No Roadway Feature,No traffic control,60 km/h,Sealed - Dry,Clear,Daylight,Curved - view obscured,Crest,804,Off Path-Curve: Off Cway Lt Bend Hit Obj,19: Off Carriageway on Curve Hit Object,S,1,0,0,0,1,0,1,0,0,0,0,0
96604,96604,Fatal,2003,January,Monday,14,Sideswipe,Multi-Vehicle,152.943083573573,-27.6162517098978,Centenary Hwy,,Centenary Motorway (Ellen Grove - Toowong),Ellen Grove,Brisbane City,4078,Inala,South Brisbane,Brisbane,SEQ South,Metropolitan,Forest Lake - Doolandella,Forest Lake - Oxley,Ipswich,Major Cities,Inala,Oxley,State-controlled,No Roadway Feature,No traffic control,80 - 90 km/h,Sealed - Dry,Clear,Daylight,Straight,Level,201,Vehs Opposite Approach: Head On,02: Head-on,S,1,0,0,0,1,1,0,1,0,0,0,0
96605,96605,Fatal,2003,January,Tuesday,16,Sideswipe,Multi-Vehicle,152.070431162927,-28.1663702853827,Cunningham Hwy,,Cunningham Highway (Ipswich - Warwick),Sladevale,Southern Downs Region,4370,Warwick,Darling Downs,Southern,Southern,Southern Queensland,Southern Downs - East,Granite Belt,Darling Downs - Maranoa,Inner Regional,Southern Downs,Maranoa,State-controlled,No Roadway Feature,No traffic control,100 - 110 km/h,Sealed - Wet,Raining,Daylight,Curved - view open,Grade,201,Vehs Opposite Approach: Head On,02: Head-on,W,1,1,0,0,2,1,0,1,0,0,0,0