_id,Crash_Ref_Number,Crash_Severity,Crash_Year,Crash_Month,Crash_Day_Of_Week,Crash_Hour,Crash_Nature,Crash_Type,Crash_Longitude,Crash_Latitude,Crash_Street,Crash_Street_Intersecting,State_Road_Name,Loc_Suburb,Loc_Local_Government_Area,Loc_Post_Code,Loc_Police_Division,Loc_Police_District,Loc_Police_Region,Loc_Queensland_Transport_Region,Loc_Main_Roads_Region,Loc_ABS_Statistical_Area_2,Loc_ABS_Statistical_Area_3,Loc_ABS_Statistical_Area_4,Loc_ABS_Remoteness,Loc_State_Electorate,Loc_Federal_Electorate,Crash_Controlling_Authority,Crash_Roadway_Feature,Crash_Traffic_Control,Crash_Speed_Limit,Crash_Road_Surface_Condition,Crash_Atmospheric_Condition,Crash_Lighting_Condition,Crash_Road_Horiz_Align,Crash_Road_Vert_Align,Crash_DCA_Code,Crash_DCA_Description,Crash_DCA_Group_Description,DCA_Key_Approach_Dir,Count_Casualty_Fatality,Count_Casualty_Hospitalised,Count_Casualty_MedicallyTreated,Count_Casualty_MinorInjury,Count_Casualty_Total,Count_Unit_Car,Count_Unit_Motorcycle_Moped,Count_Unit_Truck,Count_Unit_Bus,Count_Unit_Bicycle,Count_Unit_Pedestrian,Count_Unit_Other
101394,101394,Fatal,2006,May,Wednesday,11,Overturned,Single Vehicle,152.994066127237,-27.5594449645561,Collinsvale St,,,Rocklea,Brisbane City,4106,Sherwood,South Brisbane,Brisbane,SEQ South,Metropolitan,Rocklea - Acacia Ridge,Rocklea - Acacia Ridge,Brisbane - South,Major Cities,Miller,Moreton,Locally-controlled,No Roadway Feature,No traffic control,0 - 50 km/h,Sealed - Dry,Clear,Daylight,Curved - view open,Grade,201,Vehs Opposite Approach: Head On,02: Head-on,W,1,1,1,0,3,3,0,1,0,0,0,0
101480,101480,Fatal,2006,July,Friday,10,Overturned,Single Vehicle,152.980527519145,-26.9821198036221,Bruce Hwy,,Bruce Highway (Brisbane - Gympie),Elimbah,Moreton Bay Region,4516,Beerwah,Sunshine Coast,North Coast,SEQ North,North Coast,Elimbah,Caboolture,Moreton Bay - North,Major Cities,Glass House,Fisher,State-controlled,No Roadway Feature,No traffic control,100 - 110 km/h,Sealed - Dry,Clear,Daylight,Straight,Level,701,Off Path-Straight: Left Off Cway,15: Off Carriageway on Straight,N,1,0,0,0,1,1,0,0,0,0,0,0
101524,101524,Fatal,2007,August,Friday,7,Head-on,Multi-Vehicle,151.451484414961,-27.3027494175614,Warrego Hwy,,Warrego Highway (Toowoomba - Dalby),Bowenville,Toowoomba Region,4404,Dalby,South West,Southern,Southern,Southern Queensland,Jondaryan,Darling Downs - East,Darling Downs - Maranoa,Inner Regional,Condamine,Groom,State-controlled,No Roadway Feature,No traffic control,100 - 110 km/h,Sealed - Wet,Raining,Daylight,Straight,Level,201,Vehs Opposite Approach: Head On,02: Head-on,W,1,0,0,1,2,1,0,1,0,0,0,0
101535,101535,Fatal,2007,August,Friday,23,Hit parked vehicle,Single Vehicle,153.023448323458,-26.8554743099167,Bruce Hwy,,Bruce Highway (Brisbane - Gympie),Coochin Creek,Sunshine Coast Region,4519,Beerwah,Sunshine Coast,North Coast,SEQ North,North Coast,Beerwah,Sunshine Coast Hinterland,Sunshine Coast,Inner Regional,Caloundra,Fisher,State-controlled,No Roadway Feature,No traffic control,100 - 110 km/h,Sealed - Dry,Clear,Darkness - Not lighted,Straight,Level,705,Off Path-Straight: Out Of Control On Cway,17: Out of Control on Straight,S,2,1,0,0,3,1,0,1,0,0,1,0
101757,101757,Fatal,2006,April,Saturday,8,Head-on,Multi-Vehicle,153.025487612079,-26.5916702070129,Burtons Rd,Yandina - Bli Bli Rd,Yandina - Bli Bli Road,Maroochy River,Sunshine Coast Region,4561,Nambour,Sunshine Coast,North Coast,SEQ North,North Coast,Bli Bli,Nambour,Sunshine Coast,Major Cities,Ninderry,Fairfax,State-controlled,Intersection - T-Junction,No traffic control,80 - 90 km/h,Sealed - Dry,Clear,Daylight,Curved - view obscured,Crest,201,Vehs Opposite Approach: Head On,02: Head-on,N,1,0,0,0,1,1,1,0,0,0,0,0
101763,101763,Fatal,2006,April,Sunday,17,Hit pedestrian,Hit pedestrian,153.309051161865,-27.7739908240242,Norwell Rd,,,Norwell,Gold Coast City,4208,Coomera,Gold Coast,South Eastern,SEQ South,South Coast,Jacobs Well - Alberton,Ormeau - Oxenford,Gold Coast,Major Cities,Coomera,Fadden,Locally-controlled,No Roadway Feature,No traffic control,80 - 90 km/h,Sealed - Dry,Clear,Daylight,Curved - view open,Level,000,Pedn: Hit Other,21: Other,S,1,0,0,0,1,1,0,0,0,0,1,0
101937,101937,Fatal,2006,July,Monday,13,Angle,Multi-Vehicle,153.104588085813,-27.4213704665697,Lomandra Dr,Sugarmill Rd,,Brisbane Airport,Brisbane City,4008,Hendra,North Brisbane,Brisbane,SEQ North,Metropolitan,Brisbane Airport,Nundah,Brisbane - North,Major Cities,Clayfield,Lilley,Locally-controlled,Intersection - Cross,Stop sign,60 km/h,Sealed - Dry,Clear,Daylight,Straight,Level,101,Vehs Adjacent Approach: Thru-Thru,01: Intersection: Adjacent Approach,W,1,0,0,0,1,1,0,2,0,0,0,0
101938,101938,Fatal,2006,July,Monday,12,Hit object,Single Vehicle,153.232457835192,-27.7426268570143,Pacific Hwy,,Pacific Highway (Pacific Motorway),Stapylton,Gold Coast City,4207,Coomera,Gold Coast,South Eastern,SEQ South,South Coast,Ormeau - Yatala,Ormeau - Oxenford,Gold Coast,Major Cities,Coomera,Fadden,State-controlled,No Roadway Feature,No traffic control,100 - 110 km/h,Sealed - Dry,Clear,Daylight,Straight,Level,201,Vehs Opposite Approach: Head On,02: Head-on,N,1,3,6,0,10,6,0,1,0,0,0,0
101952,101952,Fatal,2007,April,Wednesday,20,Hit pedestrian,Hit pedestrian,152.589549714231,-25.339391048535,Burrum Heads Rd,,Burrum Heads Road,Torbanlea,Fraser Coast Region,4662,Howard,Wide Bay Burnett,North Coast,Southern,Southern Queensland,Burrum - Fraser,Maryborough,Wide Bay,Inner Regional,Maryborough,Hinkler,State-controlled,No Roadway Feature,No traffic control,100 - 110 km/h,Sealed - Dry,Clear,Darkness - Not lighted,Straight,Level,004,Pedn: Play; Work; Stand; Lie On Cway,12: Pedestrian,S,1,0,0,1,2,1,0,0,0,0,1,0
102063,102063,Fatal,2006,May,Sunday,16,Hit object,Single Vehicle,149.274481492612,-21.3734210328899,Ironsides Rd,,,Sarina Beach,Mackay Region,4737,Sarina,Mackay,Central,Central,Central Queensland,Sarina,Mackay,Mackay - Isaac - Whitsunday,Outer Regional,Mirani,Capricornia,Locally-controlled,No Roadway Feature,No traffic control,0 - 50 km/h,Unsealed - Dry,Clear,Daylight,Curved - view open,Grade,804,Off Path-Curve: Off Cway Lt Bend Hit Obj,19: Off Carriageway on Curve Hit Object,N,1,0,0,0,1,0,1,0,0,0,0,0
102163,102163,Fatal,2006,April,Monday,18,Hit object,Single Vehicle,146.806923245429,-19.2454349791914,Eyre St,Landsborough St,,North Ward,Townsville City,4810,Townsville,Townsville,Northern,Northern,North Queensland,Townsville City - North Ward,Townsville,Townsville,Outer Regional,Townsville,Herbert,Locally-controlled,Intersection - Cross,No traffic control,0 - 50 km/h,Sealed - Dry,Clear,Daylight,Straight,Dip,004,Pedn: Play; Work; Stand; Lie On Cway,12: Pedestrian,S,1,1,0,0,2,1,0,0,0,0,2,0
102341,102341,Fatal,2006,June,Monday,13,Head-on,Multi-Vehicle,152.427772302781,-28.0565267173106,Cunningham Hwy,,Cunningham Highway (Ipswich - Warwick),Tarome,Scenic Rim Region,4309,Boonah,Ipswich,Southern,SEQ South,South Coast,Boonah,Ipswich Hinterland,Ipswich,Inner Regional,Scenic Rim,Wright,State-controlled,No Roadway Feature,No traffic control,80 - 90 km/h,Sealed - Wet,Raining,Daylight,Curved - view open,Level,201,Vehs Opposite Approach: Head On,02: Head-on,W,1,0,0,0,1,2,0,0,0,0,0,0
102376,102376,Fatal,2006,April,Wednesday,10,Overturned,Single Vehicle,144.742811817311,-16.3941706460564,Peninsula Developmental Rd,,Mulligan Highway (Mount Molloy - Lakeland),Desailly,Mareeba Shire,4871,Mount Molloy,Far North,Far Northern,Northern,North Queensland,Tablelands,Far North,Queensland - Outback,Very Remote,Cook,Leichhardt,State-controlled,No Roadway Feature,No traffic control,100 - 110 km/h,Sealed - Wet,Raining,Daylight,Curved - view open,Grade,801,Off Path-Curve: Off Cway Right Bend,18: Off Carriageway on Curve,N,1,0,0,0,1,1,0,0,0,0,0,0
102384,102384,Fatal,2006,July,Saturday,14,Hit object,Single Vehicle,151.962252154649,-27.5866236854124,Alderley St,Ramsay St,,Centenary Heights,Toowoomba Region,4350,Toowoomba,Darling Downs,Southern,Southern,Southern Queensland,Toowoomba - Central,Toowoomba,Toowoomba,Inner Regional,Toowoomba South,Groom,Locally-controlled,Intersection - Roundabout,Give way sign,60 km/h,Sealed - Wet,Fog,Daylight,Straight,Level,101,Vehs Adjacent Approach: Thru-Thru,01: Intersection: Adjacent Approach,W,2,0,1,0,3,2,0,0,0,0,0,0
102671,102671,Fatal,2011,May,Friday,11,Hit object,Single Vehicle,147.874327748892,-20.8643397802988,Bowen Developmental Rd,,Bowen Developmental Road (Collinsville - Belyando Crossing),Newlands,Whitsunday Region,4804,Collinsville,Mackay,Central,Central,Central Queensland,Collinsville,Bowen Basin - North,Mackay - Isaac - Whitsunday,Remote,Burdekin,Capricornia,State-controlled,No Roadway Feature,No traffic control,100 - 110 km/h,Sealed - Dry,Clear,Daylight,Straight,Level,704,Off Path-Straight: Right Off Cway Hit Obj,16: Off Carriageway on Straight Hit Object,S,1,0,0,0,1,0,0,1,0,0,0,0
102672,102672,Fatal,2011,May,Friday,16,Angle,Multi-Vehicle,151.922841917512,-27.5653629474571,Glenvale Rd,Hampton St,,Harristown,Toowoomba Region,4350,Toowoomba,Darling Downs,Southern,Southern,Southern Queensland,Drayton - Harristown,Toowoomba,Toowoomba,Inner Regional,Toowoomba South,Groom,Locally-controlled,Intersection - Cross,Stop sign,60 km/h,Sealed - Dry,Clear,Daylight,Straight,Level,101,Vehs Adjacent Approach: Thru-Thru,01: Intersection: Adjacent Approach,S,1,0,0,0,1,1,0,0,0,1,0,0
102673,102673,Fatal,2011,May,Saturday,13,Angle,Multi-Vehicle,153.091466650767,-27.7326060847059,Logan Reserve Rd,,,Logan Reserve,Logan City,4133,Crestmead,Logan,South Eastern,SEQ South,South Coast,Chambers Flat - Logan Reserve,Browns Plains,Logan - Beaudesert,Major Cities,Logan,Forde,Locally-controlled,No Roadway Feature,No traffic control,80 - 90 km/h,Sealed - Dry,Clear,Daylight,Straight,Level,202,Vehs Opposite Approach: Thru-Right,03: Opposing Vehicles Turning,W,1,0,0,0,1,1,1,0,0,0,0,0
102674,102674,Fatal,2011,May,Friday,23,Hit object,Single Vehicle,153.09190358787,-26.6909416614817,Golf Links Rd,,,Buderim,Sunshine Coast Region,4556,Maroochydore,Sunshine Coast,North Coast,SEQ North,North Coast,Buderim - South,Buderim,Sunshine Coast,Major Cities,Buderim,Fairfax,Locally-controlled,No Roadway Feature,No traffic control,60 km/h,Sealed - Dry,Clear,Darkness - Not lighted,Curved - view obscured,Grade,803,Off Path-Curve: Off Cway Rt Bend Hit Obj,19: Off Carriageway on Curve Hit Object,N,2,0,0,0,2,1,0,0,0,0,0,0
103639,103639,Fatal,2006,November,Tuesday,8,Hit pedestrian,Hit pedestrian,153.018276504414,-27.4740101113097,Grey St,South East Busway,South East Busway (Brisbane Cbd - Woolloongabba),South Brisbane,Brisbane City,4101,West End,South Brisbane,Brisbane,SEQ South,Metropolitan,South Brisbane,Brisbane Inner,Brisbane Inner City,Major Cities,South Brisbane,Griffith,State-controlled,Intersection - Cross,Operating traffic lights,60 km/h,Sealed - Dry,Clear,Daylight,Straight,Level,001,Pedn: Near Side Vehicle Hit From Right,12: Pedestrian,N,1,0,0,0,1,0,0,0,1,0,1,0
103646,103646,Fatal,2007,March,Sunday,22,Hit object,Single Vehicle,152.944528969952,-27.572341997696,Western Arterial Rd,,Centenary Motorway (Ellen Grove - Toowong),Darra,Brisbane City,4076,Mount Ommaney,South Brisbane,Brisbane,SEQ South,Metropolitan,Darra - Sumner,Forest Lake - Oxley,Ipswich,Major Cities,Mount Ommaney,Oxley,State-controlled,No Roadway Feature,No traffic control,100 - 110 km/h,Sealed - Dry,Clear,Darkness - Lighted,Straight,Level,703,Off Path-Straight: Left Off Cway Hit Obj,16: Off Carriageway on Straight Hit Object,N,1,0,0,0,1,0,0,1,0,0,0,0
103653,103653,Fatal,2006,October,Tuesday,23,Hit object,Single Vehicle,152.898005709238,-26.3969147966897,Cooroy Connection Rd,,Cooroy Connection Road,Pomona,Noosa Shire,4568,Cooroy,Sunshine Coast,North Coast,SEQ North,North Coast,Noosa Hinterland,Noosa Hinterland,Sunshine Coast,Inner Regional,Noosa,Wide Bay,State-controlled,No Roadway Feature,No traffic control,100 - 110 km/h,Sealed - Wet,Clear,Darkness - Not lighted,Curved - view obscured,Level,804,Off Path-Curve: Off Cway Lt Bend Hit Obj,19: Off Carriageway on Curve Hit Object,S,1,0,0,0,1,1,0,0,0,0,0,0
103831,103831,Fatal,2006,July,Thursday,22,Head-on,Multi-Vehicle,153.279588970118,-27.5781227294905,Cleveland - Redland Bay Rd,,Cleveland - Redland Bay Road,Thornlands,Redland City,4164,Cleveland,South Brisbane,Brisbane,SEQ South,Metropolitan,Thornlands,Cleveland - Stradbroke,Brisbane - East,Major Cities,Redlands,Bowman,State-controlled,No Roadway Feature,No traffic control,70 km/h,Sealed - Dry,Clear,Darkness - Lighted,Curved - view open,Grade,201,Vehs Opposite Approach: Head On,02: Head-on,S,2,0,0,0,2,2,0,0,0,0,0,0
103836,103836,Fatal,2006,July,Thursday,16,Hit object,Single Vehicle,152.433612902068,-27.2891992718474,Gatton - Esk Rd,,Gatton - Esk Road,Esk,Somerset Region,4312,Esk,Ipswich,Southern,SEQ North,North Coast,Esk,Ipswich Hinterland,Ipswich,Inner Regional,Nanango,Blair,State-controlled,No Roadway Feature,No traffic control,100 - 110 km/h,Sealed - Dry,Clear,Daylight,Curved - view open,Level,803,Off Path-Curve: Off Cway Rt Bend Hit Obj,19: Off Carriageway on Curve Hit Object,S,1,0,0,0,1,1,0,0,0,0,0,0
103846,103846,Fatal,2006,November,Wednesday,5,Hit object,Single Vehicle,153.32926539314,-28.0577519653072,Advancetown - Mudgeeraba Rd,,Advancetown - Mudgeeraba Road,Tallai,Gold Coast City,4213,Mudgeeraba,Gold Coast,South Eastern,SEQ South,South Coast,Worongary - Tallai,Nerang,Gold Coast,Major Cities,Mudgeeraba,Wright,State-controlled,No Roadway Feature,No traffic control,60 km/h,Sealed - Dry,Clear,Dawn/Dusk,Curved - view open,Dip,803,Off Path-Curve: Off Cway Rt Bend Hit Obj,19: Off Carriageway on Curve Hit Object,N,1,0,0,0,1,1,0,0,0,0,0,0
103901,103901,Fatal,2006,May,Friday,19,Head-on,Multi-Vehicle,152.700092091336,-27.5804798174173,Wulkuraka Connection Rd,,,Karrabin,Ipswich City,4306,Karana Downs,Ipswich,Southern,SEQ South,Metropolitan,Leichhardt - One Mile,Ipswich Inner,Ipswich,Major Cities,Ipswich West,Blair,Locally-controlled,No Roadway Feature,No traffic control,80 - 90 km/h,Sealed - Dry,Clear,Darkness - Not lighted,Straight,Crest,201,Vehs Opposite Approach: Head On,02: Head-on,S,1,0,0,0,1,1,0,1,0,0,0,0
103903,103903,Fatal,2006,May,Sunday,20,Hit object,Single Vehicle,145.554774136266,-16.8836538754702,Koah Rd,,,Koah,Mareeba Shire,4881,Kuranda,Far North,Far Northern,Northern,North Queensland,Kuranda,Tablelands (east) - Kuranda,Cairns,Outer Regional,Barron River,Leichhardt,Locally-controlled,No Roadway Feature,No traffic control,80 - 90 km/h,Sealed - Dry,Clear,Darkness - Not lighted,Curved - view open,Level,804,Off Path-Curve: Off Cway Lt Bend Hit Obj,19: Off Carriageway on Curve Hit Object,N,1,0,0,0,1,1,0,0,0,0,0,0
103909,103909,Fatal,2006,May,Tuesday,13,Hit object,Single Vehicle,153.020201711584,-27.5502341391051,Beaudesert Rd,,,Rocklea,Brisbane City,4106,Moorooka,South Brisbane,Brisbane,SEQ South,Metropolitan,Rocklea - Acacia Ridge,Rocklea - Acacia Ridge,Brisbane - South,Major Cities,Toohey,Moreton,Locally-controlled,Bridge/Causeway,No traffic control,70 km/h,Sealed - Dry,Clear,Daylight,Curved - view open,Grade,201,Vehs Opposite Approach: Head On,02: Head-on,N,1,0,2,0,3,3,0,1,0,0,0,0
103913,103913,Fatal,2006,August,Saturday,10,Hit object,Single Vehicle,151.166205629496,-27.9362283848231,Gore Hwy,,Gore Highway (Millmerran - Goondiwindi),Captains Mountain,Toowoomba Region,4357,Millmerran,Darling Downs,Southern,Southern,Southern Queensland,Millmerran,Darling Downs - East,Darling Downs - Maranoa,Outer Regional,Southern Downs,Maranoa,State-controlled,No Roadway Feature,No traffic control,100 - 110 km/h,Sealed - Dry,Clear,Daylight,Straight,Grade,704,Off Path-Straight: Right Off Cway Hit Obj,16: Off Carriageway on Straight Hit Object,E,2,1,1,0,4,1,0,0,0,0,0,0
103918,103918,Fatal,2006,August,Thursday,23,Hit object,Single Vehicle,152.983443019512,-27.4473397716055,Waterworks Rd,,,Ashgrove,Brisbane City,4060,The Gap,North Brisbane,Brisbane,SEQ North,Metropolitan,Ashgrove,Brisbane Inner - West,Brisbane Inner City,Major Cities,Cooper,Brisbane,Locally-controlled,No Roadway Feature,No traffic control,60 km/h,Sealed - Dry,Clear,Darkness - Lighted,Curved - view open,Crest,804,Off Path-Curve: Off Cway Lt Bend Hit Obj,19: Off Carriageway on Curve Hit Object,W,1,0,0,0,1,1,0,0,0,0,0,0
103922,103922,Fatal,2006,August,Friday,19,Hit animal,Other,152.317207498079,-24.8180645195744,Gooburrum Rd,,,Gooburrum,Bundaberg Region,4670,Bundaberg,Wide Bay Burnett,North Coast,Southern,Southern Queensland,Bundaberg North - Gooburrum,Bundaberg,Wide Bay,Inner Regional,Burnett,Flynn,Locally-controlled,No Roadway Feature,No traffic control,80 - 90 km/h,Sealed - Dry,Clear,Darkness - Not lighted,Straight,Level,609,Pass & Misc: Hit Animal,14: Hit Animal,W,1,0,0,0,1,1,0,0,0,0,0,1
103923,103923,Fatal,2006,August,Sunday,1,Hit pedestrian,Hit pedestrian,150.509198436843,-23.385935464011,Derby St,,,Rockhampton City,Rockhampton Region,4700,Rockhampton,Capricornia,Central,Central,Central Queensland,Rockhampton City,Rockhampton,Central Queensland,Inner Regional,Rockhampton,Capricornia,Locally-controlled,No Roadway Feature,No traffic control,60 km/h,Sealed - Dry,Clear,Darkness - Lighted,Straight,Level,004,Pedn: Play; Work; Stand; Lie On Cway,12: Pedestrian,W,1,0,0,0,1,1,0,0,0,0,1,0
103924,103924,Fatal,2006,August,Monday,13,Overturned,Single Vehicle,152.272651795032,-24.7520136506927,Moore Park Rd,,Moore Park Road,Welcome Creek,Bundaberg Region,4670,Bundaberg,Wide Bay Burnett,North Coast,Southern,Southern Queensland,Bundaberg Region - North,Bundaberg,Wide Bay,Inner Regional,Burnett,Flynn,State-controlled,No Roadway Feature,No traffic control,100 - 110 km/h,Sealed - Dry,Clear,Daylight,Curved - view obscured,Level,201,Vehs Opposite Approach: Head On,02: Head-on,E,1,1,1,0,3,1,0,0,0,0,0,1
103925,103925,Fatal,2007,December,Wednesday,9,Hit object,Single Vehicle,152.019011174703,-25.0491133875556,Wallaville - Goondoon Rd,,,Drinan,Bundaberg Region,4671,Gin Gin,Wide Bay Burnett,North Coast,Southern,Southern Queensland,Gin Gin,Burnett,Wide Bay,Inner Regional,Callide,Flynn,Locally-controlled,No Roadway Feature,No traffic control,100 - 110 km/h,Sealed - Dry,Clear,Daylight,Curved - view open,Crest,803,Off Path-Curve: Off Cway Rt Bend Hit Obj,19: Off Carriageway on Curve Hit Object,S,1,4,0,0,5,1,0,0,0,0,0,0
103926,103926,Fatal,2006,August,Wednesday,7,Fall from vehicle,Single Vehicle,151.301347747066,-23.966117275572,Gladstone - Benaraby Rd,,Gladstone - Benaraby Road,Wurdong Heights,Gladstone Region,4680,Tannum Sands,Capricornia,Central,Central,Central Queensland,Gladstone Hinterland,Gladstone,Central Queensland,Inner Regional,Gladstone,Flynn,State-controlled,No Roadway Feature,No traffic control,100 - 110 km/h,Sealed - Dry,Clear,Daylight,Curved - view open,Level,805,Off Path-Curve: Out Of Control On Cway,20: Out of Control on Curve,N,1,0,0,0,1,0,1,0,0,0,0,0
104100,104100,Fatal,2006,May,Tuesday,16,Angle,Multi-Vehicle,146.77923874953,-19.2805348884122,Mcdougall St,Palmerston St,,Currajong,Townsville City,4812,Mundingburra,Townsville,Northern,Northern,North Queensland,Gulliver - Currajong - Vincent,Townsville,Townsville,Outer Regional,Townsville,Herbert,Locally-controlled,Intersection - Cross,Stop sign,60 km/h,Sealed - Dry,Clear,Daylight,Straight,Level,101,Vehs Adjacent Approach: Thru-Thru,01: Intersection: Adjacent Approach,E,1,0,0,0,1,1,0,0,0,1,0,0
104235,104235,Fatal,2006,November,Wednesday,20,Hit object,Single Vehicle,153.218832693862,-27.7254670095006,Martens St,,,Mount Warren Park,Logan City,4207,Beenleigh,Logan,South Eastern,SEQ South,South Coast,Mount Warren Park,Beenleigh,Logan - Beaudesert,Major Cities,Macalister,Forde,Locally-controlled,No Roadway Feature,No traffic control,60 km/h,Sealed - Dry,Clear,Darkness - Lighted,Curved - view obscured,Grade,804,Off Path-Curve: Off Cway Lt Bend Hit Obj,19: Off Carriageway on Curve Hit Object,N,1,0,0,0,1,1,0,0,0,0,0,0
104287,104287,Fatal,2006,August,Thursday,12,Angle,Multi-Vehicle,152.766215238396,-25.2948671356551,Dundowran Rd,Lower Mountain Rd,,Dundowran,Fraser Coast Region,4655,Hervey Bay,Wide Bay Burnett,North Coast,Southern,Southern Queensland,Craignish - Dundowran Beach,Hervey Bay,Wide Bay,Inner Regional,Maryborough,Hinkler,Locally-controlled,Intersection - Cross,Give way sign,100 - 110 km/h,Sealed - Dry,Clear,Daylight,Straight,Level,101,Vehs Adjacent Approach: Thru-Thru,01: Intersection: Adjacent Approach,E,1,1,0,1,3,1,0,1,0,0,0,0
104311,104311,Fatal,2007,July,Thursday,20,Hit animal,Other,148.11617073266,-23.3114295199174,Gregory Hwy,,Gregory Highway (Emerald - Clermont),Gordonstone,Central Highlands Region,4723,Emerald,Capricornia,Central,Central,Central Queensland,Central Highlands - West,Central Highlands (qld),Central Queensland,Remote,Gregory,Flynn,State-controlled,No Roadway Feature,No traffic control,100 - 110 km/h,Sealed - Dry,Clear,Darkness - Not lighted,Straight,Level,609,Pass & Misc: Hit Animal,14: Hit Animal,N,1,0,0,0,1,1,0,0,0,0,0,1
104429,104429,Fatal,2006,December,Friday,3,Hit object,Single Vehicle,153.090396588038,-26.6507356710084,Duporth Ave,,,Maroochydore,Sunshine Coast Region,4558,Maroochydore,Sunshine Coast,North Coast,SEQ North,North Coast,Maroochydore - Kuluin,Maroochy,Sunshine Coast,Major Cities,Maroochydore,Fairfax,Locally-controlled,No Roadway Feature,No traffic control,60 km/h,Sealed - Dry,Clear,Darkness - Lighted,Straight,Level,704,Off Path-Straight: Right Off Cway Hit Obj,16: Off Carriageway on Straight Hit Object,S,1,0,0,0,1,1,0,0,0,0,0,0
104431,104431,Fatal,2006,December,Friday,14,Head-on,Multi-Vehicle,150.383013861809,-28.2699146797545,Gore Hwy,,Gore Highway (Millmerran - Goondiwindi),Goondiwindi,Goondiwindi Region,4390,Goondiwindi,Darling Downs,Southern,Southern,Southern Queensland,Goondiwindi,Darling Downs (west) - Maranoa,Darling Downs - Maranoa,Outer Regional,Southern Downs,Maranoa,State-controlled,No Roadway Feature,No traffic control,100 - 110 km/h,Sealed - Dry,Clear,Daylight,Straight,Level,201,Vehs Opposite Approach: Head On,02: Head-on,N,1,0,1,0,2,1,0,1,0,0,0,0
104434,104434,Fatal,2007,January,Saturday,6,Hit object,Single Vehicle,152.928603598018,-27.4980670035165,Brookfield Rd,,,Kenmore Hills,Brisbane City,4069,Indooroopilly,North Brisbane,Brisbane,SEQ North,Metropolitan,Brookfield - Kenmore Hills,Kenmore - Brookfield - Moggill,Brisbane - West,Major Cities,Moggill,Ryan,Locally-controlled,No Roadway Feature,No traffic control,60 km/h,Sealed - Dry,Clear,Daylight,Straight,Level,703,Off Path-Straight: Left Off Cway Hit Obj,16: Off Carriageway on Straight Hit Object,E,1,0,0,0,1,1,0,0,0,0,0,0
104437,104437,Fatal,2006,December,Saturday,21,Hit pedestrian,Hit pedestrian,150.522480322955,-23.3642052620307,Rockhampton - Yeppoon Rd,,Rockhampton - Yeppoon Road,Berserker,Rockhampton Region,4701,North Rockhampton,Capricornia,Central,Central,Central Queensland,Berserker,Rockhampton,Central Queensland,Inner Regional,Rockhampton,Capricornia,State-controlled,Median Opening,No traffic control,60 km/h,Sealed - Dry,Clear,Darkness - Lighted,Straight,Level,003,Pedn: Far Side Vehicle Hit From Left,12: Pedestrian,S,1,0,0,0,1,1,0,0,0,0,1,0
104439,104439,Fatal,2007,January,Saturday,16,Angle,Multi-Vehicle,152.949489379334,-27.3105364961223,Kremzow Rd,,,Warner,Moreton Bay Region,4500,Albany Creek,North Brisbane,Brisbane,SEQ North,North Coast,Cashmere,The Hills District,Moreton Bay - South,Major Cities,Pine Rivers,Dickson,Locally-controlled,No Roadway Feature,No traffic control,80 - 90 km/h,Sealed - Dry,Clear,Daylight,Straight,Crest,408,Vehs Manoeuvring: Entering From Footway,08: Vehicle Leaving Driveway,E,1,0,0,0,1,1,1,0,0,0,0,0
104441,104441,Fatal,2007,January,Sunday,9,Angle,Multi-Vehicle,153.000011454148,-27.20542134735,Boundary Rd,,,Narangba,Moreton Bay Region,4504,Deception Bay,Moreton,North Coast,SEQ North,North Coast,Deception Bay,Narangba - Burpengary,Moreton Bay - North,Major Cities,Bancroft,Petrie,Locally-controlled,No Roadway Feature,No traffic control,80 - 90 km/h,Sealed - Dry,Clear,Daylight,Curved - view open,Level,308,Vehs Same Direction: Right Turn S/Swipe,06: Parallel Lanes Turning,W,1,0,0,0,1,1,1,0,0,0,0,0
104442,104442,Fatal,2006,December,Sunday,3,Head-on,Multi-Vehicle,153.052925597644,-27.4981639919802,Old Cleveland Rd,,,Coorparoo,Brisbane City,4151,Coorparoo,South Brisbane,Brisbane,SEQ South,Metropolitan,Coorparoo,Holland Park - Yeronga,Brisbane - South,Major Cities,Greenslopes,Griffith,Locally-controlled,No Roadway Feature,No traffic control,60 km/h,Sealed - Dry,Clear,Darkness - Lighted,Curved - view open,Level,201,Vehs Opposite Approach: Head On,02: Head-on,E,1,1,0,0,2,2,0,0,0,0,0,0
104444,104444,Fatal,2006,December,Sunday,16,Head-on,Multi-Vehicle,152.842523167504,-27.015401214097,D'Aguilar Hwy,,D'Aguilar Highway (Caboolture - Kilcoy),Bracalba,Moreton Bay Region,4512,Caboolture,Moreton,North Coast,SEQ North,North Coast,Wamuran,Caboolture,Moreton Bay - North,Major Cities,Glass House,Longman,State-controlled,No Roadway Feature,No traffic control,100 - 110 km/h,Sealed - Wet,Raining,Daylight,Curved - view open,Level,201,Vehs Opposite Approach: Head On,02: Head-on,W,1,0,0,2,3,2,0,0,0,0,0,0
104445,104445,Fatal,2006,December,Sunday,18,Head-on,Multi-Vehicle,153.046332510039,-27.5243761555248,Toohey Rd,,,Tarragindi,Brisbane City,4121,Holland Park,South Brisbane,Brisbane,SEQ South,Metropolitan,Tarragindi,Nathan,Brisbane - South,Major Cities,Miller,Moreton,Locally-controlled,No Roadway Feature,No traffic control,60 km/h,Sealed - Wet,Raining,Darkness - Lighted,Straight,Grade,201,Vehs Opposite Approach: Head On,02: Head-on,S,1,1,0,1,3,2,0,0,0,0,0,0