_id,Crash_Ref_Number,Crash_Severity,Crash_Year,Crash_Month,Crash_Day_Of_Week,Crash_Hour,Crash_Nature,Crash_Type,Crash_Longitude,Crash_Latitude,Crash_Street,Crash_Street_Intersecting,State_Road_Name,Loc_Suburb,Loc_Local_Government_Area,Loc_Post_Code,Loc_Police_Division,Loc_Police_District,Loc_Police_Region,Loc_Queensland_Transport_Region,Loc_Main_Roads_Region,Loc_ABS_Statistical_Area_2,Loc_ABS_Statistical_Area_3,Loc_ABS_Statistical_Area_4,Loc_ABS_Remoteness,Loc_State_Electorate,Loc_Federal_Electorate,Crash_Controlling_Authority,Crash_Roadway_Feature,Crash_Traffic_Control,Crash_Speed_Limit,Crash_Road_Surface_Condition,Crash_Atmospheric_Condition,Crash_Lighting_Condition,Crash_Road_Horiz_Align,Crash_Road_Vert_Align,Crash_DCA_Code,Crash_DCA_Description,Crash_DCA_Group_Description,DCA_Key_Approach_Dir,Count_Casualty_Fatality,Count_Casualty_Hospitalised,Count_Casualty_MedicallyTreated,Count_Casualty_MinorInjury,Count_Casualty_Total,Count_Unit_Car,Count_Unit_Motorcycle_Moped,Count_Unit_Truck,Count_Unit_Bus,Count_Unit_Bicycle,Count_Unit_Pedestrian,Count_Unit_Other
112343,112343,Fatal,2011,April,Tuesday,5,Head-on,Multi-Vehicle,153.133408878728,-27.4450762836609,Port Of Brisbane Mwy,,Port Of Brisbane Motorway,Hemmant,Brisbane City,4174,Wynnum,South Brisbane,Brisbane,SEQ South,Metropolitan,Wynnum West - Hemmant,Wynnum - Manly,Brisbane - East,Major Cities,Lytton,Bonner,State-controlled,No Roadway Feature,No traffic control,80 - 90 km/h,Sealed - Dry,Clear,Dawn/Dusk,Curved - view open,Level,201,Vehs Opposite Approach: Head On,02: Head-on,E,1,0,0,0,1,1,0,1,0,0,0,0
112350,112350,Fatal,2011,April,Friday,22,Angle,Multi-Vehicle,152.903363779719,-27.609487596873,Bertha St,Cunningham Hwy Service Rd,Cunningham Highway (Ipswich Motorway),Goodna,Ipswich City,4300,Goodna,Ipswich,Southern,SEQ South,Metropolitan,Goodna,Springfield - Redbank,Ipswich,Major Cities,Bundamba,Oxley,State-controlled,Intersection - Cross,Operating traffic lights,60 km/h,Sealed - Dry,Clear,Darkness - Lighted,Straight,Level,101,Vehs Adjacent Approach: Thru-Thru,01: Intersection: Adjacent Approach,N,3,2,0,0,5,2,0,0,0,0,0,0
112351,112351,Fatal,2011,April,Saturday,4,Hit object,Single Vehicle,153.052803519757,-27.5843464516486,Beenleigh Rd,,,Sunnybank,Brisbane City,4109,Acacia Ridge,South Brisbane,Brisbane,SEQ South,Metropolitan,Sunnybank Hills,Sunnybank,Brisbane - South,Major Cities,Stretton,Moreton,Locally-controlled,No Roadway Feature,No traffic control,60 km/h,Sealed - Dry,Clear,Dawn/Dusk,Curved - view open,Dip,803,Off Path-Curve: Off Cway Rt Bend Hit Obj,19: Off Carriageway on Curve Hit Object,W,1,0,0,0,1,0,0,0,1,0,0,0
112352,112352,Fatal,2011,April,Sunday,11,Head-on,Multi-Vehicle,152.587210986955,-27.6737199759893,Rosewood - Warrill View Rd,,Rosewood - Warrill View Road,Rosewood,Ipswich City,4340,Rosewood,Ipswich,Southern,SEQ South,Metropolitan,Rosewood,Ipswich Hinterland,Ipswich,Inner Regional,Scenic Rim,Blair,State-controlled,No Roadway Feature,No traffic control,100 - 110 km/h,Sealed - Dry,Clear,Daylight,Curved - view open,Level,201,Vehs Opposite Approach: Head On,02: Head-on,E,2,0,1,1,4,0,1,1,0,0,0,0
113048,113048,Fatal,2011,December,Saturday,22,Hit object,Single Vehicle,151.916064308204,-24.2518284211307,Anderson Wy,,,Agnes Water,Gladstone Region,4677,Agnes Water,Capricornia,Central,Central,Central Queensland,Agnes Water - Miriam Vale,Gladstone,Central Queensland,Outer Regional,Burnett,Flynn,Locally-controlled,No Roadway Feature,No traffic control,80 - 90 km/h,Sealed - Wet,Clear,Darkness - Not lighted,Curved - view obscured,Level,804,Off Path-Curve: Off Cway Lt Bend Hit Obj,19: Off Carriageway on Curve Hit Object,S,1,0,0,0,1,1,0,0,0,0,0,0
113050,113050,Fatal,2011,December,Sunday,15,Rear-end,Multi-Vehicle,152.630960544601,-25.6529154641673,Bruce Hwy,,Bruce Highway (Gympie - Maryborough),Owanyilla,Fraser Coast Region,4650,Maryborough,Wide Bay Burnett,North Coast,Southern,Southern Queensland,Maryborough Region - South,Maryborough,Wide Bay,Inner Regional,Maryborough,Wide Bay,State-controlled,No Roadway Feature,No traffic control,100 - 110 km/h,Sealed - Wet,Raining,Daylight,Straight,Grade,201,Vehs Opposite Approach: Head On,02: Head-on,S,1,1,1,0,3,2,0,0,0,0,0,0
113193,113193,Fatal,2011,February,Monday,11,Angle,Multi-Vehicle,152.230487429299,-25.2113323233408,Bruce Hwy,Isis Hwy,Bruce Highway (Maryborough - Gin Gin),Apple Tree Creek,Bundaberg Region,4660,Childers,Wide Bay Burnett,North Coast,Southern,Southern Queensland,Bundaberg Region - South,Bundaberg,Wide Bay,Inner Regional,Burnett,Hinkler,State-controlled,Intersection - T-Junction,Stop sign,80 - 90 km/h,Sealed - Dry,Clear,Daylight,Curved - view obscured,Grade,104,Vehs Adjacent Approach: Thru-Right,01: Intersection: Adjacent Approach,S,1,0,1,0,2,1,0,1,0,0,0,0
113197,113197,Fatal,2011,February,Sunday,10,Fall from vehicle,Single Vehicle,152.764244056564,-27.0814209408331,Brisbane - Woodford Rd,,Brisbane - Woodford Road,Mount Mee,Moreton Bay Region,4521,Woodford,Moreton,North Coast,SEQ North,North Coast,Woodford - Daguilar,Caboolture Hinterland,Moreton Bay - North,Inner Regional,Glass House,Longman,State-controlled,No Roadway Feature,No traffic control,100 - 110 km/h,Sealed - Dry,Clear,Daylight,Curved - view obscured,Crest,201,Vehs Opposite Approach: Head On,02: Head-on,S,1,0,0,0,1,0,2,0,0,0,0,0
113496,113496,Fatal,2024,April,Sunday,10,Sideswipe,Multi-Vehicle,152.317889037695,-28.0586613795772,Cunningham Hwy,,Cunningham Highway (Ipswich - Warwick),Tregony,Southern Downs Region,4370,Yangan,Darling Downs,Southern,Southern,Southern Queensland,Southern Downs - East,Granite Belt,Darling Downs - Maranoa,Inner Regional,Southern Downs,Maranoa,State-controlled,No Roadway Feature,No traffic control,100 - 110 km/h,Sealed - Dry,Clear,Daylight,Curved - view obscured,Grade,201,Vehs Opposite Approach: Head On,02: Head-on,W,1,0,0,0,1,1,1,0,0,0,0,0
113644,113644,Fatal,2022,March,Monday,8,Hit object,Single Vehicle,151.784391160698,-27.5311363239289,Brimblecombes Rd,,,Wellcamp,Toowoomba Region,4350,Oakey,Darling Downs,Southern,Southern,Southern Queensland,Toowoomba - West,Toowoomba,Toowoomba,Inner Regional,Condamine,Groom,Locally-controlled,Bridge/Causeway,No traffic control,100 - 110 km/h,Unsealed - Wet,Raining,Darkness - Not lighted,Straight,Level,607,Vehs On Path: Temporary Object On Cway,21: Other,,1,1,0,0,2,1,0,0,0,0,0,0
113728,113728,Fatal,2022,September,Thursday,9,Hit object,Single Vehicle,153.154889019539,-27.4757474580697,Hargreaves Rd,Manly Rd,,Wakerley,Brisbane City,4154,Wynnum,South Brisbane,Brisbane,SEQ South,Metropolitan,Wakerley,Wynnum - Manly,Brisbane - East,Major Cities,Lytton,Bonner,Locally-controlled,Intersection - T-Junction,Operating traffic lights,70 km/h,Sealed - Wet,Raining,Daylight,Curved - view open,Level,808,Off Path-Curve: Mounts Traffic Island,19: Off Carriageway on Curve Hit Object,E,1,2,0,0,3,1,0,0,0,0,0,0
113828,113828,Fatal,2022,September,Friday,23,Overturned,Single Vehicle,145.284803818862,-15.7463346920569,Homerule Rd,,,Rossville,Cook Shire,4895,Cooktown,Far North,Far Northern,Northern,North Queensland,Cape York,Far North,Queensland - Outback,Remote,Cook,Leichhardt,Locally-controlled,No Roadway Feature,No traffic control,0 - 50 km/h,Unsealed - Wet,Clear,Darkness - Not lighted,Curved - view obscured,Level,400,Vehs Manoeuvring: Other,21: Other,N,1,0,2,0,3,1,0,0,0,0,0,0
113861,113861,Fatal,2020,May,Monday,8,Fall from vehicle,Single Vehicle,145.865557654815,-17.4555867472286,Joyce Rd,,,Woopen Creek,Cairns Region,4871,Babinda,Far North,Far Northern,Northern,North Queensland,Babinda,Innisfail - Cassowary Coast,Cairns,Outer Regional,Hill,Kennedy,Locally-controlled,No Roadway Feature,No traffic control,100 - 110 km/h,Sealed - Wet,Raining,Daylight,Straight,Level,901,Pass & Misc: Fell In/From Vehicle,21: Other,,1,0,0,0,1,0,1,0,0,0,0,0
113866,113866,Fatal,2020,June,Saturday,12,Hit object,Single Vehicle,147.122987239347,-21.3894068730921,Yacamunda Rd,,,Mount Coolon,Whitsunday Region,4804,Collinsville,Mackay,Central,Central,Central Queensland,Collinsville,Bowen Basin - North,Mackay - Isaac - Whitsunday,Remote,Burdekin,Capricornia,Locally-controlled,Bridge/Causeway,No traffic control,80 - 90 km/h,Unsealed - Dry,Clear,Daylight,Curved - view open,Level,803,Off Path-Curve: Off Cway Rt Bend Hit Obj,19: Off Carriageway on Curve Hit Object,W,1,0,0,0,1,0,1,0,0,0,0,0
114121,114121,Fatal,2017,March,Sunday,5,Hit object,Single Vehicle,153.148641812122,-27.8928041657273,Tamborine Mountain Rd,,Tamborine Mountain Road,Tamborine,Scenic Rim Region,4270,North Tamborine,Logan,South Eastern,SEQ South,South Coast,Tamborine - Canungra,Gold Coast Hinterland,Gold Coast,Inner Regional,Scenic Rim,Wright,State-controlled,No Roadway Feature,No traffic control,80 - 90 km/h,Sealed - Wet,Raining,Dawn/Dusk,Curved - view obscured,Crest,803,Off Path-Curve: Off Cway Rt Bend Hit Obj,19: Off Carriageway on Curve Hit Object,W,1,3,0,0,4,1,0,0,0,0,0,0
114190,114190,Fatal,2018,March,Friday,11,Angle,Multi-Vehicle,153.042448008145,-27.6611784482142,Browns Plains Rd,Grand Plaza Dr,,Browns Plains,Logan City,4118,Browns Plains,Logan,South Eastern,SEQ South,South Coast,Browns Plains,Browns Plains,Logan - Beaudesert,Major Cities,Algester,Rankin,Locally-controlled,Intersection - T-Junction,Operating traffic lights,60 km/h,Sealed - Dry,Clear,Daylight,Straight,Level,406,Vehs Manoeuvring: Leaving Driveway,08: Vehicle Leaving Driveway,S,1,0,1,1,3,4,0,0,0,0,0,0
114191,114191,Fatal,2021,July,Saturday,23,Hit pedestrian,Hit pedestrian,153.063330123866,-26.7227234428622,Parkville St,,,Sippy Downs,Sunshine Coast Region,4556,Sippy Downs,Sunshine Coast,North Coast,SEQ North,North Coast,Sippy Downs,Buderim,Sunshine Coast,Major Cities,Buderim,Fisher,Locally-controlled,No Roadway Feature,No traffic control,0 - 50 km/h,Sealed - Dry,Clear,Darkness - Lighted,Straight,Level,004,Pedn: Play; Work; Stand; Lie On Cway,12: Pedestrian,S,1,0,0,0,1,1,0,0,0,0,1,0
114193,114193,Fatal,2018,August,Friday,19,Fall from vehicle,Single Vehicle,148.381950403703,-28.7977640318432,Narine Rd,,,Dirranbandi,Balonne Shire,4486,Dirranbandi,South West,Southern,Southern,Southern Queensland,Balonne,Darling Downs (west) - Maranoa,Darling Downs - Maranoa,Very Remote,Warrego,Maranoa,Locally-controlled,No Roadway Feature,No traffic control,100 - 110 km/h,Unsealed - Dry,Clear,Darkness - Not lighted,Straight,Level,901,Pass & Misc: Fell In/From Vehicle,21: Other,N,1,0,0,0,1,1,0,0,0,0,0,0
114195,114195,Fatal,2019,July,Saturday,19,Head-on,Multi-Vehicle,143.958101108347,-26.6330956931684,Diamantina Development Rd,,Diamantina Developmental Road (Quilpie - Windorah),Quilpie,Quilpie Shire,4480,Quilpie,South West,Southern,Southern,Southern Queensland,Far South West,Outback - South,Queensland - Outback,Very Remote,Warrego,Maranoa,State-controlled,No Roadway Feature,No traffic control,100 - 110 km/h,Sealed - Dry,Clear,Darkness - Not lighted,Straight,Level,201,Vehs Opposite Approach: Head On,02: Head-on,E,1,1,0,0,2,1,0,1,0,0,0,0
114562,114562,Fatal,2023,May,Saturday,11,Head-on,Multi-Vehicle,152.159794148024,-27.300450358236,Mt Jockey Rd,,,Ravensbourne,Toowoomba Region,4352,Crows Nest,Darling Downs,Southern,Southern,Southern Queensland,Crows Nest - Rosalie,Darling Downs - East,Darling Downs - Maranoa,Inner Regional,Condamine,Maranoa,Locally-controlled,No Roadway Feature,No traffic control,80 - 90 km/h,Sealed - Dry,Clear,Daylight,Curved - view obscured,Grade,201,Vehs Opposite Approach: Head On,02: Head-on,N,1,0,0,0,1,1,1,0,0,0,0,0
114717,114717,Fatal,2021,January,Thursday,0,Hit object,Single Vehicle,150.746455760373,-23.1351201914635,Appleton Dr,,,Yeppoon,Livingstone Shire,4703,Yeppoon,Capricornia,Central,Central,Central Queensland,Yeppoon,Rockhampton,Central Queensland,Inner Regional,Keppel,Capricornia,Locally-controlled,Bridge/Causeway,No traffic control,0 - 50 km/h,Sealed - Dry,Clear,Darkness - Lighted,Curved - view open,Level,805,Off Path-Curve: Out Of Control On Cway,20: Out of Control on Curve,S,1,1,1,0,3,1,0,0,0,0,0,0
115927,115927,Fatal,2008,November,Wednesday,21,Hit object,Single Vehicle,151.633030301191,-24.0857429787763,Bells Rd,,,Rodds Bay,Gladstone Region,4678,Miriam Vale,Capricornia,Central,Central,Central Queensland,Agnes Water - Miriam Vale,Gladstone,Central Queensland,Outer Regional,Burnett,Flynn,Locally-controlled,No Roadway Feature,No traffic control,100 - 110 km/h,Sealed - Dry,Clear,Darkness - Not lighted,Curved - view open,Grade,804,Off Path-Curve: Off Cway Lt Bend Hit Obj,19: Off Carriageway on Curve Hit Object,N,1,1,0,0,2,1,0,0,0,0,0,0
116354,116354,Fatal,2008,December,Saturday,16,Hit object,Single Vehicle,153.112278640205,-27.7664175020677,Quinzeh Ck Rd,,,Logan Village,Logan City,4207,Logan Village Yarrabilba,Logan,South Eastern,SEQ South,South Coast,Logan Village,Jimboomba,Logan - Beaudesert,Major Cities,Logan,Wright,Locally-controlled,No Roadway Feature,No traffic control,60 km/h,Sealed - Dry,Clear,Daylight,Straight,Grade,703,Off Path-Straight: Left Off Cway Hit Obj,16: Off Carriageway on Straight Hit Object,W,1,0,0,0,1,1,0,0,0,0,0,0
116697,116697,Fatal,2016,June,Sunday,3,Hit pedestrian,Hit pedestrian,153.093017011531,-27.5913654527483,Underwood Rd,,,Eight Mile Plains,Brisbane City,4113,Upper Mount Gravatt,South Brisbane,Brisbane,SEQ South,Metropolitan,Runcorn,Sunnybank,Brisbane - South,Major Cities,Stretton,Moreton,Locally-controlled,No Roadway Feature,No traffic control,70 km/h,Sealed - Dry,Clear,Darkness - Lighted,Straight,Crest,004,Pedn: Play; Work; Stand; Lie On Cway,12: Pedestrian,E,1,0,0,0,1,1,0,0,0,0,1,0
116710,116710,Fatal,2016,November,Friday,6,Angle,Multi-Vehicle,153.024027054358,-27.3108074435951,Bracken Ridge Rd,Hoyland St,,Bracken Ridge,Brisbane City,4017,Sandgate,North Brisbane,Brisbane,SEQ North,Metropolitan,Bracken Ridge,Sandgate,Brisbane - North,Major Cities,Sandgate,Petrie,Locally-controlled,Intersection - T-Junction,Operating traffic lights,60 km/h,Sealed - Dry,Clear,Daylight,Straight,Level,202,Vehs Opposite Approach: Thru-Right,03: Opposing Vehicles Turning,S,1,2,0,0,3,2,0,0,0,0,0,0
116711,116711,Fatal,2016,November,Saturday,2,Hit object,Single Vehicle,149.154736107551,-21.0286960338156,Shoal Point Rd,,,Bucasia,Mackay Region,4750,Mackay Northern Beaches,Mackay,Central,Central,Central Queensland,Shoal Point - Bucasia,Mackay,Mackay - Isaac - Whitsunday,Inner Regional,Whitsunday,Dawson,Locally-controlled,No Roadway Feature,No traffic control,60 km/h,Sealed - Dry,Clear,Darkness - Lighted,Curved - view obscured,Level,804,Off Path-Curve: Off Cway Lt Bend Hit Obj,19: Off Carriageway on Curve Hit Object,S,1,0,0,0,1,1,0,0,0,0,0,0
116712,116712,Fatal,2016,November,Saturday,17,Rear-end,Multi-Vehicle,152.980237122361,-26.8040987351738,Steve Irwin Way,,Glass House Mountains Road,Landsborough,Sunshine Coast Region,4550,Beerwah,Sunshine Coast,North Coast,SEQ North,North Coast,Landsborough,Sunshine Coast Hinterland,Sunshine Coast,Inner Regional,Caloundra,Fisher,State-controlled,No Roadway Feature,No traffic control,80 - 90 km/h,Sealed - Dry,Clear,Daylight,Straight,Level,303,Vehs Same Direction: Right Rear,04: Rear-end,S,1,3,0,0,4,3,0,0,0,0,0,0
116736,116736,Fatal,2019,March,Tuesday,23,Head-on,Multi-Vehicle,151.629823194097,-27.3921083081222,Warrego Hwy,,Warrego Highway (Toowoomba - Dalby),Jondaryan,Toowoomba Region,4403,Jondaryan,Darling Downs,Southern,Southern,Southern Queensland,Jondaryan,Darling Downs - East,Darling Downs - Maranoa,Inner Regional,Condamine,Groom,State-controlled,No Roadway Feature,No traffic control,100 - 110 km/h,Sealed - Dry,Clear,Darkness - Not lighted,Straight,Level,201,Vehs Opposite Approach: Head On,02: Head-on,E,1,0,0,0,1,1,0,1,0,0,0,0
116880,116880,Fatal,2014,July,Wednesday,10,Overturned,Single Vehicle,147.583167339313,-19.828136895614,Bruce Hwy,,Bruce Highway (Bowen - Ayr),Gumlu,Whitsunday Region,4805,Bowen,Mackay,Central,Central,Central Queensland,Collinsville,Bowen Basin - North,Mackay - Isaac - Whitsunday,Outer Regional,Burdekin,Dawson,State-controlled,No Roadway Feature,No traffic control,100 - 110 km/h,Sealed - Dry,Clear,Daylight,Curved - view open,Level,801,Off Path-Curve: Off Cway Right Bend,18: Off Carriageway on Curve,N,1,1,0,0,2,1,0,0,0,0,0,0
116881,116881,Fatal,2014,July,Wednesday,10,Fall from vehicle,Single Vehicle,153.192024016078,-27.4716594617867,Esplanade,,,Lota,Brisbane City,4179,Wynnum,South Brisbane,Brisbane,SEQ South,Metropolitan,Manly - Lota,Wynnum - Manly,Brisbane - East,Major Cities,Lytton,Bonner,Locally-controlled,No Roadway Feature,No traffic control,0 - 50 km/h,Sealed - Wet,Clear,Daylight,Curved - view open,Level,803,Off Path-Curve: Off Cway Rt Bend Hit Obj,19: Off Carriageway on Curve Hit Object,S,1,0,0,0,1,0,1,0,0,0,0,0
116882,116882,Fatal,2014,July,Sunday,20,Hit pedestrian,Hit pedestrian,153.346930937857,-27.9519034812715,Smith St Connection Rd,,Smith Street Connection Road,Parkwood,Gold Coast City,4214,Southport,Gold Coast,South Eastern,SEQ South,South Coast,Parkwood,Southport,Gold Coast,Major Cities,Bonney,Fadden,State-controlled,No Roadway Feature,No traffic control,60 km/h,Sealed - Dry,Clear,Darkness - Lighted,Curved - view open,Level,004,Pedn: Play; Work; Stand; Lie On Cway,12: Pedestrian,S,1,0,0,0,1,1,0,0,0,0,1,0
116883,116883,Fatal,2014,July,Sunday,23,Angle,Multi-Vehicle,153.031227034505,-27.4622754455169,Ann St,Queen St,,Brisbane City,Brisbane City,4000,Brisbane City,North Brisbane,Brisbane,SEQ North,Metropolitan,Spring Hill,Brisbane Inner,Brisbane Inner City,Major Cities,Mcconnel,Brisbane,Locally-controlled,Intersection - Cross,Operating traffic lights,0 - 50 km/h,Sealed - Dry,Clear,Darkness - Lighted,Straight,Level,101,Vehs Adjacent Approach: Thru-Thru,01: Intersection: Adjacent Approach,W,1,0,0,1,2,1,1,0,0,0,0,0
116884,116884,Fatal,2014,April,Monday,12,Head-on,Multi-Vehicle,153.002444920784,-26.6131761068736,Bli Bli Rd,,Nambour - Bli Bli Road,Bli Bli,Sunshine Coast Region,4560,Nambour,Sunshine Coast,North Coast,SEQ North,North Coast,Bli Bli,Nambour,Sunshine Coast,Major Cities,Ninderry,Fairfax,State-controlled,No Roadway Feature,No traffic control,80 - 90 km/h,Sealed - Wet,Raining,Daylight,Curved - view obscured,Crest,201,Vehs Opposite Approach: Head On,02: Head-on,E,1,1,0,0,2,2,0,0,0,0,0,0
116887,116887,Fatal,2014,May,Friday,19,Hit object,Single Vehicle,152.691566325597,-27.9690271436268,Hoya Rd,,,Hoya,Scenic Rim Region,4310,Boonah,Ipswich,Southern,SEQ South,South Coast,Boonah,Ipswich Hinterland,Ipswich,Inner Regional,Scenic Rim,Wright,Locally-controlled,No Roadway Feature,No traffic control,0 - 50 km/h,Sealed - Dry,Clear,Darkness - Not lighted,Curved - view obscured,Level,803,Off Path-Curve: Off Cway Rt Bend Hit Obj,19: Off Carriageway on Curve Hit Object,S,1,0,0,0,1,1,0,0,0,0,0,0
116888,116888,Fatal,2014,May,Saturday,8,Sideswipe,Multi-Vehicle,152.361837701766,-24.8953340685627,Goodwood Rd,Mccarthy St,Goodwood Road,Avenell Heights,Bundaberg Region,4670,Bundaberg,Wide Bay Burnett,North Coast,Southern,Southern Queensland,Walkervale - Avenell Heights,Bundaberg,Wide Bay,Inner Regional,Bundaberg,Hinkler,State-controlled,Intersection - T-Junction,No traffic control,60 km/h,Sealed - Dry,Clear,Daylight,Straight,Level,506,Vehs Overtaking: Overtake-Right Turn,09: Overtaking Same Direction,N,1,0,0,0,1,1,0,0,0,1,0,0
116889,116889,Fatal,2014,May,Monday,12,Fall from vehicle,Single Vehicle,149.294703826866,-26.5972014192104,Warrego Hwy,,Warrego Highway (Miles - Roma),Wallumbilla North,Maranoa Region,4428,Yuleba,South West,Southern,Southern,Southern Queensland,Roma Region,Darling Downs (west) - Maranoa,Darling Downs - Maranoa,Remote,Warrego,Maranoa,State-controlled,No Roadway Feature,No traffic control,100 - 110 km/h,Sealed - Dry,Clear,Daylight,Straight,Level,705,Off Path-Straight: Out Of Control On Cway,17: Out of Control on Straight,W,1,1,0,0,2,0,1,0,0,0,0,0
116947,116947,Fatal,2016,July,Saturday,12,Head-on,Multi-Vehicle,153.286496938578,-27.9976914754948,Mt Nathan Rd,,Beaudesert - Nerang Road,Mount Nathan,Gold Coast City,4211,Nerang,Gold Coast,South Eastern,SEQ South,South Coast,Nerang - Mount Nathan,Nerang,Gold Coast,Major Cities,Gaven,Wright,State-controlled,No Roadway Feature,No traffic control,80 - 90 km/h,Sealed - Dry,Clear,Daylight,Curved - view obscured,Grade,201,Vehs Opposite Approach: Head On,02: Head-on,E,1,0,1,0,2,1,1,0,0,0,0,0
117005,117005,Fatal,2014,May,Tuesday,16,Head-on,Multi-Vehicle,152.024177439351,-24.9616773263405,Bundaberg - Gin Gin Rd,,Bundaberg - Gin Gin Road,Maroondan,Bundaberg Region,4671,Gin Gin,Wide Bay Burnett,North Coast,Southern,Southern Queensland,Gin Gin,Burnett,Wide Bay,Inner Regional,Callide,Flynn,State-controlled,No Roadway Feature,No traffic control,100 - 110 km/h,Sealed - Dry,Clear,Daylight,Straight,Dip,201,Vehs Opposite Approach: Head On,02: Head-on,N,1,1,0,0,2,2,0,0,0,0,0,0
117006,117006,Fatal,2014,May,Sunday,16,Head-on,Multi-Vehicle,152.969884067544,-27.2516844376977,Eucumbene Dr,,,Petrie,Moreton Bay Region,4502,Petrie,Moreton,North Coast,SEQ North,North Coast,Petrie,Strathpine,Moreton Bay - South,Major Cities,Kurwongbah,Dickson,Locally-controlled,No Roadway Feature,No traffic control,0 - 50 km/h,Sealed - Dry,Clear,Daylight,Curved - view open,Grade,201,Vehs Opposite Approach: Head On,02: Head-on,S,1,0,0,0,1,1,1,0,0,0,0,0
117009,117009,Fatal,2014,May,Wednesday,20,Hit parked vehicle,Single Vehicle,153.22081398055,-27.726227466707,Pacific Hwy,,Pacific Highway (Pacific Motorway),Beenleigh,Logan City,4207,Beenleigh,Logan,South Eastern,SEQ South,South Coast,Ormeau - Yatala,Ormeau - Oxenford,Gold Coast,Major Cities,Macalister,Forde,State-controlled,No Roadway Feature,No traffic control,100 - 110 km/h,Sealed - Dry,Clear,Darkness - Not lighted,Straight,Level,601,Vehs On Path: Parked,10: Hit Parked Vehicle,N,1,0,2,0,3,3,0,0,0,0,0,0
117015,117015,Fatal,2014,May,Friday,16,Angle,Multi-Vehicle,151.715455297832,-27.883547181119,Clifton - Pittsworth Rd,Toowoomba - Karara Rd,Toowoomba - Karara Road,Felton South,Toowoomba Region,4358,Clifton,Darling Downs,Southern,Southern,Southern Queensland,Clifton - Greenmount,Granite Belt,Darling Downs - Maranoa,Inner Regional,Condamine,Maranoa,State-controlled,Intersection - Cross,Stop sign,100 - 110 km/h,Sealed - Dry,Clear,Daylight,Straight,Level,101,Vehs Adjacent Approach: Thru-Thru,01: Intersection: Adjacent Approach,N,1,0,1,0,2,1,0,1,0,0,0,0
117016,117016,Fatal,2014,June,Sunday,18,Hit object,Single Vehicle,146.133682355971,-18.6516818965962,Ingham - Abergowrie Rd,,Ingham - Abergowrie Road,Ingham,Hinchinbrook Shire,4850,Ingham,Townsville,Northern,Northern,North Queensland,Ingham,Charters Towers - Ayr - Ingham,Townsville,Outer Regional,Hinchinbrook,Kennedy,State-controlled,No Roadway Feature,No traffic control,80 - 90 km/h,Sealed - Dry,Clear,Darkness - Lighted,Curved - view open,Level,804,Off Path-Curve: Off Cway Lt Bend Hit Obj,19: Off Carriageway on Curve Hit Object,E,1,1,0,0,2,1,0,0,0,0,0,0
117017,117017,Fatal,2014,June,Tuesday,7,Hit object,Single Vehicle,152.969503019418,-27.6344594406864,Logan Mwy,,Logan Motorway (Gailes - Loganholme),Forest Lake,Brisbane City,4078,Inala,South Brisbane,Brisbane,SEQ South,Metropolitan,Forest Lake - Doolandella,Forest Lake - Oxley,Ipswich,Major Cities,Inala,Oxley,State-controlled,No Roadway Feature,No traffic control,80 - 90 km/h,Sealed - Dry,Clear,Daylight,Straight,Level,703,Off Path-Straight: Left Off Cway Hit Obj,16: Off Carriageway on Straight Hit Object,E,1,0,0,0,1,0,1,0,0,0,0,0
117148,117148,Fatal,2014,May,Monday,18,Hit object,Single Vehicle,149.221419299973,-21.434787795889,Bruce Hwy,,Bruce Highway (St Lawrence - Mackay),Sarina,Mackay Region,4737,Sarina,Mackay,Central,Central,Central Queensland,Sarina,Mackay,Mackay - Isaac - Whitsunday,Outer Regional,Mirani,Capricornia,State-controlled,No Roadway Feature,No traffic control,70 km/h,Sealed - Dry,Clear,Darkness - Lighted,Curved - view obscured,Grade,803,Off Path-Curve: Off Cway Rt Bend Hit Obj,19: Off Carriageway on Curve Hit Object,N,1,0,0,0,1,0,0,1,0,0,0,0
117503,117503,Fatal,2014,April,Monday,11,Hit object,Single Vehicle,151.793418309485,-24.4462087399937,Bundaberg - Miriam Vale Rd,,Bundaberg - Miriam Vale Road,Taunton,Gladstone Region,4674,Rosedale,Capricornia,Central,Central,Central Queensland,Agnes Water - Miriam Vale,Gladstone,Central Queensland,Outer Regional,Burnett,Flynn,State-controlled,No Roadway Feature,No traffic control,100 - 110 km/h,Sealed - Dry,Clear,Daylight,Straight,Level,700,Off Path-Straight: Other,21: Other,N,1,1,0,0,2,1,0,0,0,0,0,0
117505,117505,Fatal,2014,April,Friday,20,Head-on,Multi-Vehicle,153.166975368599,-27.4177480078305,Port Dr,,,Lytton,Brisbane City,4178,Wynnum,South Brisbane,Brisbane,SEQ South,Metropolitan,Brisbane Port - Lytton,Wynnum - Manly,Brisbane - East,Major Cities,Lytton,Bonner,Locally-controlled,No Roadway Feature,No traffic control,80 - 90 km/h,Sealed - Dry,Clear,Darkness - Not lighted,Curved - view open,Level,201,Vehs Opposite Approach: Head On,02: Head-on,N,2,0,0,0,2,0,0,2,0,0,0,0
117768,117768,Fatal,2016,July,Saturday,2,Hit object,Single Vehicle,146.221673667981,-28.7224868638155,Jobs Gate Rd,,,Noorama,Paroo Shire,4490,Cunnamulla,South West,Southern,Southern,Southern Queensland,Far South West,Outback - South,Queensland - Outback,Very Remote,Warrego,Maranoa,Locally-controlled,No Roadway Feature,No traffic control,100 - 110 km/h,Sealed - Dry,Clear,Darkness - Not lighted,Curved - view open,Level,805,Off Path-Curve: Out Of Control On Cway,20: Out of Control on Curve,N,1,0,0,0,1,1,0,0,0,0,0,0