_id,Crash_Ref_Number,Crash_Severity,Crash_Year,Crash_Month,Crash_Day_Of_Week,Crash_Hour,Crash_Nature,Crash_Type,Crash_Longitude,Crash_Latitude,Crash_Street,Crash_Street_Intersecting,State_Road_Name,Loc_Suburb,Loc_Local_Government_Area,Loc_Post_Code,Loc_Police_Division,Loc_Police_District,Loc_Police_Region,Loc_Queensland_Transport_Region,Loc_Main_Roads_Region,Loc_ABS_Statistical_Area_2,Loc_ABS_Statistical_Area_3,Loc_ABS_Statistical_Area_4,Loc_ABS_Remoteness,Loc_State_Electorate,Loc_Federal_Electorate,Crash_Controlling_Authority,Crash_Roadway_Feature,Crash_Traffic_Control,Crash_Speed_Limit,Crash_Road_Surface_Condition,Crash_Atmospheric_Condition,Crash_Lighting_Condition,Crash_Road_Horiz_Align,Crash_Road_Vert_Align,Crash_DCA_Code,Crash_DCA_Description,Crash_DCA_Group_Description,DCA_Key_Approach_Dir,Count_Casualty_Fatality,Count_Casualty_Hospitalised,Count_Casualty_MedicallyTreated,Count_Casualty_MinorInjury,Count_Casualty_Total,Count_Unit_Car,Count_Unit_Motorcycle_Moped,Count_Unit_Truck,Count_Unit_Bus,Count_Unit_Bicycle,Count_Unit_Pedestrian,Count_Unit_Other
117769,117769,Fatal,2016,July,Saturday,13,Overturned,Single Vehicle,152.282436437367,-24.7668873497671,Gooburrum Rd,,,Welcome Creek,Bundaberg Region,4670,Bundaberg,Wide Bay Burnett,North Coast,Southern,Southern Queensland,Bundaberg Region - North,Bundaberg,Wide Bay,Inner Regional,Burnett,Flynn,Locally-controlled,No Roadway Feature,No traffic control,100 - 110 km/h,Sealed - Dry,Clear,Daylight,Curved - view open,Grade,805,Off Path-Curve: Out Of Control On Cway,20: Out of Control on Curve,S,2,1,2,0,5,1,0,0,0,0,0,0
117803,117803,Fatal,2023,February,Friday,23,Hit object,Single Vehicle,139.840017887309,-20.7607064215136,Barkly Hwy,,Barkly Highway (Cloncurry - Mount Isa),Cloncurry,Cloncurry Shire,4824,Cloncurry,Mount Isa,Northern,Northern,North Queensland,Mount Isa Region,Outback - North,Queensland - Outback,Very Remote,Traeger,Kennedy,State-controlled,No Roadway Feature,No traffic control,100 - 110 km/h,Sealed - Wet,Raining,Darkness - Not lighted,Curved - view open,Dip,804,Off Path-Curve: Off Cway Lt Bend Hit Obj,19: Off Carriageway on Curve Hit Object,E,1,3,0,0,4,1,0,0,0,0,0,0
117965,117965,Fatal,2016,November,Thursday,9,Sideswipe,Multi-Vehicle,153.097321982434,-27.816672454957,Waterford - Tamborine Rd,,Waterford - Tamborine Road,Logan Village,Logan City,4207,Logan Village Yarrabilba,Logan,South Eastern,SEQ South,South Coast,Logan Village,Jimboomba,Logan - Beaudesert,Major Cities,Logan,Wright,State-controlled,No Roadway Feature,No traffic control,80 - 90 km/h,Sealed - Dry,Clear,Daylight,Curved - view open,Level,201,Vehs Opposite Approach: Head On,02: Head-on,S,1,1,0,0,2,0,0,1,1,0,0,0
117966,117966,Fatal,2016,November,Saturday,1,Hit pedestrian,Hit pedestrian,153.071853060893,-27.2184594476677,Redcliffe Rd,,Redcliffe Road,Kippa-ring,Moreton Bay Region,4021,Redcliffe,Moreton,North Coast,SEQ North,North Coast,Rothwell - Kippa-ring,Redcliffe,Moreton Bay - North,Major Cities,Murrumba,Petrie,State-controlled,No Roadway Feature,No traffic control,70 km/h,Sealed - Dry,Clear,Darkness - Lighted,Straight,Level,004,Pedn: Play; Work; Stand; Lie On Cway,12: Pedestrian,E,1,0,0,0,1,1,0,0,0,0,1,0
117967,117967,Fatal,2016,November,Saturday,12,Rear-end,Multi-Vehicle,146.466848461717,-19.3619258068928,Hervey'S Range Developmental Rd,,Hervey Range Developmental Road (Townsville - Battery),Hervey Range,Townsville City,4817,Deeragun,Townsville,Northern,Northern,North Queensland,Northern Beaches,Townsville,Townsville,Outer Regional,Hinchinbrook,Herbert,State-controlled,No Roadway Feature,No traffic control,100 - 110 km/h,Sealed - Dry,Clear,Daylight,Curved - view open,Grade,301,Vehs Same Direction: Rear End,04: Rear-end,W,1,1,0,0,2,1,1,0,0,0,0,0
118000,118000,Fatal,2014,March,Monday,6,Hit object,Single Vehicle,153.034340368665,-26.8286857687963,Bruce Hwy,,Bruce Highway (Brisbane - Gympie),Bells Creek,Sunshine Coast Region,4551,Beerwah,Sunshine Coast,North Coast,SEQ North,North Coast,Caloundra - West,Caloundra,Sunshine Coast,Major Cities,Caloundra,Fisher,State-controlled,No Roadway Feature,No traffic control,100 - 110 km/h,Sealed - Dry,Clear,Daylight,Straight,Level,703,Off Path-Straight: Left Off Cway Hit Obj,16: Off Carriageway on Straight Hit Object,S,1,0,0,0,1,1,0,0,0,0,0,0
118241,118241,Fatal,2014,June,Wednesday,12,Hit object,Single Vehicle,153.274419944536,-27.9616634739874,Oxenford - Coomera Gorge Rd,,Oxenford - Coomera Gorge Road,Maudsland,Gold Coast City,4210,Nerang,Gold Coast,South Eastern,SEQ South,South Coast,Oxenford - Maudsland,Ormeau - Oxenford,Gold Coast,Major Cities,Theodore,Wright,State-controlled,No Roadway Feature,No traffic control,80 - 90 km/h,Sealed - Dry,Clear,Daylight,Curved - view open,Dip,803,Off Path-Curve: Off Cway Rt Bend Hit Obj,19: Off Carriageway on Curve Hit Object,S,1,0,0,0,1,1,0,0,0,0,0,0
118242,118242,Fatal,2014,June,Saturday,17,Hit pedestrian,Hit pedestrian,153.383979009539,-27.6821744249166,Centre Rd,,,Russell Island,Redland City,4184,Russell Island,South Brisbane,Brisbane,SEQ South,Metropolitan,Redland Islands,Cleveland - Stradbroke,Brisbane - East,Outer Regional,Redlands,Bowman,Locally-controlled,No Roadway Feature,No traffic control,0 - 50 km/h,Sealed - Dry,Clear,Dawn/Dusk,Straight,Level,005,Pedn: Hit Walking With Traffic,12: Pedestrian,S,1,0,0,0,1,1,0,0,0,0,1,0
118243,118243,Fatal,2014,June,Friday,19,Head-on,Multi-Vehicle,152.077593464938,-24.6967873293286,Bundaberg - Miriam Vale Rd,,Bundaberg - Miriam Vale Road,Yandaran,Bundaberg Region,4673,South Kolan,Wide Bay Burnett,North Coast,Southern,Southern Queensland,Bundaberg Region - North,Bundaberg,Wide Bay,Inner Regional,Burnett,Flynn,State-controlled,No Roadway Feature,No traffic control,100 - 110 km/h,Sealed - Dry,Clear,Darkness - Not lighted,Straight,Level,201,Vehs Opposite Approach: Head On,02: Head-on,N,1,1,0,0,2,1,1,0,0,0,0,0
118244,118244,Fatal,2014,June,Sunday,16,Hit pedestrian,Hit pedestrian,152.911669043469,-27.4930564337839,Brookfield Rd,,,Brookfield,Brisbane City,4069,Indooroopilly,North Brisbane,Brisbane,SEQ North,Metropolitan,Brookfield - Kenmore Hills,Kenmore - Brookfield - Moggill,Brisbane - West,Major Cities,Moggill,Ryan,Locally-controlled,No Roadway Feature,No traffic control,60 km/h,Sealed - Dry,Clear,Daylight,Straight,Level,000,Pedn: Hit Other,21: Other,E,1,0,0,0,1,1,0,0,0,0,1,0
118385,118385,Fatal,2019,August,Friday,12,Struck by external load,Other,153.12910196429,-27.9316944590625,Mundoolun Connection Rd,,Mundoolun Connection Road,Boyland,Scenic Rim Region,4275,Canungra,Logan,South Eastern,SEQ South,South Coast,Tamborine - Canungra,Gold Coast Hinterland,Gold Coast,Inner Regional,Scenic Rim,Wright,State-controlled,No Roadway Feature,No traffic control,100 - 110 km/h,Sealed - Dry,Clear,Daylight,Straight,Level,610,Pass & Misc: Load Hit Vehicle,21: Other,N,1,0,0,1,2,4,0,0,0,0,0,0
118642,118642,Fatal,2009,March,Friday,15,Head-on,Multi-Vehicle,151.273671461892,-27.2965392408313,Dalby - Cecil Plains Rd,,Dalby - Cecil Plains Road,St Ruth,Western Downs Region,4405,Dalby,South West,Southern,Southern,Southern Queensland,Wambo,Darling Downs - East,Darling Downs - Maranoa,Inner Regional,Warrego,Maranoa,State-controlled,No Roadway Feature,No traffic control,100 - 110 km/h,Sealed - Dry,Clear,Daylight,Straight,Level,201,Vehs Opposite Approach: Head On,02: Head-on,N,2,3,0,0,5,2,0,0,0,0,0,0
118643,118643,Fatal,2009,March,Saturday,14,Head-on,Multi-Vehicle,145.61722637923,-16.6995774472585,Captain Cook Hwy,,Captain Cook Highway (Cairns - Mossman),Wangetti,Douglas Shire,4877,Smithfield,Far North,Far Northern,Northern,North Queensland,Port Douglas,Port Douglas - Daintree,Cairns,Outer Regional,Cook,Leichhardt,State-controlled,No Roadway Feature,No traffic control,80 - 90 km/h,Sealed - Dry,Clear,Daylight,Curved - view open,Grade,201,Vehs Opposite Approach: Head On,02: Head-on,N,1,0,2,0,3,1,1,0,0,0,0,0
118644,118644,Fatal,2009,March,Sunday,0,Hit pedestrian,Hit pedestrian,145.366973168051,-16.4660202358787,Johnston Rd,,,Mossman Gorge,Douglas Shire,4873,Mossman,Far North,Far Northern,Northern,North Queensland,Daintree,Port Douglas - Daintree,Cairns,Outer Regional,Cook,Leichhardt,Locally-controlled,No Roadway Feature,No traffic control,0 - 50 km/h,Sealed - Dry,Clear,Darkness - Not lighted,Straight,Level,004,Pedn: Play; Work; Stand; Lie On Cway,12: Pedestrian,W,1,0,0,0,1,1,0,0,0,0,1,0
118645,118645,Fatal,2009,March,Sunday,3,Head-on,Multi-Vehicle,148.591244228978,-20.476621636073,Bruce Hwy,,Bruce Highway (Mackay - Proserpine),Goorganga Plains,Whitsunday Region,4800,Proserpine,Mackay,Central,Central,Central Queensland,Proserpine,Whitsunday,Mackay - Isaac - Whitsunday,Outer Regional,Whitsunday,Dawson,State-controlled,No Roadway Feature,No traffic control,100 - 110 km/h,Sealed - Dry,Clear,Darkness - Not lighted,Curved - view open,Level,201,Vehs Opposite Approach: Head On,02: Head-on,S,1,0,1,0,2,1,0,1,0,0,0,0
118646,118646,Fatal,2009,March,Sunday,4,Overturned,Single Vehicle,146.166319774454,-26.4350146072946,Diamantina Development Rd,,Diamantina Developmental Road (Charleville - Quilpie),Ward,Murweh Shire,4470,Charleville,South West,Southern,Southern,Southern Queensland,Charleville,Outback - South,Queensland - Outback,Very Remote,Warrego,Maranoa,State-controlled,No Roadway Feature,No traffic control,100 - 110 km/h,Sealed - Dry,Clear,Darkness - Not lighted,Straight,Level,701,Off Path-Straight: Left Off Cway,15: Off Carriageway on Straight,N,1,2,0,0,3,1,0,0,0,0,0,0
118897,118897,Fatal,2011,November,Monday,7,Hit object,Single Vehicle,152.120732070533,-27.5527747534411,Warrego Hwy,,Warrego Highway (Ipswich - Toowoomba),Helidon Spa,Lockyer Valley Region,4344,Helidon,Darling Downs,Southern,SEQ South,Southern Queensland,Lockyer Valley - West,Toowoomba,Toowoomba,Inner Regional,Lockyer,Wright,State-controlled,No Roadway Feature,No traffic control,100 - 110 km/h,Sealed - Dry,Clear,Daylight,Curved - view open,Level,803,Off Path-Curve: Off Cway Rt Bend Hit Obj,19: Off Carriageway on Curve Hit Object,W,1,0,0,0,1,0,0,1,0,0,0,0
118898,118898,Fatal,2011,November,Tuesday,18,Angle,Multi-Vehicle,153.166560387524,-27.4186910157961,Port Dr,,Port Of Brisbane Road,Lytton,Brisbane City,4178,Wynnum,South Brisbane,Brisbane,SEQ South,Metropolitan,Brisbane Port - Lytton,Wynnum - Manly,Brisbane - East,Major Cities,Lytton,Bonner,State-controlled,No Roadway Feature,No traffic control,80 - 90 km/h,Sealed - Dry,Clear,Daylight,Curved - view open,Dip,201,Vehs Opposite Approach: Head On,02: Head-on,N,2,5,0,0,7,3,0,0,0,0,0,0
118903,118903,Fatal,2011,December,Friday,13,Overturned,Single Vehicle,147.52599523191,-22.5828788311,Gregory Developmental Rd,,Gregory Developmental Road (Clermont - Belyando Crossing),Kilcummin,Isaac Region,4721,Clermont,Mackay,Central,Central,Central Queensland,Clermont,Bowen Basin - North,Mackay - Isaac - Whitsunday,Remote,Burdekin,Capricornia,State-controlled,No Roadway Feature,No traffic control,100 - 110 km/h,Sealed - Dry,Clear,Daylight,Straight,Dip,502,Vehs Overtaking: Out Of Control,15: Off Carriageway on Straight,S,3,0,0,0,3,1,0,0,0,0,0,0
118904,118904,Fatal,2011,December,Sunday,13,Hit object,Single Vehicle,152.456349455387,-24.8984120538392,Riverview Rd,,,Woongarra,Bundaberg Region,4670,Bargara,Wide Bay Burnett,North Coast,Southern,Southern Queensland,Bargara - Burnett Heads,Bundaberg,Wide Bay,Inner Regional,Burnett,Hinkler,Locally-controlled,No Roadway Feature,No traffic control,100 - 110 km/h,Sealed - Dry,Clear,Daylight,Straight,Level,704,Off Path-Straight: Right Off Cway Hit Obj,16: Off Carriageway on Straight Hit Object,W,1,0,0,0,1,1,0,0,0,0,0,0
118905,118905,Fatal,2011,November,Saturday,14,Angle,Multi-Vehicle,153.205003618222,-27.5225197895006,Capalaba - Cleveland Rd,Willard Rd,Capalaba - Cleveland Road,Capalaba,Redland City,4157,Capalaba,South Brisbane,Brisbane,SEQ South,Metropolitan,Capalaba,Capalaba,Brisbane - East,Major Cities,Capalaba,Bowman,State-controlled,Intersection - T-Junction,Stop sign,70 km/h,Sealed - Dry,Clear,Daylight,Straight,Crest,104,Vehs Adjacent Approach: Thru-Right,01: Intersection: Adjacent Approach,E,1,0,0,0,1,1,1,0,0,0,0,0
119564,119564,Fatal,2010,March,Monday,10,Hit object,Single Vehicle,153.015521643936,-27.5197637313948,Fairfield Rd,Nelson St,,Yeronga,Brisbane City,4104,Annerley,South Brisbane,Brisbane,SEQ South,Metropolitan,Yeronga,Holland Park - Yeronga,Brisbane - South,Major Cities,Miller,Moreton,Locally-controlled,Intersection - T-Junction,No traffic control,60 km/h,Sealed - Wet,Raining,Daylight,Curved - view open,Grade,201,Vehs Opposite Approach: Head On,02: Head-on,N,2,0,1,0,3,1,0,1,0,0,0,0
119566,119566,Fatal,2010,March,Wednesday,9,Hit object,Single Vehicle,146.41848159138,-20.9861782659149,Gregory Developmental Rd,,Gregory Developmental Road (Belyando Crossing - Charters Towers),Campaspe,Charters Towers Region,4820,Charters Towers,Townsville,Northern,Northern,North Queensland,Dalrymple,Charters Towers - Ayr - Ingham,Townsville,Very Remote,Traeger,Kennedy,State-controlled,No Roadway Feature,No traffic control,100 - 110 km/h,Sealed - Dry,Clear,Daylight,Curved - view open,Level,804,Off Path-Curve: Off Cway Lt Bend Hit Obj,19: Off Carriageway on Curve Hit Object,N,1,1,0,0,2,1,0,0,0,0,0,0
119567,119567,Fatal,2010,March,Wednesday,17,Angle,Multi-Vehicle,149.892274857022,-22.8237250414347,Bruce Hwy,Perkins Rd,Bruce Highway (Rockhampton - St Lawrence),Marlborough,Livingstone Shire,4705,Marlborough,Capricornia,Central,Central,Central Queensland,Rockhampton Region - North,Rockhampton,Central Queensland,Remote,Mirani,Capricornia,State-controlled,Intersection - T-Junction,Give way sign,100 - 110 km/h,Sealed - Dry,Clear,Dawn/Dusk,Curved - view open,Level,107,Vehs Adjacent Approach: Thru-Left,01: Intersection: Adjacent Approach,E,1,1,0,0,2,1,0,1,0,0,0,0
119575,119575,Fatal,2010,March,Friday,22,Sideswipe,Multi-Vehicle,150.028692194419,-23.671059130445,Capricorn Hwy,,Capricorn Highway (Rockhampton - Duaringa),Gogango,Rockhampton Region,4702,Westwood,Capricornia,Central,Central,Central Queensland,Rockhampton Region - West,Rockhampton,Central Queensland,Outer Regional,Mirani,Flynn,State-controlled,No Roadway Feature,No traffic control,100 - 110 km/h,Sealed - Dry,Clear,Darkness - Not lighted,Straight,Grade,501,Vehs Overtaking: Head On,02: Head-on,E,1,0,0,0,1,1,1,0,0,0,0,0
119924,119924,Fatal,2009,December,Saturday,5,Head-on,Multi-Vehicle,145.744215837653,-16.9720684795107,Bruce Hwy,,Bruce Highway (Innisfail - Cairns),Woree,Cairns Region,4868,Edmonton,Far North,Far Northern,Northern,North Queensland,Woree,Cairns - South,Cairns,Outer Regional,Mulgrave,Leichhardt,State-controlled,No Roadway Feature,No traffic control,80 - 90 km/h,Sealed - Dry,Clear,Dawn/Dusk,Curved - view obscured,Grade,201,Vehs Opposite Approach: Head On,02: Head-on,S,1,1,0,0,2,2,0,0,0,0,0,0
119925,119925,Fatal,2009,December,Sunday,9,Overturned,Single Vehicle,153.327806966977,-25.0753044732504,Seventy Five Mile Beach Rd,,,Fraser Island,Fraser Coast Region,4581,Fraser Island,Wide Bay Burnett,North Coast,Southern,Southern Queensland,Burrum - Fraser,Maryborough,Wide Bay,Remote,Hervey Bay,Wide Bay,Locally-controlled,No Roadway Feature,No traffic control,80 - 90 km/h,Unsealed - Dry,Clear,Daylight,Straight,Level,705,Off Path-Straight: Out Of Control On Cway,17: Out of Control on Straight,N,1,7,0,0,8,1,0,0,0,0,0,0
119927,119927,Fatal,2009,December,Sunday,17,Hit object,Single Vehicle,153.257435654163,-27.7763832638092,Goldmine Rd,,,Ormeau,Gold Coast City,4208,Coomera,Gold Coast,South Eastern,SEQ South,South Coast,Ormeau - Yatala,Ormeau - Oxenford,Gold Coast,Major Cities,Coomera,Fadden,Locally-controlled,No Roadway Feature,No traffic control,60 km/h,Sealed - Dry,Clear,Daylight,Curved - view obscured,Grade,804,Off Path-Curve: Off Cway Lt Bend Hit Obj,19: Off Carriageway on Curve Hit Object,E,1,0,1,0,2,1,0,0,0,0,0,0
120021,120021,Fatal,2009,March,Sunday,22,Hit object,Single Vehicle,148.092384810293,-22.8811927844766,Cotherstone Rd,,Cotherstone Road,Lowestoff,Central Highlands Region,4723,Capella,Capricornia,Central,Central,Central Queensland,Central Highlands - West,Central Highlands (qld),Central Queensland,Remote,Gregory,Flynn,State-controlled,No Roadway Feature,No traffic control,80 - 90 km/h,Sealed - Dry,Clear,Darkness - Not lighted,Curved - view open,Level,803,Off Path-Curve: Off Cway Rt Bend Hit Obj,19: Off Carriageway on Curve Hit Object,W,1,0,0,0,1,1,0,0,0,0,0,0
120413,120413,Fatal,2009,April,Thursday,14,Hit object,Single Vehicle,152.876053265714,-26.2973770036992,Pomona - Kin Kin Rd,,Kin Kin Road,Kin Kin,Noosa Shire,4571,Pomona,Sunshine Coast,North Coast,SEQ North,North Coast,Noosa Hinterland,Noosa Hinterland,Sunshine Coast,Inner Regional,Noosa,Wide Bay,State-controlled,Bridge/Causeway,No traffic control,60 km/h,Sealed - Wet,Raining,Daylight,Curved - view open,Dip,607,Vehs On Path: Temporary Object On Cway,21: Other,N,1,0,0,0,1,1,0,0,0,0,0,0
120547,120547,Fatal,2010,March,Saturday,11,Hit parked vehicle,Single Vehicle,145.922882706857,-17.251448859566,Bruce Hwy,,Bruce Highway (Innisfail - Cairns),Bellenden Ker,Cairns Region,4871,Babinda,Far North,Far Northern,Northern,North Queensland,Babinda,Innisfail - Cassowary Coast,Cairns,Outer Regional,Hill,Kennedy,State-controlled,No Roadway Feature,No traffic control,100 - 110 km/h,Sealed - Dry,Clear,Daylight,Curved - view open,Crest,601,Vehs On Path: Parked,10: Hit Parked Vehicle,S,1,0,0,0,1,1,0,1,0,0,1,0
120619,120619,Fatal,2009,April,Monday,22,Hit object,Single Vehicle,152.959673263112,-26.3144181461923,Boreen Rd,,Boreen Road,Cootharaba,Noosa Shire,4565,Pomona,Sunshine Coast,North Coast,SEQ North,North Coast,Noosa Hinterland,Noosa Hinterland,Sunshine Coast,Inner Regional,Noosa,Wide Bay,State-controlled,No Roadway Feature,No traffic control,100 - 110 km/h,Sealed - Dry,Clear,Darkness - Not lighted,Curved - view obscured,Dip,804,Off Path-Curve: Off Cway Lt Bend Hit Obj,19: Off Carriageway on Curve Hit Object,S,1,0,0,0,1,1,0,0,0,0,0,0
120620,120620,Fatal,2009,April,Monday,6,Rear-end,Multi-Vehicle,145.430058522243,-17.0422758261596,Kennedy Hwy,,Kennedy Highway (Mareeba - Ravenshoe),Mareeba,Mareeba Shire,4880,Mareeba,Far North,Far Northern,Northern,North Queensland,Mareeba,Tablelands (east) - Kuranda,Cairns,Outer Regional,Cook,Kennedy,State-controlled,No Roadway Feature,No traffic control,100 - 110 km/h,Sealed - Dry,Fog,Dawn/Dusk,Straight,Level,301,Vehs Same Direction: Rear End,04: Rear-end,S,1,0,0,0,1,1,0,0,0,1,0,0
121281,121281,Fatal,2009,May,Sunday,23,Hit object,Single Vehicle,151.724137459737,-27.4519572065593,Werth St,,,Oakey,Toowoomba Region,4401,Oakey,Darling Downs,Southern,Southern,Southern Queensland,Jondaryan,Darling Downs - East,Darling Downs - Maranoa,Inner Regional,Condamine,Groom,Locally-controlled,No Roadway Feature,No traffic control,0 - 50 km/h,Sealed - Dry,Clear,Darkness - Lighted,Curved - view open,Level,803,Off Path-Curve: Off Cway Rt Bend Hit Obj,19: Off Carriageway on Curve Hit Object,N,1,0,0,0,1,0,1,0,0,0,0,0
121286,121286,Fatal,2009,May,Friday,12,Angle,Multi-Vehicle,153.027309388174,-27.4127257237317,Haig St,Richmond St,,Gordon Park,Brisbane City,4031,Stafford,North Brisbane,Brisbane,SEQ North,Metropolitan,Kedron - Gordon Park,Chermside,Brisbane - North,Major Cities,Clayfield,Brisbane,Locally-controlled,Intersection - Cross,Give way sign,0 - 50 km/h,Sealed - Dry,Clear,Daylight,Straight,Grade,101,Vehs Adjacent Approach: Thru-Thru,01: Intersection: Adjacent Approach,E,1,0,0,1,2,1,1,0,0,0,0,0
121287,121287,Fatal,2009,May,Saturday,22,Hit object,Single Vehicle,153.212526653067,-27.5331024283448,Kindred Ct,Windemere Rd,,Alexandra Hills,Redland City,4161,Capalaba,South Brisbane,Brisbane,SEQ South,Metropolitan,Alexandra Hills,Capalaba,Brisbane - East,Major Cities,Capalaba,Bowman,Locally-controlled,Intersection - T-Junction,No traffic control,60 km/h,Sealed - Dry,Clear,Darkness - Lighted,Curved - view open,Dip,201,Vehs Opposite Approach: Head On,02: Head-on,W,1,3,0,4,8,2,0,0,0,0,0,0
121321,121321,Fatal,2011,August,Monday,6,Head-on,Multi-Vehicle,151.612870822025,-24.5116735513646,Bruce Hwy,,Bruce Highway (Gin Gin - Benaraby),Colosseum,Gladstone Region,4677,Miriam Vale,Capricornia,Central,Central,Central Queensland,Agnes Water - Miriam Vale,Gladstone,Central Queensland,Outer Regional,Burnett,Flynn,State-controlled,No Roadway Feature,No traffic control,100 - 110 km/h,Sealed - Dry,Clear,Dawn/Dusk,Straight,Grade,201,Vehs Opposite Approach: Head On,02: Head-on,N,3,4,0,0,7,3,0,0,0,0,0,0
121322,121322,Fatal,2011,August,Monday,11,Head-on,Multi-Vehicle,152.857288127548,-26.8494370642471,Commissioners Flat Rd,,,Peachester,Sunshine Coast Region,4519,Beerwah,Sunshine Coast,North Coast,SEQ North,North Coast,Beerwah,Sunshine Coast Hinterland,Sunshine Coast,Inner Regional,Glass House,Fisher,Locally-controlled,No Roadway Feature,No traffic control,100 - 110 km/h,Sealed - Dry,Clear,Daylight,Curved - view obscured,Dip,201,Vehs Opposite Approach: Head On,02: Head-on,E,1,0,0,1,2,1,1,0,0,0,0,0
121325,121325,Fatal,2011,August,Tuesday,6,Head-on,Multi-Vehicle,151.096842218764,-23.8485085335736,Gladstone - Mt Larcom Rd,,Gladstone - Mount Larcom Road,West Stowe,Gladstone Region,4680,Mount Larcom,Capricornia,Central,Central,Central Queensland,Gladstone Hinterland,Gladstone,Central Queensland,Inner Regional,Gladstone,Flynn,State-controlled,No Roadway Feature,No traffic control,100 - 110 km/h,Sealed - Dry,Fog,Daylight,Curved - view obscured,Grade,201,Vehs Opposite Approach: Head On,02: Head-on,E,1,0,0,0,1,1,0,1,0,0,0,0
121326,121326,Fatal,2011,August,Tuesday,15,Hit object,Single Vehicle,148.037891617518,-22.1781118023018,Peak Downs Hwy,,Peak Downs Highway (Clermont - Nebo),Moranbah,Isaac Region,4744,Moranbah,Mackay,Central,Central,Central Queensland,Moranbah,Bowen Basin - North,Mackay - Isaac - Whitsunday,Outer Regional,Burdekin,Capricornia,State-controlled,No Roadway Feature,No traffic control,100 - 110 km/h,Sealed - Dry,Clear,Daylight,Straight,Level,703,Off Path-Straight: Left Off Cway Hit Obj,16: Off Carriageway on Straight Hit Object,N,1,2,0,0,3,1,0,0,0,0,0,0
121328,121328,Fatal,2011,August,Friday,18,Hit pedestrian,Hit pedestrian,150.430174320153,-23.5730563594342,Burnett Hwy,,Burnett Highway (Mount Morgan - Rockhampton),Bouldercombe,Rockhampton Region,4702,Mount Morgan,Capricornia,Central,Central,Central Queensland,Bouldercombe,Rockhampton,Central Queensland,Inner Regional,Mirani,Flynn,State-controlled,No Roadway Feature,No traffic control,100 - 110 km/h,Sealed - Dry,Clear,Darkness - Not lighted,Straight,Grade,006,Pedn: Hit Facing Traffic,12: Pedestrian,E,1,0,0,0,1,2,0,0,0,0,1,0
121329,121329,Fatal,2011,August,Friday,22,Hit object,Single Vehicle,152.905183012621,-28.177497593515,Innisplain Rd,,,Innisplain,Scenic Rim Region,4285,Rathdowney,Logan,South Eastern,SEQ South,South Coast,Beaudesert,Beaudesert,Logan - Beaudesert,Inner Regional,Scenic Rim,Wright,Locally-controlled,No Roadway Feature,No traffic control,100 - 110 km/h,Sealed - Dry,Clear,Darkness - Not lighted,Straight,Level,704,Off Path-Straight: Right Off Cway Hit Obj,16: Off Carriageway on Straight Hit Object,N,1,0,0,0,1,1,0,0,0,0,0,0
121809,121809,Fatal,2011,November,Friday,22,Hit object,Single Vehicle,151.148791444776,-26.8276091044868,Dalby - Jandowae Rd,,Dalby - Jandowae Road,Cooranga,Western Downs Region,4408,Jandowae,South West,Southern,Southern,Southern Queensland,Wambo,Darling Downs - East,Darling Downs - Maranoa,Outer Regional,Callide,Maranoa,State-controlled,No Roadway Feature,No traffic control,100 - 110 km/h,Sealed - Dry,Clear,Darkness - Not lighted,Straight,Level,703,Off Path-Straight: Left Off Cway Hit Obj,16: Off Carriageway on Straight Hit Object,N,3,0,0,0,3,1,0,0,0,0,0,0
121811,121811,Fatal,2011,November,Saturday,5,Hit object,Single Vehicle,151.937407834627,-28.4203761915378,New England Hwy,,New England Highway (Warwick - Wallangarra),Dalveen,Southern Downs Region,4374,Warwick,Darling Downs,Southern,Southern,Southern Queensland,Southern Downs - West,Granite Belt,Darling Downs - Maranoa,Inner Regional,Southern Downs,Maranoa,State-controlled,No Roadway Feature,No traffic control,100 - 110 km/h,Sealed - Dry,Clear,Dawn/Dusk,Curved - view open,Level,803,Off Path-Curve: Off Cway Rt Bend Hit Obj,19: Off Carriageway on Curve Hit Object,S,1,0,0,0,1,1,0,0,0,0,0,0
121813,121813,Fatal,2011,November,Saturday,13,Head-on,Multi-Vehicle,152.988737869078,-27.0397898789038,Pumicestone Rd,,Pumicestone Road,Elimbah,Moreton Bay Region,4516,Caboolture,Moreton,North Coast,SEQ North,North Coast,Elimbah,Caboolture,Moreton Bay - North,Major Cities,Pumicestone,Longman,State-controlled,No Roadway Feature,No traffic control,100 - 110 km/h,Sealed - Wet,Clear,Daylight,Curved - view open,Level,201,Vehs Opposite Approach: Head On,02: Head-on,E,1,1,0,0,2,2,0,0,0,0,0,0
121817,121817,Fatal,2011,November,Saturday,23,Hit object,Single Vehicle,151.640742272068,-28.6433530399213,Stanthorpe - Texas Rd,,Stanthorpe - Texas Road,Pikedale,Southern Downs Region,4380,Stanthorpe,Darling Downs,Southern,Southern,Southern Queensland,Stanthorpe Region,Granite Belt,Darling Downs - Maranoa,Outer Regional,Southern Downs,Maranoa,State-controlled,Bridge/Causeway,No traffic control,100 - 110 km/h,Sealed - Dry,Clear,Darkness - Not lighted,Curved - view obscured,Dip,805,Off Path-Curve: Out Of Control On Cway,20: Out of Control on Curve,W,1,0,0,0,1,1,0,0,0,0,0,0