_id,Crash_Ref_Number,Crash_Severity,Crash_Year,Crash_Month,Crash_Day_Of_Week,Crash_Hour,Crash_Nature,Crash_Type,Crash_Longitude,Crash_Latitude,Crash_Street,Crash_Street_Intersecting,State_Road_Name,Loc_Suburb,Loc_Local_Government_Area,Loc_Post_Code,Loc_Police_Division,Loc_Police_District,Loc_Police_Region,Loc_Queensland_Transport_Region,Loc_Main_Roads_Region,Loc_ABS_Statistical_Area_2,Loc_ABS_Statistical_Area_3,Loc_ABS_Statistical_Area_4,Loc_ABS_Remoteness,Loc_State_Electorate,Loc_Federal_Electorate,Crash_Controlling_Authority,Crash_Roadway_Feature,Crash_Traffic_Control,Crash_Speed_Limit,Crash_Road_Surface_Condition,Crash_Atmospheric_Condition,Crash_Lighting_Condition,Crash_Road_Horiz_Align,Crash_Road_Vert_Align,Crash_DCA_Code,Crash_DCA_Description,Crash_DCA_Group_Description,DCA_Key_Approach_Dir,Count_Casualty_Fatality,Count_Casualty_Hospitalised,Count_Casualty_MedicallyTreated,Count_Casualty_MinorInjury,Count_Casualty_Total,Count_Unit_Car,Count_Unit_Motorcycle_Moped,Count_Unit_Truck,Count_Unit_Bus,Count_Unit_Bicycle,Count_Unit_Pedestrian,Count_Unit_Other
129167,129167,Fatal,2013,October,Friday,23,Hit pedestrian,Hit pedestrian,150.674801297065,-23.1787858093,Rockhampton - Yeppoon Rd,,Rockhampton - Yeppoon Road,Bondoola,Livingstone Shire,4703,Yeppoon,Capricornia,Central,Central,Central Queensland,Rockhampton Region - North,Rockhampton,Central Queensland,Inner Regional,Keppel,Capricornia,State-controlled,No Roadway Feature,No traffic control,100 - 110 km/h,Sealed - Dry,Clear,Darkness - Not lighted,Straight,Level,004,Pedn: Play; Work; Stand; Lie On Cway,12: Pedestrian,W,1,0,0,0,1,1,0,0,0,0,1,0
129168,129168,Fatal,2013,October,Tuesday,0,Overturned,Single Vehicle,151.492180225661,-24.2333683566793,Bruce Hwy,,Bruce Highway (Gin Gin - Benaraby),Bororen,Gladstone Region,4678,Miriam Vale,Capricornia,Central,Central,Central Queensland,Agnes Water - Miriam Vale,Gladstone,Central Queensland,Outer Regional,Burnett,Flynn,State-controlled,No Roadway Feature,No traffic control,100 - 110 km/h,Sealed - Dry,Clear,Darkness - Not lighted,Straight,Level,702,Off Path-Straight: Right Off Cway,15: Off Carriageway on Straight,S,1,5,0,1,7,1,0,0,0,0,0,0
129169,129169,Fatal,2013,October,Tuesday,16,Hit object,Single Vehicle,148.638368014595,-20.3230575356626,Gregory - Cannon Valley Rd,,Gregory - Cannon Valley Road,Cannon Valley,Whitsunday Region,4800,Whitsunday,Mackay,Central,Central,Central Queensland,Proserpine,Whitsunday,Mackay - Isaac - Whitsunday,Outer Regional,Whitsunday,Dawson,State-controlled,No Roadway Feature,No traffic control,100 - 110 km/h,Sealed - Dry,Clear,Daylight,Curved - view open,Level,804,Off Path-Curve: Off Cway Lt Bend Hit Obj,19: Off Carriageway on Curve Hit Object,E,1,0,0,0,1,0,1,0,0,0,0,0
129170,129170,Fatal,2013,October,Tuesday,15,Head-on,Multi-Vehicle,145.927873679756,-17.3003877173398,Bruce Hwy,,Bruce Highway (Innisfail - Cairns),Bellenden Ker,Cairns Region,4871,Babinda,Far North,Far Northern,Northern,North Queensland,Babinda,Innisfail - Cassowary Coast,Cairns,Outer Regional,Hill,Kennedy,State-controlled,No Roadway Feature,No traffic control,100 - 110 km/h,Sealed - Dry,Clear,Daylight,Straight,Level,201,Vehs Opposite Approach: Head On,02: Head-on,S,1,4,0,0,5,2,0,0,0,0,0,0
129490,129490,Fatal,2016,May,Sunday,20,Angle,Multi-Vehicle,152.948184088459,-27.1029554343446,Burpengary - Caboolture Rd,Devereaux Dr,Burpengary - Caboolture Road,Morayfield,Moreton Bay Region,4506,Caboolture,Moreton,North Coast,SEQ North,North Coast,Caboolture - South,Caboolture,Moreton Bay - North,Major Cities,Morayfield,Longman,State-controlled,Intersection - T-Junction,Operating traffic lights,60 km/h,Sealed - Dry,Clear,Darkness - Lighted,Straight,Level,104,Vehs Adjacent Approach: Thru-Right,01: Intersection: Adjacent Approach,S,1,1,0,0,2,1,1,0,0,0,0,0
129491,129491,Fatal,2016,May,Saturday,20,Head-on,Multi-Vehicle,153.146991010262,-27.5555429579037,Redland Sub-Arterial Rd,,Redland Sub-Arterial Road,Burbank,Brisbane City,4156,Capalaba,South Brisbane,Brisbane,SEQ South,Metropolitan,Rochedale - Burbank,Mt Gravatt,Brisbane - South,Major Cities,Mansfield,Bonner,State-controlled,No Roadway Feature,No traffic control,80 - 90 km/h,Sealed - Dry,Clear,Darkness - Not lighted,Straight,Level,201,Vehs Opposite Approach: Head On,02: Head-on,W,1,0,0,0,1,1,0,1,0,0,0,0
129492,129492,Fatal,2016,May,Sunday,8,Hit object,Single Vehicle,150.265486298124,-27.7863571854601,Moonie Hwy,,Moonie Highway (Dalby - St George),Moonie,Western Downs Region,4406,Tara,South West,Southern,Southern,Southern Queensland,Tara,Darling Downs (west) - Maranoa,Darling Downs - Maranoa,Outer Regional,Warrego,Maranoa,State-controlled,No Roadway Feature,No traffic control,100 - 110 km/h,Sealed - Dry,Clear,Daylight,Straight,Level,704,Off Path-Straight: Right Off Cway Hit Obj,16: Off Carriageway on Straight Hit Object,N,1,1,0,0,2,1,0,0,0,0,0,0
129642,129642,Fatal,2016,January,Tuesday,9,Hit object,Single Vehicle,152.370667117093,-27.3683863793093,Gatton - Esk Rd,,Gatton - Esk Road,Buaraba,Somerset Region,4311,Esk,Ipswich,Southern,SEQ North,North Coast,Esk,Ipswich Hinterland,Ipswich,Inner Regional,Nanango,Blair,State-controlled,No Roadway Feature,No traffic control,100 - 110 km/h,Sealed - Dry,Clear,Daylight,Curved - view open,Grade,804,Off Path-Curve: Off Cway Lt Bend Hit Obj,19: Off Carriageway on Curve Hit Object,W,1,0,0,0,1,1,0,0,0,0,0,0
129643,129643,Fatal,2016,January,Wednesday,13,Hit object,Single Vehicle,151.878369264164,-26.5804403253888,D'Aguilar Hwy,,D'Aguilar Highway (Yarraman - Kingaroy),Coolabunia,South Burnett Region,4610,Kingaroy,Darling Downs,Southern,Southern,Southern Queensland,Kingaroy Region - South,Burnett,Wide Bay,Inner Regional,Nanango,Maranoa,State-controlled,No Roadway Feature,No traffic control,100 - 110 km/h,Sealed - Dry,Clear,Daylight,Straight,Level,703,Off Path-Straight: Left Off Cway Hit Obj,16: Off Carriageway on Straight Hit Object,N,1,1,0,0,2,1,0,0,0,0,0,0
129644,129644,Fatal,2016,January,Wednesday,13,Head-on,Multi-Vehicle,152.653308292878,-25.6821153936124,Moffit Rd,,,Owanyilla,Fraser Coast Region,4650,Tiaro,Wide Bay Burnett,North Coast,Southern,Southern Queensland,Maryborough Region - South,Maryborough,Wide Bay,Inner Regional,Maryborough,Wide Bay,Locally-controlled,No Roadway Feature,No traffic control,100 - 110 km/h,Unsealed - Dry,Clear,Daylight,Straight,Crest,201,Vehs Opposite Approach: Head On,02: Head-on,W,1,0,0,0,1,1,1,0,0,0,0,0
129645,129645,Fatal,2015,December,Friday,14,Head-on,Multi-Vehicle,150.369641731859,-23.7223481622252,Burnett Hwy,,Burnett Highway (Biloela - Mount Morgan),Walmul,Rockhampton Region,4714,Mount Morgan,Capricornia,Central,Central,Central Queensland,Mount Morgan,Rockhampton,Central Queensland,Outer Regional,Mirani,Flynn,State-controlled,No Roadway Feature,No traffic control,100 - 110 km/h,Sealed - Dry,Clear,Daylight,Curved - view obscured,Dip,201,Vehs Opposite Approach: Head On,02: Head-on,S,1,0,2,0,3,1,1,0,0,0,0,0
129646,129646,Fatal,2015,December,Tuesday,18,Angle,Multi-Vehicle,152.725678333845,-25.2822223975298,Pialba - Burrum Heads Rd,,Pialba - Burrum Heads Road,Craignish,Fraser Coast Region,4655,Hervey Bay,Wide Bay Burnett,North Coast,Southern,Southern Queensland,Craignish - Dundowran Beach,Hervey Bay,Wide Bay,Inner Regional,Maryborough,Hinkler,State-controlled,No Roadway Feature,No traffic control,100 - 110 km/h,Sealed - Dry,Clear,Daylight,Straight,Level,406,Vehs Manoeuvring: Leaving Driveway,08: Vehicle Leaving Driveway,W,1,1,0,0,2,2,0,0,0,0,0,0
129647,129647,Fatal,2015,December,Tuesday,15,Angle,Multi-Vehicle,145.696428714116,-16.821177729855,Cheviot St,Mcgregor Rd,,Smithfield,Cairns Region,4878,Smithfield,Far North,Far Northern,Northern,North Queensland,Trinity Beach - Smithfield,Cairns - North,Cairns,Outer Regional,Barron River,Leichhardt,Locally-controlled,Intersection - T-Junction,Give way sign,60 km/h,Sealed - Dry,Clear,Daylight,Straight,Level,202,Vehs Opposite Approach: Thru-Right,03: Opposing Vehicles Turning,W,1,1,0,0,2,1,1,0,1,0,0,0
129648,129648,Fatal,2015,December,Friday,17,Fall from vehicle,Single Vehicle,152.891441160763,-26.5684414244093,English Rd,,,Kiamba,Sunshine Coast Region,4560,Nambour,Sunshine Coast,North Coast,SEQ North,North Coast,Maroochy Hinterland,Sunshine Coast Hinterland,Sunshine Coast,Inner Regional,Nicklin,Fairfax,Locally-controlled,No Roadway Feature,No traffic control,60 km/h,Sealed - Dry,Clear,Daylight,Curved - view obscured,Grade,802,Off Path-Curve: Off Cway Left Bend,18: Off Carriageway on Curve,S,1,0,0,0,1,0,0,0,0,1,0,0
129649,129649,Fatal,2015,December,Saturday,13,Rear-end,Multi-Vehicle,152.622920239647,-26.1478303943692,Bruce Hwy,,Gympie - Curra Road,Chatsworth,Gympie Region,4570,Gympie,Wide Bay Burnett,North Coast,Southern,Southern Queensland,Gympie Region,Gympie - Cooloola,Wide Bay,Inner Regional,Gympie,Wide Bay,State-controlled,Intersection - T-Junction,No traffic control,,Sealed - Dry,Clear,Daylight,Straight,Level,303,Vehs Same Direction: Right Rear,04: Rear-end,E,1,0,1,0,2,2,0,1,0,0,0,0
129650,129650,Fatal,2016,January,Thursday,10,Head-on,Multi-Vehicle,150.582976383991,-26.719237205676,Warrego Hwy,,Warrego Highway (Dalby - Miles),Baking Board,Western Downs Region,4413,Chinchilla,South West,Southern,Southern,Southern Queensland,Chinchilla,Darling Downs (west) - Maranoa,Darling Downs - Maranoa,Outer Regional,Callide,Maranoa,State-controlled,No Roadway Feature,No traffic control,100 - 110 km/h,Sealed - Dry,Clear,Daylight,Straight,Level,201,Vehs Opposite Approach: Head On,02: Head-on,W,2,0,0,0,2,2,0,0,0,0,0,0
129972,129972,Fatal,2016,June,Thursday,2,Hit object,Single Vehicle,153.202913006914,-27.5345654633844,Capalaba - Victoria Point Rd,,Capalaba - Victoria Point Road,Capalaba,Redland City,4157,Capalaba,South Brisbane,Brisbane,SEQ South,Metropolitan,Capalaba,Capalaba,Brisbane - East,Major Cities,Capalaba,Bowman,State-controlled,No Roadway Feature,No traffic control,70 km/h,Sealed - Dry,Clear,Darkness - Lighted,Straight,Level,703,Off Path-Straight: Left Off Cway Hit Obj,16: Off Carriageway on Straight Hit Object,E,1,0,0,0,1,1,0,0,0,0,0,0
129973,129973,Fatal,2016,June,Thursday,15,Hit object,Single Vehicle,153.417746897887,-28.2006179904306,Currumbin Creek - Tomewin Rd,,Currumbin Creek - Tomewin Road,Currumbin Valley,Gold Coast City,4223,Coolangatta,Gold Coast,South Eastern,SEQ South,South Coast,Currumbin Valley - Tallebudgera,Mudgeeraba - Tallebudgera,Gold Coast,Inner Regional,Currumbin,Mcpherson,State-controlled,No Roadway Feature,No traffic control,60 km/h,Sealed - Dry,Clear,Daylight,Curved - view obscured,Grade,803,Off Path-Curve: Off Cway Rt Bend Hit Obj,19: Off Carriageway on Curve Hit Object,N,1,0,0,0,1,0,1,0,0,0,0,0
130063,130063,Fatal,2019,May,Friday,10,Hit object,Single Vehicle,152.862012991854,-27.9452454323859,Beaudesert - Boonah Rd,,Beaudesert - Boonah Road,Bromelton,Scenic Rim Region,4285,Kalbar,Ipswich,Southern,SEQ South,South Coast,Beaudesert,Beaudesert,Logan - Beaudesert,Inner Regional,Scenic Rim,Wright,State-controlled,Bridge/Causeway,No traffic control,100 - 110 km/h,Sealed - Dry,Clear,Daylight,Straight,Level,201,Vehs Opposite Approach: Head On,02: Head-on,W,1,0,1,0,2,3,0,0,0,0,0,0
130074,130074,Fatal,2014,December,Wednesday,17,Head-on,Multi-Vehicle,152.818681189776,-26.393409415753,Bruce Hwy,,Cooroy - Gympie Road,Federal,Noosa Shire,4568,Pomona,Sunshine Coast,North Coast,SEQ North,North Coast,Noosa Hinterland,Noosa Hinterland,Sunshine Coast,Inner Regional,Nicklin,Wide Bay,State-controlled,No Roadway Feature,No traffic control,80 - 90 km/h,Sealed - Wet,Raining,Dawn/Dusk,Curved - view open,Level,201,Vehs Opposite Approach: Head On,02: Head-on,N,1,2,0,0,3,2,0,0,0,0,0,0
130075,130075,Fatal,2014,December,Saturday,14,Head-on,Multi-Vehicle,152.860386098777,-27.094555625507,Old North Rd,,,Rocksberg,Moreton Bay Region,4510,Caboolture,Moreton,North Coast,SEQ North,North Coast,Upper Caboolture,Narangba - Burpengary,Moreton Bay - North,Inner Regional,Glass House,Longman,Locally-controlled,No Roadway Feature,No traffic control,80 - 90 km/h,Sealed - Dry,Clear,Daylight,Curved - view open,Grade,201,Vehs Opposite Approach: Head On,02: Head-on,S,1,0,0,0,1,1,1,0,0,0,0,0
130082,130082,Fatal,2016,January,Friday,18,Hit object,Single Vehicle,152.87188404017,-27.5534124302876,Sugars Rd,,,Anstead,Brisbane City,4070,Indooroopilly,North Brisbane,Brisbane,SEQ North,Metropolitan,Pinjarra Hills - Pullenvale,Kenmore - Brookfield - Moggill,Brisbane - West,Major Cities,Moggill,Ryan,Locally-controlled,No Roadway Feature,No traffic control,60 km/h,Sealed - Dry,Clear,Daylight,Straight,Dip,704,Off Path-Straight: Right Off Cway Hit Obj,16: Off Carriageway on Straight Hit Object,W,1,1,0,0,2,1,0,0,0,0,0,0
130083,130083,Fatal,2015,December,Wednesday,12,Head-on,Multi-Vehicle,151.833367463611,-24.9101863076054,Bruce Hwy,,Bruce Highway (Gin Gin - Benaraby),Monduran,Bundaberg Region,4671,Gin Gin,Wide Bay Burnett,North Coast,Southern,Southern Queensland,Gin Gin,Burnett,Wide Bay,Outer Regional,Callide,Flynn,State-controlled,No Roadway Feature,No traffic control,100 - 110 km/h,Sealed - Dry,Clear,Daylight,Curved - view open,Grade,201,Vehs Opposite Approach: Head On,02: Head-on,N,1,2,1,0,4,2,0,0,0,0,0,0
130084,130084,Fatal,2015,December,Thursday,8,Head-on,Multi-Vehicle,151.690909183614,-27.4245573141808,Warrego Hwy,,Warrego Highway (Toowoomba - Dalby),Oakey,Toowoomba Region,4401,Oakey,Darling Downs,Southern,Southern,Southern Queensland,Jondaryan,Darling Downs - East,Darling Downs - Maranoa,Inner Regional,Condamine,Groom,State-controlled,No Roadway Feature,No traffic control,100 - 110 km/h,Sealed - Dry,Clear,Daylight,Straight,Level,201,Vehs Opposite Approach: Head On,02: Head-on,W,1,2,2,0,5,1,0,0,1,0,0,0
130085,130085,Fatal,2015,December,Saturday,12,Fall from vehicle,Single Vehicle,152.78475706982,-27.3914154203291,Mount Nebo Rd,,,Mount Nebo,Moreton Bay Region,4520,Ferny Grove,North Brisbane,Brisbane,SEQ North,North Coast,Samford Valley,The Hills District,Moreton Bay - South,Inner Regional,Pine Rivers,Dickson,Locally-controlled,No Roadway Feature,No traffic control,60 km/h,Sealed - Dry,Clear,Daylight,Curved - view obscured,Grade,804,Off Path-Curve: Off Cway Lt Bend Hit Obj,19: Off Carriageway on Curve Hit Object,N,1,0,0,0,1,0,1,0,0,0,0,0
130086,130086,Fatal,2015,December,Saturday,17,Angle,Multi-Vehicle,151.458242429966,-25.522899276991,Burnett Hwy,,Burnett Highway (Gayndah - Monto),Binjour,North Burnett Region,4625,Gayndah,Wide Bay Burnett,North Coast,Southern,Southern Queensland,Gayndah - Mundubbera,Burnett,Wide Bay,Outer Regional,Callide,Flynn,State-controlled,No Roadway Feature,No traffic control,100 - 110 km/h,Sealed - Dry,Clear,Daylight,Curved - view open,Level,800,Off Path-Curve: Other,21: Other,W,1,1,2,0,4,2,0,0,0,0,0,0
130087,130087,Fatal,2015,December,Saturday,1,Hit object,Single Vehicle,153.067166006775,-27.6508884506173,Macquarie Way,,,Drewvale,Brisbane City,4116,Calamvale,South Brisbane,Brisbane,SEQ South,Metropolitan,Parkinson - Drewvale,Rocklea - Acacia Ridge,Brisbane - South,Major Cities,Stretton,Rankin,Locally-controlled,No Roadway Feature,No traffic control,60 km/h,Sealed - Dry,Clear,Darkness - Lighted,Curved - view open,Level,803,Off Path-Curve: Off Cway Rt Bend Hit Obj,19: Off Carriageway on Curve Hit Object,E,1,0,0,0,1,1,0,0,0,0,0,0
130088,130088,Fatal,2015,December,Thursday,18,Sideswipe,Multi-Vehicle,153.131935001104,-27.6404074570554,Meakin Rd,Springwood Connection Rd,Springwood Connection Road,Slacks Creek,Logan City,4127,Springwood,Logan,South Eastern,SEQ South,South Coast,Slacks Creek,Springwood - Kingston,Logan - Beaudesert,Major Cities,Waterford,Rankin,State-controlled,Intersection - T-Junction,Give way sign,60 km/h,Sealed - Dry,Clear,Daylight,Straight,Level,107,Vehs Adjacent Approach: Thru-Left,01: Intersection: Adjacent Approach,W,1,0,0,0,1,1,1,0,0,0,0,0
130089,130089,Fatal,2016,January,Sunday,14,Hit pedestrian,Hit pedestrian,153.032797028322,-27.5099134460511,Annerley Rd,Ipswich Rd,,Annerley,Brisbane City,4103,Annerley,South Brisbane,Brisbane,SEQ South,Metropolitan,Annerley,Holland Park - Yeronga,Brisbane - South,Major Cities,Miller,Moreton,Locally-controlled,Intersection - T-Junction,Operating traffic lights,60 km/h,Sealed - Dry,Clear,Daylight,Straight,Level,003,Pedn: Far Side Vehicle Hit From Left,12: Pedestrian,S,1,0,0,0,1,1,0,0,0,0,1,0
130090,130090,Fatal,2016,January,Saturday,15,Hit object,Single Vehicle,145.00319778082,-16.4997466793685,Mulligan Hwy,,Mulligan Highway (Mount Molloy - Lakeland),Mount Carbine,Mareeba Shire,4871,Mount Molloy,Far North,Far Northern,Northern,North Queensland,Tablelands,Far North,Queensland - Outback,Very Remote,Cook,Kennedy,State-controlled,No Roadway Feature,No traffic control,100 - 110 km/h,Sealed - Dry,Clear,Daylight,Straight,Level,703,Off Path-Straight: Left Off Cway Hit Obj,16: Off Carriageway on Straight Hit Object,W,1,0,0,0,1,0,1,0,0,0,0,0
130091,130091,Fatal,2016,January,Saturday,17,Rear-end,Multi-Vehicle,144.937967785401,-16.4916766749111,Mulligan Hwy,,Mulligan Highway (Mount Molloy - Lakeland),Desailly,Mareeba Shire,4871,Mount Molloy,Far North,Far Northern,Northern,North Queensland,Tablelands,Far North,Queensland - Outback,Very Remote,Cook,Leichhardt,State-controlled,No Roadway Feature,No traffic control,100 - 110 km/h,Sealed - Dry,Clear,Dawn/Dusk,Straight,Level,301,Vehs Same Direction: Rear End,04: Rear-end,W,1,1,0,0,2,0,2,0,0,0,0,0
130092,130092,Fatal,2016,January,Saturday,4,Hit object,Single Vehicle,150.268586727571,-23.8506271542325,Burnett Hwy,,Burnett Highway (Biloela - Mount Morgan),Dululu,Banana Shire,4702,Wowan,Capricornia,Central,Central,Central Queensland,Banana,Biloela,Central Queensland,Outer Regional,Callide,Flynn,State-controlled,No Roadway Feature,No traffic control,60 km/h,Sealed - Dry,Clear,Darkness - Not lighted,Curved - view open,Level,804,Off Path-Curve: Off Cway Lt Bend Hit Obj,19: Off Carriageway on Curve Hit Object,N,1,0,1,0,2,1,0,0,0,0,0,0
130093,130093,Fatal,2016,January,Saturday,23,Hit animal,Other,144.987743834798,-15.7638376720302,Mulligan Hwy,,Mulligan Highway (Lakeland - Cooktown),Lakeland,Cook Shire,4871,Cooktown,Far North,Far Northern,Northern,North Queensland,Cape York,Far North,Queensland - Outback,Remote,Cook,Leichhardt,State-controlled,No Roadway Feature,No traffic control,100 - 110 km/h,Sealed - Dry,Clear,Darkness - Not lighted,Curved - view open,Level,609,Pass & Misc: Hit Animal,14: Hit Animal,E,1,0,0,0,1,1,0,0,0,0,0,0
130094,130094,Fatal,2016,January,Tuesday,14,Hit object,Single Vehicle,151.935215117305,-27.7539733401271,New England Hwy,,New England Highway (Toowoomba - Warwick),East Greenmount,Toowoomba Region,4359,Cambooya,Darling Downs,Southern,Southern,Southern Queensland,Clifton - Greenmount,Granite Belt,Darling Downs - Maranoa,Inner Regional,Condamine,Groom,State-controlled,No Roadway Feature,No traffic control,100 - 110 km/h,Sealed - Dry,Clear,Daylight,Curved - view open,Grade,803,Off Path-Curve: Off Cway Rt Bend Hit Obj,19: Off Carriageway on Curve Hit Object,S,1,1,0,0,2,1,0,0,0,0,0,0
130095,130095,Fatal,2016,January,Wednesday,17,Head-on,Multi-Vehicle,148.696025081393,-21.6934260009493,Peak Downs Hwy,,Peak Downs Highway (Clermont - Nebo),Nebo,Isaac Region,4742,Nebo,Mackay,Central,Central,Central Queensland,Broadsound - Nebo,Bowen Basin - North,Mackay - Isaac - Whitsunday,Outer Regional,Burdekin,Capricornia,State-controlled,No Roadway Feature,No traffic control,80 - 90 km/h,Sealed - Dry,Clear,Daylight,Straight,Level,201,Vehs Opposite Approach: Head On,02: Head-on,N,1,1,0,0,2,1,0,1,0,0,0,0
130096,130096,Fatal,2016,January,Thursday,21,Hit object,Single Vehicle,152.800240046343,-27.565843423247,Dan St,Langlands St,,Karalee,Ipswich City,4306,Karana Downs,Ipswich,Southern,SEQ South,Metropolitan,Karalee - Barellan Point,Ipswich Inner,Ipswich,Major Cities,Ipswich West,Blair,Locally-controlled,Intersection - Roundabout,Give way sign,0 - 50 km/h,Sealed - Dry,Clear,Darkness - Lighted,Straight,Grade,708,Off Path-Straight: Mounts Traffic Island,16: Off Carriageway on Straight Hit Object,S,1,0,0,0,1,0,1,0,0,0,0,0
130097,130097,Fatal,2016,January,Friday,22,Hit object,Single Vehicle,153.039510029129,-27.4978174466296,South East Arterial Rd,,South-East Arterial Road (Pacific Motorway),Woolloongabba,Brisbane City,4102,Coorparoo,South Brisbane,Brisbane,SEQ South,Metropolitan,Woolloongabba,Holland Park - Yeronga,Brisbane - South,Major Cities,South Brisbane,Griffith,State-controlled,No Roadway Feature,No traffic control,100 - 110 km/h,Sealed - Dry,Clear,Darkness - Lighted,Curved - view open,Level,808,Off Path-Curve: Mounts Traffic Island,19: Off Carriageway on Curve Hit Object,S,1,0,0,0,1,1,0,0,0,0,0,0
130098,130098,Fatal,2016,January,Friday,11,Hit object,Single Vehicle,152.659997009378,-27.9825294126065,Boonah - Fassifern Rd,,Boonah - Fassifern Road,Kents Pocket,Scenic Rim Region,4310,Boonah,Ipswich,Southern,SEQ South,South Coast,Boonah,Ipswich Hinterland,Ipswich,Inner Regional,Scenic Rim,Wright,State-controlled,No Roadway Feature,No traffic control,100 - 110 km/h,Sealed - Dry,Clear,Daylight,Straight,Grade,704,Off Path-Straight: Right Off Cway Hit Obj,16: Off Carriageway on Straight Hit Object,E,1,0,0,0,1,1,0,0,0,0,0,0
130311,130311,Fatal,2016,April,Wednesday,9,Angle,Multi-Vehicle,150.542878761432,-23.295292174304,Rockhampton - Yeppoon Rd,Rockhampton - Yeppoon Rd,Rockhampton - Yeppoon Road,Limestone Creek,Rockhampton Region,4701,North Rockhampton,Capricornia,Central,Central,Central Queensland,Norman Gardens,Rockhampton,Central Queensland,Inner Regional,Keppel,Capricornia,State-controlled,Intersection - T-Junction,Give way sign,100 - 110 km/h,Sealed - Dry,Clear,Daylight,Curved - view open,Level,101,Vehs Adjacent Approach: Thru-Thru,01: Intersection: Adjacent Approach,S,2,0,0,1,3,2,0,0,0,0,0,0
130329,130329,Fatal,2016,March,Tuesday,13,Fall from vehicle,Single Vehicle,145.625933727306,-16.7046847239117,Captain Cook Hwy,,Captain Cook Highway (Cairns - Mossman),Wangetti,Douglas Shire,4877,Smithfield,Far North,Far Northern,Northern,North Queensland,Port Douglas,Port Douglas - Daintree,Cairns,Outer Regional,Cook,Leichhardt,State-controlled,No Roadway Feature,No traffic control,80 - 90 km/h,Sealed - Dry,Clear,Daylight,Curved - view open,Level,805,Off Path-Curve: Out Of Control On Cway,20: Out of Control on Curve,S,1,0,0,0,1,0,1,0,0,0,0,0
130932,130932,Fatal,2014,December,Thursday,21,Hit object,Single Vehicle,153.109788109853,-26.7963564481244,Caloundra Rd,,Caloundra Road,Caloundra West,Sunshine Coast Region,4551,Caloundra,Sunshine Coast,North Coast,SEQ North,North Coast,Caloundra - West,Caloundra,Sunshine Coast,Major Cities,Caloundra,Fisher,State-controlled,No Roadway Feature,No traffic control,60 km/h,Sealed - Wet,Raining,Darkness - Lighted,Curved - view open,Level,808,Off Path-Curve: Mounts Traffic Island,19: Off Carriageway on Curve Hit Object,W,1,2,0,0,3,1,0,0,0,0,0,0
130933,130933,Fatal,2014,December,Saturday,10,Fall from vehicle,Single Vehicle,148.695138214865,-20.2733229889367,Palm Dr,,,Cannonvale,Whitsunday Region,4802,Whitsunday,Mackay,Central,Central,Central Queensland,Airlie - Whitsundays,Whitsunday,Mackay - Isaac - Whitsunday,Outer Regional,Whitsunday,Dawson,Locally-controlled,No Roadway Feature,No traffic control,0 - 50 km/h,Sealed - Dry,Clear,Daylight,Straight,Grade,900,Pass & Misc: Other,21: Other,N,1,0,0,0,1,1,1,0,0,0,0,0
130934,130934,Fatal,2014,December,Saturday,19,Head-on,Multi-Vehicle,152.348874117356,-27.3853383773127,Gatton - Esk Rd,,Gatton - Esk Road,Buaraba,Somerset Region,4311,Esk,Ipswich,Southern,SEQ North,North Coast,Esk,Ipswich Hinterland,Ipswich,Inner Regional,Nanango,Blair,State-controlled,No Roadway Feature,No traffic control,100 - 110 km/h,Sealed - Dry,Clear,Darkness - Not lighted,Curved - view open,Level,201,Vehs Opposite Approach: Head On,02: Head-on,N,1,4,0,0,5,2,0,0,0,0,0,0
130935,130935,Fatal,2014,December,Sunday,23,Hit object,Single Vehicle,152.085535433615,-24.9603423322499,Bundaberg - Gin Gin Rd,,Bundaberg - Gin Gin Road,Bungadoo,Bundaberg Region,4671,Gin Gin,Wide Bay Burnett,North Coast,Southern,Southern Queensland,Gin Gin,Burnett,Wide Bay,Inner Regional,Callide,Flynn,State-controlled,No Roadway Feature,No traffic control,100 - 110 km/h,Sealed - Wet,Clear,Darkness - Not lighted,Curved - view open,Grade,804,Off Path-Curve: Off Cway Lt Bend Hit Obj,19: Off Carriageway on Curve Hit Object,E,1,0,0,0,1,1,0,0,0,0,0,0
131226,131226,Fatal,2024,March,Wednesday,14,Hit pedestrian,Hit pedestrian,153.029500035757,-27.4538204452766,Brunswick St,,,Fortitude Valley,Brisbane City,4006,Fortitude Valley,North Brisbane,Brisbane,SEQ North,Metropolitan,Fortitude Valley,Brisbane Inner,Brisbane Inner City,Major Cities,Mcconnel,Brisbane,Locally-controlled,No Roadway Feature,No traffic control,60 km/h,Sealed - Wet,Raining,Daylight,Curved - view open,Level,003,Pedn: Far Side Vehicle Hit From Left,12: Pedestrian,U,1,0,0,0,1,1,0,0,0,0,1,0
132017,132017,Fatal,2014,November,Sunday,19,Hit object,Single Vehicle,145.67332471759,-16.7943437280019,Moore Rd,,,Kewarra Beach,Cairns Region,4879,Smithfield,Far North,Far Northern,Northern,North Queensland,Clifton Beach - Kewarra Beach,Cairns - North,Cairns,Outer Regional,Barron River,Leichhardt,Locally-controlled,No Roadway Feature,No traffic control,60 km/h,Sealed - Dry,Clear,Darkness - Not lighted,Straight,Level,400,Vehs Manoeuvring: Other,21: Other,E,1,0,0,0,1,0,1,0,0,0,0,0