_id,Crash_Ref_Number,Crash_Severity,Crash_Year,Crash_Month,Crash_Day_Of_Week,Crash_Hour,Crash_Nature,Crash_Type,Crash_Longitude,Crash_Latitude,Crash_Street,Crash_Street_Intersecting,State_Road_Name,Loc_Suburb,Loc_Local_Government_Area,Loc_Post_Code,Loc_Police_Division,Loc_Police_District,Loc_Police_Region,Loc_Queensland_Transport_Region,Loc_Main_Roads_Region,Loc_ABS_Statistical_Area_2,Loc_ABS_Statistical_Area_3,Loc_ABS_Statistical_Area_4,Loc_ABS_Remoteness,Loc_State_Electorate,Loc_Federal_Electorate,Crash_Controlling_Authority,Crash_Roadway_Feature,Crash_Traffic_Control,Crash_Speed_Limit,Crash_Road_Surface_Condition,Crash_Atmospheric_Condition,Crash_Lighting_Condition,Crash_Road_Horiz_Align,Crash_Road_Vert_Align,Crash_DCA_Code,Crash_DCA_Description,Crash_DCA_Group_Description,DCA_Key_Approach_Dir,Count_Casualty_Fatality,Count_Casualty_Hospitalised,Count_Casualty_MedicallyTreated,Count_Casualty_MinorInjury,Count_Casualty_Total,Count_Unit_Car,Count_Unit_Motorcycle_Moped,Count_Unit_Truck,Count_Unit_Bus,Count_Unit_Bicycle,Count_Unit_Pedestrian,Count_Unit_Other
137164,137164,Fatal,2009,September,Saturday,19,Hit object,Single Vehicle,146.876202463178,-20.1644399031391,Burdekin Falls Dam Rd,,Burdekin Falls Dam Road,Ravenswood,Charters Towers Region,4816,Ravenswood,Townsville,Northern,Northern,North Queensland,Dalrymple,Charters Towers - Ayr - Ingham,Townsville,Remote,Traeger,Kennedy,State-controlled,Bridge/Causeway,No traffic control,100 - 110 km/h,Sealed - Dry,Clear,Darkness - Not lighted,Straight,Dip,704,Off Path-Straight: Right Off Cway Hit Obj,16: Off Carriageway on Straight Hit Object,S,1,0,0,0,1,1,0,0,0,0,0,0
137165,137165,Fatal,2009,September,Sunday,15,Overturned,Single Vehicle,152.199107418,-26.14466521184,Wide Bay Hwy,,Wide Bay Highway (Gympie - Goomeri),Cinnabar,Gympie Region,4600,Kilkivan,Wide Bay Burnett,North Coast,Southern,Southern Queensland,Kilkivan,Gympie - Cooloola,Wide Bay,Outer Regional,Nanango,Wide Bay,State-controlled,No Roadway Feature,No traffic control,100 - 110 km/h,Sealed - Dry,Clear,Daylight,Straight,Grade,502,Vehs Overtaking: Out Of Control,15: Off Carriageway on Straight,E,1,0,0,0,1,1,0,0,0,0,0,0
137364,137364,Fatal,2009,September,Sunday,22,Head-on,Multi-Vehicle,151.645324861531,-27.3995618446521,Warrego Hwy,,Warrego Highway (Toowoomba - Dalby),Oakey,Toowoomba Region,4401,Oakey,Darling Downs,Southern,Southern,Southern Queensland,Jondaryan,Darling Downs - East,Darling Downs - Maranoa,Inner Regional,Condamine,Groom,State-controlled,No Roadway Feature,No traffic control,100 - 110 km/h,Sealed - Dry,Clear,Darkness - Not lighted,Straight,Level,201,Vehs Opposite Approach: Head On,02: Head-on,W,1,1,0,0,2,1,0,1,0,0,0,0
137468,137468,Fatal,2009,November,Thursday,11,Hit pedestrian,Hit pedestrian,152.746164002794,-27.5929537120859,Hunter St,Loynes St,,Brassall,Ipswich City,4305,Karana Downs,Ipswich,Southern,SEQ South,Metropolitan,Brassall,Ipswich Inner,Ipswich,Major Cities,Ipswich West,Blair,Locally-controlled,Intersection - T-Junction,No traffic control,60 km/h,Sealed - Dry,Clear,Daylight,Straight,Level,000,Pedn: Hit Other,21: Other,S,1,0,1,0,2,1,0,0,0,0,1,0
137469,137469,Fatal,2009,November,Saturday,15,Hit object,Single Vehicle,152.221390869574,-25.2846183600529,Isis Hwy,,Isis Highway (Childers - Biggenden),Kullogum,Bundaberg Region,4660,Childers,Wide Bay Burnett,North Coast,Southern,Southern Queensland,Bundaberg Region - South,Bundaberg,Wide Bay,Inner Regional,Burnett,Hinkler,State-controlled,No Roadway Feature,No traffic control,100 - 110 km/h,Sealed - Dry,Clear,Daylight,Curved - view obscured,Dip,804,Off Path-Curve: Off Cway Lt Bend Hit Obj,19: Off Carriageway on Curve Hit Object,N,1,1,0,0,2,0,1,0,0,0,0,0
137528,137528,Fatal,2009,May,Tuesday,21,Hit pedestrian,Hit pedestrian,153.100506838571,-26.7022368144378,Sunshine Mwy,,Sunshine Motorway (Tanawha - Mooloolaba),Mountain Creek,Sunshine Coast Region,4557,Maroochydore,Sunshine Coast,North Coast,SEQ North,North Coast,Mountain Creek,Buderim,Sunshine Coast,Major Cities,Buderim,Fairfax,State-controlled,No Roadway Feature,No traffic control,100 - 110 km/h,Sealed - Dry,Clear,Darkness - Not lighted,Curved - view open,Level,001,Pedn: Near Side Vehicle Hit From Right,12: Pedestrian,N,1,0,1,0,2,1,0,0,0,0,1,0
137860,137860,Fatal,2012,March,Monday,7,Hit object,Single Vehicle,152.61874941981,-25.935100291243,Arborten Rd,,,Glenwood,Fraser Coast Region,4570,Tiaro,Wide Bay Burnett,North Coast,Southern,Southern Queensland,Maryborough Region - South,Maryborough,Wide Bay,Inner Regional,Gympie,Wide Bay,Locally-controlled,Bridge/Causeway,No traffic control,60 km/h,Sealed - Wet,Raining,Daylight,Straight,Level,607,Vehs On Path: Temporary Object On Cway,21: Other,E,1,0,0,0,1,1,0,0,0,0,0,0
137867,137867,Fatal,2012,March,Thursday,11,Head-on,Multi-Vehicle,150.577945316424,-23.5668340687206,Bruce Hwy,,Bruce Highway (Benaraby - Rockhampton),Bajool,Rockhampton Region,4699,Marmor,Capricornia,Central,Central,Central Queensland,Bouldercombe,Rockhampton,Central Queensland,Outer Regional,Mirani,Flynn,State-controlled,No Roadway Feature,No traffic control,100 - 110 km/h,Sealed - Dry,Clear,Daylight,Straight,Level,201,Vehs Opposite Approach: Head On,02: Head-on,N,1,4,0,0,5,2,0,1,0,0,0,0
137868,137868,Fatal,2012,March,Thursday,20,Hit pedestrian,Hit pedestrian,145.730810015534,-16.9584694094494,Toogood Rd,,,Bayview Heights,Cairns Region,4868,Cairns,Far North,Far Northern,Northern,North Queensland,Earlville - Bayview Heights,Cairns - South,Cairns,Outer Regional,Mulgrave,Leichhardt,Locally-controlled,No Roadway Feature,No traffic control,60 km/h,Sealed - Wet,Raining,Darkness - Lighted,Straight,Grade,004,Pedn: Play; Work; Stand; Lie On Cway,12: Pedestrian,W,1,0,0,0,1,2,0,0,0,0,1,0
137869,137869,Fatal,2012,March,Friday,23,Hit pedestrian,Hit pedestrian,146.16303301962,-18.6426647806417,Bruce Hwy,,Bruce Highway (Ingham - Innisfail),Ingham,Hinchinbrook Shire,4850,Ingham,Townsville,Northern,Northern,North Queensland,Ingham,Charters Towers - Ayr - Ingham,Townsville,Outer Regional,Hinchinbrook,Kennedy,State-controlled,No Roadway Feature,No traffic control,60 km/h,Sealed - Wet,Clear,Darkness - Lighted,Straight,Level,003,Pedn: Far Side Vehicle Hit From Left,12: Pedestrian,N,1,0,0,0,1,1,0,0,0,0,1,0
138238,138238,Fatal,2012,February,Tuesday,20,Hit object,Single Vehicle,152.972613558745,-27.7004202815178,Springfield Greenbank Art Rd,,,Greenbank,Logan City,4124,Jimboomba,Logan,South Eastern,SEQ South,South Coast,Greenbank,Jimboomba,Logan - Beaudesert,Major Cities,Jordan,Wright,Locally-controlled,No Roadway Feature,No traffic control,70 km/h,Sealed - Dry,Clear,Darkness - Not lighted,Curved - view open,Level,803,Off Path-Curve: Off Cway Rt Bend Hit Obj,19: Off Carriageway on Curve Hit Object,S,1,0,0,0,1,1,0,0,0,0,0,0
138239,138239,Fatal,2012,February,Tuesday,1,Hit object,Single Vehicle,152.952020327658,-26.9137392902228,Barrs Rd,,,Glass House Mountains,Sunshine Coast Region,4518,Beerwah,Sunshine Coast,North Coast,SEQ North,North Coast,Glass House Mountains,Sunshine Coast Hinterland,Sunshine Coast,Inner Regional,Glass House,Fisher,Locally-controlled,No Roadway Feature,No traffic control,100 - 110 km/h,Sealed - Wet,Raining,Darkness - Not lighted,Curved - view obscured,Level,804,Off Path-Curve: Off Cway Lt Bend Hit Obj,19: Off Carriageway on Curve Hit Object,W,1,2,0,0,3,1,0,0,0,0,0,0
138241,138241,Fatal,2012,March,Sunday,14,Fall from vehicle,Single Vehicle,153.037214233685,-27.6613907036902,Mt Lindesay Hwy,,Mount Lindesay Highway (Brisbane - Beaudesert),Hillcrest,Logan City,4118,Browns Plains,Logan,South Eastern,SEQ South,South Coast,Hillcrest,Browns Plains,Logan - Beaudesert,Major Cities,Algester,Rankin,State-controlled,No Roadway Feature,No traffic control,80 - 90 km/h,Sealed - Dry,Clear,Daylight,Curved - view open,Level,802,Off Path-Curve: Off Cway Left Bend,18: Off Carriageway on Curve,N,1,0,0,0,1,0,1,0,0,0,0,0
138242,138242,Fatal,2012,March,Sunday,15,Hit object,Single Vehicle,152.969473633026,-27.4631024953306,Simpsons Rd,,,Bardon,Brisbane City,4065,The Gap,North Brisbane,Brisbane,SEQ North,Metropolitan,Bardon,Brisbane Inner - West,Brisbane Inner City,Major Cities,Maiwar,Ryan,Locally-controlled,No Roadway Feature,No traffic control,0 - 50 km/h,Sealed - Wet,Clear,Daylight,Curved - view open,Dip,803,Off Path-Curve: Off Cway Rt Bend Hit Obj,19: Off Carriageway on Curve Hit Object,S,1,0,0,0,1,0,1,0,0,0,0,0
138308,138308,Fatal,2012,February,Saturday,18,Hit pedestrian,Hit pedestrian,152.915842038809,-27.6536177174679,Greenway Crct,,,Springfield,Ipswich City,4300,Springfield,Ipswich,Southern,SEQ South,Metropolitan,Springfield,Springfield - Redbank,Ipswich,Major Cities,Jordan,Oxley,Locally-controlled,No Roadway Feature,No traffic control,0 - 50 km/h,Sealed - Dry,Clear,Dawn/Dusk,Curved - view open,Grade,004,Pedn: Play; Work; Stand; Lie On Cway,12: Pedestrian,W,1,0,0,0,1,1,0,0,0,0,1,0
138310,138310,Fatal,2012,February,Saturday,9,Hit object,Single Vehicle,153.388878932543,-27.8955508540962,Brady Dr,Hope Island Rd,Hope Island Road,Hollywell,Gold Coast City,4216,Runaway Bay,Gold Coast,South Eastern,SEQ South,South Coast,Paradise Point - Hollywell,Gold Coast - North,Gold Coast,Major Cities,Broadwater,Fadden,State-controlled,Intersection - T-Junction,No traffic control,60 km/h,Sealed - Dry,Clear,Daylight,Curved - view open,Level,202,Vehs Opposite Approach: Thru-Right,03: Opposing Vehicles Turning,W,1,0,0,0,1,1,0,0,0,1,0,0
138406,138406,Fatal,2012,February,Sunday,8,Hit object,Single Vehicle,152.94808406149,-26.7656034216472,Brandenburg Rd,,,Mooloolah Valley,Sunshine Coast Region,4553,Beerwah,Sunshine Coast,North Coast,SEQ North,North Coast,Landsborough,Sunshine Coast Hinterland,Sunshine Coast,Inner Regional,Glass House,Fisher,Locally-controlled,No Roadway Feature,No traffic control,60 km/h,Sealed - Dry,Clear,Daylight,Curved - view obscured,Level,803,Off Path-Curve: Off Cway Rt Bend Hit Obj,19: Off Carriageway on Curve Hit Object,W,1,0,0,0,1,1,0,0,0,0,0,0
138742,138742,Fatal,2011,November,Monday,13,Head-on,Multi-Vehicle,152.324282120287,-26.094609800622,Wide Bay Hwy,,Wide Bay Highway (Gympie - Goomeri),Oakview,Gympie Region,4600,Kilkivan,Wide Bay Burnett,North Coast,Southern,Southern Queensland,Kilkivan,Gympie - Cooloola,Wide Bay,Inner Regional,Nanango,Wide Bay,State-controlled,No Roadway Feature,No traffic control,100 - 110 km/h,Sealed - Dry,Clear,Daylight,Straight,Level,201,Vehs Opposite Approach: Head On,02: Head-on,W,1,0,0,0,1,1,0,1,0,0,0,0
138954,138954,Fatal,2011,November,Thursday,17,Angle,Multi-Vehicle,152.995727366877,-27.4736692520451,Milton Rd,Wienholt St,,Auchenflower,Brisbane City,4066,Indooroopilly,North Brisbane,Brisbane,SEQ North,Metropolitan,Auchenflower,Brisbane Inner - West,Brisbane Inner City,Major Cities,Maiwar,Ryan,Locally-controlled,Intersection - Cross,Operating traffic lights,60 km/h,Sealed - Dry,Clear,Daylight,Straight,Grade,202,Vehs Opposite Approach: Thru-Right,03: Opposing Vehicles Turning,W,1,0,1,0,2,1,1,0,0,0,0,0
138955,138955,Fatal,2011,November,Sunday,10,Hit object,Single Vehicle,152.31003159003,-25.672559155827,Glenbar Rd,,,Woocoo,Fraser Coast Region,4620,Maryborough,Wide Bay Burnett,North Coast,Southern,Southern Queensland,Maryborough Region - South,Maryborough,Wide Bay,Outer Regional,Maryborough,Wide Bay,Locally-controlled,No Roadway Feature,No traffic control,100 - 110 km/h,Sealed - Dry,Clear,Daylight,Curved - view open,Level,804,Off Path-Curve: Off Cway Lt Bend Hit Obj,19: Off Carriageway on Curve Hit Object,S,1,0,0,0,1,1,0,0,0,0,0,0
138956,138956,Fatal,2011,November,Sunday,15,Rear-end,Multi-Vehicle,146.667398156233,-25.9709203726456,Landsborough Hwy,,Landsborough Highway (Morven - Augathella),Clara Creek,Murweh Shire,4468,Augathella,South West,Southern,Southern,Southern Queensland,Charleville,Outback - South,Queensland - Outback,Very Remote,Warrego,Maranoa,State-controlled,No Roadway Feature,No traffic control,100 - 110 km/h,Sealed - Wet,Raining,Daylight,Curved - view open,Level,301,Vehs Same Direction: Rear End,04: Rear-end,N,1,0,0,0,1,0,0,2,0,0,0,0
138957,138957,Fatal,2011,November,Sunday,18,Hit object,Single Vehicle,153.392292738094,-27.981343716118,Wardoo St,,,Southport,Gold Coast City,4215,Southport,Gold Coast,South Eastern,SEQ South,South Coast,Southport - South,Southport,Gold Coast,Major Cities,Southport,Moncrieff,Locally-controlled,No Roadway Feature,No traffic control,60 km/h,Sealed - Dry,Clear,Dawn/Dusk,Straight,Level,201,Vehs Opposite Approach: Head On,02: Head-on,N,1,2,0,0,3,2,0,0,0,0,0,0
139059,139059,Fatal,2008,October,Sunday,21,Hit pedestrian,Hit pedestrian,146.730426989106,-19.3165912460642,Ross River Rd,,Ross River Road,Thuringowa Central,Townsville City,4817,Kirwan,Townsville,Northern,Northern,North Queensland,Condon - Rasmussen,Townsville,Townsville,Outer Regional,Thuringowa,Herbert,State-controlled,No Roadway Feature,No traffic control,60 km/h,Sealed - Dry,Clear,Darkness - Lighted,Straight,Level,003,Pedn: Far Side Vehicle Hit From Left,12: Pedestrian,W,1,0,0,0,1,1,0,0,0,0,1,0
139164,139164,Fatal,2008,October,Sunday,17,Hit object,Single Vehicle,153.284385242189,-27.9169916696468,Yallaroi Rd,,,Oxenford,Gold Coast City,4210,Nerang,Gold Coast,South Eastern,SEQ South,South Coast,Oxenford - Maudsland,Ormeau - Oxenford,Gold Coast,Major Cities,Theodore,Wright,Locally-controlled,No Roadway Feature,No traffic control,60 km/h,Sealed - Dry,Clear,Darkness - Not lighted,Straight,Level,703,Off Path-Straight: Left Off Cway Hit Obj,16: Off Carriageway on Straight Hit Object,E,1,1,0,0,2,0,1,0,0,0,0,0
139251,139251,Fatal,2005,January,Saturday,14,Hit object,Single Vehicle,144.821642366692,-16.4614916858717,Peninsula Developmental Rd,,Mulligan Highway (Mount Molloy - Lakeland),Desailly,Mareeba Shire,4871,Mount Molloy,Far North,Far Northern,Northern,North Queensland,Tablelands,Far North,Queensland - Outback,Very Remote,Cook,Leichhardt,State-controlled,No Roadway Feature,No traffic control,100 - 110 km/h,Sealed - Dry,Clear,Daylight,Curved - view obscured,Grade,804,Off Path-Curve: Off Cway Lt Bend Hit Obj,19: Off Carriageway on Curve Hit Object,N,1,0,0,0,1,0,1,0,0,0,0,0
139368,139368,Fatal,2008,October,Sunday,15,Hit object,Single Vehicle,147.427237875061,-19.6891963592879,Bruce Hwy,,Bruce Highway (Bowen - Ayr),Fredericksfield,Burdekin Shire,4806,Home Hill,Townsville,Northern,Northern,North Queensland,Burdekin,Charters Towers - Ayr - Ingham,Townsville,Outer Regional,Burdekin,Dawson,State-controlled,No Roadway Feature,No traffic control,100 - 110 km/h,Sealed - Dry,Clear,Daylight,Straight,Level,703,Off Path-Straight: Left Off Cway Hit Obj,16: Off Carriageway on Straight Hit Object,N,1,0,2,0,3,1,0,0,0,0,0,0
139370,139370,Fatal,2008,October,Thursday,10,Head-on,Multi-Vehicle,152.967778569009,-27.1379848865845,Burpengary - Caboolture Rd,,Burpengary - Caboolture Road,Burpengary,Moreton Bay Region,4505,Burpengary,Moreton,North Coast,SEQ North,North Coast,Burpengary,Narangba - Burpengary,Moreton Bay - North,Major Cities,Kurwongbah,Longman,State-controlled,No Roadway Feature,No traffic control,80 - 90 km/h,Sealed - Dry,Clear,Daylight,Curved - view obscured,Grade,201,Vehs Opposite Approach: Head On,02: Head-on,S,1,0,0,1,2,1,0,1,0,0,0,0
139526,139526,Fatal,2008,December,Wednesday,20,Hit pedestrian,Hit pedestrian,152.771734429567,-26.1480560401123,Pomona - Kin Kin Rd,,Kin Kin Road,Greens Creek,Gympie Region,4570,Gympie,Wide Bay Burnett,North Coast,Southern,Southern Queensland,Gympie Region,Gympie - Cooloola,Wide Bay,Inner Regional,Gympie,Wide Bay,State-controlled,No Roadway Feature,No traffic control,100 - 110 km/h,Sealed - Dry,Clear,Darkness - Not lighted,Curved - view obscured,Grade,006,Pedn: Hit Facing Traffic,12: Pedestrian,W,1,0,0,0,1,0,0,0,0,0,1,1
139774,139774,Fatal,2008,October,Friday,0,Angle,Multi-Vehicle,153.018431810734,-27.3840616586137,Hamilton Rd,,,Chermside West,Brisbane City,4032,Carseldine,North Brisbane,Brisbane,SEQ North,Metropolitan,Chermside West,Chermside,Brisbane - North,Major Cities,Stafford,Lilley,Locally-controlled,No Roadway Feature,No traffic control,60 km/h,Sealed - Dry,Clear,Darkness - Lighted,Straight,Crest,308,Vehs Same Direction: Right Turn S/Swipe,06: Parallel Lanes Turning,W,1,0,1,0,2,1,1,0,0,0,0,0
139778,139778,Fatal,2008,October,Friday,11,Head-on,Multi-Vehicle,139.746506172298,-20.7176581528917,Barkly Hwy,,Barkly Highway (Cloncurry - Mount Isa),Cloncurry,Cloncurry Shire,4824,Cloncurry,Mount Isa,Northern,Northern,North Queensland,Mount Isa Region,Outback - North,Queensland - Outback,Very Remote,Traeger,Kennedy,State-controlled,No Roadway Feature,No traffic control,100 - 110 km/h,Sealed - Dry,Clear,Daylight,Straight,Level,201,Vehs Opposite Approach: Head On,02: Head-on,W,2,0,0,0,2,1,0,1,0,0,0,0
139783,139783,Fatal,2008,October,Friday,20,Angle,Multi-Vehicle,153.429105733463,-28.1017724908144,Burleigh Connection Rd,Kortum Dr,Burleigh Connection Road,Burleigh Waters,Gold Coast City,4220,Robina,Gold Coast,South Eastern,SEQ South,South Coast,Burleigh Waters,Broadbeach - Burleigh,Gold Coast,Major Cities,Burleigh,Mcpherson,State-controlled,Intersection - T-Junction,Operating traffic lights,60 km/h,Sealed - Dry,Clear,Darkness - Lighted,Straight,Level,202,Vehs Opposite Approach: Thru-Right,03: Opposing Vehicles Turning,W,1,0,3,0,4,1,0,1,0,0,0,0
139948,139948,Fatal,2008,December,Thursday,17,Sideswipe,Multi-Vehicle,153.125544994484,-27.5167939734354,Gateway Arterial Rd,,Gateway Motorway (Eight Mile Plains - Nudgee),Belmont,Brisbane City,4153,Capalaba,South Brisbane,Brisbane,SEQ South,Metropolitan,Belmont - Gumdale,Capalaba,Brisbane - East,Major Cities,Chatsworth,Bonner,State-controlled,No Roadway Feature,No traffic control,80 - 90 km/h,Sealed - Wet,Raining,Daylight,Straight,Level,305,Vehs Same Direction: Lane Side Swipe,05: Lane Change,S,1,0,0,0,1,0,1,2,0,0,0,0
140427,140427,Fatal,2009,February,Thursday,9,Overturned,Single Vehicle,149.85187603365,-27.3759226806039,Meandarra - Talwood Rd,,Meandarra - Talwood Road,Meandarra,Western Downs Region,4422,Meandarra,South West,Southern,Southern,Southern Queensland,Tara,Darling Downs (west) - Maranoa,Darling Downs - Maranoa,Remote,Warrego,Maranoa,State-controlled,No Roadway Feature,No traffic control,100 - 110 km/h,Sealed - Dry,Clear,Daylight,Straight,Level,705,Off Path-Straight: Out Of Control On Cway,17: Out of Control on Straight,N,1,0,0,0,1,0,0,1,0,0,0,0
140431,140431,Fatal,2009,February,Thursday,21,Hit object,Single Vehicle,152.943074700169,-27.4685959587312,Sir Samuel Griffith Dr,,,Mount Coot-tha,Brisbane City,4066,Indooroopilly,North Brisbane,Brisbane,SEQ North,Metropolitan,Mount Coot-tha,The Gap - Enoggera,Brisbane - West,Major Cities,Maiwar,Ryan,Locally-controlled,No Roadway Feature,No traffic control,0 - 50 km/h,Sealed - Dry,Clear,Darkness - Not lighted,Curved - view open,Grade,803,Off Path-Curve: Off Cway Rt Bend Hit Obj,19: Off Carriageway on Curve Hit Object,S,1,1,0,0,2,1,0,0,0,0,0,0
140433,140433,Fatal,2007,December,Thursday,14,Hit pedestrian,Hit pedestrian,149.652545220104,-22.7040729045169,Bruce Hwy,,Bruce Highway (Rockhampton - St Lawrence),Ogmore,Livingstone Shire,4706,Marlborough,Capricornia,Central,Central,Central Queensland,Rockhampton Region - North,Rockhampton,Central Queensland,Remote,Mirani,Capricornia,State-controlled,No Roadway Feature,No traffic control,100 - 110 km/h,Sealed - Dry,Clear,Daylight,Straight,Level,000,Pedn: Hit Other,21: Other,N,1,0,0,0,1,0,0,2,0,0,1,0
140499,140499,Fatal,2005,March,Saturday,18,Overturned,Single Vehicle,151.75238786286,-26.6178234736446,Magees Rd,,,Benair,South Burnett Region,4610,Kingaroy,Darling Downs,Southern,Southern,Southern Queensland,Kingaroy Region - South,Burnett,Wide Bay,Inner Regional,Nanango,Maranoa,Locally-controlled,No Roadway Feature,No traffic control,100 - 110 km/h,Sealed - Dry,Clear,Darkness - Lighted,Curved - view open,Dip,804,Off Path-Curve: Off Cway Lt Bend Hit Obj,19: Off Carriageway on Curve Hit Object,N,1,0,1,0,2,1,0,0,0,0,0,0
140517,140517,Fatal,2005,June,Thursday,15,Angle,Multi-Vehicle,151.250832241389,-23.842115897834,Gladstone - Mt Larcom Rd,Yarroon St,Gladstone - Mount Larcom Road,Gladstone Central,Gladstone Region,4680,Gladstone,Capricornia,Central,Central,Central Queensland,Gladstone,Gladstone,Central Queensland,Inner Regional,Gladstone,Flynn,State-controlled,Intersection - Cross,Stop sign,60 km/h,Sealed - Dry,Clear,Daylight,Straight,Level,101,Vehs Adjacent Approach: Thru-Thru,01: Intersection: Adjacent Approach,S,1,0,0,0,1,1,1,0,0,0,0,0
140609,140609,Fatal,2005,April,Wednesday,18,Angle,Multi-Vehicle,153.215901537114,-27.5220261985985,Capalaba - Cleveland Rd,Windemere Rd,Capalaba - Cleveland Road,Alexandra Hills,Redland City,4161,Capalaba,South Brisbane,Brisbane,SEQ South,Metropolitan,Alexandra Hills,Capalaba,Brisbane - East,Major Cities,Capalaba,Bowman,State-controlled,Intersection - Cross,Operating traffic lights,70 km/h,Sealed - Wet,Raining,Darkness - Lighted,Straight,Level,202,Vehs Opposite Approach: Thru-Right,03: Opposing Vehicles Turning,E,1,0,0,0,1,2,1,0,0,0,0,0
140728,140728,Fatal,2005,July,Friday,10,Hit object,Single Vehicle,151.726765032409,-24.8702804841105,Bruce Hwy,,Bruce Highway (Gin Gin - Benaraby),Takilberan,Bundaberg Region,4671,Gin Gin,Wide Bay Burnett,North Coast,Southern,Southern Queensland,Gin Gin,Burnett,Wide Bay,Outer Regional,Callide,Flynn,State-controlled,No Roadway Feature,No traffic control,100 - 110 km/h,Sealed - Dry,Clear,Daylight,Straight,Grade,704,Off Path-Straight: Right Off Cway Hit Obj,16: Off Carriageway on Straight Hit Object,N,1,1,0,0,2,1,0,0,0,0,0,0
140756,140756,Fatal,2005,July,Tuesday,10,Rear-end,Multi-Vehicle,146.819403249916,-19.3247343767983,Flinders Hwy,Wright St,Townsville Connection Road,Cluden,Townsville City,4811,Stuart,Townsville,Northern,Northern,North Queensland,Oonoonba,Townsville,Townsville,Outer Regional,Mundingburra,Dawson,State-controlled,Intersection - T-Junction,No traffic control,70 km/h,Sealed - Dry,Clear,Daylight,Straight,Level,301,Vehs Same Direction: Rear End,04: Rear-end,S,1,0,0,0,1,3,0,0,0,0,0,0
140940,140940,Fatal,2005,June,Saturday,9,Hit object,Single Vehicle,152.941144650202,-25.946142508371,Tin Can Bay Rd,,Tin Can Bay Road,Tin Can Bay,Gympie Region,4580,Tin Can Bay,Wide Bay Burnett,North Coast,Southern,Southern Queensland,Cooloola,Gympie - Cooloola,Wide Bay,Inner Regional,Gympie,Wide Bay,State-controlled,No Roadway Feature,No traffic control,100 - 110 km/h,Sealed - Dry,Clear,Daylight,Curved - view obscured,Grade,800,Off Path-Curve: Other,21: Other,E,1,0,0,0,1,0,1,0,0,0,0,0
141251,141251,Fatal,2004,December,Sunday,8,Head-on,Multi-Vehicle,153.061627094077,-27.3526734707036,Lyndhurst Rd,Stanworth Rd,,Boondall,Brisbane City,4034,Boondall,North Brisbane,Brisbane,SEQ North,Metropolitan,Boondall,Nundah,Brisbane - North,Major Cities,Nudgee,Lilley,Locally-controlled,Intersection - T-Junction,No traffic control,60 km/h,Sealed - Dry,Clear,Daylight,Straight,Grade,201,Vehs Opposite Approach: Head On,02: Head-on,W,1,0,1,0,2,2,0,0,0,0,0,0
141307,141307,Fatal,2005,March,Friday,7,Hit object,Single Vehicle,145.380532366972,-17.1014922992411,Narcotic Ck Rd,,,Chewko,Mareeba Shire,4880,Mareeba,Far North,Far Northern,Northern,North Queensland,Tablelands,Far North,Queensland - Outback,Outer Regional,Cook,Kennedy,Locally-controlled,Bridge/Causeway,No traffic control,70 km/h,Sealed - Dry,Clear,Daylight,Curved - view open,Dip,804,Off Path-Curve: Off Cway Lt Bend Hit Obj,19: Off Carriageway on Curve Hit Object,S,1,0,0,0,1,1,0,0,0,0,0,0
141308,141308,Fatal,2005,March,Monday,20,Overturned,Single Vehicle,151.130837757688,-28.6172356478168,Inglewood - Texas Rd,,Inglewood - Texas Road,Brush Creek,Goondiwindi Region,4387,Texas,Darling Downs,Southern,Southern,Southern Queensland,Inglewood - Waggamba,Darling Downs (west) - Maranoa,Darling Downs - Maranoa,Outer Regional,Southern Downs,Maranoa,State-controlled,No Roadway Feature,No traffic control,100 - 110 km/h,Sealed - Dry,Clear,Darkness - Not lighted,Curved - view open,Level,803,Off Path-Curve: Off Cway Rt Bend Hit Obj,19: Off Carriageway on Curve Hit Object,S,1,0,0,0,1,1,0,0,0,0,0,0
141339,141339,Fatal,2005,March,Monday,4,Hit object,Single Vehicle,149.530798131647,-22.113716936068,Bruce Hwy,,Bruce Highway (St Lawrence - Mackay),Clairview,Isaac Region,4741,Saint Lawrence,Mackay,Central,Central,Central Queensland,Broadsound - Nebo,Bowen Basin - North,Mackay - Isaac - Whitsunday,Remote,Mirani,Capricornia,State-controlled,Bridge/Causeway,No traffic control,100 - 110 km/h,Sealed - Dry,Clear,Darkness - Not lighted,Straight,Level,703,Off Path-Straight: Left Off Cway Hit Obj,16: Off Carriageway on Straight Hit Object,N,1,0,0,0,1,0,0,1,0,0,0,0
141354,141354,Fatal,2005,April,Saturday,20,Head-on,Multi-Vehicle,142.754596254665,-18.2302865337741,Gulf Developmental Rd,,Gulf Developmental Road (Croydon - Georgetown),Gilbert River,Etheridge Shire,4871,Croydon,Far North,Far Northern,Northern,North Queensland,Croydon - Etheridge,Far North,Queensland - Outback,Very Remote,Traeger,Kennedy,State-controlled,No Roadway Feature,No traffic control,100 - 110 km/h,Sealed - Dry,Clear,Darkness - Not lighted,Straight,Level,201,Vehs Opposite Approach: Head On,02: Head-on,E,1,0,0,0,1,1,0,1,0,0,0,0