_id,Crash_Ref_Number,Crash_Severity,Crash_Year,Crash_Month,Crash_Day_Of_Week,Crash_Hour,Crash_Nature,Crash_Type,Crash_Longitude,Crash_Latitude,Crash_Street,Crash_Street_Intersecting,State_Road_Name,Loc_Suburb,Loc_Local_Government_Area,Loc_Post_Code,Loc_Police_Division,Loc_Police_District,Loc_Police_Region,Loc_Queensland_Transport_Region,Loc_Main_Roads_Region,Loc_ABS_Statistical_Area_2,Loc_ABS_Statistical_Area_3,Loc_ABS_Statistical_Area_4,Loc_ABS_Remoteness,Loc_State_Electorate,Loc_Federal_Electorate,Crash_Controlling_Authority,Crash_Roadway_Feature,Crash_Traffic_Control,Crash_Speed_Limit,Crash_Road_Surface_Condition,Crash_Atmospheric_Condition,Crash_Lighting_Condition,Crash_Road_Horiz_Align,Crash_Road_Vert_Align,Crash_DCA_Code,Crash_DCA_Description,Crash_DCA_Group_Description,DCA_Key_Approach_Dir,Count_Casualty_Fatality,Count_Casualty_Hospitalised,Count_Casualty_MedicallyTreated,Count_Casualty_MinorInjury,Count_Casualty_Total,Count_Unit_Car,Count_Unit_Motorcycle_Moped,Count_Unit_Truck,Count_Unit_Bus,Count_Unit_Bicycle,Count_Unit_Pedestrian,Count_Unit_Other
141613,141613,Fatal,2005,August,Saturday,14,Sideswipe,Multi-Vehicle,153.095686455463,-27.6448071864387,Springwood Connection Rd,,Springwood Connection Road,Logan Central,Logan City,4114,Logan Central,Logan,South Eastern,SEQ South,South Coast,Logan Central,Springwood - Kingston,Logan - Beaudesert,Major Cities,Woodridge,Rankin,State-controlled,No Roadway Feature,No traffic control,80 - 90 km/h,Sealed - Dry,Clear,Daylight,Straight,Level,201,Vehs Opposite Approach: Head On,02: Head-on,W,2,1,1,0,4,3,0,0,0,0,0,0
141650,141650,Fatal,2005,April,Saturday,1,Hit object,Single Vehicle,153.125092209817,-27.6170010371811,Pacific Hwy,,Pacific Highway (Pacific Motorway),Springwood,Logan City,4127,Springwood,Logan,South Eastern,SEQ South,South Coast,Springwood,Springwood - Kingston,Logan - Beaudesert,Major Cities,Springwood,Rankin,State-controlled,No Roadway Feature,No traffic control,100 - 110 km/h,Sealed - Dry,Clear,Darkness - Lighted,Straight,Grade,703,Off Path-Straight: Left Off Cway Hit Obj,16: Off Carriageway on Straight Hit Object,S,1,0,0,0,1,1,0,0,0,0,0,0
141799,141799,Fatal,2005,April,Friday,22,Hit object,Single Vehicle,152.757615098979,-27.5815721451334,Warrego Hwy,,Warrego Highway (Ipswich - Toowoomba),North Ipswich,Ipswich City,4305,Karana Downs,Ipswich,Southern,SEQ South,Metropolitan,North Ipswich - Tivoli,Ipswich Inner,Ipswich,Major Cities,Ipswich West,Blair,State-controlled,No Roadway Feature,No traffic control,100 - 110 km/h,Unknown,Unknown,Unknown,Curved - view obscured,Level,804,Off Path-Curve: Off Cway Lt Bend Hit Obj,19: Off Carriageway on Curve Hit Object,E,1,0,0,0,1,0,1,0,0,0,0,0
141836,141836,Fatal,2005,January,Tuesday,22,Hit object,Single Vehicle,153.30763662687,-28.0239987708461,Gilston Rd,,,Gilston,Gold Coast City,4211,Nerang,Gold Coast,South Eastern,SEQ South,South Coast,Nerang - Mount Nathan,Nerang,Gold Coast,Major Cities,Mudgeeraba,Wright,Locally-controlled,No Roadway Feature,No traffic control,60 km/h,Sealed - Wet,Clear,Darkness - Not lighted,Curved - view open,Dip,803,Off Path-Curve: Off Cway Rt Bend Hit Obj,19: Off Carriageway on Curve Hit Object,W,1,0,0,0,1,1,0,0,0,0,0,0
141997,141997,Fatal,2005,July,Wednesday,19,Hit object,Single Vehicle,149.139012055871,-21.2670937224898,Bruce Hwy,,Bruce Highway (St Lawrence - Mackay),Chelona,Mackay Region,4740,Mackay,Mackay,Central,Central,Central Queensland,Walkerston - Eton,Mackay,Mackay - Isaac - Whitsunday,Outer Regional,Mirani,Capricornia,State-controlled,No Roadway Feature,No traffic control,100 - 110 km/h,Sealed - Wet,Raining,Darkness - Not lighted,Curved - view open,Level,804,Off Path-Curve: Off Cway Lt Bend Hit Obj,19: Off Carriageway on Curve Hit Object,S,1,0,0,0,1,1,0,0,0,0,0,0
142190,142190,Fatal,2005,April,Sunday,9,Hit object,Single Vehicle,153.157336092343,-27.4752238983125,Burnett St,Manly Rd,,Wakerley,Brisbane City,4154,Wynnum,South Brisbane,Brisbane,SEQ South,Metropolitan,Wakerley,Wynnum - Manly,Brisbane - East,Major Cities,Chatsworth,Bonner,Locally-controlled,Intersection - T-Junction,No traffic control,70 km/h,Sealed - Dry,Clear,Daylight,Straight,Grade,708,Off Path-Straight: Mounts Traffic Island,16: Off Carriageway on Straight Hit Object,E,1,0,0,0,1,0,1,0,0,0,0,0
142609,142609,Fatal,2005,May,Wednesday,10,Hit object,Single Vehicle,153.418356401203,-28.0588866793821,Rio Vista Blvd,Wanneroo Ct,,Mermaid Waters,Gold Coast City,4218,Broadbeach,Gold Coast,South Eastern,SEQ South,South Coast,Mermaid Waters,Broadbeach - Burleigh,Gold Coast,Major Cities,Mermaid Beach,Moncrieff,Locally-controlled,Intersection - T-Junction,No traffic control,60 km/h,Sealed - Dry,Clear,Daylight,Curved - view open,Level,804,Off Path-Curve: Off Cway Lt Bend Hit Obj,19: Off Carriageway on Curve Hit Object,S,1,0,0,0,1,0,1,0,0,0,0,0
142664,142664,Fatal,2005,April,Tuesday,10,Head-on,Multi-Vehicle,152.788201698163,-26.3911998787031,Bruce Hwy,,Cooroy - Gympie Road,Federal,Noosa Shire,4568,Pomona,Sunshine Coast,North Coast,SEQ North,North Coast,Noosa Hinterland,Noosa Hinterland,Sunshine Coast,Inner Regional,Nicklin,Wide Bay,State-controlled,No Roadway Feature,No traffic control,100 - 110 km/h,Sealed - Wet,Clear,Daylight,Curved - view open,Grade,201,Vehs Opposite Approach: Head On,02: Head-on,N,1,1,0,0,2,2,0,0,0,0,0,0
142706,142706,Fatal,2005,July,Saturday,23,Hit pedestrian,Hit pedestrian,145.771156241899,-16.9203340509696,Florence St,Sheridan St,Captain Cook Highway (Cairns - Mossman),Cairns City,Cairns Region,4870,Cairns,Far North,Far Northern,Northern,North Queensland,Cairns City,Cairns - South,Cairns,Outer Regional,Cairns,Leichhardt,State-controlled,Intersection - Cross,Operating traffic lights,60 km/h,Sealed - Dry,Clear,Darkness - Lighted,Straight,Level,001,Pedn: Near Side Vehicle Hit From Right,12: Pedestrian,W,1,0,0,0,1,1,0,0,0,0,1,0
142726,142726,Fatal,2005,July,Monday,11,Hit object,Single Vehicle,152.665055788937,-27.7182033680319,Cunningham Hwy,,Cunningham Highway (Ipswich - Warwick),Mutdapilly,Ipswich City,4307,Yamanto,Ipswich,Southern,SEQ South,Metropolitan,Rosewood,Ipswich Hinterland,Ipswich,Inner Regional,Scenic Rim,Blair,State-controlled,No Roadway Feature,No traffic control,100 - 110 km/h,Sealed - Dry,Clear,Daylight,Straight,Level,703,Off Path-Straight: Left Off Cway Hit Obj,16: Off Carriageway on Straight Hit Object,S,1,0,0,0,1,1,0,0,0,0,0,0
143021,143021,Fatal,2005,June,Saturday,5,Hit pedestrian,Hit pedestrian,153.075170732485,-27.5042445632646,Boundary Rd,,,Coorparoo,Brisbane City,4151,Coorparoo,South Brisbane,Brisbane,SEQ South,Metropolitan,Coorparoo,Holland Park - Yeronga,Brisbane - South,Major Cities,Greenslopes,Griffith,Locally-controlled,No Roadway Feature,No traffic control,70 km/h,Sealed - Dry,Clear,Darkness - Not lighted,Straight,Crest,004,Pedn: Play; Work; Stand; Lie On Cway,12: Pedestrian,N,2,0,0,0,2,3,0,0,0,0,2,0
143117,143117,Fatal,2005,May,Saturday,2,Hit object,Single Vehicle,150.823564403234,-23.7241801933819,Bruce Hwy,,Bruce Highway (Benaraby - Rockhampton),Raglan,Gladstone Region,4697,Mount Larcom,Capricornia,Central,Central,Central Queensland,Gladstone Hinterland,Gladstone,Central Queensland,Outer Regional,Gladstone,Flynn,State-controlled,No Roadway Feature,No traffic control,100 - 110 km/h,Sealed - Dry,Clear,Darkness - Not lighted,Curved - view obscured,Grade,804,Off Path-Curve: Off Cway Lt Bend Hit Obj,19: Off Carriageway on Curve Hit Object,N,1,0,0,0,1,0,0,1,0,0,0,0
143118,143118,Fatal,2005,May,Saturday,23,Head-on,Multi-Vehicle,153.461560140063,-28.1312496783572,Ballidu Cl,Murtha Dr,,Elanora,Gold Coast City,4221,Palm Beach,Gold Coast,South Eastern,SEQ South,South Coast,Elanora,Coolangatta,Gold Coast,Major Cities,Currumbin,Mcpherson,Locally-controlled,Intersection - T-Junction,No traffic control,60 km/h,Sealed - Dry,Clear,Darkness - Lighted,Curved - view open,Level,201,Vehs Opposite Approach: Head On,02: Head-on,E,2,0,0,0,2,2,0,0,0,0,0,0
143264,143264,Fatal,2005,August,Monday,18,Angle,Multi-Vehicle,153.022308557904,-27.759198940964,Chambers Flat Rd,Mt Lindesay Hwy,Mount Lindesay Highway (Brisbane - Beaudesert),Munruben,Logan City,4125,Jimboomba,Logan,South Eastern,SEQ South,South Coast,Greenbank,Jimboomba,Logan - Beaudesert,Major Cities,Logan,Forde,State-controlled,Intersection - Cross,Stop sign,100 - 110 km/h,Sealed - Dry,Clear,Darkness - Lighted,Straight,Level,101,Vehs Adjacent Approach: Thru-Thru,01: Intersection: Adjacent Approach,W,1,0,0,0,1,1,1,0,0,0,0,0
143273,143273,Fatal,2005,April,Thursday,12,Hit pedestrian,Hit pedestrian,146.578759768357,-18.7288348738074,Cooktown St,Mossman St,,Palm Island,Palm Island Aboriginal Shire,4816,Palm Island,Townsville,Northern,Northern,North Queensland,Palm Island,Charters Towers - Ayr - Ingham,Townsville,Remote,Townsville,Herbert,Locally-controlled,Intersection - T-Junction,No traffic control,0 - 50 km/h,Sealed - Dry,Clear,Daylight,Curved - view open,Level,003,Pedn: Far Side Vehicle Hit From Left,12: Pedestrian,E,1,0,0,0,1,1,0,0,0,0,1,0
143364,143364,Fatal,2005,June,Saturday,9,Rear-end,Multi-Vehicle,146.792590605462,-19.317717199727,Bruce Hwy,,Bruce Highway (Townsville - Ingham),Annandale,Townsville City,4814,Stuart,Townsville,Northern,Northern,North Queensland,Annandale,Townsville,Townsville,Outer Regional,Mundingburra,Dawson,State-controlled,No Roadway Feature,No traffic control,80 - 90 km/h,Sealed - Dry,Clear,Daylight,Straight,Level,301,Vehs Same Direction: Rear End,04: Rear-end,E,1,0,0,0,1,0,1,0,0,0,0,1
143428,143428,Fatal,2005,June,Sunday,13,Hit object,Single Vehicle,148.848544412187,-24.7039670233697,Arcadia Valley Rd,,,Arcadia Valley,Central Highlands Region,4702,Rolleston,Capricornia,Central,Central,Central Queensland,Central Highlands - West,Central Highlands (qld),Central Queensland,Remote,Gregory,Flynn,Locally-controlled,No Roadway Feature,No traffic control,100 - 110 km/h,Unsealed - Dry,Clear,Daylight,Straight,Level,704,Off Path-Straight: Right Off Cway Hit Obj,16: Off Carriageway on Straight Hit Object,S,1,0,0,0,1,1,0,0,0,0,0,0
143450,143450,Fatal,2005,March,Friday,19,Hit pedestrian,Hit pedestrian,150.522459946992,-23.3638747560262,Rockhampton - Yeppoon Rd,,Rockhampton - Yeppoon Road,Berserker,Rockhampton Region,4701,North Rockhampton,Capricornia,Central,Central,Central Queensland,Berserker,Rockhampton,Central Queensland,Inner Regional,Rockhampton,Capricornia,State-controlled,No Roadway Feature,No traffic control,60 km/h,Sealed - Dry,Clear,Darkness - Lighted,Straight,Level,001,Pedn: Near Side Vehicle Hit From Right,12: Pedestrian,N,1,0,0,0,1,1,0,0,0,0,1,0
143455,143455,Fatal,2005,May,Sunday,10,Head-on,Multi-Vehicle,153.191157334927,-28.0219430680337,Beaudesert - Nerang Rd,,Beaudesert - Nerang Road,Witheren,Scenic Rim Region,4275,Canungra,Logan,South Eastern,SEQ South,South Coast,Tamborine - Canungra,Gold Coast Hinterland,Gold Coast,Inner Regional,Scenic Rim,Wright,State-controlled,No Roadway Feature,No traffic control,60 km/h,Sealed - Dry,Clear,Daylight,Curved - view open,Grade,201,Vehs Opposite Approach: Head On,02: Head-on,E,1,0,0,0,1,1,1,0,0,0,0,0
143493,143493,Fatal,2005,May,Saturday,15,Head-on,Multi-Vehicle,152.573290645105,-26.119447693244,Bruce Hwy,,Gympie - Curra Road,Bells Bridge,Gympie Region,4570,Gympie,Wide Bay Burnett,North Coast,Southern,Southern Queensland,Gympie Region,Gympie - Cooloola,Wide Bay,Inner Regional,Gympie,Wide Bay,State-controlled,No Roadway Feature,No traffic control,100 - 110 km/h,Sealed - Wet,Clear,Daylight,Straight,Dip,201,Vehs Opposite Approach: Head On,02: Head-on,N,1,3,0,0,4,2,0,0,0,0,0,0
143494,143494,Fatal,2005,May,Saturday,4,Hit object,Single Vehicle,153.064907311408,-27.5925870919303,Darnell St,Gowan Rd,,Sunnybank Hills,Brisbane City,4109,Acacia Ridge,South Brisbane,Brisbane,SEQ South,Metropolitan,Sunnybank Hills,Sunnybank,Brisbane - South,Major Cities,Stretton,Moreton,Locally-controlled,Intersection - T-Junction,No traffic control,60 km/h,Sealed - Wet,Raining,Darkness - Lighted,Curved - view open,Grade,804,Off Path-Curve: Off Cway Lt Bend Hit Obj,19: Off Carriageway on Curve Hit Object,N,1,1,0,0,2,1,0,0,0,0,0,0
143495,143495,Fatal,2005,May,Sunday,18,Hit pedestrian,Hit pedestrian,153.074913449767,-27.5733375107845,Mccullough St,,,Macgregor,Brisbane City,4109,Upper Mount Gravatt,South Brisbane,Brisbane,SEQ South,Metropolitan,Macgregor (qld),Mt Gravatt,Brisbane - South,Major Cities,Toohey,Moreton,Locally-controlled,No Roadway Feature,No traffic control,60 km/h,Sealed - Dry,Clear,Darkness - Lighted,Straight,Level,003,Pedn: Far Side Vehicle Hit From Left,12: Pedestrian,E,1,0,0,0,1,1,0,0,0,0,1,0
143496,143496,Fatal,2005,May,Sunday,21,Hit object,Single Vehicle,151.0522298001,-24.0015370987044,Dawson Hwy,,Dawson Highway (Gladstone - Biloela),Wooderson,Gladstone Region,4680,Calliope,Capricornia,Central,Central,Central Queensland,Gladstone Hinterland,Gladstone,Central Queensland,Outer Regional,Callide,Flynn,State-controlled,No Roadway Feature,No traffic control,100 - 110 km/h,Sealed - Dry,Clear,Darkness - Not lighted,Curved - view obscured,Level,803,Off Path-Curve: Off Cway Rt Bend Hit Obj,19: Off Carriageway on Curve Hit Object,E,1,0,1,0,2,1,0,0,0,0,0,0
143497,143497,Fatal,2005,May,Tuesday,8,Angle,Multi-Vehicle,145.77030936781,-16.9353064700379,Fearnley St,Kenny St,,Portsmith,Cairns Region,4870,Cairns,Far North,Far Northern,Northern,North Queensland,Westcourt - Bungalow,Cairns - South,Cairns,Outer Regional,Cairns,Leichhardt,Locally-controlled,Intersection - Cross,Give way sign,60 km/h,Sealed - Dry,Clear,Daylight,Straight,Level,101,Vehs Adjacent Approach: Thru-Thru,01: Intersection: Adjacent Approach,S,1,0,0,0,1,2,0,0,0,0,0,0
143498,143498,Fatal,2005,May,Thursday,14,Head-on,Multi-Vehicle,149.526415603609,-26.6221235123294,Warrego Hwy,,Warrego Highway (Miles - Roma),Yuleba North,Maranoa Region,4427,Yuleba,South West,Southern,Southern,Southern Queensland,Roma Region,Darling Downs (west) - Maranoa,Darling Downs - Maranoa,Remote,Warrego,Maranoa,State-controlled,Bridge/Causeway,No traffic control,100 - 110 km/h,Sealed - Dry,Clear,Daylight,Curved - view open,Level,201,Vehs Opposite Approach: Head On,02: Head-on,E,1,0,0,0,1,2,0,0,0,0,0,0
143501,143501,Fatal,2005,May,Sunday,10,Sideswipe,Multi-Vehicle,150.295404932463,-28.3163876592494,Leichhardt Hwy,,Leichhardt Highway (Miles - Goondiwindi),Goondiwindi,Goondiwindi Region,4390,Goondiwindi,Darling Downs,Southern,Southern,Southern Queensland,Goondiwindi,Darling Downs (west) - Maranoa,Darling Downs - Maranoa,Outer Regional,Southern Downs,Maranoa,State-controlled,No Roadway Feature,No traffic control,100 - 110 km/h,Sealed - Dry,Clear,Daylight,Straight,Level,500,Vehs Overtaking: Other,21: Other,N,1,1,0,0,2,1,0,1,0,0,0,0
143766,143766,Fatal,2005,April,Saturday,2,Hit object,Single Vehicle,139.564972391533,-17.7691515381444,Nardoo - Burketown Rd,,,Burketown,Burke Shire,4830,Burketown,Mount Isa,Northern,Northern,North Queensland,Carpentaria,Outback - North,Queensland - Outback,Very Remote,Traeger,Kennedy,Locally-controlled,No Roadway Feature,No traffic control,80 - 90 km/h,Sealed - Dry,Clear,Darkness - Not lighted,Curved - view open,Level,804,Off Path-Curve: Off Cway Lt Bend Hit Obj,19: Off Carriageway on Curve Hit Object,N,1,0,0,0,1,1,0,0,0,0,0,0
143771,143771,Fatal,2005,April,Sunday,0,Hit object,Single Vehicle,152.875931346234,-25.9747241650881,Tin Can Bay Rd,,Tin Can Bay Road,Toolara Forest,Gympie Region,4570,Tin Can Bay,Wide Bay Burnett,North Coast,Southern,Southern Queensland,Cooloola,Gympie - Cooloola,Wide Bay,Inner Regional,Gympie,Wide Bay,State-controlled,No Roadway Feature,No traffic control,100 - 110 km/h,Sealed - Dry,Clear,Darkness - Not lighted,Curved - view open,Level,803,Off Path-Curve: Off Cway Rt Bend Hit Obj,19: Off Carriageway on Curve Hit Object,E,1,0,0,0,1,1,0,0,0,0,0,0
143772,143772,Fatal,2005,April,Sunday,0,Overturned,Single Vehicle,148.661027007415,-20.6070688719346,Kunapippi - Midge Pt Rd,,,Laguna Quays,Mackay Region,4800,Proserpine,Mackay,Central,Central,Central Queensland,Seaforth - Calen,Mackay,Mackay - Isaac - Whitsunday,Outer Regional,Whitsunday,Dawson,Locally-controlled,No Roadway Feature,No traffic control,100 - 110 km/h,Sealed - Dry,Clear,Darkness - Not lighted,Straight,Level,704,Off Path-Straight: Right Off Cway Hit Obj,16: Off Carriageway on Straight Hit Object,S,1,2,1,0,4,1,0,0,0,0,0,0
143893,143893,Fatal,2005,May,Friday,15,Angle,Multi-Vehicle,153.179211703503,-27.4948780956761,Chelsea Rd,Molle Rd,,Ransome,Brisbane City,4154,Capalaba,South Brisbane,Brisbane,SEQ South,Metropolitan,Belmont - Gumdale,Capalaba,Brisbane - East,Major Cities,Chatsworth,Bonner,Locally-controlled,Intersection - Cross,Stop sign,70 km/h,Sealed - Wet,Raining,Daylight,Straight,Level,104,Vehs Adjacent Approach: Thru-Right,01: Intersection: Adjacent Approach,N,1,0,0,0,1,1,0,0,1,0,0,0
143898,143898,Fatal,2005,June,Thursday,9,Hit object,Single Vehicle,153.025747724832,-27.4960385252337,Gladstone Rd,,,Dutton Park,Brisbane City,4102,Dutton Park,South Brisbane,Brisbane,SEQ South,Metropolitan,Fairfield - Dutton Park,Holland Park - Yeronga,Brisbane - South,Major Cities,South Brisbane,Griffith,Locally-controlled,No Roadway Feature,No traffic control,60 km/h,Sealed - Wet,Clear,Daylight,Curved - view obscured,Crest,808,Off Path-Curve: Mounts Traffic Island,19: Off Carriageway on Curve Hit Object,N,1,0,0,0,1,0,1,0,0,0,0,0
143944,143944,Fatal,2005,May,Monday,14,Sideswipe,Multi-Vehicle,152.959957934599,-28.0279026138233,Mt Lindesay Hwy,,Mount Lindesay Highway (Beaudesert - Border),Josephville,Scenic Rim Region,4285,Beaudesert,Logan,South Eastern,SEQ South,South Coast,Beaudesert,Beaudesert,Logan - Beaudesert,Inner Regional,Scenic Rim,Wright,State-controlled,No Roadway Feature,No traffic control,100 - 110 km/h,Sealed - Dry,Clear,Daylight,Curved - view open,Grade,201,Vehs Opposite Approach: Head On,02: Head-on,S,1,0,0,0,1,2,0,0,0,0,0,0
143945,143945,Fatal,2005,June,Tuesday,8,Angle,Multi-Vehicle,151.313649743496,-23.9971682969778,Bruce Hwy,Gladstone - Benaraby Rd,Bruce Highway (Gin Gin - Benaraby),Wurdong Heights,Gladstone Region,4680,Tannum Sands,Capricornia,Central,Central,Central Queensland,Gladstone Hinterland,Gladstone,Central Queensland,Inner Regional,Gladstone,Flynn,State-controlled,Intersection - T-Junction,Give way sign,100 - 110 km/h,Sealed - Wet,Clear,Daylight,Curved - view open,Level,104,Vehs Adjacent Approach: Thru-Right,01: Intersection: Adjacent Approach,E,1,0,0,0,1,1,0,1,0,0,0,0
143946,143946,Fatal,2005,June,Tuesday,11,Hit pedestrian,Hit pedestrian,145.691877215536,-16.9512454756474,Fantan Cl,,,Redlynch,Cairns Region,4870,Cairns,Far North,Far Northern,Northern,North Queensland,Redlynch,Cairns - North,Cairns,Outer Regional,Barron River,Leichhardt,Locally-controlled,No Roadway Feature,No traffic control,0 - 50 km/h,Sealed - Dry,Clear,Daylight,Straight,Crest,906,Pass & Misc: Parked Car Ran Away,21: Other,,1,0,0,0,1,0,0,1,0,0,1,0
143947,143947,Fatal,2005,June,Tuesday,14,Angle,Multi-Vehicle,145.762983314037,-16.9383749745468,Hartley St,Hasell St,,Portsmith,Cairns Region,4870,Cairns,Far North,Far Northern,Northern,North Queensland,Westcourt - Bungalow,Cairns - South,Cairns,Outer Regional,Cairns,Leichhardt,Locally-controlled,Intersection - T-Junction,No traffic control,60 km/h,Sealed - Dry,Clear,Daylight,Straight,Level,104,Vehs Adjacent Approach: Thru-Right,01: Intersection: Adjacent Approach,W,1,0,0,0,1,1,1,0,0,0,0,0
143948,143948,Fatal,2005,June,Tuesday,18,Hit animal,Other,152.992380108408,-27.8754947338761,Mt Lindesay Hwy,,Mount Lindesay Highway (Brisbane - Beaudesert),Cedar Vale,Logan City,4285,Jimboomba,Logan,South Eastern,SEQ South,South Coast,Jimboomba,Jimboomba,Logan - Beaudesert,Inner Regional,Scenic Rim,Wright,State-controlled,No Roadway Feature,No traffic control,100 - 110 km/h,Sealed - Dry,Clear,Darkness - Not lighted,Straight,Grade,609,Pass & Misc: Hit Animal,14: Hit Animal,S,1,0,0,0,1,0,1,0,0,0,0,1
143949,143949,Fatal,2005,June,Thursday,0,Hit object,Single Vehicle,153.263229526884,-27.9373665826624,Birds Rd,,,Guanaba,Gold Coast City,4210,Nerang,Gold Coast,South Eastern,SEQ South,South Coast,Guanaba - Springbrook,Gold Coast Hinterland,Gold Coast,Major Cities,Theodore,Wright,Locally-controlled,Bridge/Causeway,No traffic control,60 km/h,Sealed - Wet,Raining,Darkness - Not lighted,Straight,Level,607,Vehs On Path: Temporary Object On Cway,21: Other,W,2,0,0,0,2,1,0,0,0,0,0,0
143970,143970,Fatal,2005,August,Tuesday,6,Rear-end,Multi-Vehicle,152.613793142944,-25.6724990706307,Bruce Hwy,Canterwood Rd,Bruce Highway (Gympie - Maryborough),Owanyilla,Fraser Coast Region,4650,Tiaro,Wide Bay Burnett,North Coast,Southern,Southern Queensland,Maryborough Region - South,Maryborough,Wide Bay,Inner Regional,Maryborough,Wide Bay,State-controlled,Intersection - T-Junction,No traffic control,100 - 110 km/h,Sealed - Dry,Clear,Dawn/Dusk,Straight,Level,303,Vehs Same Direction: Right Rear,04: Rear-end,S,1,0,0,0,1,1,0,1,0,0,0,0
144072,144072,Fatal,2005,May,Wednesday,9,Head-on,Multi-Vehicle,152.791416560876,-26.3908629600201,Bruce Hwy,,Cooroy - Gympie Road,Federal,Noosa Shire,4568,Pomona,Sunshine Coast,North Coast,SEQ North,North Coast,Noosa Hinterland,Noosa Hinterland,Sunshine Coast,Inner Regional,Nicklin,Wide Bay,State-controlled,No Roadway Feature,No traffic control,100 - 110 km/h,Sealed - Wet,Raining,Daylight,Straight,Level,201,Vehs Opposite Approach: Head On,02: Head-on,W,2,4,0,0,6,2,0,1,0,0,0,0
144136,144136,Fatal,2005,March,Sunday,9,Fall from vehicle,Single Vehicle,152.841294120496,-28.2185579364595,Boonah - Rathdowney Rd,,Boonah - Rathdowney Road,Rathdowney,Scenic Rim Region,4287,Rathdowney,Logan,South Eastern,SEQ South,South Coast,Beaudesert,Beaudesert,Logan - Beaudesert,Inner Regional,Scenic Rim,Wright,State-controlled,Bridge/Causeway,No traffic control,100 - 110 km/h,Sealed - Dry,Clear,Daylight,Curved - view open,Grade,805,Off Path-Curve: Out Of Control On Cway,20: Out of Control on Curve,W,1,0,0,0,1,0,1,0,0,0,0,0
144138,144138,Fatal,2005,March,Sunday,10,Sideswipe,Multi-Vehicle,145.698177618283,-17.2123783283207,Gillies Range Rd,,Gillies Range Road,Gadgarra,Tablelands Region,4884,Yungaburra,Far North,Far Northern,Northern,North Queensland,Malanda - Yungaburra,Tablelands (east) - Kuranda,Cairns,Outer Regional,Hill,Kennedy,State-controlled,No Roadway Feature,No traffic control,100 - 110 km/h,Sealed - Dry,Clear,Daylight,Curved - view obscured,Level,201,Vehs Opposite Approach: Head On,02: Head-on,S,1,0,0,0,1,1,1,0,0,0,0,0
144143,144143,Fatal,2005,March,Sunday,14,Hit object,Single Vehicle,153.10192397114,-27.6184060098584,Compton Rd,,,Woodridge,Logan City,4114,Logan Central,Logan,South Eastern,SEQ South,South Coast,Woodridge,Springwood - Kingston,Logan - Beaudesert,Major Cities,Woodridge,Rankin,Locally-controlled,No Roadway Feature,No traffic control,70 km/h,Sealed - Dry,Clear,Daylight,Straight,Level,703,Off Path-Straight: Left Off Cway Hit Obj,16: Off Carriageway on Straight Hit Object,W,1,0,0,0,1,1,0,0,0,0,0,0
144372,144372,Fatal,2005,June,Tuesday,7,Angle,Multi-Vehicle,153.40887629869,-28.0477262213284,Allandale Ent,Markeri St,,Mermaid Waters,Gold Coast City,4218,Broadbeach,Gold Coast,South Eastern,SEQ South,South Coast,Mermaid Waters,Broadbeach - Burleigh,Gold Coast,Major Cities,Mermaid Beach,Moncrieff,Locally-controlled,Intersection - T-Junction,Operating traffic lights,60 km/h,Sealed - Dry,Clear,Daylight,Straight,Level,202,Vehs Opposite Approach: Thru-Right,03: Opposing Vehicles Turning,W,1,0,2,0,3,2,0,0,0,0,0,1
144375,144375,Fatal,2005,June,Friday,17,Sideswipe,Multi-Vehicle,152.368485756257,-27.0173646563156,Brisbane Valley Hwy,,Brisbane Valley Highway (Ipswich - Harlin),Yimbun,Somerset Region,4313,Toogoolawah,Ipswich,Southern,SEQ North,North Coast,Esk,Ipswich Hinterland,Ipswich,Inner Regional,Nanango,Blair,State-controlled,No Roadway Feature,No traffic control,100 - 110 km/h,Sealed - Dry,Clear,Dawn/Dusk,Curved - view open,Level,201,Vehs Opposite Approach: Head On,02: Head-on,N,1,0,2,0,3,2,0,0,0,0,0,0
144404,144404,Fatal,2005,November,Sunday,18,Hit pedestrian,Hit pedestrian,153.391961586519,-27.9551069448782,Musgrave Ave,,,Labrador,Gold Coast City,4215,Southport,Gold Coast,South Eastern,SEQ South,South Coast,Labrador,Gold Coast - North,Gold Coast,Major Cities,Bonney,Fadden,Locally-controlled,No Roadway Feature,No traffic control,60 km/h,Sealed - Dry,Clear,Daylight,Straight,Level,002,Pedn: Hit Emerging Behind Vehicle,12: Pedestrian,E,1,0,0,0,1,2,0,0,0,0,1,0
144520,144520,Fatal,2005,July,Sunday,1,Hit object,Single Vehicle,153.411195476358,-28.0174206273269,Southport - Burleigh Rd,,Southport - Burleigh Road,Broadbeach Waters,Gold Coast City,4218,Broadbeach,Gold Coast,South Eastern,SEQ South,South Coast,Broadbeach Waters,Broadbeach - Burleigh,Gold Coast,Major Cities,Surfers Paradise,Moncrieff,State-controlled,Bridge/Causeway,No traffic control,70 km/h,Sealed - Dry,Clear,Darkness - Lighted,Curved - view open,Grade,804,Off Path-Curve: Off Cway Lt Bend Hit Obj,19: Off Carriageway on Curve Hit Object,S,1,0,0,0,1,1,0,0,0,0,0,0
144622,144622,Fatal,2005,July,Sunday,21,Hit object,Single Vehicle,152.977294718205,-27.6373906554901,Logan Mwy,,Logan Motorway (Gailes - Loganholme),Heathwood,Brisbane City,4110,Inala,South Brisbane,Brisbane,SEQ South,Metropolitan,Pallara - Willawong,Rocklea - Acacia Ridge,Brisbane - South,Major Cities,Algester,Oxley,State-controlled,No Roadway Feature,No traffic control,100 - 110 km/h,Sealed - Dry,Clear,Darkness - Lighted,Straight,Level,201,Vehs Opposite Approach: Head On,02: Head-on,E,1,2,0,0,3,2,0,0,0,0,0,0