_id,Crash_Ref_Number,Crash_Severity,Crash_Year,Crash_Month,Crash_Day_Of_Week,Crash_Hour,Crash_Nature,Crash_Type,Crash_Longitude,Crash_Latitude,Crash_Street,Crash_Street_Intersecting,State_Road_Name,Loc_Suburb,Loc_Local_Government_Area,Loc_Post_Code,Loc_Police_Division,Loc_Police_District,Loc_Police_Region,Loc_Queensland_Transport_Region,Loc_Main_Roads_Region,Loc_ABS_Statistical_Area_2,Loc_ABS_Statistical_Area_3,Loc_ABS_Statistical_Area_4,Loc_ABS_Remoteness,Loc_State_Electorate,Loc_Federal_Electorate,Crash_Controlling_Authority,Crash_Roadway_Feature,Crash_Traffic_Control,Crash_Speed_Limit,Crash_Road_Surface_Condition,Crash_Atmospheric_Condition,Crash_Lighting_Condition,Crash_Road_Horiz_Align,Crash_Road_Vert_Align,Crash_DCA_Code,Crash_DCA_Description,Crash_DCA_Group_Description,DCA_Key_Approach_Dir,Count_Casualty_Fatality,Count_Casualty_Hospitalised,Count_Casualty_MedicallyTreated,Count_Casualty_MinorInjury,Count_Casualty_Total,Count_Unit_Car,Count_Unit_Motorcycle_Moped,Count_Unit_Truck,Count_Unit_Bus,Count_Unit_Bicycle,Count_Unit_Pedestrian,Count_Unit_Other
150953,150953,Fatal,2017,December,Thursday,20,Head-on,Multi-Vehicle,152.985806006471,-27.7228884430167,Teviot Rd,,,Greenbank,Logan City,4124,Jimboomba,Logan,South Eastern,SEQ South,South Coast,Greenbank,Jimboomba,Logan - Beaudesert,Major Cities,Logan,Wright,Locally-controlled,No Roadway Feature,No traffic control,70 km/h,Sealed - Dry,Clear,Darkness - Not lighted,Straight,Level,501,Vehs Overtaking: Head On,02: Head-on,N,1,2,0,0,3,2,0,0,0,0,0,0
150957,150957,Fatal,2017,November,Monday,2,Hit parked vehicle,Single Vehicle,152.929163028874,-27.5940649363302,Industrial Ave,,,Wacol,Brisbane City,4076,Mount Ommaney,South Brisbane,Brisbane,SEQ South,Metropolitan,Wacol,Forest Lake - Oxley,Ipswich,Major Cities,Inala,Oxley,Locally-controlled,No Roadway Feature,No traffic control,60 km/h,Sealed - Dry,Clear,Darkness - Lighted,Straight,Level,601,Vehs On Path: Parked,10: Hit Parked Vehicle,N,1,0,0,0,1,1,0,1,0,0,0,0
150960,150960,Fatal,2017,November,Friday,19,Angle,Multi-Vehicle,145.495211692117,-17.2814777197173,Kennedy Hwy,,Kennedy Highway (Mareeba - Ravenshoe),Atherton,Tablelands Region,4883,Atherton,Far North,Far Northern,Northern,North Queensland,Atherton,Tablelands (east) - Kuranda,Cairns,Outer Regional,Hill,Kennedy,State-controlled,No Roadway Feature,No traffic control,80 - 90 km/h,Sealed - Dry,Clear,Darkness - Not lighted,Straight,Level,202,Vehs Opposite Approach: Thru-Right,03: Opposing Vehicles Turning,S,1,0,0,1,2,1,1,0,0,0,0,0
150962,150962,Fatal,2017,November,Monday,10,Head-on,Multi-Vehicle,146.043852625873,-17.6776047618563,Bruce Hwy,,Bruce Highway (Ingham - Innisfail),Cowley,Cassowary Coast Region,4871,Mourilyan,Far North,Far Northern,Northern,North Queensland,Johnstone,Innisfail - Cassowary Coast,Cairns,Outer Regional,Hill,Kennedy,State-controlled,No Roadway Feature,No traffic control,100 - 110 km/h,Sealed - Dry,Clear,Daylight,Curved - view open,Level,201,Vehs Opposite Approach: Head On,02: Head-on,N,1,1,1,0,3,2,0,1,0,0,0,0
150978,150978,Fatal,2017,December,Thursday,10,Hit object,Single Vehicle,153.090810972271,-27.9019978549724,Mundoolun Rd,,,Mundoolun,Logan City,4285,Jimboomba,Logan,South Eastern,SEQ South,South Coast,Jimboomba,Jimboomba,Logan - Beaudesert,Inner Regional,Scenic Rim,Wright,Locally-controlled,No Roadway Feature,No traffic control,100 - 110 km/h,Sealed - Dry,Clear,Daylight,Curved - view open,Grade,803,Off Path-Curve: Off Cway Rt Bend Hit Obj,19: Off Carriageway on Curve Hit Object,S,1,0,0,0,1,0,1,0,0,0,0,0
150989,150989,Fatal,2017,December,Saturday,11,Angle,Multi-Vehicle,152.546429074924,-27.5566403980466,Lowood - Minden Rd,Tallegalla Rd,Warrego Highway (Ipswich - Toowoomba),Minden,Somerset Region,4311,Marburg,Ipswich,Southern,SEQ North,North Coast,Lowood,Ipswich Hinterland,Ipswich,Inner Regional,Lockyer,Blair,State-controlled,Intersection - Cross,Stop sign,80 - 90 km/h,Sealed - Dry,Clear,Daylight,Straight,Level,104,Vehs Adjacent Approach: Thru-Right,01: Intersection: Adjacent Approach,E,2,2,0,0,4,2,0,0,0,0,0,0
150998,150998,Fatal,2018,January,Monday,14,Head-on,Multi-Vehicle,152.608325241947,-26.1410443928735,Bruce Hwy,,Gympie - Curra Road,Chatsworth,Gympie Region,4570,Gympie,Wide Bay Burnett,North Coast,Southern,Southern Queensland,Gympie Region,Gympie - Cooloola,Wide Bay,Inner Regional,Gympie,Wide Bay,State-controlled,No Roadway Feature,No traffic control,80 - 90 km/h,Sealed - Dry,Clear,Daylight,Curved - view open,Level,201,Vehs Opposite Approach: Head On,02: Head-on,N,1,5,0,0,6,2,0,0,0,0,0,0
151001,151001,Fatal,2018,January,Tuesday,16,Head-on,Multi-Vehicle,151.976068294487,-26.2393303320424,Bunya Hwy,,Bunya Highway (Kingaroy - Goomeri),Moondooner,South Burnett Region,4605,Murgon,Darling Downs,Southern,Southern,Southern Queensland,Kingaroy Region - North,Burnett,Wide Bay,Outer Regional,Nanango,Wide Bay,State-controlled,No Roadway Feature,No traffic control,100 - 110 km/h,Sealed - Wet,Raining,Daylight,Curved - view open,Grade,201,Vehs Opposite Approach: Head On,02: Head-on,E,2,1,0,0,3,1,0,1,0,0,0,0
151005,151005,Fatal,2018,January,Friday,11,Fall from vehicle,Single Vehicle,147.448061379087,-19.4859568821855,Beach Rd,,,Alva,Burdekin Shire,4807,Ayr,Townsville,Northern,Northern,North Queensland,Burdekin,Charters Towers - Ayr - Ingham,Townsville,Outer Regional,Burdekin,Dawson,Locally-controlled,No Roadway Feature,No traffic control,100 - 110 km/h,Sealed - Dry,Clear,Daylight,Curved - view open,Level,502,Vehs Overtaking: Out Of Control,15: Off Carriageway on Straight,W,1,0,0,0,1,0,1,0,0,0,0,0
151011,151011,Fatal,2018,January,Monday,19,Head-on,Multi-Vehicle,152.213120426733,-24.9144893442334,Bundaberg - Gin Gin Rd,,Bundaberg - Gin Gin Road,South Kolan,Bundaberg Region,4670,South Kolan,Wide Bay Burnett,North Coast,Southern,Southern Queensland,Bundaberg Region - North,Bundaberg,Wide Bay,Inner Regional,Burnett,Flynn,State-controlled,No Roadway Feature,No traffic control,100 - 110 km/h,Sealed - Dry,Clear,Darkness - Not lighted,Straight,Level,201,Vehs Opposite Approach: Head On,02: Head-on,W,2,0,1,0,3,2,0,0,0,0,0,0
151013,151013,Fatal,2018,January,Monday,17,Hit object,Single Vehicle,147.789207316626,-19.9098869125161,Bruce Hwy,,Bruce Highway (Bowen - Ayr),Guthalungra,Whitsunday Region,4805,Bowen,Mackay,Central,Central,Central Queensland,Collinsville,Bowen Basin - North,Mackay - Isaac - Whitsunday,Outer Regional,Burdekin,Dawson,State-controlled,No Roadway Feature,No traffic control,100 - 110 km/h,Sealed - Dry,Clear,Daylight,Straight,Level,703,Off Path-Straight: Left Off Cway Hit Obj,16: Off Carriageway on Straight Hit Object,W,1,0,0,0,1,0,0,1,0,0,0,0
151021,151021,Fatal,2018,January,Tuesday,15,Head-on,Multi-Vehicle,152.662702221905,-26.2606653992087,Birt Rd,Mary Valley Rd,Gympie - Brooloo Road,Long Flat,Gympie Region,4570,Gympie,Wide Bay Burnett,North Coast,Southern,Southern Queensland,Gympie Region,Gympie - Cooloola,Wide Bay,Inner Regional,Gympie,Wide Bay,State-controlled,Intersection - T-Junction,No traffic control,100 - 110 km/h,Sealed - Dry,Clear,Daylight,Straight,Level,201,Vehs Opposite Approach: Head On,02: Head-on,N,1,2,0,0,3,2,0,0,0,0,0,0
151022,151022,Fatal,2018,January,Sunday,7,Head-on,Multi-Vehicle,149.136519100637,-21.1157690330062,Bruce Hwy,,Bruce Highway (Mackay - Proserpine),Glenella,Mackay Region,4740,Mackay,Mackay,Central,Central,Central Queensland,Mount Pleasant - Glenella,Mackay,Mackay - Isaac - Whitsunday,Inner Regional,Mackay,Dawson,State-controlled,No Roadway Feature,No traffic control,100 - 110 km/h,Sealed - Wet,Raining,Daylight,Curved - view open,Level,201,Vehs Opposite Approach: Head On,02: Head-on,S,1,2,0,0,3,2,0,0,1,0,0,0
151273,151273,Fatal,2018,September,Sunday,3,Fall from vehicle,Single Vehicle,152.575551252442,-26.0816943891629,Cliff Jones Rd,,,Curra,Gympie Region,4570,Gympie,Wide Bay Burnett,North Coast,Southern,Southern Queensland,Gympie Region,Gympie - Cooloola,Wide Bay,Inner Regional,Gympie,Wide Bay,Locally-controlled,No Roadway Feature,No traffic control,60 km/h,Sealed - Dry,Clear,Darkness - Not lighted,Straight,Level,901,Pass & Misc: Fell In/From Vehicle,21: Other,S,1,0,0,0,1,1,0,0,0,0,0,0
151276,151276,Fatal,2018,September,Sunday,11,Hit object,Single Vehicle,151.239219502683,-25.0712042528108,Burnett Hwy,,Burnett Highway (Gayndah - Monto),Tellebang,North Burnett Region,4630,Monto,Wide Bay Burnett,North Coast,Southern,Southern Queensland,Monto - Eidsvold,Burnett,Wide Bay,Outer Regional,Callide,Flynn,State-controlled,No Roadway Feature,No traffic control,100 - 110 km/h,Sealed - Dry,Clear,Daylight,Straight,Level,704,Off Path-Straight: Right Off Cway Hit Obj,16: Off Carriageway on Straight Hit Object,N,1,0,0,0,1,1,0,0,0,0,0,0
151277,151277,Fatal,2018,September,Friday,14,Hit object,Single Vehicle,153.00651006107,-27.2722414415318,Castle Hill Dr,,,Murrumba Downs,Moreton Bay Region,4503,Mango Hill North Lakes,Moreton,North Coast,SEQ North,North Coast,Murrumba Downs - Griffin,North Lakes,Moreton Bay - South,Major Cities,Murrumba,Dickson,Locally-controlled,No Roadway Feature,No traffic control,0 - 50 km/h,Sealed - Dry,Clear,Daylight,Curved - view open,Dip,804,Off Path-Curve: Off Cway Lt Bend Hit Obj,19: Off Carriageway on Curve Hit Object,S,1,1,3,0,5,1,0,0,0,0,0,0
151279,151279,Fatal,2018,September,Saturday,22,Head-on,Multi-Vehicle,151.646804400063,-25.6201252955979,Burnett Hwy,,Burnett Highway (Goomeri - Gayndah),Gayndah,North Burnett Region,4625,Gayndah,Wide Bay Burnett,North Coast,Southern,Southern Queensland,Gayndah - Mundubbera,Burnett,Wide Bay,Outer Regional,Callide,Flynn,State-controlled,No Roadway Feature,No traffic control,100 - 110 km/h,Sealed - Wet,Clear,Darkness - Not lighted,Curved - view obscured,Level,201,Vehs Opposite Approach: Head On,02: Head-on,W,2,2,0,0,4,2,0,0,0,0,0,0
151282,151282,Fatal,2018,September,Thursday,18,Angle,Multi-Vehicle,153.112785006783,-27.6119804549015,Ferguson St,Kingston Rd,Brisbane - Beenleigh Road,Underwood,Logan City,4119,Logan Central,Logan,South Eastern,SEQ South,South Coast,Underwood,Springwood - Kingston,Logan - Beaudesert,Major Cities,Waterford,Rankin,State-controlled,Intersection - Cross,Operating traffic lights,70 km/h,Sealed - Dry,Clear,Darkness - Lighted,Straight,Level,202,Vehs Opposite Approach: Thru-Right,03: Opposing Vehicles Turning,N,1,0,0,3,4,1,1,0,0,0,0,0
151283,151283,Fatal,2018,September,Friday,13,Head-on,Multi-Vehicle,152.346204374508,-25.2500203599286,Bruce Hwy,,Bruce Highway (Maryborough - Gin Gin),Isis River,Bundaberg Region,4660,Childers,Wide Bay Burnett,North Coast,Southern,Southern Queensland,Bundaberg Region - South,Bundaberg,Wide Bay,Inner Regional,Burnett,Hinkler,State-controlled,No Roadway Feature,No traffic control,100 - 110 km/h,Sealed - Dry,Clear,Daylight,Straight,Level,201,Vehs Opposite Approach: Head On,02: Head-on,N,2,2,0,0,4,2,0,0,0,0,0,0
151285,151285,Fatal,2018,September,Monday,10,Hit object,Single Vehicle,150.580539728543,-23.5728931800055,Bruce Hwy,,Bruce Highway (Benaraby - Rockhampton),Bajool,Rockhampton Region,4699,Marmor,Capricornia,Central,Central,Central Queensland,Bouldercombe,Rockhampton,Central Queensland,Outer Regional,Mirani,Flynn,State-controlled,No Roadway Feature,No traffic control,100 - 110 km/h,Sealed - Dry,Clear,Daylight,Curved - view open,Grade,803,Off Path-Curve: Off Cway Rt Bend Hit Obj,19: Off Carriageway on Curve Hit Object,E,1,1,0,0,2,1,0,0,0,0,0,0
151288,151288,Fatal,2018,October,Saturday,23,Overturned,Single Vehicle,149.102372493541,-27.1737530793628,Surat Developmental Rd,,Surat Developmental Road (Surat - Tara),Noorindoo,Maranoa Region,4417,Surat,South West,Southern,Southern,Southern Queensland,Roma Region,Darling Downs (west) - Maranoa,Darling Downs - Maranoa,Remote,Warrego,Maranoa,State-controlled,No Roadway Feature,No traffic control,100 - 110 km/h,Sealed - Dry,Clear,Darkness - Not lighted,Curved - view open,Grade,805,Off Path-Curve: Out Of Control On Cway,20: Out of Control on Curve,E,1,0,0,0,1,0,0,1,0,0,0,0
151291,151291,Fatal,2018,September,Tuesday,17,Hit object,Single Vehicle,152.830082037947,-27.6070775265432,Cunningham Hwy,,Cunningham Highway (Ipswich - Warwick),New Chum,Ipswich City,4303,Booval,Ipswich,Southern,SEQ South,Metropolitan,New Chum,Springfield - Redbank,Ipswich,Major Cities,Bundamba,Blair,State-controlled,No Roadway Feature,No traffic control,100 - 110 km/h,Sealed - Dry,Clear,Darkness - Lighted,Straight,Level,703,Off Path-Straight: Left Off Cway Hit Obj,16: Off Carriageway on Straight Hit Object,S,1,0,0,0,1,1,0,0,0,0,0,0
151292,151292,Fatal,2018,September,Friday,19,Hit pedestrian,Hit pedestrian,150.466996334939,-27.2646571994856,Tara - Kogan Rd,,Tara - Kogan Road,Tara,Western Downs Region,4421,Tara,South West,Southern,Southern,Southern Queensland,Tara,Darling Downs (west) - Maranoa,Darling Downs - Maranoa,Outer Regional,Warrego,Maranoa,State-controlled,No Roadway Feature,No traffic control,100 - 110 km/h,Sealed - Dry,Clear,Darkness - Not lighted,Straight,Level,005,Pedn: Hit Walking With Traffic,12: Pedestrian,S,1,0,0,0,1,1,0,0,0,0,1,0
151293,151293,Fatal,2018,September,Saturday,18,Hit pedestrian,Hit pedestrian,153.171011366087,-27.4420386714302,Berrima St,,,Wynnum,Brisbane City,4178,Wynnum,South Brisbane,Brisbane,SEQ South,Metropolitan,Wynnum,Wynnum - Manly,Brisbane - East,Major Cities,Lytton,Bonner,Locally-controlled,No Roadway Feature,No traffic control,0 - 50 km/h,Sealed - Dry,Clear,Darkness - Lighted,Straight,Level,002,Pedn: Hit Emerging Behind Vehicle,12: Pedestrian,N,1,0,0,0,1,1,0,0,0,0,1,0
151319,151319,Fatal,2019,July,Monday,15,Hit object,Single Vehicle,150.422696764546,-23.3675771640655,Nine Mile Rd,,,Nine Mile,Rockhampton Region,4702,Gracemere,Capricornia,Central,Central,Central Queensland,Rockhampton Region - West,Rockhampton,Central Queensland,Inner Regional,Mirani,Flynn,Locally-controlled,No Roadway Feature,No traffic control,100 - 110 km/h,Sealed - Dry,Clear,Daylight,Straight,Level,704,Off Path-Straight: Right Off Cway Hit Obj,16: Off Carriageway on Straight Hit Object,W,2,0,1,0,3,1,0,0,0,0,0,0
151327,151327,Fatal,2019,July,Sunday,0,Hit object,Single Vehicle,152.904517028128,-27.6211334340801,Eric St,,,Goodna,Ipswich City,4300,Goodna,Ipswich,Southern,SEQ South,Metropolitan,Goodna,Springfield - Redbank,Ipswich,Major Cities,Bundamba,Oxley,Locally-controlled,No Roadway Feature,No traffic control,0 - 50 km/h,Sealed - Wet,Clear,Darkness - Not lighted,Curved - view obscured,Grade,805,Off Path-Curve: Out Of Control On Cway,20: Out of Control on Curve,E,1,1,0,0,2,2,0,0,0,0,0,0
151329,151329,Fatal,2019,August,Friday,3,Hit object,Single Vehicle,152.639079087455,-27.3751624057568,Wivenhoe - Somerset Rd,,Wivenhoe - Somerset Road,Split Yard Creek,Somerset Region,4306,Lowood,Ipswich,Southern,SEQ North,North Coast,Lowood,Ipswich Hinterland,Ipswich,Inner Regional,Nanango,Blair,State-controlled,No Roadway Feature,No traffic control,100 - 110 km/h,Sealed - Dry,Clear,Darkness - Not lighted,Curved - view open,Dip,804,Off Path-Curve: Off Cway Lt Bend Hit Obj,19: Off Carriageway on Curve Hit Object,S,1,0,0,0,1,1,0,0,0,0,0,0
151394,151394,Fatal,2019,January,Wednesday,18,Hit object,Single Vehicle,152.777591237917,-26.0336584087725,Anderleigh Rd,,,Kia Ora,Gympie Region,4570,Gympie,Wide Bay Burnett,North Coast,Southern,Southern Queensland,Gympie Region,Gympie - Cooloola,Wide Bay,Inner Regional,Gympie,Wide Bay,Locally-controlled,No Roadway Feature,No traffic control,80 - 90 km/h,Sealed - Dry,Clear,Dawn/Dusk,Curved - view open,Level,804,Off Path-Curve: Off Cway Lt Bend Hit Obj,19: Off Carriageway on Curve Hit Object,S,1,0,0,0,1,0,1,0,0,0,0,0
151561,151561,Fatal,2023,July,Friday,10,Rear-end,Multi-Vehicle,148.549246797507,-25.8849529199632,Carnarvon Hwy,Kooragan Rd,Carnarvon Highway (Roma - Injune),Injune,Maranoa Region,4454,Injune,South West,Southern,Southern,Southern Queensland,Roma Region,Darling Downs (west) - Maranoa,Darling Downs - Maranoa,Remote,Warrego,Maranoa,State-controlled,Intersection - T-Junction,No traffic control,100 - 110 km/h,Sealed - Dry,Clear,Daylight,Straight,Level,303,Vehs Same Direction: Right Rear,04: Rear-end,S,1,0,0,0,1,2,0,0,0,0,0,0
151797,151797,Fatal,2021,October,Monday,0,Overturned,Single Vehicle,151.811779511995,-24.5055693022335,Tableland Rd,,Bundaberg - Miriam Vale Road,Mount Maria,Gladstone Region,4674,Rosedale,Capricornia,Central,Central,Central Queensland,Agnes Water - Miriam Vale,Gladstone,Central Queensland,Outer Regional,Burnett,Flynn,State-controlled,No Roadway Feature,No traffic control,100 - 110 km/h,Sealed - Dry,Clear,Darkness - Not lighted,Curved - view open,Dip,803,Off Path-Curve: Off Cway Rt Bend Hit Obj,19: Off Carriageway on Curve Hit Object,S,1,0,0,0,1,1,0,0,0,0,0,0
151830,151830,Fatal,2021,March,Monday,9,Head-on,Multi-Vehicle,152.592227295541,-25.7102653878084,Bruce Hwy,,Bruce Highway (Gympie - Maryborough),Tiaro,Fraser Coast Region,4650,Tiaro,Wide Bay Burnett,North Coast,Southern,Southern Queensland,Maryborough Region - South,Maryborough,Wide Bay,Inner Regional,Maryborough,Wide Bay,State-controlled,No Roadway Feature,No traffic control,100 - 110 km/h,Sealed - Wet,Raining,Daylight,Curved - view open,Level,201,Vehs Opposite Approach: Head On,02: Head-on,S,1,2,0,0,3,3,0,0,0,0,0,0
151858,151858,Fatal,2022,May,Friday,6,Angle,Multi-Vehicle,146.771729447052,-19.2688168287506,Langton St,Woolcock St,North Townsville Road,Garbutt,Townsville City,4814,Townsville,Townsville,Northern,Northern,North Queensland,Garbutt - West End,Townsville,Townsville,Outer Regional,Townsville,Herbert,State-controlled,Intersection - T-Junction,Give way sign,80 - 90 km/h,Sealed - Dry,Clear,Dawn/Dusk,Straight,Level,104,Vehs Adjacent Approach: Thru-Right,01: Intersection: Adjacent Approach,E,1,0,0,0,1,1,1,0,0,0,0,0
152100,152100,Fatal,2017,October,Wednesday,14,Hit object,Single Vehicle,152.958851082092,-27.1448634357452,Lindsay Rd,,,Burpengary,Moreton Bay Region,4505,Burpengary,Moreton,North Coast,SEQ North,North Coast,Burpengary,Narangba - Burpengary,Moreton Bay - North,Major Cities,Morayfield,Longman,Locally-controlled,No Roadway Feature,No traffic control,80 - 90 km/h,Sealed - Wet,Clear,Daylight,Straight,Grade,703,Off Path-Straight: Left Off Cway Hit Obj,16: Off Carriageway on Straight Hit Object,N,1,0,0,0,1,1,0,0,0,0,0,0
152106,152106,Fatal,2017,October,Friday,13,Fall from vehicle,Single Vehicle,152.776545113712,-27.0455644167705,Mount Mee Rd,,Brisbane - Woodford Road,Mount Mee,Moreton Bay Region,4521,Woodford,Moreton,North Coast,SEQ North,North Coast,Woodford - Daguilar,Caboolture Hinterland,Moreton Bay - North,Inner Regional,Glass House,Longman,State-controlled,No Roadway Feature,No traffic control,60 km/h,Sealed - Dry,Clear,Daylight,Curved - view obscured,Grade,805,Off Path-Curve: Out Of Control On Cway,20: Out of Control on Curve,S,1,0,0,0,1,0,1,0,0,0,0,0
152112,152112,Fatal,2017,October,Sunday,18,Fall from vehicle,Single Vehicle,148.589545207119,-20.444183981659,Bruce Hwy,,Bruce Highway (Mackay - Proserpine),Breadalbane,Whitsunday Region,4800,Proserpine,Mackay,Central,Central,Central Queensland,Proserpine,Whitsunday,Mackay - Isaac - Whitsunday,Outer Regional,Whitsunday,Dawson,State-controlled,Bridge/Causeway,No traffic control,100 - 110 km/h,Sealed - Dry,Fog,Dawn/Dusk,Straight,Level,901,Pass & Misc: Fell In/From Vehicle,21: Other,S,1,0,0,0,1,1,0,0,0,0,0,0
152118,152118,Fatal,2017,October,Monday,11,Angle,Multi-Vehicle,153.102397054076,-27.2468644509663,Dunbar St,Leonard St,,Margate,Moreton Bay Region,4019,Redcliffe,Moreton,North Coast,SEQ North,North Coast,Margate - Woody Point,Redcliffe,Moreton Bay - North,Major Cities,Redcliffe,Petrie,Locally-controlled,Intersection - Cross,Give way sign,0 - 50 km/h,Sealed - Dry,Clear,Daylight,Straight,Level,101,Vehs Adjacent Approach: Thru-Thru,01: Intersection: Adjacent Approach,N,1,0,0,0,1,1,1,0,0,0,0,0
152122,152122,Fatal,2017,October,Sunday,10,Hit pedestrian,Hit pedestrian,153.433785918529,-28.0278584907119,Albert Ave,Old Burleigh Rd,,Broadbeach,Gold Coast City,4218,Broadbeach,Gold Coast,South Eastern,SEQ South,South Coast,Mermaid Beach - Broadbeach,Broadbeach - Burleigh,Gold Coast,Major Cities,Surfers Paradise,Moncrieff,Locally-controlled,Intersection - T-Junction,Give way sign,0 - 50 km/h,Sealed - Dry,Clear,Daylight,Straight,Level,001,Pedn: Near Side Vehicle Hit From Right,12: Pedestrian,,1,0,0,0,1,1,0,0,0,0,1,0
152236,152236,Fatal,2018,February,Sunday,11,Hit parked vehicle,Single Vehicle,153.337698940172,-27.9417774802536,Pacific Hwy,,Pacific Highway (Pacific Motorway),Gaven,Gold Coast City,4211,Nerang,Gold Coast,South Eastern,SEQ South,South Coast,Pacific Pines - Gaven,Nerang,Gold Coast,Major Cities,Gaven,Fadden,State-controlled,No Roadway Feature,No traffic control,100 - 110 km/h,Sealed - Dry,Clear,Daylight,Straight,Level,000,Pedn: Hit Other,21: Other,N,1,0,1,0,2,2,0,0,0,0,1,0
152238,152238,Fatal,2018,February,Monday,9,Hit parked vehicle,Single Vehicle,153.061282581445,-26.7358255807611,Spinifex St,,,Palmview,Sunshine Coast Region,4553,Sippy Downs,Sunshine Coast,North Coast,SEQ North,North Coast,Landsborough,Sunshine Coast Hinterland,Sunshine Coast,Major Cities,Buderim,Fisher,Locally-controlled,No Roadway Feature,No traffic control,60 km/h,Sealed - Dry,Clear,Daylight,Straight,Level,200,Vehs Opposite Approach: Other,21: Other,S,1,0,0,0,1,1,0,1,0,0,1,0
152243,152243,Fatal,2018,February,Wednesday,13,Hit object,Single Vehicle,153.278246937059,-28.016523474806,Beechmont Rd,Nerang - Murwillumbah Rd,Beechmont Road,Advancetown,Gold Coast City,4211,Nerang,Gold Coast,South Eastern,SEQ South,South Coast,Guanaba - Springbrook,Gold Coast Hinterland,Gold Coast,Major Cities,Mudgeeraba,Wright,State-controlled,Intersection - T-Junction,No traffic control,80 - 90 km/h,Sealed - Dry,Clear,Daylight,Curved - view open,Level,804,Off Path-Curve: Off Cway Lt Bend Hit Obj,19: Off Carriageway on Curve Hit Object,S,1,0,0,0,1,0,1,0,0,0,0,0
152254,152254,Fatal,2018,February,Thursday,6,Rear-end,Multi-Vehicle,153.156499008987,-27.5575264588785,Mt Cotton Rd,,Redland Sub-Arterial Road,Burbank,Brisbane City,4156,Capalaba,South Brisbane,Brisbane,SEQ South,Metropolitan,Rochedale - Burbank,Mt Gravatt,Brisbane - South,Major Cities,Mansfield,Bonner,State-controlled,No Roadway Feature,No traffic control,80 - 90 km/h,Sealed - Dry,Clear,Daylight,Curved - view obscured,Level,303,Vehs Same Direction: Right Rear,04: Rear-end,W,1,4,0,0,5,4,0,0,0,0,0,0
152261,152261,Fatal,2018,February,Monday,15,Hit pedestrian,Hit pedestrian,152.72134705311,-27.5798964155201,Warrego Hwy,,Warrego Highway (Ipswich - Toowoomba),Muirlea,Ipswich City,4306,Karana Downs,Ipswich,Southern,SEQ South,Metropolitan,Ipswich - North,Ipswich Inner,Ipswich,Major Cities,Ipswich West,Blair,State-controlled,No Roadway Feature,No traffic control,80 - 90 km/h,Sealed - Dry,Clear,Daylight,Straight,Grade,004,Pedn: Play; Work; Stand; Lie On Cway,12: Pedestrian,E,1,0,0,0,1,1,0,0,0,0,1,0
152266,152266,Fatal,2018,February,Monday,18,Sideswipe,Multi-Vehicle,152.873451385588,-27.6362384870972,Redbank Plains Rd,,,Bellbird Park,Ipswich City,4300,Goodna,Ipswich,Southern,SEQ South,Metropolitan,Bellbird Park - Brookwater,Springfield - Redbank,Ipswich,Major Cities,Bundamba,Oxley,Locally-controlled,No Roadway Feature,No traffic control,60 km/h,Sealed - Dry,Clear,Dawn/Dusk,Straight,Grade,202,Vehs Opposite Approach: Thru-Right,03: Opposing Vehicles Turning,N,1,0,0,0,1,1,1,0,0,0,0,0
152356,152356,Fatal,2021,February,Monday,16,Overturned,Single Vehicle,145.328126721785,-17.0279687060033,Mareeba - Dimbulah Rd,,Mareeba - Dimbulah Road,Arriga,Mareeba Shire,4880,Mareeba,Far North,Far Northern,Northern,North Queensland,Tablelands,Far North,Queensland - Outback,Outer Regional,Cook,Kennedy,State-controlled,No Roadway Feature,No traffic control,100 - 110 km/h,Sealed - Dry,Clear,Daylight,Curved - view open,Level,803,Off Path-Curve: Off Cway Rt Bend Hit Obj,19: Off Carriageway on Curve Hit Object,E,1,1,0,2,4,1,0,0,0,0,0,0
152539,152539,Fatal,2018,October,Friday,17,Hit object,Single Vehicle,152.010196472893,-24.6831873227178,Arthur Ck Rd,,,Waterloo,Bundaberg Region,4673,South Kolan,Wide Bay Burnett,North Coast,Southern,Southern Queensland,Bundaberg Region - North,Bundaberg,Wide Bay,Outer Regional,Burnett,Flynn,Locally-controlled,No Roadway Feature,No traffic control,100 - 110 km/h,Unsealed - Dry,Smoke/Dust,Daylight,Straight,Level,607,Vehs On Path: Temporary Object On Cway,21: Other,W,1,0,0,0,1,0,1,0,0,0,0,0
153048,153048,Fatal,2019,August,Saturday,13,Head-on,Multi-Vehicle,153.125195634807,-27.4118993615706,Main Myrtletown Rd,,,Brisbane Airport,Brisbane City,4008,Hendra,North Brisbane,Brisbane,SEQ North,Metropolitan,Brisbane Airport,Nundah,Brisbane - North,Major Cities,Clayfield,Lilley,Locally-controlled,No Roadway Feature,No traffic control,80 - 90 km/h,Sealed - Dry,Clear,Daylight,Straight,Level,201,Vehs Opposite Approach: Head On,02: Head-on,,1,1,0,0,2,1,0,1,0,0,0,0
153120,153120,Fatal,2020,July,Thursday,12,Angle,Multi-Vehicle,152.760138043345,-27.6244074197217,Moffatt St,Warwick Rd,Ipswich - Cunningham Hwy Connection Road,Ipswich,Ipswich City,4305,Ipswich,Ipswich,Southern,SEQ South,Metropolitan,Ipswich - Central,Ipswich Inner,Ipswich,Major Cities,Ipswich,Blair,State-controlled,Intersection - Cross,Operating traffic lights,60 km/h,Sealed - Dry,Clear,Daylight,Straight,Level,101,Vehs Adjacent Approach: Thru-Thru,01: Intersection: Adjacent Approach,W,1,0,0,2,3,4,0,0,0,0,0,0