_id,Crash_Ref_Number,Crash_Severity,Crash_Year,Crash_Month,Crash_Day_Of_Week,Crash_Hour,Crash_Nature,Crash_Type,Crash_Longitude,Crash_Latitude,Crash_Street,Crash_Street_Intersecting,State_Road_Name,Loc_Suburb,Loc_Local_Government_Area,Loc_Post_Code,Loc_Police_Division,Loc_Police_District,Loc_Police_Region,Loc_Queensland_Transport_Region,Loc_Main_Roads_Region,Loc_ABS_Statistical_Area_2,Loc_ABS_Statistical_Area_3,Loc_ABS_Statistical_Area_4,Loc_ABS_Remoteness,Loc_State_Electorate,Loc_Federal_Electorate,Crash_Controlling_Authority,Crash_Roadway_Feature,Crash_Traffic_Control,Crash_Speed_Limit,Crash_Road_Surface_Condition,Crash_Atmospheric_Condition,Crash_Lighting_Condition,Crash_Road_Horiz_Align,Crash_Road_Vert_Align,Crash_DCA_Code,Crash_DCA_Description,Crash_DCA_Group_Description,DCA_Key_Approach_Dir,Count_Casualty_Fatality,Count_Casualty_Hospitalised,Count_Casualty_MedicallyTreated,Count_Casualty_MinorInjury,Count_Casualty_Total,Count_Unit_Car,Count_Unit_Motorcycle_Moped,Count_Unit_Truck,Count_Unit_Bus,Count_Unit_Bicycle,Count_Unit_Pedestrian,Count_Unit_Other
164106,164106,Fatal,2020,November,Sunday,7,Angle,Multi-Vehicle,153.013339063327,-27.2484994420286,Anzac Ave,Brays Rd,Redcliffe Road,Kallangur,Moreton Bay Region,4503,Mango Hill North Lakes,Moreton,North Coast,SEQ North,North Coast,Dakabin - Kallangur,North Lakes,Moreton Bay - South,Major Cities,Murrumba,Dickson,State-controlled,Intersection - T-Junction,Operating traffic lights,60 km/h,Sealed - Dry,Clear,Daylight,Curved - view open,Level,104,Vehs Adjacent Approach: Thru-Right,01: Intersection: Adjacent Approach,W,1,2,1,0,4,2,0,0,0,0,2,0
164120,164120,Fatal,2020,November,Friday,16,Head-on,Multi-Vehicle,153.007449082701,-27.0989864402506,Beachmere Rd,,Caboolture - Beachmere Road,Beachmere,Moreton Bay Region,4510,Caboolture,Moreton,North Coast,SEQ North,North Coast,Caboolture,Caboolture,Moreton Bay - North,Major Cities,Pumicestone,Longman,State-controlled,No Roadway Feature,No traffic control,80 - 90 km/h,Sealed - Dry,Clear,Daylight,Curved - view obscured,Level,201,Vehs Opposite Approach: Head On,02: Head-on,E,1,1,1,0,3,2,0,0,0,0,0,0
164297,164297,Fatal,2024,March,Saturday,18,Hit pedestrian,Hit pedestrian,153.492423897388,-28.1410554975873,Elizabeth St,Golden Four Dr,,Tugun,Gold Coast City,4224,Coolangatta,Gold Coast,South Eastern,SEQ South,South Coast,Currumbin - Tugun,Coolangatta,Gold Coast,Major Cities,Currumbin,Mcpherson,Locally-controlled,Intersection - T-Junction,No traffic control,0 - 50 km/h,Sealed - Dry,Clear,Darkness - Lighted,Straight,Level,001,Pedn: Near Side Vehicle Hit From Right,12: Pedestrian,N,1,0,0,0,1,1,0,0,0,0,1,0
164308,164308,Fatal,2020,November,Tuesday,22,Head-on,Multi-Vehicle,146.870096432848,-19.3529448368487,Bruce Hwy,,Bruce Highway (Ayr - Townsville),Stuart,Townsville City,4811,Stuart,Townsville,Northern,Northern,North Queensland,Townsville - South,Townsville,Townsville,Outer Regional,Mundingburra,Dawson,State-controlled,No Roadway Feature,No traffic control,100 - 110 km/h,Sealed - Dry,Clear,Darkness - Not lighted,Straight,Grade,201,Vehs Opposite Approach: Head On,02: Head-on,W,1,0,1,0,2,0,0,2,0,0,0,0
164362,164362,Fatal,2022,May,Monday,15,Hit object,Single Vehicle,152.984089016043,-27.64868444226,Johnson Rd,Stapylton Rd,,Heathwood,Brisbane City,4118,Inala,South Brisbane,Brisbane,SEQ South,Metropolitan,Hillcrest,Browns Plains,Logan - Beaudesert,Major Cities,Jordan,Wright,Locally-controlled,Intersection - Cross,Operating traffic lights,80 - 90 km/h,Sealed - Wet,Raining,Daylight,Straight,Crest,703,Off Path-Straight: Left Off Cway Hit Obj,16: Off Carriageway on Straight Hit Object,W,1,0,0,0,1,1,0,0,0,0,0,0
164379,164379,Fatal,2022,February,Saturday,23,Fall from vehicle,Single Vehicle,139.887728013343,-18.2252164034504,Nardoo - Burketown Rd,,,Stokes,Carpentaria Shire,4823,Normanton,Mount Isa,Northern,Northern,North Queensland,Carpentaria,Outback - North,Queensland - Outback,Very Remote,Traeger,Kennedy,Locally-controlled,No Roadway Feature,No traffic control,100 - 110 km/h,Unsealed - Dry,Clear,Darkness - Not lighted,Straight,Level,901,Pass & Misc: Fell In/From Vehicle,21: Other,W,1,1,0,0,2,1,0,0,0,0,0,0
164483,164483,Fatal,2019,May,Wednesday,14,Angle,Multi-Vehicle,153.063048061977,-27.2172654467729,Anzac Ave,Wattle Rd,Redcliffe Road,Rothwell,Moreton Bay Region,4022,Redcliffe,Moreton,North Coast,SEQ North,North Coast,Rothwell - Kippa-ring,Redcliffe,Moreton Bay - North,Major Cities,Murrumba,Petrie,State-controlled,Intersection - Cross,Operating traffic lights,70 km/h,Sealed - Dry,Clear,Daylight,Straight,Level,202,Vehs Opposite Approach: Thru-Right,03: Opposing Vehicles Turning,W,1,5,1,0,7,2,0,0,0,0,0,0
164783,164783,Fatal,2024,March,Wednesday,5,Hit object,Single Vehicle,153.067510038956,-27.3962184486399,Melton Rd,,,Northgate,Brisbane City,4013,Hendra,North Brisbane,Brisbane,SEQ North,Metropolitan,Northgate - Virginia,Nundah,Brisbane - North,Major Cities,Nudgee,Lilley,Locally-controlled,No Roadway Feature,No traffic control,0 - 50 km/h,Sealed - Dry,Clear,Daylight,Straight,Level,000,Pedn: Hit Other,21: Other,N,1,0,0,0,1,1,0,0,0,0,1,0
164784,164784,Fatal,2024,March,Thursday,5,Hit pedestrian,Hit pedestrian,153.032150044989,-27.3783414449455,Kittyhawk Dr,Murphy Rd,,Chermside,Brisbane City,4032,Boondall,North Brisbane,Brisbane,SEQ North,Metropolitan,Geebung,Chermside,Brisbane - North,Major Cities,Aspley,Lilley,Locally-controlled,Intersection - T-Junction,Operating traffic lights,60 km/h,Sealed - Dry,Clear,Dawn/Dusk,Curved - view open,Grade,001,Pedn: Near Side Vehicle Hit From Right,12: Pedestrian,,1,0,0,0,1,1,0,0,0,0,1,0
164828,164828,Fatal,2022,February,Sunday,20,Hit object,Single Vehicle,153.361871917137,-28.0996634839503,Gunsynd Dr,,,Mudgeeraba,Gold Coast City,4213,Mudgeeraba,Gold Coast,South Eastern,SEQ South,South Coast,Mudgeeraba - Bonogin,Mudgeeraba - Tallebudgera,Gold Coast,Major Cities,Mudgeeraba,Wright,Locally-controlled,Bridge/Causeway,No traffic control,60 km/h,Sealed - Wet,Raining,Darkness - Lighted,Curved - view open,Dip,607,Vehs On Path: Temporary Object On Cway,21: Other,,1,0,0,0,1,1,0,0,0,0,0,0
164831,164831,Fatal,2023,May,Friday,15,Head-on,Multi-Vehicle,152.617504240578,-26.1446753938089,Bruce Hwy,,Gympie - Curra Road,Chatsworth,Gympie Region,4570,Gympie,Wide Bay Burnett,North Coast,Southern,Southern Queensland,Gympie Region,Gympie - Cooloola,Wide Bay,Inner Regional,Gympie,Wide Bay,State-controlled,No Roadway Feature,No traffic control,60 km/h,Sealed - Dry,Clear,Daylight,Curved - view open,Level,201,Vehs Opposite Approach: Head On,02: Head-on,E,1,3,0,0,4,2,0,0,0,0,0,0
164832,164832,Fatal,2023,August,Monday,12,Hit object,Single Vehicle,152.9680171457,-26.6263734325294,Howard St,,,Nambour,Sunshine Coast Region,4560,Nambour,Sunshine Coast,North Coast,SEQ North,North Coast,Nambour,Nambour,Sunshine Coast,Major Cities,Nicklin,Fairfax,Locally-controlled,No Roadway Feature,No traffic control,0 - 50 km/h,Sealed - Dry,Clear,Daylight,Straight,Grade,703,Off Path-Straight: Left Off Cway Hit Obj,16: Off Carriageway on Straight Hit Object,,1,0,0,0,1,1,0,0,0,0,0,0
164833,164833,Fatal,2023,December,Saturday,20,Head-on,Multi-Vehicle,152.491996392185,-24.981387372016,Unnamed Beach Rd,,,Coral Sea,Bundaberg Region,4670,Bundaberg,Wide Bay Burnett,North Coast,Southern,Southern Queensland,Bundaberg Region - South,Bundaberg,Wide Bay,Inner Regional,Burnett,Hinkler,Locally-controlled,No Roadway Feature,No traffic control,80 - 90 km/h,Unsealed - Dry,Clear,Darkness - Not lighted,Straight,Level,201,Vehs Opposite Approach: Head On,02: Head-on,,1,1,0,0,2,0,2,0,0,0,0,0
164865,164865,Fatal,2022,September,Saturday,21,Hit object,Single Vehicle,153.365082918169,-28.0889464841929,Somerset Dr,,,Mudgeeraba,Gold Coast City,4213,Mudgeeraba,Gold Coast,South Eastern,SEQ South,South Coast,Mudgeeraba - Bonogin,Mudgeeraba - Tallebudgera,Gold Coast,Major Cities,Mudgeeraba,Wright,Locally-controlled,No Roadway Feature,No traffic control,70 km/h,Sealed - Dry,Clear,Darkness - Lighted,Straight,Grade,703,Off Path-Straight: Left Off Cway Hit Obj,16: Off Carriageway on Straight Hit Object,N,1,2,0,0,3,1,0,0,0,0,0,0
164866,164866,Fatal,2023,July,Monday,17,Hit object,Single Vehicle,152.664036004678,-28.0163974132716,Old Mt Alford Rd,,,Dugandan,Scenic Rim Region,4310,Boonah,Ipswich,Southern,SEQ South,South Coast,Boonah,Ipswich Hinterland,Ipswich,Inner Regional,Scenic Rim,Wright,Locally-controlled,No Roadway Feature,No traffic control,100 - 110 km/h,Unsealed - Dry,Clear,Dawn/Dusk,Curved - view obscured,Level,803,Off Path-Curve: Off Cway Rt Bend Hit Obj,19: Off Carriageway on Curve Hit Object,S,1,0,0,0,1,1,0,0,0,0,0,0
164893,164893,Fatal,2024,June,Wednesday,23,Hit parked vehicle,Single Vehicle,145.742623708702,-16.8544657333925,Machan St,,,Machans Beach,Cairns Region,4878,Smithfield,Far North,Far Northern,Northern,North Queensland,Yorkeys Knob - Machans Beach,Cairns - North,Cairns,Outer Regional,Barron River,Leichhardt,Locally-controlled,No Roadway Feature,No traffic control,0 - 50 km/h,Sealed - Dry,Clear,Darkness - Lighted,Straight,Level,601,Vehs On Path: Parked,10: Hit Parked Vehicle,W,1,0,0,0,1,1,0,1,0,0,0,0
165007,165007,Fatal,2021,July,Tuesday,4,Hit object,Single Vehicle,153.146893011736,-27.5440144578027,Mt Gravatt - Capalaba Rd,,,Burbank,Brisbane City,4156,Capalaba,South Brisbane,Brisbane,SEQ South,Metropolitan,Rochedale - Burbank,Mt Gravatt,Brisbane - South,Major Cities,Mansfield,Bonner,Locally-controlled,No Roadway Feature,No traffic control,60 km/h,Sealed - Dry,Clear,Darkness - Not lighted,Curved - view open,Level,804,Off Path-Curve: Off Cway Lt Bend Hit Obj,19: Off Carriageway on Curve Hit Object,E,1,0,0,0,1,1,0,0,0,0,0,0
165009,165009,Fatal,2021,July,Friday,18,Head-on,Multi-Vehicle,146.073709427766,-20.1446387848142,Flinders Hwy,,Flinders Highway (Charters Towers - Hughenden),Black Jack,Charters Towers Region,4820,Charters Towers,Townsville,Northern,Northern,North Queensland,Dalrymple,Charters Towers - Ayr - Ingham,Townsville,Very Remote,Traeger,Kennedy,State-controlled,No Roadway Feature,No traffic control,100 - 110 km/h,Sealed - Dry,Clear,Darkness - Not lighted,Curved - view obscured,Level,501,Vehs Overtaking: Head On,02: Head-on,E,3,0,0,0,3,2,0,0,0,0,0,0
165031,165031,Fatal,2017,June,Sunday,1,Hit object,Single Vehicle,153.124674016891,-27.5222064553904,Gateway Arterial Rd,,Gateway Motorway (Eight Mile Plains - Nudgee),Belmont,Brisbane City,4153,Carina,South Brisbane,Brisbane,SEQ South,Metropolitan,Carindale,Carindale,Brisbane - South,Major Cities,Chatsworth,Bonner,State-controlled,No Roadway Feature,No traffic control,100 - 110 km/h,Sealed - Dry,Clear,Darkness - Lighted,Straight,Grade,703,Off Path-Straight: Left Off Cway Hit Obj,16: Off Carriageway on Straight Hit Object,N,1,0,0,0,1,0,1,0,0,0,0,0
165032,165032,Fatal,2017,July,Tuesday,11,Hit object,Single Vehicle,152.691567090723,-27.3035684103848,Mount Glorious Rd,,Mount Glorious Road,Dundas,Somerset Region,4306,Esk,Ipswich,Southern,SEQ North,North Coast,Esk,Ipswich Hinterland,Ipswich,Inner Regional,Nanango,Blair,State-controlled,No Roadway Feature,No traffic control,80 - 90 km/h,Sealed - Wet,Clear,Daylight,Curved - view obscured,Grade,804,Off Path-Curve: Off Cway Lt Bend Hit Obj,19: Off Carriageway on Curve Hit Object,W,1,0,0,0,1,0,1,0,0,0,0,0
165040,165040,Fatal,2019,December,Tuesday,22,Hit object,Single Vehicle,147.89623826927,-20.3504979247247,Peter Delamothe Rd,,Bowen Developmental Road (Bowen - Collinsville),Bogie,Whitsunday Region,4805,Collinsville,Mackay,Central,Central,Central Queensland,Collinsville,Bowen Basin - North,Mackay - Isaac - Whitsunday,Remote,Burdekin,Dawson,State-controlled,Bridge/Causeway,No traffic control,100 - 110 km/h,Sealed - Dry,Clear,Daylight,Curved - view open,Grade,804,Off Path-Curve: Off Cway Lt Bend Hit Obj,19: Off Carriageway on Curve Hit Object,W,1,0,0,0,1,1,0,0,0,0,0,0
165045,165045,Fatal,2020,October,Sunday,20,Angle,Multi-Vehicle,139.494741917846,-20.7244104056012,Grace St,Simpson St,Barkly Highway (Cloncurry - Mount Isa),Mount Isa City,Mount Isa City,4825,Mount Isa,Mount Isa,Northern,Northern,North Queensland,Mount Isa,Outback - North,Queensland - Outback,Remote,Traeger,Kennedy,State-controlled,Intersection - Cross,Operating traffic lights,60 km/h,Sealed - Dry,Clear,Darkness - Lighted,Straight,Level,202,Vehs Opposite Approach: Thru-Right,03: Opposing Vehicles Turning,S,1,4,0,0,5,2,0,0,0,0,0,0
165046,165046,Fatal,2020,December,Wednesday,16,Sideswipe,Multi-Vehicle,152.388460415673,-24.8660003609252,Fe Walker St,,Bundaberg - Port Road,Bundaberg East,Bundaberg Region,4670,Bundaberg,Wide Bay Burnett,North Coast,Southern,Southern Queensland,Bundaberg East - Kalkie,Bundaberg,Wide Bay,Inner Regional,Bundaberg,Hinkler,State-controlled,No Roadway Feature,No traffic control,80 - 90 km/h,Sealed - Dry,Clear,Daylight,Straight,Level,201,Vehs Opposite Approach: Head On,02: Head-on,S,1,0,0,0,1,2,0,0,0,0,0,0
165050,165050,Fatal,2021,July,Sunday,10,Hit object,Single Vehicle,150.699031764495,-23.1357801871477,Neils Rd,,Western Yeppoon - Byfield Road,Barmaryee,Livingstone Shire,4703,Yeppoon,Capricornia,Central,Central,Central Queensland,Yeppoon,Rockhampton,Central Queensland,Inner Regional,Keppel,Capricornia,State-controlled,No Roadway Feature,No traffic control,100 - 110 km/h,Sealed - Dry,Clear,Daylight,Curved - view open,Level,803,Off Path-Curve: Off Cway Rt Bend Hit Obj,19: Off Carriageway on Curve Hit Object,N,1,0,0,0,1,0,1,0,0,0,0,0
165116,165116,Fatal,2024,June,Friday,23,Hit pedestrian,Hit pedestrian,153.015293034531,-27.475622444023,Melbourne St,,,South Brisbane,Brisbane City,4101,West End,South Brisbane,Brisbane,SEQ South,Metropolitan,South Brisbane,Brisbane Inner,Brisbane Inner City,Major Cities,South Brisbane,Griffith,Locally-controlled,No Roadway Feature,No traffic control,0 - 50 km/h,Sealed - Dry,Clear,Darkness - Lighted,Straight,Level,003,Pedn: Far Side Vehicle Hit From Left,12: Pedestrian,E,1,0,1,0,2,0,0,0,1,0,1,0
165127,165127,Fatal,2024,June,Sunday,21,Head-on,Multi-Vehicle,152.947120009528,-27.7319454392133,New Beith Rd,,,New Beith,Logan City,4124,Jimboomba,Logan,South Eastern,SEQ South,South Coast,Greenbank,Jimboomba,Logan - Beaudesert,Major Cities,Jordan,Wright,Locally-controlled,No Roadway Feature,No traffic control,80 - 90 km/h,Sealed - Dry,Clear,Darkness - Not lighted,Curved - view open,Level,201,Vehs Opposite Approach: Head On,02: Head-on,,1,0,2,0,3,2,0,0,0,0,0,0
165133,165133,Fatal,2022,May,Friday,17,Hit object,Single Vehicle,151.841820354441,-25.8450823159936,Burnett Hwy,,Burnett Highway (Goomeri - Gayndah),Booubyjan,Gympie Region,4601,Goomeri,Wide Bay Burnett,North Coast,Southern,Southern Queensland,Kilkivan,Gympie - Cooloola,Wide Bay,Outer Regional,Nanango,Wide Bay,State-controlled,No Roadway Feature,No traffic control,100 - 110 km/h,Sealed - Dry,Clear,Daylight,Straight,Level,704,Off Path-Straight: Right Off Cway Hit Obj,16: Off Carriageway on Straight Hit Object,S,2,0,0,0,2,1,0,0,0,0,0,0
165149,165149,Fatal,2023,August,Sunday,4,Hit object,Single Vehicle,145.375365753685,-16.5585227052489,Mossman - Mt Molloy Rd,,Mossman - Mount Molloy Road,Julatten,Mareeba Shire,4871,Mount Molloy,Far North,Far Northern,Northern,North Queensland,Tablelands,Far North,Queensland - Outback,Outer Regional,Cook,Kennedy,State-controlled,No Roadway Feature,No traffic control,100 - 110 km/h,Sealed - Dry,Clear,Darkness - Not lighted,Straight,Level,703,Off Path-Straight: Left Off Cway Hit Obj,16: Off Carriageway on Straight Hit Object,N,1,1,0,0,2,1,0,0,0,0,0,0
165193,165193,Fatal,2022,January,Sunday,18,Hit object,Single Vehicle,152.652073515798,-27.2966594144207,Mount Glorious Rd,,Mount Glorious Road,Dundas,Somerset Region,4306,Lowood,Ipswich,Southern,SEQ North,North Coast,Esk,Ipswich Hinterland,Ipswich,Inner Regional,Nanango,Blair,State-controlled,No Roadway Feature,No traffic control,80 - 90 km/h,Sealed - Dry,Clear,Dawn/Dusk,Curved - view obscured,Grade,804,Off Path-Curve: Off Cway Lt Bend Hit Obj,19: Off Carriageway on Curve Hit Object,W,1,0,0,0,1,0,1,0,0,0,0,0
165229,165229,Fatal,2021,April,Wednesday,17,Angle,Multi-Vehicle,152.922726033637,-27.5617564354316,Sumners Rd,Wacol Station Rd,,Middle Park,Brisbane City,4074,Mount Ommaney,South Brisbane,Brisbane,SEQ South,Metropolitan,Middle Park - Jamboree Heights,Centenary,Brisbane - West,Major Cities,Mount Ommaney,Oxley,Locally-controlled,Intersection - T-Junction,Operating traffic lights,60 km/h,Sealed - Dry,Clear,Dawn/Dusk,Straight,Level,202,Vehs Opposite Approach: Thru-Right,03: Opposing Vehicles Turning,,1,0,0,0,1,1,1,0,0,0,0,0
165231,165231,Fatal,2021,September,Wednesday,23,Head-on,Multi-Vehicle,152.863137034732,-27.6042094298157,Ipswich Mwy,,Cunningham Highway (Ipswich Motorway),Redbank,Ipswich City,4301,Goodna,Ipswich,Southern,SEQ South,Metropolitan,Collingwood Park - Redbank,Springfield - Redbank,Ipswich,Major Cities,Bundamba,Oxley,State-controlled,No Roadway Feature,No traffic control,100 - 110 km/h,Sealed - Dry,Clear,Darkness - Lighted,Curved - view open,Level,201,Vehs Opposite Approach: Head On,02: Head-on,E,4,0,0,0,4,2,0,0,0,0,0,0
165269,165269,Fatal,2021,August,Saturday,11,Hit object,Single Vehicle,152.913721091661,-27.106456430926,Caboolture River Rd,,,Upper Caboolture,Moreton Bay Region,4510,Caboolture,Moreton,North Coast,SEQ North,North Coast,Caboolture - South,Caboolture,Moreton Bay - North,Major Cities,Glass House,Longman,Locally-controlled,No Roadway Feature,No traffic control,70 km/h,Sealed - Dry,Clear,Darkness - Lighted,Straight,Grade,703,Off Path-Straight: Left Off Cway Hit Obj,16: Off Carriageway on Straight Hit Object,E,1,0,0,0,1,1,0,0,0,0,0,0
165517,165517,Fatal,2022,May,Sunday,18,Head-on,Multi-Vehicle,148.434625237532,-20.2437339672498,Bruce Hwy,,Bruce Highway (Proserpine - Bowen),Gregory River,Whitsunday Region,4800,Proserpine,Mackay,Central,Central,Central Queensland,Proserpine,Whitsunday,Mackay - Isaac - Whitsunday,Outer Regional,Whitsunday,Dawson,State-controlled,No Roadway Feature,No traffic control,100 - 110 km/h,Sealed - Dry,Clear,Darkness - Lighted,Straight,Level,201,Vehs Opposite Approach: Head On,02: Head-on,N,1,3,0,0,4,2,0,0,0,0,0,0
165549,165549,Fatal,2019,May,Saturday,12,Hit object,Single Vehicle,153.176577949603,-28.005768464434,Tamborine Mountain Rd,,Tamborine Mountain Road,Benobble,Scenic Rim Region,4275,Canungra,Logan,South Eastern,SEQ South,South Coast,Tamborine - Canungra,Gold Coast Hinterland,Gold Coast,Inner Regional,Scenic Rim,Wright,State-controlled,No Roadway Feature,No traffic control,60 km/h,Sealed - Dry,Clear,Daylight,Curved - view open,Grade,803,Off Path-Curve: Off Cway Rt Bend Hit Obj,19: Off Carriageway on Curve Hit Object,N,1,0,0,0,1,0,1,0,0,0,0,0
165566,165566,Fatal,2022,February,Saturday,14,Hit object,Single Vehicle,150.514263763102,-23.303663171788,Yaamba Rd,,Bruce Highway (Rockhampton - St Lawrence),Parkhurst,Rockhampton Region,4702,North Rockhampton,Capricornia,Central,Central,Central Queensland,Parkhurst - Kawana,Rockhampton,Central Queensland,Inner Regional,Keppel,Capricornia,State-controlled,No Roadway Feature,No traffic control,70 km/h,Sealed - Dry,Clear,Daylight,Straight,Level,703,Off Path-Straight: Left Off Cway Hit Obj,16: Off Carriageway on Straight Hit Object,S,1,0,0,0,1,1,0,0,0,0,0,0
165670,165670,Fatal,2011,March,Monday,16,Head-on,Multi-Vehicle,148.990129408006,-21.2451549467455,Peak Downs Hwy,,Peak Downs Highway (Nebo - Mackay),Eton,Mackay Region,4741,Eton,Mackay,Central,Central,Central Queensland,Walkerston - Eton,Mackay,Mackay - Isaac - Whitsunday,Outer Regional,Mirani,Capricornia,State-controlled,No Roadway Feature,No traffic control,100 - 110 km/h,Sealed - Wet,Raining,Daylight,Curved - view open,Level,201,Vehs Opposite Approach: Head On,02: Head-on,E,1,2,0,0,3,2,0,1,0,0,0,0
165691,165691,Fatal,2010,March,Sunday,23,Overturned,Single Vehicle,150.64601034811,-23.1459051564111,Old Byfield Rd,,,Cobraball,Livingstone Shire,4703,Yeppoon,Capricornia,Central,Central,Central Queensland,Rockhampton Region - North,Rockhampton,Central Queensland,Inner Regional,Keppel,Capricornia,Locally-controlled,No Roadway Feature,No traffic control,100 - 110 km/h,Unsealed - Wet,Clear,Darkness - Not lighted,Straight,Level,705,Off Path-Straight: Out Of Control On Cway,17: Out of Control on Straight,W,1,1,0,0,2,1,0,0,0,0,0,0
165928,165928,Fatal,2009,September,Monday,18,Head-on,Multi-Vehicle,152.792743295984,-26.0944458257686,Tagigan Rd,,,Goomboorian,Gympie Region,4570,Gympie,Wide Bay Burnett,North Coast,Southern,Southern Queensland,Gympie Region,Gympie - Cooloola,Wide Bay,Inner Regional,Gympie,Wide Bay,Locally-controlled,No Roadway Feature,No traffic control,100 - 110 km/h,Sealed - Dry,Clear,Darkness - Not lighted,Straight,Crest,201,Vehs Opposite Approach: Head On,02: Head-on,N,1,1,0,0,2,2,0,0,0,0,0,0
165929,165929,Fatal,2009,September,Monday,15,Sideswipe,Multi-Vehicle,148.536837419671,-24.6721653812412,Carnarvon Hwy,,Carnarvon Highway (Injune - Rolleston),Consuelo,Central Highlands Region,4702,Rolleston,Capricornia,Central,Central,Central Queensland,Central Highlands - West,Central Highlands (qld),Central Queensland,Remote,Gregory,Flynn,State-controlled,No Roadway Feature,No traffic control,100 - 110 km/h,Sealed - Dry,Clear,Daylight,Straight,Level,500,Vehs Overtaking: Other,21: Other,S,1,1,0,0,2,1,0,1,0,0,0,0
166340,166340,Fatal,2009,September,Wednesday,5,Hit object,Single Vehicle,152.934248128523,-28.058651263491,Mt Lindesay Hwy,,Mount Lindesay Highway (Beaudesert - Border),Laravale,Scenic Rim Region,4285,Beaudesert,Logan,South Eastern,SEQ South,South Coast,Beaudesert,Beaudesert,Logan - Beaudesert,Inner Regional,Scenic Rim,Wright,State-controlled,No Roadway Feature,No traffic control,100 - 110 km/h,Sealed - Dry,Fog,Darkness - Not lighted,Straight,Level,703,Off Path-Straight: Left Off Cway Hit Obj,16: Off Carriageway on Straight Hit Object,N,1,0,0,0,1,1,0,0,0,0,0,0
166346,166346,Fatal,2009,September,Thursday,11,Angle,Multi-Vehicle,152.690806734495,-26.2241311746969,Bruce Hwy,Hall Rd,Cooroy - Gympie Road,Glanmire,Gympie Region,4570,Gympie,Wide Bay Burnett,North Coast,Southern,Southern Queensland,Gympie - North,Gympie - Cooloola,Wide Bay,Inner Regional,Gympie,Wide Bay,State-controlled,Intersection - Cross,Give way sign,80 - 90 km/h,Sealed - Dry,Clear,Daylight,Curved - view open,Crest,104,Vehs Adjacent Approach: Thru-Right,01: Intersection: Adjacent Approach,E,1,0,2,0,3,2,0,0,0,0,0,0
166347,166347,Fatal,2009,September,Friday,12,Overturned,Single Vehicle,146.338923961868,-20.0397026671942,Flinders Hwy,,Flinders Highway (Townsville - Charters Towers),Breddan,Charters Towers Region,4820,Charters Towers,Townsville,Northern,Northern,North Queensland,Dalrymple,Charters Towers - Ayr - Ingham,Townsville,Outer Regional,Traeger,Kennedy,State-controlled,No Roadway Feature,No traffic control,100 - 110 km/h,Sealed - Dry,Clear,Daylight,Straight,Crest,703,Off Path-Straight: Left Off Cway Hit Obj,16: Off Carriageway on Straight Hit Object,W,1,0,0,0,1,0,0,1,0,0,0,0
166348,166348,Fatal,2009,September,Friday,23,Hit object,Single Vehicle,146.25652818113,-24.8801174556637,Dawson Developmental Rd,,Dawson Developmental Road (Springsure - Tambo),Tambo,Blackall Tambo Region,4478,Tambo,Capricornia,Central,Central,Central Queensland,Barcaldine - Blackall,Outback - South,Queensland - Outback,Very Remote,Gregory,Maranoa,State-controlled,Bridge/Causeway,No traffic control,60 km/h,Sealed - Dry,Clear,Darkness - Not lighted,Straight,Level,700,Off Path-Straight: Other,21: Other,S,1,0,0,0,1,1,0,0,0,0,0,0
166349,166349,Fatal,2009,September,Saturday,20,Hit object,Single Vehicle,153.05756273768,-27.7937567317772,Hawkins Rd,,,Jimboomba,Logan City,4280,Jimboomba,Logan,South Eastern,SEQ South,South Coast,Jimboomba,Jimboomba,Logan - Beaudesert,Inner Regional,Logan,Wright,Locally-controlled,No Roadway Feature,No traffic control,60 km/h,Unsealed - Dry,Clear,Darkness - Not lighted,Straight,Level,703,Off Path-Straight: Left Off Cway Hit Obj,16: Off Carriageway on Straight Hit Object,W,2,2,0,0,4,1,0,0,0,0,0,0
166350,166350,Fatal,2009,September,Sunday,22,Hit object,Single Vehicle,153.07225846495,-26.66647822031,Sunshine Mwy,,Sunshine Motorway (Mooloolaba - Peregian),Buderim,Sunshine Coast Region,4556,Maroochydore,Sunshine Coast,North Coast,SEQ North,North Coast,Buderim - North,Buderim,Sunshine Coast,Major Cities,Buderim,Fairfax,State-controlled,No Roadway Feature,No traffic control,100 - 110 km/h,Sealed - Dry,Clear,Darkness - Not lighted,Curved - view open,Level,803,Off Path-Curve: Off Cway Rt Bend Hit Obj,19: Off Carriageway on Curve Hit Object,N,1,0,0,0,1,1,0,0,0,0,0,0
166351,166351,Fatal,2009,September,Sunday,23,Hit object,Single Vehicle,146.761985947842,-19.2919499282165,Bruce Hwy,,Douglas - Garbutt Road,Heatley,Townsville City,4814,Mundingburra,Townsville,Northern,Northern,North Queensland,Heatley,Townsville,Townsville,Outer Regional,Thuringowa,Herbert,State-controlled,No Roadway Feature,No traffic control,70 km/h,Sealed - Dry,Clear,Darkness - Lighted,Straight,Level,708,Off Path-Straight: Mounts Traffic Island,16: Off Carriageway on Straight Hit Object,N,1,0,3,0,4,1,0,0,0,0,0,0