_id,Crash_Ref_Number,Crash_Severity,Crash_Year,Crash_Month,Crash_Day_Of_Week,Crash_Hour,Crash_Nature,Crash_Type,Crash_Longitude,Crash_Latitude,Crash_Street,Crash_Street_Intersecting,State_Road_Name,Loc_Suburb,Loc_Local_Government_Area,Loc_Post_Code,Loc_Police_Division,Loc_Police_District,Loc_Police_Region,Loc_Queensland_Transport_Region,Loc_Main_Roads_Region,Loc_ABS_Statistical_Area_2,Loc_ABS_Statistical_Area_3,Loc_ABS_Statistical_Area_4,Loc_ABS_Remoteness,Loc_State_Electorate,Loc_Federal_Electorate,Crash_Controlling_Authority,Crash_Roadway_Feature,Crash_Traffic_Control,Crash_Speed_Limit,Crash_Road_Surface_Condition,Crash_Atmospheric_Condition,Crash_Lighting_Condition,Crash_Road_Horiz_Align,Crash_Road_Vert_Align,Crash_DCA_Code,Crash_DCA_Description,Crash_DCA_Group_Description,DCA_Key_Approach_Dir,Count_Casualty_Fatality,Count_Casualty_Hospitalised,Count_Casualty_MedicallyTreated,Count_Casualty_MinorInjury,Count_Casualty_Total,Count_Unit_Car,Count_Unit_Motorcycle_Moped,Count_Unit_Truck,Count_Unit_Bus,Count_Unit_Bicycle,Count_Unit_Pedestrian,Count_Unit_Other
173740,173740,Fatal,2007,March,Saturday,22,Hit object,Single Vehicle,152.834132021318,-27.9262316904571,Beaudesert - Boonah Rd,,,Wyaralong,Scenic Rim Region,4310,Kalbar,Ipswich,Southern,SEQ South,South Coast,Boonah,Ipswich Hinterland,Ipswich,Inner Regional,Scenic Rim,Wright,State-controlled,No Roadway Feature,No traffic control,100 - 110 km/h,Sealed - Dry,Clear,Darkness - Not lighted,Curved - view obscured,Level,800,Off Path-Curve: Other,21: Other,E,2,1,0,0,3,1,0,0,0,0,0,0
173828,173828,Fatal,2007,June,Monday,9,Hit object,Single Vehicle,151.163010222232,-28.4140368182382,Cunningham Hwy,,Cunningham Highway (Warwick - Inglewood),Coolmunda,Goondiwindi Region,4387,Inglewood,Darling Downs,Southern,Southern,Southern Queensland,Inglewood - Waggamba,Darling Downs (west) - Maranoa,Darling Downs - Maranoa,Outer Regional,Southern Downs,Maranoa,State-controlled,No Roadway Feature,No traffic control,100 - 110 km/h,Sealed - Dry,Clear,Daylight,Straight,Level,703,Off Path-Straight: Left Off Cway Hit Obj,16: Off Carriageway on Straight Hit Object,E,1,1,0,0,2,1,0,0,0,0,0,0
173946,173946,Fatal,2007,May,Sunday,0,Overturned,Single Vehicle,152.098006272287,-25.2102852644912,Bruce Hwy,,Bruce Highway (Maryborough - Gin Gin),Booyal,Bundaberg Region,4671,Childers,Wide Bay Burnett,North Coast,Southern,Southern Queensland,Bundaberg Region - South,Bundaberg,Wide Bay,Inner Regional,Burnett,Hinkler,State-controlled,No Roadway Feature,No traffic control,100 - 110 km/h,Sealed - Dry,Clear,Darkness - Not lighted,Curved - view open,Level,802,Off Path-Curve: Off Cway Left Bend,18: Off Carriageway on Curve,W,1,0,0,0,1,0,0,1,0,0,0,0
173980,173980,Fatal,2006,August,Thursday,22,Hit object,Single Vehicle,149.088388143044,-21.0474327803615,Mackay - Habana Rd,,Mackay - Habana Road,Habana,Mackay Region,4740,Farleigh,Mackay,Central,Central,Central Queensland,Seaforth - Calen,Mackay,Mackay - Isaac - Whitsunday,Inner Regional,Whitsunday,Dawson,State-controlled,No Roadway Feature,No traffic control,100 - 110 km/h,Sealed - Dry,Clear,Darkness - Lighted,Curved - view open,Grade,803,Off Path-Curve: Off Cway Rt Bend Hit Obj,19: Off Carriageway on Curve Hit Object,W,1,1,0,0,2,0,1,0,0,0,0,0
174008,174008,Fatal,2006,October,Monday,19,Sideswipe,Multi-Vehicle,153.026732001795,-27.2732341725688,Dohles Rocks Rd,,,Griffin,Moreton Bay Region,4503,Mango Hill North Lakes,Moreton,North Coast,SEQ North,North Coast,Murrumba Downs - Griffin,North Lakes,Moreton Bay - South,Major Cities,Murrumba,Petrie,Locally-controlled,No Roadway Feature,No traffic control,80 - 90 km/h,Sealed - Dry,Clear,Darkness - Not lighted,Curved - view open,Level,500,Vehs Overtaking: Other,21: Other,,1,0,0,0,1,2,0,0,0,0,0,0
174141,174141,Fatal,2007,April,Wednesday,6,Hit pedestrian,Hit pedestrian,153.320732996394,-28.0010259429955,Bards Ct,Mclaren Rd,,Nerang,Gold Coast City,4211,Nerang,Gold Coast,South Eastern,SEQ South,South Coast,Nerang - Mount Nathan,Nerang,Gold Coast,Major Cities,Gaven,Moncrieff,Locally-controlled,Intersection - T-Junction,No traffic control,60 km/h,Sealed - Dry,Clear,Daylight,Straight,Grade,001,Pedn: Near Side Vehicle Hit From Right,12: Pedestrian,E,1,0,0,0,1,1,0,0,0,0,1,0
174153,174153,Fatal,2007,April,Wednesday,22,Hit pedestrian,Hit pedestrian,147.960288533192,-26.4871848298396,Warrego Hwy,,Warrego Highway (Mitchell - Morven),Mitchell,Maranoa Region,4465,Mitchell,South West,Southern,Southern,Southern Queensland,Roma Region,Darling Downs (west) - Maranoa,Darling Downs - Maranoa,Very Remote,Warrego,Maranoa,State-controlled,No Roadway Feature,No traffic control,80 - 90 km/h,Sealed - Dry,Clear,Darkness - Not lighted,Curved - view open,Level,004,Pedn: Play; Work; Stand; Lie On Cway,12: Pedestrian,W,1,0,0,0,1,0,0,1,0,0,1,0
174411,174411,Fatal,2006,October,Tuesday,2,Overturned,Single Vehicle,146.9964481662,-21.5578681138469,Bowen Developmental Rd,,Bowen Developmental Road (Collinsville - Belyando Crossing),Belyando,Isaac Region,4820,Clermont,Mackay,Central,Central,Central Queensland,Clermont,Bowen Basin - North,Mackay - Isaac - Whitsunday,Very Remote,Burdekin,Capricornia,State-controlled,No Roadway Feature,No traffic control,100 - 110 km/h,Unsealed - Dry,Clear,Darkness - Not lighted,Curved - view open,Level,801,Off Path-Curve: Off Cway Right Bend,18: Off Carriageway on Curve,W,1,0,0,0,1,1,0,0,0,0,0,0
174415,174415,Fatal,2007,December,Friday,16,Overturned,Single Vehicle,152.751029579353,-25.5650168183436,Maryborough - Cooloola Rd,,Maryborough - Cooloola Road,Boonooroo Plains,Fraser Coast Region,4650,Maryborough,Wide Bay Burnett,North Coast,Southern,Southern Queensland,Maryborough Region - South,Maryborough,Wide Bay,Inner Regional,Maryborough,Wide Bay,State-controlled,No Roadway Feature,No traffic control,100 - 110 km/h,Sealed - Dry,Clear,Daylight,Straight,Level,703,Off Path-Straight: Left Off Cway Hit Obj,16: Off Carriageway on Straight Hit Object,W,1,2,1,0,4,1,0,0,0,0,0,0
174416,174416,Fatal,2006,October,Wednesday,5,Head-on,Multi-Vehicle,153.112651456418,-27.9056342842001,Mundoolun Connection Rd,,Mundoolun Connection Road,Tamborine,Scenic Rim Region,4270,Canungra,Logan,South Eastern,SEQ South,South Coast,Tamborine - Canungra,Gold Coast Hinterland,Gold Coast,Inner Regional,Scenic Rim,Wright,State-controlled,No Roadway Feature,No traffic control,100 - 110 km/h,Sealed - Dry,Clear,Daylight,Curved - view open,Grade,201,Vehs Opposite Approach: Head On,02: Head-on,W,1,1,0,0,2,2,0,0,0,0,0,0
174538,174538,Fatal,2007,April,Tuesday,16,Sideswipe,Multi-Vehicle,152.888304780618,-26.4749513263472,Eumundi - Kenilworth Rd,,Eumundi - Kenilworth Road,Eerwah Vale,Sunshine Coast Region,4562,Eumundi,Sunshine Coast,North Coast,SEQ North,North Coast,Eumundi - Yandina,Nambour,Sunshine Coast,Inner Regional,Nicklin,Fairfax,State-controlled,No Roadway Feature,No traffic control,100 - 110 km/h,Sealed - Dry,Clear,Daylight,Curved - view open,Grade,201,Vehs Opposite Approach: Head On,02: Head-on,W,1,0,0,0,1,1,0,1,0,0,0,0
174542,174542,Fatal,2007,April,Tuesday,10,Hit object,Single Vehicle,153.097008362543,-27.6745514508063,Coolmunda St,,,Marsden,Logan City,4132,Crestmead,Logan,South Eastern,SEQ South,South Coast,Marsden,Browns Plains,Logan - Beaudesert,Major Cities,Woodridge,Rankin,Locally-controlled,No Roadway Feature,No traffic control,0 - 50 km/h,Sealed - Dry,Clear,Daylight,Curved - view open,Level,803,Off Path-Curve: Off Cway Rt Bend Hit Obj,19: Off Carriageway on Curve Hit Object,E,1,0,0,0,1,0,1,0,0,0,0,0
174559,174559,Fatal,2006,April,Thursday,19,Hit pedestrian,Hit pedestrian,153.024059234573,-27.4281796565277,Antill St,Constitution Rd,,Windsor,Brisbane City,4030,Stafford,North Brisbane,Brisbane,SEQ North,Metropolitan,Wilston,Brisbane Inner - North,Brisbane Inner City,Major Cities,Stafford,Brisbane,Locally-controlled,Intersection - Cross,No traffic control,0 - 50 km/h,Sealed - Dry,Clear,Darkness - Not lighted,Straight,Crest,003,Pedn: Far Side Vehicle Hit From Left,12: Pedestrian,N,1,0,0,0,1,1,0,0,0,0,1,0
174570,174570,Fatal,2007,December,Saturday,11,Fall from vehicle,Single Vehicle,152.456185381191,-27.6173079146513,Gehrke Hill Rd,,,Summerholm,Lockyer Valley Region,4341,Laidley,Darling Downs,Southern,SEQ South,Southern Queensland,Lockyer Valley - East,Ipswich Hinterland,Ipswich,Inner Regional,Lockyer,Wright,Locally-controlled,No Roadway Feature,No traffic control,0 - 50 km/h,Sealed - Dry,Clear,Daylight,Straight,Grade,703,Off Path-Straight: Left Off Cway Hit Obj,16: Off Carriageway on Straight Hit Object,W,1,0,0,0,1,0,0,0,0,1,0,0
174579,174579,Fatal,2007,February,Sunday,18,Fall from vehicle,Single Vehicle,153.277472592522,-28.1454874547385,Gold Coast - Springbrook Rd,,Gold Coast - Springbrook Road,Springbrook,Gold Coast City,4213,Mudgeeraba,Gold Coast,South Eastern,SEQ South,South Coast,Guanaba - Springbrook,Gold Coast Hinterland,Gold Coast,Inner Regional,Mudgeeraba,Wright,State-controlled,No Roadway Feature,No traffic control,60 km/h,Sealed - Dry,Clear,Dawn/Dusk,Curved - view open,Grade,804,Off Path-Curve: Off Cway Lt Bend Hit Obj,19: Off Carriageway on Curve Hit Object,E,1,0,0,0,1,0,1,0,0,0,0,0
174600,174600,Fatal,2007,April,Sunday,0,Hit object,Single Vehicle,153.309788468102,-28.0591380733402,The Panorama,,,Tallai,Gold Coast City,4213,Mudgeeraba,Gold Coast,South Eastern,SEQ South,South Coast,Worongary - Tallai,Nerang,Gold Coast,Major Cities,Mudgeeraba,Wright,Locally-controlled,No Roadway Feature,No traffic control,0 - 50 km/h,Sealed - Dry,Clear,Darkness - Not lighted,Straight,Crest,703,Off Path-Straight: Left Off Cway Hit Obj,16: Off Carriageway on Straight Hit Object,S,1,0,0,0,1,1,1,0,0,0,0,0
174604,174604,Fatal,2007,April,Saturday,10,Head-on,Multi-Vehicle,152.860468457185,-26.9222572741446,Millwood Rd,,,Woodford,Moreton Bay Region,4514,Woodford,Moreton,North Coast,SEQ North,North Coast,Woodford - Daguilar,Caboolture Hinterland,Moreton Bay - North,Inner Regional,Glass House,Longman,Locally-controlled,Forestry/National Park Road,No traffic control,100 - 110 km/h,Unsealed - Dry,Clear,Daylight,Straight,Dip,201,Vehs Opposite Approach: Head On,02: Head-on,N,1,1,1,0,3,0,3,0,0,0,0,0
174832,174832,Fatal,2007,May,Saturday,2,Hit object,Single Vehicle,153.036741905896,-27.2241932251848,Redcliffe Rd,,Redcliffe Road,Mango Hill,Moreton Bay Region,4509,Mango Hill North Lakes,Moreton,North Coast,SEQ North,North Coast,North Lakes - Mango Hill,North Lakes,Moreton Bay - South,Major Cities,Bancroft,Petrie,State-controlled,No Roadway Feature,No traffic control,80 - 90 km/h,Sealed - Wet,Raining,Darkness - Lighted,Curved - view open,Level,803,Off Path-Curve: Off Cway Rt Bend Hit Obj,19: Off Carriageway on Curve Hit Object,E,1,1,0,0,2,1,0,0,0,0,0,0
174971,174971,Fatal,2006,April,Friday,16,Head-on,Multi-Vehicle,152.590193731797,-25.8261952495455,Bruce Hwy,,Bruce Highway (Gympie - Maryborough),Bauple,Fraser Coast Region,4650,Tiaro,Wide Bay Burnett,North Coast,Southern,Southern Queensland,Maryborough Region - South,Maryborough,Wide Bay,Inner Regional,Gympie,Wide Bay,State-controlled,No Roadway Feature,No traffic control,100 - 110 km/h,Sealed - Dry,Clear,Daylight,Straight,Level,501,Vehs Overtaking: Head On,02: Head-on,N,1,3,0,0,4,2,0,0,0,0,0,0
174972,174972,Fatal,2006,April,Saturday,15,Overturned,Single Vehicle,152.740595325756,-25.3125686742564,Hornes Rd,,,Takura,Fraser Coast Region,4655,Hervey Bay,Wide Bay Burnett,North Coast,Southern,Southern Queensland,Burrum - Fraser,Maryborough,Wide Bay,Inner Regional,Maryborough,Hinkler,Locally-controlled,No Roadway Feature,No traffic control,100 - 110 km/h,Unsealed - Dry,Clear,Daylight,Straight,Level,702,Off Path-Straight: Right Off Cway,15: Off Carriageway on Straight,S,1,0,0,0,1,1,0,0,0,0,0,0
175009,175009,Fatal,2006,August,Monday,19,Hit object,Single Vehicle,152.206207829627,-28.0218796214124,Inverramsay Rd,,,Goomburra,Southern Downs Region,4362,Allora,Darling Downs,Southern,Southern,Southern Queensland,Southern Downs - West,Granite Belt,Darling Downs - Maranoa,Inner Regional,Southern Downs,Maranoa,Locally-controlled,No Roadway Feature,No traffic control,100 - 110 km/h,Sealed - Dry,Clear,Darkness - Not lighted,Curved - view open,Level,804,Off Path-Curve: Off Cway Lt Bend Hit Obj,19: Off Carriageway on Curve Hit Object,W,1,0,0,0,1,1,0,0,0,0,0,0
175013,175013,Fatal,2007,January,Wednesday,14,Head-on,Multi-Vehicle,152.946440472359,-27.6309270743494,Browns Plains Rd,,,Forest Lake,Brisbane City,4124,Inala,South Brisbane,Brisbane,SEQ South,Metropolitan,Greenbank Military Camp,Browns Plains,Logan - Beaudesert,Major Cities,Jordan,Oxley,Locally-controlled,No Roadway Feature,No traffic control,80 - 90 km/h,Sealed - Dry,Clear,Daylight,Curved - view open,Grade,201,Vehs Opposite Approach: Head On,02: Head-on,W,1,1,0,0,2,2,0,0,0,0,0,0
175020,175020,Fatal,2006,June,Monday,13,Angle,Multi-Vehicle,150.314120493289,-28.3952764055359,Gore Hwy,Leichhardt Hwy,Gore Highway (Millmerran - Goondiwindi),Goondiwindi,Goondiwindi Region,4390,Goondiwindi,Darling Downs,Southern,Southern,Southern Queensland,Goondiwindi,Darling Downs (west) - Maranoa,Darling Downs - Maranoa,Outer Regional,Southern Downs,Maranoa,State-controlled,Intersection - T-Junction,No traffic control,100 - 110 km/h,Sealed - Dry,Clear,Daylight,Curved - view open,Level,308,Vehs Same Direction: Right Turn S/Swipe,06: Parallel Lanes Turning,S,2,0,1,0,3,1,0,1,0,0,0,0
175297,175297,Fatal,2007,March,Wednesday,14,Angle,Multi-Vehicle,152.37453876808,-24.916391402976,Goodwood Rd,Langbeckers Rd,Goodwood Road,Thabeban,Bundaberg Region,4670,Bundaberg,Wide Bay Burnett,North Coast,Southern,Southern Queensland,Walkervale - Avenell Heights,Bundaberg,Wide Bay,Inner Regional,Bundaberg,Hinkler,State-controlled,Intersection - Cross,Stop sign,80 - 90 km/h,Sealed - Dry,Clear,Daylight,Straight,Level,101,Vehs Adjacent Approach: Thru-Thru,01: Intersection: Adjacent Approach,N,1,3,1,0,5,2,0,0,0,0,0,0
175333,175333,Fatal,2006,August,Thursday,16,Angle,Multi-Vehicle,149.14282554286,-21.0977954823888,Holts Rd,Glenella - Richmond Rd,,Richmond,Mackay Region,4740,Mackay Northern Beaches,Mackay,Central,Central,Central Queensland,Mount Pleasant - Glenella,Mackay,Mackay - Isaac - Whitsunday,Inner Regional,Whitsunday,Dawson,Locally-controlled,Intersection - Cross,Give way sign,100 - 110 km/h,Sealed - Dry,Clear,Daylight,Straight,Grade,101,Vehs Adjacent Approach: Thru-Thru,01: Intersection: Adjacent Approach,W,1,1,1,0,3,2,0,0,0,0,0,0
175336,175336,Fatal,2006,August,Thursday,16,Overturned,Single Vehicle,143.252962596796,-20.7947058373477,Flinders Hwy,,Flinders Highway (Hughenden - Richmond),Richmond,Richmond Shire,4822,Richmond,Townsville,Northern,Northern,North Queensland,Northern Highlands,Outback - North,Queensland - Outback,Very Remote,Traeger,Kennedy,State-controlled,No Roadway Feature,No traffic control,100 - 110 km/h,Sealed - Dry,Clear,Daylight,Straight,Level,705,Off Path-Straight: Out Of Control On Cway,17: Out of Control on Straight,W,1,0,0,0,1,1,0,0,0,0,0,0
175446,175446,Fatal,2007,July,Tuesday,12,Sideswipe,Multi-Vehicle,152.80862489923,-26.332840194266,Greenridge - Pinbarren Rd,,,Cooran,Noosa Shire,4569,Pomona,Sunshine Coast,North Coast,SEQ North,North Coast,Noosa Hinterland,Noosa Hinterland,Sunshine Coast,Inner Regional,Noosa,Wide Bay,Locally-controlled,No Roadway Feature,No traffic control,80 - 90 km/h,Sealed - Dry,Clear,Daylight,Curved - view obscured,Grade,201,Vehs Opposite Approach: Head On,02: Head-on,E,1,0,0,0,1,1,0,1,0,0,0,0
175454,175454,Fatal,2007,August,Monday,15,Hit object,Single Vehicle,145.777631750481,-16.9204738174282,Esplanade,Shields St,,Cairns City,Cairns Region,4870,Cairns,Far North,Far Northern,Northern,North Queensland,Cairns City,Cairns - South,Cairns,Outer Regional,Cairns,Leichhardt,Locally-controlled,Intersection - T-Junction,Operating traffic lights,0 - 50 km/h,Sealed - Dry,Clear,Daylight,Straight,Level,703,Off Path-Straight: Left Off Cway Hit Obj,16: Off Carriageway on Straight Hit Object,N,1,0,0,0,1,0,1,0,0,0,0,0
175529,175529,Fatal,2007,June,Monday,9,Sideswipe,Multi-Vehicle,146.967887452889,-21.7502824452706,Gregory Developmental Rd,,Gregory Developmental Road (Clermont - Belyando Crossing),Belyando,Isaac Region,4820,Clermont,Mackay,Central,Central,Central Queensland,Clermont,Bowen Basin - North,Mackay - Isaac - Whitsunday,Very Remote,Burdekin,Capricornia,State-controlled,No Roadway Feature,No traffic control,100 - 110 km/h,Sealed - Wet,Raining,Daylight,Straight,Level,500,Vehs Overtaking: Other,21: Other,N,1,0,0,0,1,1,0,1,0,0,0,0
175601,175601,Fatal,2011,September,Thursday,14,Hit object,Single Vehicle,151.067815701959,-23.8344359887703,Gladstone - Mt Larcom Rd,,Gladstone - Mount Larcom Road,Aldoga,Gladstone Region,4694,Mount Larcom,Capricornia,Central,Central,Central Queensland,Gladstone Hinterland,Gladstone,Central Queensland,Outer Regional,Gladstone,Flynn,State-controlled,No Roadway Feature,No traffic control,100 - 110 km/h,Sealed - Dry,Clear,Daylight,Curved - view open,Level,804,Off Path-Curve: Off Cway Lt Bend Hit Obj,19: Off Carriageway on Curve Hit Object,N,1,0,0,0,1,1,0,0,0,0,0,0
176259,176259,Fatal,2010,April,Monday,14,Head-on,Multi-Vehicle,152.370229477893,-27.5412689866306,Warrego Hwy,,Warrego Highway (Ipswich - Toowoomba),Crowley Vale,Lockyer Valley Region,4342,Laidley,Darling Downs,Southern,SEQ South,Southern Queensland,Lockyer Valley - East,Ipswich Hinterland,Ipswich,Inner Regional,Lockyer,Wright,State-controlled,No Roadway Feature,No traffic control,100 - 110 km/h,Sealed - Dry,Clear,Daylight,Straight,Level,201,Vehs Opposite Approach: Head On,02: Head-on,E,3,1,2,0,6,1,0,2,0,0,0,0
176263,176263,Fatal,2010,April,Friday,18,Angle,Multi-Vehicle,153.45519016705,-28.1213591046294,Angelica St,Ironbark St,,Elanora,Gold Coast City,4221,Palm Beach,Gold Coast,South Eastern,SEQ South,South Coast,Elanora,Coolangatta,Gold Coast,Major Cities,Currumbin,Mcpherson,Locally-controlled,Intersection - T-Junction,No traffic control,0 - 50 km/h,Sealed - Dry,Clear,Darkness - Lighted,Straight,Grade,202,Vehs Opposite Approach: Thru-Right,03: Opposing Vehicles Turning,E,1,0,0,0,1,1,0,0,0,1,0,0
176563,176563,Fatal,2010,June,Saturday,15,Rear-end,Multi-Vehicle,151.363620504993,-26.9738737937056,Bunya Hwy,,Bunya Highway (Dalby - Kingaroy),Kaimkillenbun,Western Downs Region,4406,Bell,South West,Southern,Southern,Southern Queensland,Wambo,Darling Downs - East,Darling Downs - Maranoa,Outer Regional,Warrego,Maranoa,State-controlled,No Roadway Feature,No traffic control,100 - 110 km/h,Sealed - Dry,Clear,Daylight,Curved - view open,Level,303,Vehs Same Direction: Right Rear,04: Rear-end,N,1,0,0,0,1,0,1,0,0,0,0,1
176595,176595,Fatal,2010,May,Tuesday,4,Hit animal,Other,152.779799310551,-26.8096923292158,Maleny - Stanley River Rd,,Maleny - Stanley River Road,Booroobin,Sunshine Coast Region,4552,Maleny,Sunshine Coast,North Coast,SEQ North,North Coast,Caloundra Hinterland,Sunshine Coast Hinterland,Sunshine Coast,Inner Regional,Glass House,Fisher,State-controlled,No Roadway Feature,No traffic control,100 - 110 km/h,Sealed - Dry,Clear,Darkness - Not lighted,Curved - view obscured,Grade,609,Pass & Misc: Hit Animal,14: Hit Animal,W,1,0,0,0,1,0,1,0,0,0,0,1
176596,176596,Fatal,2010,May,Tuesday,7,Hit object,Single Vehicle,153.015118187332,-26.4772680710557,Verrierdale Rd,,,Verrierdale,Sunshine Coast Region,4562,Eumundi,Sunshine Coast,North Coast,SEQ North,North Coast,Eumundi - Yandina,Nambour,Sunshine Coast,Inner Regional,Ninderry,Fairfax,Locally-controlled,No Roadway Feature,No traffic control,100 - 110 km/h,Sealed - Dry,Clear,Daylight,Straight,Level,704,Off Path-Straight: Right Off Cway Hit Obj,16: Off Carriageway on Straight Hit Object,W,1,0,0,0,1,1,0,0,0,0,0,0
176597,176597,Fatal,2010,May,Tuesday,12,Hit pedestrian,Hit pedestrian,150.737949535437,-23.1321899136634,Park St,,,Yeppoon,Livingstone Shire,4703,Yeppoon,Capricornia,Central,Central,Central Queensland,Yeppoon,Rockhampton,Central Queensland,Inner Regional,Keppel,Capricornia,Locally-controlled,No Roadway Feature,No traffic control,0 - 50 km/h,Sealed - Dry,Clear,Daylight,Straight,Level,001,Pedn: Near Side Vehicle Hit From Right,12: Pedestrian,N,1,0,0,0,1,1,0,0,0,0,1,0
176599,176599,Fatal,2010,May,Wednesday,7,Head-on,Multi-Vehicle,146.100549005095,-18.3892373139832,Bruce Hwy,,Bruce Highway (Ingham - Innisfail),Damper Creek,Cassowary Coast Region,4849,Cardwell,Far North,Far Northern,Northern,North Queensland,Tully,Innisfail - Cassowary Coast,Cairns,Remote,Hinchinbrook,Kennedy,State-controlled,No Roadway Feature,No traffic control,100 - 110 km/h,Sealed - Dry,Clear,Daylight,Straight,Level,501,Vehs Overtaking: Head On,02: Head-on,N,1,1,0,0,2,2,0,0,0,0,0,0
176721,176721,Fatal,2010,June,Saturday,16,Rear-end,Multi-Vehicle,144.467766536027,-23.479702381493,Landsborough Hwy,,Landsborough Highway (Barcaldine - Longreach),Ilfracombe,Longreach Region,4727,Ilfracombe,Capricornia,Central,Central,Central Queensland,Longreach,Outback - South,Queensland - Outback,Very Remote,Gregory,Maranoa,State-controlled,No Roadway Feature,No traffic control,100 - 110 km/h,Sealed - Dry,Clear,Daylight,Straight,Level,301,Vehs Same Direction: Rear End,04: Rear-end,W,1,1,0,0,2,0,2,0,0,0,0,0
176722,176722,Fatal,2010,June,Saturday,15,Head-on,Multi-Vehicle,152.593454826194,-26.1349142563568,Bruce Hwy,,Gympie - Curra Road,Chatsworth,Gympie Region,4570,Gympie,Wide Bay Burnett,North Coast,Southern,Southern Queensland,Gympie Region,Gympie - Cooloola,Wide Bay,Inner Regional,Gympie,Wide Bay,State-controlled,No Roadway Feature,No traffic control,80 - 90 km/h,Sealed - Dry,Clear,Daylight,Curved - view open,Crest,501,Vehs Overtaking: Head On,02: Head-on,W,1,0,0,0,1,1,0,1,0,0,0,0
177050,177050,Fatal,2011,April,Tuesday,19,Hit animal,Other,147.913301819338,-22.480629867835,Peak Downs Hwy,,Peak Downs Highway (Clermont - Nebo),Gemini Mountains,Isaac Region,4721,Clermont,Mackay,Central,Central,Central Queensland,Clermont,Bowen Basin - North,Mackay - Isaac - Whitsunday,Remote,Burdekin,Capricornia,State-controlled,No Roadway Feature,No traffic control,100 - 110 km/h,Sealed - Dry,Clear,Darkness - Not lighted,Straight,Grade,609,Pass & Misc: Hit Animal,14: Hit Animal,E,1,0,0,0,1,0,1,0,0,0,0,1
177055,177055,Fatal,2011,April,Thursday,18,Head-on,Multi-Vehicle,147.869210778424,-23.5439999830327,Capricorn Hwy,,Capricorn Highway (Emerald - Alpha),The Gemfields,Central Highlands Region,4702,Emerald,Capricornia,Central,Central,Central Queensland,Central Highlands - West,Central Highlands (qld),Central Queensland,Remote,Gregory,Flynn,State-controlled,No Roadway Feature,No traffic control,100 - 110 km/h,Sealed - Dry,Clear,Darkness - Not lighted,Straight,Level,201,Vehs Opposite Approach: Head On,02: Head-on,W,1,0,0,0,1,0,0,2,0,0,0,0
177503,177503,Fatal,2011,March,Wednesday,20,Hit parked vehicle,Single Vehicle,153.361086416543,-28.0817235977298,Gold Coast - Springbrook Rd,,Gold Coast - Springbrook Road,Mudgeeraba,Gold Coast City,4213,Mudgeeraba,Gold Coast,South Eastern,SEQ South,South Coast,Mudgeeraba - Bonogin,Mudgeeraba - Tallebudgera,Gold Coast,Major Cities,Mudgeeraba,Mcpherson,State-controlled,No Roadway Feature,No traffic control,60 km/h,Sealed - Dry,Clear,Darkness - Lighted,Straight,Level,608,Vehs On Path: Accident Or Broken Down,10: Hit Parked Vehicle,E,1,1,1,0,3,2,0,0,0,0,2,0
177509,177509,Fatal,2011,March,Friday,8,Hit pedestrian,Hit pedestrian,153.441563852499,-28.0600833827582,Albatross Ave,,,Mermaid Beach,Gold Coast City,4218,Broadbeach,Gold Coast,South Eastern,SEQ South,South Coast,Mermaid Beach - Broadbeach,Broadbeach - Burleigh,Gold Coast,Major Cities,Mermaid Beach,Moncrieff,Locally-controlled,No Roadway Feature,No traffic control,0 - 50 km/h,Sealed - Dry,Clear,Daylight,Straight,Grade,000,Pedn: Hit Other,21: Other,W,1,1,0,0,2,1,0,0,0,0,1,0
177510,177510,Fatal,2011,March,Saturday,0,Hit object,Single Vehicle,153.031126530189,-27.417291978151,Swan St,,,Gordon Park,Brisbane City,4031,Stafford,North Brisbane,Brisbane,SEQ North,Metropolitan,Kedron - Gordon Park,Chermside,Brisbane - North,Major Cities,Clayfield,Brisbane,Locally-controlled,No Roadway Feature,No traffic control,0 - 50 km/h,Sealed - Dry,Clear,Darkness - Lighted,Curved - view open,Level,808,Off Path-Curve: Mounts Traffic Island,19: Off Carriageway on Curve Hit Object,S,1,0,0,0,1,0,1,0,0,0,0,0
177511,177511,Fatal,2011,March,Saturday,0,Head-on,Multi-Vehicle,152.04461475767,-25.217200167392,Bruce Hwy,,Bruce Highway (Maryborough - Gin Gin),Booyal,Bundaberg Region,4671,Childers,Wide Bay Burnett,North Coast,Southern,Southern Queensland,Bundaberg Region - South,Bundaberg,Wide Bay,Inner Regional,Burnett,Hinkler,State-controlled,No Roadway Feature,No traffic control,100 - 110 km/h,Sealed - Dry,Clear,Darkness - Not lighted,Curved - view open,Grade,201,Vehs Opposite Approach: Head On,02: Head-on,N,2,2,0,0,4,2,0,0,0,0,0,0
177512,177512,Fatal,2011,March,Sunday,8,Hit object,Single Vehicle,153.088278874533,-27.4057366598043,Gateway Arterial Rd,,Gateway Motorway (Eight Mile Plains - Nudgee),Brisbane Airport,Brisbane City,4008,Hendra,North Brisbane,Brisbane,SEQ North,Metropolitan,Brisbane Airport,Nundah,Brisbane - North,Major Cities,Clayfield,Lilley,State-controlled,No Roadway Feature,No traffic control,100 - 110 km/h,Sealed - Dry,Clear,Daylight,Straight,Level,703,Off Path-Straight: Left Off Cway Hit Obj,16: Off Carriageway on Straight Hit Object,S,1,1,0,0,2,1,0,0,0,0,0,0