_id,Crash_Ref_Number,Crash_Severity,Crash_Year,Crash_Month,Crash_Day_Of_Week,Crash_Hour,Crash_Nature,Crash_Type,Crash_Longitude,Crash_Latitude,Crash_Street,Crash_Street_Intersecting,State_Road_Name,Loc_Suburb,Loc_Local_Government_Area,Loc_Post_Code,Loc_Police_Division,Loc_Police_District,Loc_Police_Region,Loc_Queensland_Transport_Region,Loc_Main_Roads_Region,Loc_ABS_Statistical_Area_2,Loc_ABS_Statistical_Area_3,Loc_ABS_Statistical_Area_4,Loc_ABS_Remoteness,Loc_State_Electorate,Loc_Federal_Electorate,Crash_Controlling_Authority,Crash_Roadway_Feature,Crash_Traffic_Control,Crash_Speed_Limit,Crash_Road_Surface_Condition,Crash_Atmospheric_Condition,Crash_Lighting_Condition,Crash_Road_Horiz_Align,Crash_Road_Vert_Align,Crash_DCA_Code,Crash_DCA_Description,Crash_DCA_Group_Description,DCA_Key_Approach_Dir,Count_Casualty_Fatality,Count_Casualty_Hospitalised,Count_Casualty_MedicallyTreated,Count_Casualty_MinorInjury,Count_Casualty_Total,Count_Unit_Car,Count_Unit_Motorcycle_Moped,Count_Unit_Truck,Count_Unit_Bus,Count_Unit_Bicycle,Count_Unit_Pedestrian,Count_Unit_Other
182802,182802,Fatal,2019,March,Thursday,15,Sideswipe,Multi-Vehicle,153.011252036646,-27.4622894435122,Hale St,,,Paddington,Brisbane City,4064,Brisbane City,North Brisbane,Brisbane,SEQ North,Metropolitan,Paddington - Milton,Brisbane Inner - West,Brisbane Inner City,Major Cities,Cooper,Brisbane,Locally-controlled,No Roadway Feature,No traffic control,60 km/h,Sealed - Dry,Clear,Daylight,Straight,Level,305,Vehs Same Direction: Lane Side Swipe,05: Lane Change,N,1,0,0,0,1,1,1,1,0,0,0,0
182828,182828,Fatal,2019,November,Saturday,12,Hit object,Single Vehicle,152.180243440522,-24.8231373402962,Smiths Crossing Rd,,,Bucca,Bundaberg Region,4670,South Kolan,Wide Bay Burnett,North Coast,Southern,Southern Queensland,Bundaberg Region - North,Bundaberg,Wide Bay,Inner Regional,Burnett,Flynn,Locally-controlled,Bridge/Causeway,No traffic control,80 - 90 km/h,Sealed - Dry,Clear,Daylight,Curved - view open,Crest,804,Off Path-Curve: Off Cway Lt Bend Hit Obj,19: Off Carriageway on Curve Hit Object,S,1,0,0,0,1,0,1,0,0,0,0,0
182832,182832,Fatal,2019,December,Friday,9,Hit object,Single Vehicle,145.138417581676,-19.0731967102946,Gregory Developmental Rd,,Gregory Developmental Road (Charters Towers - The Lynd),Greenvale,Charters Towers Region,4816,Greenvale,Townsville,Northern,Northern,North Queensland,Dalrymple,Charters Towers - Ayr - Ingham,Townsville,Remote,Traeger,Kennedy,State-controlled,No Roadway Feature,No traffic control,100 - 110 km/h,Sealed - Dry,Clear,Daylight,Curved - view open,Level,804,Off Path-Curve: Off Cway Lt Bend Hit Obj,19: Off Carriageway on Curve Hit Object,E,1,0,0,0,1,1,0,0,0,0,0,0
182847,182847,Fatal,2019,November,Tuesday,16,Hit object,Single Vehicle,145.811571699219,-16.9221667388432,Pine Creek - Yarrabah Rd,,Pine Creek - Yarrabah Road,East Trinity,Cairns Region,4871,Gordonvale,Far North,Far Northern,Northern,North Queensland,Gordonvale - Trinity,Cairns - South,Cairns,Outer Regional,Mulgrave,Kennedy,State-controlled,No Roadway Feature,No traffic control,100 - 110 km/h,Sealed - Dry,Clear,Daylight,Curved - view obscured,Level,803,Off Path-Curve: Off Cway Rt Bend Hit Obj,19: Off Carriageway on Curve Hit Object,N,1,0,0,0,1,0,1,0,0,0,0,0
182851,182851,Fatal,2019,November,Saturday,19,Rear-end,Multi-Vehicle,148.898055115759,-21.1578050132895,Mackay - Eungella Rd,Otterburn-Connors Rd,Mackay - Eungella Road,Mirani,Mackay Region,4754,Marian,Mackay,Central,Central,Central Queensland,Pioneer Valley,Mackay,Mackay - Isaac - Whitsunday,Outer Regional,Mirani,Capricornia,State-controlled,Intersection - Cross,No traffic control,100 - 110 km/h,Sealed - Dry,Clear,Darkness - Not lighted,Straight,Level,303,Vehs Same Direction: Right Rear,04: Rear-end,W,1,2,0,0,3,1,0,1,0,0,0,0
182934,182934,Fatal,2015,January,Tuesday,21,Head-on,Multi-Vehicle,151.954686060227,-28.2041753455179,Cunningham Hwy,,Cunningham Highway (Warwick - Inglewood),Allan,Southern Downs Region,4370,Warwick,Darling Downs,Southern,Southern,Southern Queensland,Southern Downs - West,Granite Belt,Darling Downs - Maranoa,Inner Regional,Southern Downs,Maranoa,State-controlled,No Roadway Feature,No traffic control,100 - 110 km/h,Sealed - Dry,Clear,Darkness - Not lighted,Straight,Level,201,Vehs Opposite Approach: Head On,02: Head-on,N,1,1,0,0,2,1,0,1,0,0,0,0
182935,182935,Fatal,2015,January,Wednesday,17,Hit object,Single Vehicle,152.938008088221,-27.11346043341,Christopher Pl,Maurice Ave,,Morayfield,Moreton Bay Region,4506,Burpengary,Moreton,North Coast,SEQ North,North Coast,Caboolture - South,Caboolture,Moreton Bay - North,Major Cities,Morayfield,Longman,Locally-controlled,Intersection - T-Junction,No traffic control,0 - 50 km/h,Sealed - Dry,Clear,Dawn/Dusk,Curved - view open,Level,803,Off Path-Curve: Off Cway Rt Bend Hit Obj,19: Off Carriageway on Curve Hit Object,N,1,0,0,0,1,1,1,0,0,0,0,0
182936,182936,Fatal,2015,January,Saturday,3,Hit pedestrian,Hit pedestrian,152.608122079538,-27.4657716034141,Forest Hill - Fernvale Rd,,Forest Hill - Fernvale Road,Vernor,Somerset Region,4306,Lowood,Ipswich,Southern,SEQ North,North Coast,Lowood,Ipswich Hinterland,Ipswich,Inner Regional,Lockyer,Blair,State-controlled,No Roadway Feature,No traffic control,100 - 110 km/h,Sealed - Wet,Raining,Darkness - Not lighted,Straight,Level,004,Pedn: Play; Work; Stand; Lie On Cway,12: Pedestrian,W,1,0,0,0,1,0,0,0,0,0,1,1
182937,182937,Fatal,2015,January,Saturday,5,Hit pedestrian,Hit pedestrian,145.759444705651,-16.8807207348038,Airport Ave,,,Aeroglen,Cairns Region,4870,Cairns,Far North,Far Northern,Northern,North Queensland,Freshwater - Stratford,Cairns - North,Cairns,Outer Regional,Cairns,Leichhardt,Locally-controlled,No Roadway Feature,No traffic control,80 - 90 km/h,Sealed - Dry,Clear,Dawn/Dusk,Curved - view open,Level,001,Pedn: Near Side Vehicle Hit From Right,12: Pedestrian,S,1,0,0,0,1,1,0,0,0,0,1,0
182938,182938,Fatal,2015,January,Sunday,5,Hit object,Single Vehicle,153.099826012645,-27.5767894533187,Miles Platting Rd,,,Eight Mile Plains,Brisbane City,4113,Upper Mount Gravatt,South Brisbane,Brisbane,SEQ South,Metropolitan,Eight Mile Plains,Mt Gravatt,Brisbane - South,Major Cities,Toohey,Moreton,Locally-controlled,No Roadway Feature,No traffic control,60 km/h,Sealed - Dry,Clear,Daylight,Curved - view open,Level,804,Off Path-Curve: Off Cway Lt Bend Hit Obj,19: Off Carriageway on Curve Hit Object,E,1,0,0,0,1,1,0,0,0,0,0,0
182939,182939,Fatal,2015,January,Monday,20,Hit object,Single Vehicle,153.187235994355,-27.646497462684,Kimberley Dr,,,Shailer Park,Logan City,4128,Loganholme,Logan,South Eastern,SEQ South,South Coast,Shailer Park,Loganlea - Carbrook,Logan - Beaudesert,Major Cities,Springwood,Forde,Locally-controlled,No Roadway Feature,No traffic control,60 km/h,Sealed - Dry,Clear,Darkness - Lighted,Straight,Grade,708,Off Path-Straight: Mounts Traffic Island,16: Off Carriageway on Straight Hit Object,W,1,0,0,0,1,0,1,0,0,0,0,0
182940,182940,Fatal,2015,January,Thursday,10,Hit object,Single Vehicle,145.322816807539,-15.8708516957357,Bloomfield Rd,,,Bloomfield,Cook Shire,4895,Cooktown,Far North,Far Northern,Northern,North Queensland,Cape York,Far North,Queensland - Outback,Remote,Cook,Leichhardt,Locally-controlled,Bridge/Causeway,No traffic control,80 - 90 km/h,Sealed - Dry,Clear,Daylight,Curved - view open,Level,803,Off Path-Curve: Off Cway Rt Bend Hit Obj,19: Off Carriageway on Curve Hit Object,S,1,0,0,0,1,1,0,0,0,0,0,0
182941,182941,Fatal,2015,January,Saturday,21,Hit object,Single Vehicle,153.036542130337,-26.6930331399337,Mons Rd,,,Buderim,Sunshine Coast Region,4556,Maroochydore,Sunshine Coast,North Coast,SEQ North,North Coast,Buderim - South,Buderim,Sunshine Coast,Major Cities,Buderim,Fairfax,Locally-controlled,No Roadway Feature,No traffic control,60 km/h,Sealed - Dry,Clear,Darkness - Lighted,Curved - view obscured,Grade,804,Off Path-Curve: Off Cway Lt Bend Hit Obj,19: Off Carriageway on Curve Hit Object,W,1,0,0,0,1,1,0,0,0,0,0,0
182942,182942,Fatal,2015,February,Sunday,9,Fall from vehicle,Single Vehicle,153.237341912476,-28.2422374724299,Nerang - Murwillumbah Rd,,Nerang - Murwillumbah Road,Natural Bridge,Gold Coast City,4211,Nerang,Gold Coast,South Eastern,SEQ South,South Coast,Guanaba - Springbrook,Gold Coast Hinterland,Gold Coast,Inner Regional,Mudgeeraba,Wright,State-controlled,No Roadway Feature,No traffic control,60 km/h,Sealed - Dry,Clear,Daylight,Curved - view open,Grade,801,Off Path-Curve: Off Cway Right Bend,18: Off Carriageway on Curve,N,1,0,0,0,1,0,1,0,0,0,0,0
182943,182943,Fatal,2015,February,Tuesday,6,Head-on,Multi-Vehicle,145.907517604379,-18.0702567554432,Bruce Hwy,,Bruce Highway (Ingham - Innisfail),Bilyana,Cassowary Coast Region,4854,Tully,Far North,Far Northern,Northern,North Queensland,Tully,Innisfail - Cassowary Coast,Cairns,Remote,Hinchinbrook,Kennedy,State-controlled,No Roadway Feature,No traffic control,100 - 110 km/h,Sealed - Dry,Clear,Dawn/Dusk,Straight,Level,201,Vehs Opposite Approach: Head On,02: Head-on,N,1,1,0,0,2,1,0,1,0,0,0,0
183140,183140,Fatal,2018,March,Saturday,0,Hit object,Single Vehicle,153.127540990472,-27.7277334573009,Waterford - Tamborine Rd,,Waterford - Tamborine Road,Buccan,Logan City,4207,Logan Village Yarrabilba,Logan,South Eastern,SEQ South,South Coast,Logan Village,Jimboomba,Logan - Beaudesert,Major Cities,Logan,Forde,State-controlled,No Roadway Feature,No traffic control,100 - 110 km/h,Sealed - Dry,Clear,Darkness - Not lighted,Curved - view open,Level,804,Off Path-Curve: Off Cway Lt Bend Hit Obj,19: Off Carriageway on Curve Hit Object,S,1,1,0,0,2,1,0,0,0,0,0,0
183163,183163,Fatal,2018,March,Sunday,3,Hit object,Single Vehicle,153.193648983753,-27.7242084639447,Saratoga St,,,Beenleigh,Logan City,4207,Beenleigh,Logan,South Eastern,SEQ South,South Coast,Beenleigh,Beenleigh,Logan - Beaudesert,Major Cities,Macalister,Forde,Locally-controlled,No Roadway Feature,No traffic control,60 km/h,Sealed - Wet,Clear,Darkness - Lighted,Curved - view open,Level,601,Vehs On Path: Parked,10: Hit Parked Vehicle,N,1,0,0,0,1,2,0,0,0,0,0,0
183164,183164,Fatal,2018,March,Wednesday,15,Head-on,Multi-Vehicle,152.920953062887,-27.3304034334253,Eatons Crossing Rd,,Strathpine - Samford Road,Cashmere,Moreton Bay Region,4500,Albany Creek,North Brisbane,Brisbane,SEQ North,North Coast,Cashmere,The Hills District,Moreton Bay - South,Major Cities,Pine Rivers,Dickson,State-controlled,No Roadway Feature,No traffic control,80 - 90 km/h,Sealed - Dry,Clear,Daylight,Curved - view open,Crest,201,Vehs Opposite Approach: Head On,02: Head-on,W,1,3,0,0,4,1,1,0,0,0,0,0
183165,183165,Fatal,2024,May,Wednesday,15,Rear-end,Multi-Vehicle,152.994876037679,-27.4680314419152,Legacy Wy,,,Paddington,Brisbane City,4064,Indooroopilly,North Brisbane,Brisbane,SEQ North,Metropolitan,Paddington - Milton,Brisbane Inner - West,Brisbane Inner City,Major Cities,Maiwar,Ryan,Locally-controlled,No Roadway Feature,No traffic control,80 - 90 km/h,Sealed - Dry,Clear,Daylight,Straight,Level,301,Vehs Same Direction: Rear End,04: Rear-end,N,2,2,0,0,4,2,0,1,0,0,0,0
183166,183166,Fatal,2018,March,Thursday,11,Hit object,Single Vehicle,145.388165762627,-16.427320405009,Mossman - Daintree Rd,,Mossman - Daintree Road,Newell,Douglas Shire,4873,Mossman,Far North,Far Northern,Northern,North Queensland,Daintree,Port Douglas - Daintree,Cairns,Outer Regional,Cook,Leichhardt,State-controlled,No Roadway Feature,No traffic control,100 - 110 km/h,Sealed - Dry,Clear,Daylight,Curved - view open,Level,804,Off Path-Curve: Off Cway Lt Bend Hit Obj,19: Off Carriageway on Curve Hit Object,N,1,0,0,0,1,1,0,0,0,0,0,0
183342,183342,Fatal,2018,June,Friday,23,Hit object,Single Vehicle,153.308002958722,-27.8227384763017,Yawalpah Rd,,,Pimpama,Gold Coast City,4209,Coomera,Gold Coast,South Eastern,SEQ South,South Coast,Pimpama,Ormeau - Oxenford,Gold Coast,Major Cities,Coomera,Fadden,Locally-controlled,No Roadway Feature,No traffic control,70 km/h,Sealed - Dry,Clear,Darkness - Lighted,Curved - view open,Level,803,Off Path-Curve: Off Cway Rt Bend Hit Obj,19: Off Carriageway on Curve Hit Object,W,1,0,0,0,1,1,0,0,0,0,0,0
183343,183343,Fatal,2019,August,Saturday,14,Hit object,Single Vehicle,151.347416340074,-26.4026572736459,Chinchilla - Wondai Rd,,Chinchilla - Wondai Road,Chahpingah,South Burnett Region,4610,Wondai,Darling Downs,Southern,Southern,Southern Queensland,Kingaroy Region - North,Burnett,Wide Bay,Outer Regional,Nanango,Flynn,State-controlled,No Roadway Feature,No traffic control,100 - 110 km/h,Sealed - Dry,Clear,Daylight,Straight,Level,705,Off Path-Straight: Out Of Control On Cway,17: Out of Control on Straight,W,1,4,0,0,5,1,0,0,0,0,0,0
183358,183358,Fatal,2018,June,Thursday,17,Head-on,Multi-Vehicle,151.708848484685,-24.8303696950801,Bruce Hwy,,Bruce Highway (Gin Gin - Benaraby),Takilberan,Bundaberg Region,4671,Gin Gin,Wide Bay Burnett,North Coast,Southern,Southern Queensland,Gin Gin,Burnett,Wide Bay,Outer Regional,Callide,Flynn,State-controlled,No Roadway Feature,No traffic control,100 - 110 km/h,Sealed - Dry,Clear,Daylight,Straight,Level,501,Vehs Overtaking: Head On,02: Head-on,S,2,2,2,0,6,2,0,1,0,0,0,0
183468,183468,Fatal,2019,September,Saturday,8,Rear-end,Multi-Vehicle,152.998198121612,-26.7950994369021,Steve Irwin Way,,Glass House Mountains Road,Landsborough,Sunshine Coast Region,4550,Beerwah,Sunshine Coast,North Coast,SEQ North,North Coast,Landsborough,Sunshine Coast Hinterland,Sunshine Coast,Inner Regional,Caloundra,Fisher,State-controlled,No Roadway Feature,No traffic control,100 - 110 km/h,Sealed - Dry,Clear,Daylight,Curved - view open,Grade,803,Off Path-Curve: Off Cway Rt Bend Hit Obj,19: Off Carriageway on Curve Hit Object,E,1,0,1,0,2,1,0,0,0,2,0,0
183721,183721,Fatal,2020,April,Monday,6,Hit pedestrian,Hit pedestrian,152.962689129066,-26.7648484331029,Mooloolah Connection Rd,,Mooloolah Connection Road,Mooloolah Valley,Sunshine Coast Region,4553,Beerwah,Sunshine Coast,North Coast,SEQ North,North Coast,Landsborough,Sunshine Coast Hinterland,Sunshine Coast,Inner Regional,Glass House,Fisher,State-controlled,No Roadway Feature,No traffic control,60 km/h,Sealed - Dry,Clear,Daylight,Straight,Level,003,Pedn: Far Side Vehicle Hit From Left,12: Pedestrian,E,1,0,0,0,1,1,0,0,0,0,1,0
183871,183871,Fatal,2018,March,Sunday,23,Hit object,Single Vehicle,152.425244419892,-24.8003433639882,Mittelheusers Rd,,,Qunaba,Bundaberg Region,4670,Bargara,Wide Bay Burnett,North Coast,Southern,Southern Queensland,Bargara - Burnett Heads,Bundaberg,Wide Bay,Inner Regional,Burnett,Hinkler,Locally-controlled,No Roadway Feature,No traffic control,100 - 110 km/h,Sealed - Dry,Clear,Darkness - Not lighted,Straight,Grade,703,Off Path-Straight: Left Off Cway Hit Obj,16: Off Carriageway on Straight Hit Object,,1,0,0,0,1,1,0,0,0,0,0,0
183961,183961,Fatal,2018,July,Wednesday,17,Hit object,Single Vehicle,146.336459501915,-18.9839197941379,Bruce Hwy,,Bruce Highway (Townsville - Ingham),Mutarnee,Townsville City,4816,Rollingstone,Townsville,Northern,Northern,North Queensland,Northern Beaches,Townsville,Townsville,Outer Regional,Hinchinbrook,Kennedy,State-controlled,No Roadway Feature,No traffic control,100 - 110 km/h,Sealed - Dry,Clear,Dawn/Dusk,Straight,Level,703,Off Path-Straight: Left Off Cway Hit Obj,16: Off Carriageway on Straight Hit Object,N,1,0,0,0,1,0,0,1,0,0,0,0
183964,183964,Fatal,2018,July,Thursday,12,Rear-end,Multi-Vehicle,153.065481131252,-26.66164544259,Maroochydore Rd,Sunshine Mwy,Maroochydore Road,Buderim,Sunshine Coast Region,4556,Maroochydore,Sunshine Coast,North Coast,SEQ North,North Coast,Buderim - North,Buderim,Sunshine Coast,Major Cities,Ninderry,Fairfax,State-controlled,Intersection - Interchange,Operating traffic lights,60 km/h,Sealed - Dry,Clear,Daylight,Straight,Level,301,Vehs Same Direction: Rear End,04: Rear-end,W,1,0,1,0,2,2,0,0,0,0,0,0
183967,183967,Fatal,2023,August,Friday,9,Head-on,Multi-Vehicle,152.411555095202,-27.510579384434,Forest Hill - Fernvale Rd,Lake Clarendon Way,Forest Hill - Fernvale Road,Glenore Grove,Lockyer Valley Region,4342,Laidley,Darling Downs,Southern,SEQ South,Southern Queensland,Lockyer Valley - East,Ipswich Hinterland,Ipswich,Inner Regional,Lockyer,Wright,State-controlled,Intersection - Cross,No traffic control,100 - 110 km/h,Sealed - Dry,Clear,Daylight,Straight,Level,201,Vehs Opposite Approach: Head On,02: Head-on,S,1,0,0,0,1,2,1,0,0,0,0,0
183979,183979,Fatal,2023,October,Saturday,2,Hit object,Single Vehicle,152.620896260284,-25.9790473928096,Neerdie Rd,,,Gunalda,Gympie Region,4570,Tiaro,Wide Bay Burnett,North Coast,Southern,Southern Queensland,Gympie Region,Gympie - Cooloola,Wide Bay,Inner Regional,Gympie,Wide Bay,Locally-controlled,No Roadway Feature,No traffic control,80 - 90 km/h,Sealed - Dry,Clear,Darkness - Not lighted,Straight,Level,704,Off Path-Straight: Right Off Cway Hit Obj,16: Off Carriageway on Straight Hit Object,N,1,0,0,0,1,1,0,0,0,0,0,0
183981,183981,Fatal,2018,July,Sunday,0,Hit object,Single Vehicle,153.082596059647,-27.2193124487549,Kurumba St,,,Kippa-ring,Moreton Bay Region,4021,Redcliffe,Moreton,North Coast,SEQ North,North Coast,Rothwell - Kippa-ring,Redcliffe,Moreton Bay - North,Major Cities,Redcliffe,Petrie,Locally-controlled,No Roadway Feature,No traffic control,0 - 50 km/h,Sealed - Dry,Clear,Darkness - Lighted,Curved - view open,Level,803,Off Path-Curve: Off Cway Rt Bend Hit Obj,19: Off Carriageway on Curve Hit Object,E,1,0,0,0,1,0,1,0,0,0,0,0
183982,183982,Fatal,2018,July,Friday,18,Angle,Multi-Vehicle,152.471070094977,-27.4603173898751,Coominya Connection Rd,Forest Hill - Fernvale Rd,Forest Hill - Fernvale Road,Mount Tarampa,Somerset Region,4311,Lowood,Ipswich,Southern,SEQ North,North Coast,Lowood,Ipswich Hinterland,Ipswich,Inner Regional,Nanango,Blair,State-controlled,Intersection - T-Junction,No traffic control,100 - 110 km/h,Sealed - Dry,Clear,Darkness - Not lighted,Straight,Level,104,Vehs Adjacent Approach: Thru-Right,01: Intersection: Adjacent Approach,S,1,1,0,0,2,2,0,0,0,0,0,0
184008,184008,Fatal,2019,March,Thursday,12,Hit pedestrian,Hit pedestrian,153.046685165975,-26.3975644385846,Hilton Tce,,,Tewantin,Noosa Shire,4565,Noosa Heads,Sunshine Coast,North Coast,SEQ North,North Coast,Noosaville,Noosa,Sunshine Coast,Major Cities,Noosa,Wide Bay,Locally-controlled,No Roadway Feature,Pedestrian crossing sign,60 km/h,Sealed - Dry,Clear,Daylight,Straight,Level,001,Pedn: Near Side Vehicle Hit From Right,12: Pedestrian,,1,0,0,0,1,1,0,0,0,0,1,0
184009,184009,Fatal,2019,March,Saturday,9,Hit object,Single Vehicle,145.696747684013,-17.2171267332606,Gillies Range Rd,,Gillies Range Road,Gadgarra,Tablelands Region,4884,Yungaburra,Far North,Far Northern,Northern,North Queensland,Malanda - Yungaburra,Tablelands (east) - Kuranda,Cairns,Outer Regional,Hill,Kennedy,State-controlled,No Roadway Feature,No traffic control,60 km/h,Sealed - Wet,Clear,Daylight,Curved - view open,Grade,600,Vehs On Path: Other,21: Other,W,1,1,0,0,2,1,0,0,0,0,0,0
184018,184018,Fatal,2019,April,Wednesday,7,Hit object,Single Vehicle,150.402719794831,-23.0967241600283,Milman North Rd,,,Milman,Livingstone Shire,4702,North Rockhampton,Capricornia,Central,Central,Central Queensland,Rockhampton Region - North,Rockhampton,Central Queensland,Outer Regional,Mirani,Capricornia,Locally-controlled,No Roadway Feature,No traffic control,80 - 90 km/h,Sealed - Dry,Clear,Dawn/Dusk,Curved - view obscured,Crest,803,Off Path-Curve: Off Cway Rt Bend Hit Obj,19: Off Carriageway on Curve Hit Object,N,1,0,0,0,1,1,0,0,0,0,0,0
184021,184021,Fatal,2019,April,Monday,17,Hit object,Single Vehicle,152.946236090968,-27.0845124340031,King St,,Caboolture Connection Road,Caboolture,Moreton Bay Region,4510,Caboolture,Moreton,North Coast,SEQ North,North Coast,Caboolture,Caboolture,Moreton Bay - North,Major Cities,Morayfield,Longman,State-controlled,No Roadway Feature,No traffic control,60 km/h,Sealed - Dry,Clear,Daylight,Curved - view open,Level,001,Pedn: Near Side Vehicle Hit From Right,12: Pedestrian,W,1,0,0,0,1,1,0,0,0,0,1,0
184029,184029,Fatal,2019,April,Saturday,23,Hit pedestrian,Hit pedestrian,152.227236419461,-24.9651503460183,Isis Hwy,,Isis Highway (Bundaberg - Childers),South Bingera,Bundaberg Region,4670,Bundaberg,Wide Bay Burnett,North Coast,Southern,Southern Queensland,Bundaberg Region - South,Bundaberg,Wide Bay,Inner Regional,Burnett,Hinkler,State-controlled,No Roadway Feature,No traffic control,100 - 110 km/h,Sealed - Wet,Raining,Darkness - Not lighted,Straight,Level,004,Pedn: Play; Work; Stand; Lie On Cway,12: Pedestrian,S,1,0,0,0,1,1,0,0,0,0,1,0
184032,184032,Fatal,2019,April,Sunday,16,Overturned,Single Vehicle,146.686808434741,-19.4924148242916,Granitevale Rd,,,Pinnacles,Townsville City,4815,Kirwan,Townsville,Northern,Northern,North Queensland,Kelso,Townsville,Townsville,Outer Regional,Thuringowa,Kennedy,Locally-controlled,No Roadway Feature,No traffic control,0 - 50 km/h,Unsealed - Dry,Clear,Daylight,Straight,Level,705,Off Path-Straight: Out Of Control On Cway,17: Out of Control on Straight,,1,0,2,0,3,1,0,0,0,0,0,0
184035,184035,Fatal,2019,May,Tuesday,22,Hit object,Single Vehicle,152.069868283178,-26.253847341201,Burnett Hwy,,Burnett Highway (Nanango - Goomeri),Goomeri,Gympie Region,4601,Goomeri,Wide Bay Burnett,North Coast,Southern,Southern Queensland,Kilkivan,Gympie - Cooloola,Wide Bay,Outer Regional,Nanango,Wide Bay,State-controlled,No Roadway Feature,No traffic control,100 - 110 km/h,Sealed - Dry,Clear,Darkness - Not lighted,Curved - view open,Grade,804,Off Path-Curve: Off Cway Lt Bend Hit Obj,19: Off Carriageway on Curve Hit Object,N,1,0,0,0,1,1,0,0,0,0,0,0
184039,184039,Fatal,2019,May,Sunday,9,Fall from vehicle,Single Vehicle,152.799797067086,-27.4003994218961,Mount Nebo Rd,,,Mount Nebo,Moreton Bay Region,4520,Ferny Grove,North Brisbane,Brisbane,SEQ North,North Coast,Samford Valley,The Hills District,Moreton Bay - South,Inner Regional,Pine Rivers,Dickson,Locally-controlled,No Roadway Feature,No traffic control,70 km/h,Sealed - Wet,Clear,Daylight,Curved - view open,Grade,805,Off Path-Curve: Out Of Control On Cway,20: Out of Control on Curve,S,1,0,0,0,1,0,1,0,0,0,0,0
184042,184042,Fatal,2019,December,Wednesday,16,Fall from vehicle,Single Vehicle,153.064987039931,-27.390628448342,Northgate Rd,Peary St,,Northgate,Brisbane City,4013,Hendra,North Brisbane,Brisbane,SEQ North,Metropolitan,Northgate - Virginia,Nundah,Brisbane - North,Major Cities,Nudgee,Lilley,Locally-controlled,Intersection - T-Junction,Stop sign,60 km/h,Sealed - Dry,Clear,Daylight,Straight,Grade,104,Vehs Adjacent Approach: Thru-Right,01: Intersection: Adjacent Approach,,1,0,0,0,1,1,1,0,0,0,0,0
184046,184046,Fatal,2019,December,Thursday,0,Overturned,Single Vehicle,144.257177710024,-18.1713266443392,Gulf Developmental Rd,,Gulf Developmental Road (Georgetown - Mount Garnet),Mount Surprise,Etheridge Shire,4871,Mount Surprise,Far North,Far Northern,Northern,North Queensland,Croydon - Etheridge,Far North,Queensland - Outback,Very Remote,Traeger,Kennedy,State-controlled,No Roadway Feature,No traffic control,100 - 110 km/h,Sealed - Dry,Clear,Darkness - Not lighted,Straight,Crest,702,Off Path-Straight: Right Off Cway,15: Off Carriageway on Straight,W,1,0,0,0,1,1,0,0,0,0,0,0
184911,184911,Fatal,2017,September,Tuesday,20,Hit pedestrian,Hit pedestrian,153.038151022046,-27.555021046945,Lillian Ave,,,Salisbury,Brisbane City,4107,Moorooka,South Brisbane,Brisbane,SEQ South,Metropolitan,Salisbury - Nathan,Nathan,Brisbane - South,Major Cities,Toohey,Moreton,Locally-controlled,No Roadway Feature,No traffic control,60 km/h,Sealed - Dry,Clear,Darkness - Lighted,Straight,Level,004,Pedn: Play; Work; Stand; Lie On Cway,12: Pedestrian,,1,0,0,0,1,1,0,0,0,0,1,0
184965,184965,Fatal,2018,March,Friday,15,Rear-end,Multi-Vehicle,153.237381975538,-27.7513854685817,Eastern Service Rd,,,Stapylton,Gold Coast City,4207,Coomera,Gold Coast,South Eastern,SEQ South,South Coast,Ormeau - Yatala,Ormeau - Oxenford,Gold Coast,Major Cities,Coomera,Fadden,Locally-controlled,No Roadway Feature,No traffic control,80 - 90 km/h,Sealed - Dry,Clear,Daylight,Straight,Dip,301,Vehs Same Direction: Rear End,04: Rear-end,S,1,0,0,0,1,1,0,1,0,0,0,0
185002,185002,Fatal,2018,February,Tuesday,17,Overturned,Single Vehicle,139.318686136982,-16.4635863637119,Birri Rd,,,Wellesley Islands,Mornington Shire,4892,Mornington Island,Mount Isa,Northern,Northern,North Queensland,Carpentaria,Outback - North,Queensland - Outback,Very Remote,Traeger,Kennedy,Locally-controlled,No Roadway Feature,No traffic control,80 - 90 km/h,Unsealed - Dry,Clear,Dawn/Dusk,Curved - view open,Level,805,Off Path-Curve: Out Of Control On Cway,20: Out of Control on Curve,S,1,1,3,0,5,1,0,0,0,0,0,0
185058,185058,Fatal,2019,August,Saturday,20,Hit pedestrian,Hit pedestrian,150.502346756075,-23.3801091713444,Archer St,,,The Range,Rockhampton Region,4700,Rockhampton,Capricornia,Central,Central,Central Queensland,The Range - Allenstown,Rockhampton,Central Queensland,Inner Regional,Rockhampton,Capricornia,Locally-controlled,No Roadway Feature,No traffic control,60 km/h,Sealed - Dry,Clear,Darkness - Lighted,Straight,Level,001,Pedn: Near Side Vehicle Hit From Right,12: Pedestrian,U,1,0,0,0,1,1,0,0,0,0,1,0