_id,Crash_Ref_Number,Crash_Severity,Crash_Year,Crash_Month,Crash_Day_Of_Week,Crash_Hour,Crash_Nature,Crash_Type,Crash_Longitude,Crash_Latitude,Crash_Street,Crash_Street_Intersecting,State_Road_Name,Loc_Suburb,Loc_Local_Government_Area,Loc_Post_Code,Loc_Police_Division,Loc_Police_District,Loc_Police_Region,Loc_Queensland_Transport_Region,Loc_Main_Roads_Region,Loc_ABS_Statistical_Area_2,Loc_ABS_Statistical_Area_3,Loc_ABS_Statistical_Area_4,Loc_ABS_Remoteness,Loc_State_Electorate,Loc_Federal_Electorate,Crash_Controlling_Authority,Crash_Roadway_Feature,Crash_Traffic_Control,Crash_Speed_Limit,Crash_Road_Surface_Condition,Crash_Atmospheric_Condition,Crash_Lighting_Condition,Crash_Road_Horiz_Align,Crash_Road_Vert_Align,Crash_DCA_Code,Crash_DCA_Description,Crash_DCA_Group_Description,DCA_Key_Approach_Dir,Count_Casualty_Fatality,Count_Casualty_Hospitalised,Count_Casualty_MedicallyTreated,Count_Casualty_MinorInjury,Count_Casualty_Total,Count_Unit_Car,Count_Unit_Motorcycle_Moped,Count_Unit_Truck,Count_Unit_Bus,Count_Unit_Bicycle,Count_Unit_Pedestrian,Count_Unit_Other
188164,188164,Fatal,2016,May,Sunday,17,Hit object,Single Vehicle,153.476824900809,-28.1279614958905,Gold Coast Hwy,Thrower Dr,Gold Coast Highway (Broadbeach - Coolangatta),Palm Beach,Gold Coast City,4221,Palm Beach,Gold Coast,South Eastern,SEQ South,South Coast,Palm Beach,Coolangatta,Gold Coast,Major Cities,Burleigh,Mcpherson,State-controlled,Intersection - T-Junction,Operating traffic lights,60 km/h,Sealed - Dry,Clear,Dawn/Dusk,Curved - view open,Level,805,Off Path-Curve: Out Of Control On Cway,20: Out of Control on Curve,N,1,1,0,0,2,1,0,0,0,0,0,0
188241,188241,Fatal,2016,May,Thursday,8,Angle,Multi-Vehicle,145.494879691878,-17.2849297197236,Kennedy Hwy,Malanda - Atherton Rd,Kennedy Highway (Mareeba - Ravenshoe),Atherton,Tablelands Region,4883,Atherton,Far North,Far Northern,Northern,North Queensland,Atherton,Tablelands (east) - Kuranda,Cairns,Outer Regional,Hill,Kennedy,State-controlled,Intersection - T-Junction,No traffic control,80 - 90 km/h,Sealed - Dry,Clear,Daylight,Straight,Level,202,Vehs Opposite Approach: Thru-Right,03: Opposing Vehicles Turning,N,2,0,3,0,5,2,0,0,0,0,0,0
188242,188242,Fatal,2016,May,Thursday,20,Fall from vehicle,Single Vehicle,152.664813059816,-27.5751544098813,Schultzs Rd,Warrego Hwy,Warrego Highway (Ipswich - Toowoomba),Haigslea,Ipswich City,4306,Marburg,Ipswich,Southern,SEQ South,Metropolitan,Rosewood,Ipswich Hinterland,Ipswich,Inner Regional,Ipswich West,Blair,State-controlled,Intersection - Cross,Give way sign,60 km/h,Sealed - Dry,Clear,Darkness - Lighted,Straight,Level,901,Pass & Misc: Fell In/From Vehicle,21: Other,S,1,0,0,0,1,1,0,0,0,0,0,0
188275,188275,Fatal,2012,September,Friday,16,Rear-end,Multi-Vehicle,149.102098521124,-23.5840423065939,Capricorn Hwy,Rockview Rd,Capricorn Highway (Duaringa - Emerald),Bluff,Central Highlands Region,4702,Blackwater,Capricornia,Central,Central,Central Queensland,Central Highlands - East,Central Highlands (qld),Central Queensland,Outer Regional,Gregory,Flynn,State-controlled,Intersection - T-Junction,No traffic control,100 - 110 km/h,Sealed - Dry,Clear,Daylight,Curved - view open,Level,303,Vehs Same Direction: Right Rear,04: Rear-end,W,1,0,1,0,2,2,0,0,0,0,0,0
188323,188323,Fatal,2016,December,Friday,6,Hit object,Single Vehicle,153.065709019717,-27.5499694496744,South East Art Rd Ramp Xh,,South-East Arterial Road (Pacific Motorway),Upper Mount Gravatt,Brisbane City,4122,Upper Mount Gravatt,South Brisbane,Brisbane,SEQ South,Metropolitan,Salisbury - Nathan,Nathan,Brisbane - South,Major Cities,Toohey,Moreton,State-controlled,Intersection - Interchange,No traffic control,60 km/h,Sealed - Dry,Clear,Daylight,Straight,Grade,703,Off Path-Straight: Left Off Cway Hit Obj,16: Off Carriageway on Straight Hit Object,N,1,0,0,0,1,0,1,0,0,0,0,0
188342,188342,Fatal,2012,October,Wednesday,5,Angle,Multi-Vehicle,153.081867127186,-27.2235849187155,Apex Ave,Southwell St,,Kippa-ring,Moreton Bay Region,4021,Redcliffe,Moreton,North Coast,SEQ North,North Coast,Rothwell - Kippa-ring,Redcliffe,Moreton Bay - North,Major Cities,Redcliffe,Petrie,Locally-controlled,Intersection - T-Junction,No traffic control,0 - 50 km/h,Sealed - Dry,Clear,Daylight,Straight,Grade,102,Vehs Adjacent Approach: Right-Thru,01: Intersection: Adjacent Approach,E,1,0,2,0,3,2,0,0,0,0,0,0
188343,188343,Fatal,2012,October,Friday,10,Head-on,Multi-Vehicle,151.919690459503,-28.6730341907927,New England Hwy,,New England Highway (Warwick - Wallangarra),Stanthorpe,Southern Downs Region,4380,Stanthorpe,Darling Downs,Southern,Southern,Southern Queensland,Stanthorpe,Granite Belt,Darling Downs - Maranoa,Outer Regional,Southern Downs,Maranoa,State-controlled,No Roadway Feature,No traffic control,100 - 110 km/h,Sealed - Dry,Clear,Daylight,Curved - view open,Level,201,Vehs Opposite Approach: Head On,02: Head-on,N,1,1,1,0,3,1,0,1,0,0,0,0
188344,188344,Fatal,2012,October,Saturday,15,Overturned,Single Vehicle,149.529565266928,-22.1119395669468,Bruce Hwy,,Bruce Highway (St Lawrence - Mackay),Clairview,Isaac Region,4741,Saint Lawrence,Mackay,Central,Central,Central Queensland,Broadsound - Nebo,Bowen Basin - North,Mackay - Isaac - Whitsunday,Remote,Mirani,Capricornia,State-controlled,No Roadway Feature,No traffic control,100 - 110 km/h,Sealed - Dry,Clear,Daylight,Curved - view open,Grade,805,Off Path-Curve: Out Of Control On Cway,20: Out of Control on Curve,N,1,0,2,0,3,1,0,0,0,0,0,0
188401,188401,Fatal,2016,March,Friday,5,Sideswipe,Multi-Vehicle,153.019441058788,-27.2794553428864,Bruce Hwy,,Bruce Highway (Brisbane - Gympie),Murrumba Downs,Moreton Bay Region,4503,Mango Hill North Lakes,Moreton,North Coast,SEQ North,North Coast,Murrumba Downs - Griffin,North Lakes,Moreton Bay - South,Major Cities,Murrumba,Dickson,State-controlled,No Roadway Feature,No traffic control,100 - 110 km/h,Sealed - Wet,Clear,Dawn/Dusk,Straight,Level,306,Vehs Same Direction: Lane Change Right,05: Lane Change,N,1,0,2,0,3,4,1,0,0,0,0,0
188508,188508,Fatal,2016,July,Monday,5,Hit object,Single Vehicle,147.775077317908,-19.907426911378,Bruce Hwy,,Bruce Highway (Bowen - Ayr),Guthalungra,Whitsunday Region,4805,Bowen,Mackay,Central,Central,Central Queensland,Collinsville,Bowen Basin - North,Mackay - Isaac - Whitsunday,Outer Regional,Burdekin,Dawson,State-controlled,No Roadway Feature,No traffic control,100 - 110 km/h,Sealed - Dry,Clear,Darkness - Not lighted,Curved - view open,Level,803,Off Path-Curve: Off Cway Rt Bend Hit Obj,19: Off Carriageway on Curve Hit Object,N,1,0,0,0,1,1,0,0,0,0,0,0
188509,188509,Fatal,2016,July,Monday,14,Hit pedestrian,Hit pedestrian,147.412476374195,-19.5730278801605,Airdmillan Rd,,,Ayr,Burdekin Shire,4807,Ayr,Townsville,Northern,Northern,North Queensland,Ayr,Charters Towers - Ayr - Ingham,Townsville,Outer Regional,Burdekin,Dawson,Locally-controlled,No Roadway Feature,No traffic control,0 - 50 km/h,Sealed - Dry,Clear,Daylight,Straight,Level,000,Pedn: Hit Other,21: Other,N,1,0,0,0,1,1,0,0,0,0,1,0
188540,188540,Fatal,2016,December,Friday,17,Head-on,Multi-Vehicle,148.702401441999,-28.0828700528282,Buckinbah Rd,,,St George,Balonne Shire,4487,Saint George,South West,Southern,Southern,Southern Queensland,Balonne,Darling Downs (west) - Maranoa,Darling Downs - Maranoa,Remote,Warrego,Maranoa,Locally-controlled,No Roadway Feature,No traffic control,100 - 110 km/h,Sealed - Dry,Clear,Daylight,Curved - view open,Level,201,Vehs Opposite Approach: Head On,02: Head-on,W,2,1,0,0,3,2,0,0,0,0,0,0
188542,188542,Fatal,2016,December,Saturday,13,Hit object,Single Vehicle,152.691452223392,-26.2244404017633,Bruce Hwy,,Cooroy - Gympie Road,Glanmire,Gympie Region,4570,Gympie,Wide Bay Burnett,North Coast,Southern,Southern Queensland,Gympie - North,Gympie - Cooloola,Wide Bay,Inner Regional,Gympie,Wide Bay,State-controlled,No Roadway Feature,No traffic control,70 km/h,Sealed - Dry,Clear,Daylight,Curved - view open,Grade,201,Vehs Opposite Approach: Head On,02: Head-on,N,1,1,0,0,2,1,0,1,0,0,0,0
188543,188543,Fatal,2016,December,Sunday,11,Head-on,Multi-Vehicle,151.978810240017,-26.6954803359519,D'Aguilar Hwy,,D'Aguilar Highway (Yarraman - Kingaroy),South Nanango,South Burnett Region,4615,Nanango,Darling Downs,Southern,Southern,Southern Queensland,Nanango,Burnett,Wide Bay,Inner Regional,Nanango,Maranoa,State-controlled,No Roadway Feature,No traffic control,100 - 110 km/h,Sealed - Dry,Clear,Daylight,Straight,Grade,201,Vehs Opposite Approach: Head On,02: Head-on,S,1,1,0,0,2,1,0,1,0,0,0,0
188633,188633,Fatal,2016,December,Wednesday,22,Hit object,Single Vehicle,151.955564141959,-27.5322643403415,New England Hwy,,New England Highway (Yarraman - Toowoomba),Harlaxton,Toowoomba Region,4350,Toowoomba,Darling Downs,Southern,Southern,Southern Queensland,North Toowoomba - Harlaxton,Toowoomba,Toowoomba,Inner Regional,Toowoomba North,Groom,State-controlled,No Roadway Feature,No traffic control,60 km/h,Sealed - Dry,Clear,Darkness - Lighted,Curved - view open,Level,803,Off Path-Curve: Off Cway Rt Bend Hit Obj,19: Off Carriageway on Curve Hit Object,N,1,0,0,0,1,0,1,0,0,0,0,0
188749,188749,Fatal,2012,October,Wednesday,9,Head-on,Multi-Vehicle,153.010832811919,-26.6131770317148,Bli Bli Rd,,Nambour - Bli Bli Road,Bli Bli,Sunshine Coast Region,4560,Nambour,Sunshine Coast,North Coast,SEQ North,North Coast,Bli Bli,Nambour,Sunshine Coast,Major Cities,Ninderry,Fairfax,State-controlled,No Roadway Feature,No traffic control,80 - 90 km/h,Sealed - Dry,Clear,Daylight,Curved - view open,Level,201,Vehs Opposite Approach: Head On,02: Head-on,W,1,1,0,0,2,2,0,0,0,0,0,0
188751,188751,Fatal,2012,October,Thursday,17,Hit object,Single Vehicle,153.100375898688,-26.5489289881973,Maroochydore - Noosa Rd,,Maroochydore - Noosa Road,Point Arkwright,Sunshine Coast Region,4573,Coolum,Sunshine Coast,North Coast,SEQ North,North Coast,Coolum Beach,Maroochy,Sunshine Coast,Major Cities,Maroochydore,Fairfax,State-controlled,No Roadway Feature,No traffic control,60 km/h,Sealed - Dry,Clear,Daylight,Curved - view obscured,Grade,803,Off Path-Curve: Off Cway Rt Bend Hit Obj,19: Off Carriageway on Curve Hit Object,S,1,0,0,0,1,0,1,0,0,0,0,0
188794,188794,Fatal,2012,October,Wednesday,13,Fall from vehicle,Single Vehicle,148.081045796109,-23.6049486244836,Selma Rd,,Selma Road,The Gemfields,Central Highlands Region,4702,Emerald,Capricornia,Central,Central,Central Queensland,Central Highlands - West,Central Highlands (qld),Central Queensland,Remote,Gregory,Flynn,State-controlled,Bridge/Causeway,No traffic control,100 - 110 km/h,Sealed - Dry,Clear,Daylight,Curved - view open,Dip,805,Off Path-Curve: Out Of Control On Cway,20: Out of Control on Curve,S,1,0,0,0,1,0,1,0,0,0,0,0
189037,189037,Fatal,2017,June,Wednesday,10,Hit pedestrian,Hit pedestrian,153.024488034398,-27.4688534448924,Adelaide St,Albert St,,Brisbane City,Brisbane City,4000,Brisbane City,North Brisbane,Brisbane,SEQ North,Metropolitan,Brisbane City,Brisbane Inner,Brisbane Inner City,Major Cities,Mcconnel,Brisbane,Locally-controlled,Intersection - T-Junction,Operating traffic lights,0 - 50 km/h,Sealed - Dry,Clear,Daylight,Straight,Level,003,Pedn: Far Side Vehicle Hit From Left,12: Pedestrian,U,1,0,0,0,1,0,0,1,1,0,1,0
189063,189063,Fatal,2016,June,Thursday,12,Angle,Multi-Vehicle,151.932283140827,-27.5625283383418,Anzac Ave,Hursley Rd,,Newtown,Toowoomba Region,4350,Toowoomba,Darling Downs,Southern,Southern,Southern Queensland,Newtown (qld),Toowoomba,Toowoomba,Inner Regional,Toowoomba North,Groom,Locally-controlled,Intersection - Roundabout,Give way sign,60 km/h,Sealed - Dry,Clear,Daylight,Straight,Level,100,Vehs Adjacent Approach: Other,01: Intersection: Adjacent Approach,N,1,0,0,0,1,1,0,0,0,1,0,0
189179,189179,Fatal,2016,December,Thursday,14,Head-on,Multi-Vehicle,146.771205400235,-19.8309346334487,Flinders Hwy,,Flinders Highway (Townsville - Charters Towers),Ravenswood,Charters Towers Region,4816,Ravenswood,Townsville,Northern,Northern,North Queensland,Dalrymple,Charters Towers - Ayr - Ingham,Townsville,Remote,Traeger,Kennedy,State-controlled,No Roadway Feature,No traffic control,100 - 110 km/h,Sealed - Dry,Clear,Daylight,Straight,Level,201,Vehs Opposite Approach: Head On,02: Head-on,W,1,0,1,0,2,1,0,1,0,0,0,0
189180,189180,Fatal,2016,December,Wednesday,18,Fall from vehicle,Single Vehicle,149.151665096282,-21.1484168345634,Glenella Connection Rd,,Glenella Connection Road,West Mackay,Mackay Region,4740,Mackay,Mackay,Central,Central,Central Queensland,Ooralea - Bakers Creek,Mackay,Mackay - Isaac - Whitsunday,Inner Regional,Mackay,Dawson,State-controlled,No Roadway Feature,No traffic control,80 - 90 km/h,Sealed - Dry,Clear,Dawn/Dusk,Curved - view open,Level,804,Off Path-Curve: Off Cway Lt Bend Hit Obj,19: Off Carriageway on Curve Hit Object,S,1,0,0,0,1,0,1,0,0,0,0,0
189342,189342,Fatal,2016,November,Tuesday,10,Hit object,Single Vehicle,152.778767194559,-26.3876774117371,Old Bruce Hwy,,Cooroy - Gympie Road,Federal,Noosa Shire,4568,Pomona,Sunshine Coast,North Coast,SEQ North,North Coast,Noosa Hinterland,Noosa Hinterland,Sunshine Coast,Inner Regional,Nicklin,Wide Bay,State-controlled,No Roadway Feature,No traffic control,80 - 90 km/h,Sealed - Dry,Raining,Daylight,Curved - view open,Level,803,Off Path-Curve: Off Cway Rt Bend Hit Obj,19: Off Carriageway on Curve Hit Object,S,1,0,0,0,1,1,0,0,0,0,0,0
189343,189343,Fatal,2016,November,Saturday,6,Overturned,Single Vehicle,145.620802682542,-17.3008116286441,Lake Barrine Rd,,Malanda - Lake Barrine Road,Lake Eacham,Tablelands Region,4884,Yungaburra,Far North,Far Northern,Northern,North Queensland,Malanda - Yungaburra,Tablelands (east) - Kuranda,Cairns,Outer Regional,Hill,Kennedy,State-controlled,No Roadway Feature,No traffic control,100 - 110 km/h,Sealed - Dry,Clear,Dawn/Dusk,Curved - view open,Level,803,Off Path-Curve: Off Cway Rt Bend Hit Obj,19: Off Carriageway on Curve Hit Object,N,1,1,0,0,2,1,0,0,0,0,0,0
189433,189433,Fatal,2016,September,Thursday,12,Hit pedestrian,Hit pedestrian,153.097425056945,-27.2282824503184,Ashmole Rd,Redcliffe Rd,Redcliffe Road,Redcliffe,Moreton Bay Region,4020,Redcliffe,Moreton,North Coast,SEQ North,North Coast,Redcliffe,Redcliffe,Moreton Bay - North,Major Cities,Redcliffe,Petrie,State-controlled,Intersection - Cross,Operating traffic lights,60 km/h,Sealed - Wet,Clear,Daylight,Straight,Grade,003,Pedn: Far Side Vehicle Hit From Left,12: Pedestrian,E,1,0,0,0,1,1,0,0,0,0,1,0
189434,189434,Fatal,2016,September,Thursday,19,Hit object,Single Vehicle,152.984854048305,-27.3921664403105,Everton Park - Albany Creek Rd,,Everton Park - Albany Creek Road,Everton Park,Brisbane City,4053,Albany Creek,North Brisbane,Brisbane,SEQ North,Metropolitan,Everton Park,Bald Hills - Everton Park,Brisbane - North,Major Cities,Everton,Lilley,State-controlled,No Roadway Feature,No traffic control,60 km/h,Sealed - Dry,Clear,Darkness - Lighted,Curved - view open,Grade,201,Vehs Opposite Approach: Head On,02: Head-on,N,1,0,1,0,2,2,0,0,0,0,0,0
189435,189435,Fatal,2016,September,Thursday,20,Overturned,Single Vehicle,146.304507407948,-20.1687768017581,Bluff Rd,,,Broughton,Charters Towers Region,4820,Charters Towers,Townsville,Northern,Northern,North Queensland,Dalrymple,Charters Towers - Ayr - Ingham,Townsville,Outer Regional,Traeger,Kennedy,Locally-controlled,No Roadway Feature,No traffic control,60 km/h,Sealed - Dry,Clear,Darkness - Not lighted,Curved - view open,Level,801,Off Path-Curve: Off Cway Right Bend,18: Off Carriageway on Curve,S,1,1,0,0,2,1,0,0,0,0,0,0
189438,189438,Fatal,2013,October,Monday,9,Fall from vehicle,Single Vehicle,146.799845076419,-19.814859278461,Flinders Hwy,,Flinders Highway (Townsville - Charters Towers),Ravenswood,Charters Towers Region,4816,Ravenswood,Townsville,Northern,Northern,North Queensland,Dalrymple,Charters Towers - Ayr - Ingham,Townsville,Remote,Traeger,Kennedy,State-controlled,No Roadway Feature,No traffic control,60 km/h,Sealed - Dry,Clear,Daylight,Straight,Level,202,Vehs Opposite Approach: Thru-Right,03: Opposing Vehicles Turning,W,1,0,0,0,1,0,1,1,0,0,0,0
189439,189439,Fatal,2013,October,Thursday,13,Hit object,Single Vehicle,152.979112479803,-27.8128600170539,Cusack La,,,Riverbend,Logan City,4280,Jimboomba,Logan,South Eastern,SEQ South,South Coast,Jimboomba,Jimboomba,Logan - Beaudesert,Inner Regional,Logan,Wright,Locally-controlled,No Roadway Feature,No traffic control,80 - 90 km/h,Sealed - Dry,Clear,Daylight,Curved - view open,Level,803,Off Path-Curve: Off Cway Rt Bend Hit Obj,19: Off Carriageway on Curve Hit Object,W,1,0,0,0,1,1,0,0,0,0,0,0
189440,189440,Fatal,2013,October,Saturday,20,Head-on,Multi-Vehicle,152.851125212827,-27.3105056312967,Mt Samson Rd,,,Mount Samson,Moreton Bay Region,4520,Dayboro,Moreton,North Coast,SEQ North,North Coast,Dayboro,The Hills District,Moreton Bay - South,Inner Regional,Pine Rivers,Dickson,Locally-controlled,No Roadway Feature,No traffic control,100 - 110 km/h,Sealed - Dry,Clear,Darkness - Not lighted,Curved - view open,Level,201,Vehs Opposite Approach: Head On,02: Head-on,S,1,1,2,0,4,2,0,0,0,0,0,0
189441,189441,Fatal,2013,October,Sunday,9,Hit object,Single Vehicle,152.768865901391,-27.1272456656562,Brisbane - Woodford Rd,Brockhurst Rd,Brisbane - Woodford Road,Ocean View,Moreton Bay Region,4521,Dayboro,Moreton,North Coast,SEQ North,North Coast,Dayboro,The Hills District,Moreton Bay - South,Inner Regional,Glass House,Dickson,State-controlled,Intersection - T-Junction,No traffic control,80 - 90 km/h,Sealed - Dry,Clear,Daylight,Curved - view open,Grade,804,Off Path-Curve: Off Cway Lt Bend Hit Obj,19: Off Carriageway on Curve Hit Object,E,1,0,0,0,1,0,1,0,0,0,0,0
189442,189442,Fatal,2013,October,Monday,17,Sideswipe,Multi-Vehicle,153.107424893443,-27.5009104004844,Old Cleveland Rd,,,Carindale,Brisbane City,4152,Carina,South Brisbane,Brisbane,SEQ South,Metropolitan,Carindale,Carindale,Brisbane - South,Major Cities,Chatsworth,Bonner,Locally-controlled,No Roadway Feature,No traffic control,70 km/h,Sealed - Dry,Clear,Daylight,Straight,Level,305,Vehs Same Direction: Lane Side Swipe,05: Lane Change,E,1,0,0,0,1,0,0,1,0,1,0,0
189656,189656,Fatal,2013,October,Tuesday,7,Head-on,Multi-Vehicle,148.265628326175,-20.1370340285897,Bruce Hwy,,Bruce Highway (Proserpine - Bowen),Bowen,Whitsunday Region,4805,Bowen,Mackay,Central,Central,Central Queensland,Collinsville,Bowen Basin - North,Mackay - Isaac - Whitsunday,Outer Regional,Burdekin,Dawson,State-controlled,No Roadway Feature,No traffic control,100 - 110 km/h,Sealed - Dry,Clear,Daylight,Curved - view open,Level,501,Vehs Overtaking: Head On,02: Head-on,N,1,1,0,0,2,1,0,1,0,0,0,0
189657,189657,Fatal,2013,October,Sunday,4,Hit parked vehicle,Single Vehicle,152.921151406738,-26.4385637803362,Bruce Hwy,,Bruce Highway (Brisbane - Gympie),Cooroy,Noosa Shire,4563,Cooroy,Sunshine Coast,North Coast,SEQ North,North Coast,Noosa Hinterland,Noosa Hinterland,Sunshine Coast,Inner Regional,Noosa,Wide Bay,State-controlled,No Roadway Feature,No traffic control,100 - 110 km/h,Sealed - Dry,Clear,Dawn/Dusk,Straight,Crest,000,Pedn: Hit Other,21: Other,N,1,1,1,0,3,2,0,0,0,0,2,0
189658,189658,Fatal,2013,October,Sunday,2,Hit animal,Other,151.813615317935,-27.5027481204979,Warrego Hwy,,Warrego Highway (Toowoomba - Dalby),Kingsthorpe,Toowoomba Region,4400,Oakey,Darling Downs,Southern,Southern,Southern Queensland,Jondaryan,Darling Downs - East,Darling Downs - Maranoa,Inner Regional,Condamine,Groom,State-controlled,No Roadway Feature,No traffic control,80 - 90 km/h,Sealed - Dry,Clear,Darkness - Not lighted,Straight,Grade,609,Pass & Misc: Hit Animal,14: Hit Animal,W,1,2,0,0,3,1,0,0,0,0,0,1
189854,189854,Fatal,2013,October,Sunday,0,Hit object,Single Vehicle,148.097323787312,-24.0911592887428,Gregory Hwy,,Gregory Highway (Springsure - Emerald),Springsure,Central Highlands Region,4722,Springsure,Capricornia,Central,Central,Central Queensland,Central Highlands - West,Central Highlands (qld),Central Queensland,Remote,Gregory,Flynn,State-controlled,No Roadway Feature,No traffic control,100 - 110 km/h,Sealed - Dry,Clear,Darkness - Not lighted,Curved - view obscured,Level,804,Off Path-Curve: Off Cway Lt Bend Hit Obj,19: Off Carriageway on Curve Hit Object,S,1,0,0,0,1,1,0,0,0,0,0,0
189866,189866,Fatal,2019,February,Thursday,20,Angle,Multi-Vehicle,145.764296701539,-16.9307057355739,Scott St,,,Bungalow,Cairns Region,4870,Cairns,Far North,Far Northern,Northern,North Queensland,Westcourt - Bungalow,Cairns - South,Cairns,Outer Regional,Cairns,Leichhardt,Locally-controlled,No Roadway Feature,No traffic control,60 km/h,Sealed - Dry,Clear,Darkness - Lighted,Straight,Level,408,Vehs Manoeuvring: Entering From Footway,08: Vehicle Leaving Driveway,S,1,0,0,0,1,1,0,0,0,1,0,0
189921,189921,Fatal,2013,September,Friday,22,Hit object,Single Vehicle,153.096776527964,-27.5610824458877,Delavan St,,,Wishart,Brisbane City,4122,Upper Mount Gravatt,South Brisbane,Brisbane,SEQ South,Metropolitan,Wishart,Mt Gravatt,Brisbane - South,Major Cities,Mansfield,Bonner,Locally-controlled,No Roadway Feature,No traffic control,0 - 50 km/h,Sealed - Dry,Clear,Darkness - Lighted,Straight,Grade,703,Off Path-Straight: Left Off Cway Hit Obj,16: Off Carriageway on Straight Hit Object,E,1,0,0,0,1,1,0,0,0,0,0,0
189922,189922,Fatal,2013,September,Monday,8,Head-on,Multi-Vehicle,151.942332461774,-27.6200138537594,New England Hwy,,New England Highway (Toowoomba - Warwick),Kearneys Spring,Toowoomba Region,4350,Toowoomba,Darling Downs,Southern,Southern,Southern Queensland,Darling Heights,Toowoomba,Toowoomba,Inner Regional,Condamine,Groom,State-controlled,No Roadway Feature,No traffic control,80 - 90 km/h,Sealed - Wet,Raining,Daylight,Curved - view obscured,Grade,201,Vehs Opposite Approach: Head On,02: Head-on,N,2,3,0,0,5,1,0,0,0,0,0,1
189923,189923,Fatal,2013,September,Friday,22,Hit animal,Other,146.392900028951,-20.012619163922,Flinders Hwy,,Flinders Highway (Townsville - Charters Towers),Breddan,Charters Towers Region,4820,Charters Towers,Townsville,Northern,Northern,North Queensland,Dalrymple,Charters Towers - Ayr - Ingham,Townsville,Outer Regional,Traeger,Kennedy,State-controlled,No Roadway Feature,No traffic control,100 - 110 km/h,Sealed - Dry,Clear,Darkness - Not lighted,Straight,Grade,609,Pass & Misc: Hit Animal,14: Hit Animal,W,1,0,0,0,1,0,1,0,0,0,0,1
189924,189924,Fatal,2013,September,Saturday,7,Angle,Multi-Vehicle,145.614591658544,-17.266522940917,Gillies Range Rd,Wrights Creek Rd,Gillies Range Road,Lake Barrine,Tablelands Region,4884,Yungaburra,Far North,Far Northern,Northern,North Queensland,Malanda - Yungaburra,Tablelands (east) - Kuranda,Cairns,Outer Regional,Hill,Kennedy,State-controlled,Intersection - Cross,Give way sign,100 - 110 km/h,Sealed - Dry,Clear,Daylight,Curved - view obscured,Crest,104,Vehs Adjacent Approach: Thru-Right,01: Intersection: Adjacent Approach,W,1,0,0,1,2,1,1,0,0,0,0,0
189925,189925,Fatal,2013,September,Saturday,20,Hit pedestrian,Hit pedestrian,152.7925224462,-27.6135425818553,Ipswich - Cunningham Hwy Connection Rd,,Ipswich - Cunningham Hwy Connection Road,Booval,Ipswich City,4304,Booval,Ipswich,Southern,SEQ South,Metropolitan,Ipswich - East,Ipswich Inner,Ipswich,Major Cities,Ipswich,Blair,State-controlled,No Roadway Feature,No traffic control,60 km/h,Sealed - Dry,Clear,Darkness - Lighted,Straight,Level,000,Pedn: Hit Other,21: Other,E,1,0,0,0,1,1,0,0,0,0,1,0
189926,189926,Fatal,2013,September,Sunday,10,Angle,Multi-Vehicle,152.981645806879,-27.2549906239023,Narangba Rd,Redcliffe Rd,Redcliffe Road,Kallangur,Moreton Bay Region,4503,Petrie,Moreton,North Coast,SEQ North,North Coast,Dakabin - Kallangur,North Lakes,Moreton Bay - South,Major Cities,Murrumba,Dickson,State-controlled,Intersection - Cross,Operating traffic lights,60 km/h,Sealed - Dry,Clear,Daylight,Straight,Level,408,Vehs Manoeuvring: Entering From Footway,08: Vehicle Leaving Driveway,S,1,0,1,0,2,0,0,1,0,1,0,0
189927,189927,Fatal,2013,September,Sunday,19,Hit object,Single Vehicle,153.046227545627,-27.7172436780357,Rosia Rd,,,Park Ridge,Logan City,4125,Browns Plains,Logan,South Eastern,SEQ South,South Coast,Boronia Heights - Park Ridge,Browns Plains,Logan - Beaudesert,Major Cities,Logan,Forde,Locally-controlled,No Roadway Feature,No traffic control,80 - 90 km/h,Sealed - Dry,Clear,Darkness - Not lighted,Straight,Level,705,Off Path-Straight: Out Of Control On Cway,17: Out of Control on Straight,W,1,1,0,0,2,1,0,0,0,0,0,0
189965,189965,Fatal,2013,September,Saturday,21,Fall from vehicle,Single Vehicle,153.148731839081,-27.7049100262578,Old Logan Village Rd,,,Waterford,Logan City,4133,Beenleigh,Logan,South Eastern,SEQ South,South Coast,Bethania - Waterford,Loganlea - Carbrook,Logan - Beaudesert,Major Cities,Waterford,Forde,Locally-controlled,No Roadway Feature,No traffic control,60 km/h,Sealed - Dry,Clear,Darkness - Not lighted,Straight,Level,901,Pass & Misc: Fell In/From Vehicle,21: Other,N,1,0,0,0,1,1,0,0,0,0,0,0
190056,190056,Fatal,2020,November,Friday,21,Head-on,Multi-Vehicle,148.587145186475,-20.6684519833537,Bruce Hwy,,Bruce Highway (Mackay - Proserpine),Bloomsbury,Mackay Region,4799,Proserpine,Mackay,Central,Central,Central Queensland,Seaforth - Calen,Mackay,Mackay - Isaac - Whitsunday,Outer Regional,Whitsunday,Dawson,State-controlled,No Roadway Feature,No traffic control,100 - 110 km/h,Sealed - Dry,Clear,Darkness - Not lighted,Straight,Crest,201,Vehs Opposite Approach: Head On,02: Head-on,N,1,1,0,0,2,1,0,1,0,0,0,0