_id,Crash_Ref_Number,Crash_Severity,Crash_Year,Crash_Month,Crash_Day_Of_Week,Crash_Hour,Crash_Nature,Crash_Type,Crash_Longitude,Crash_Latitude,Crash_Street,Crash_Street_Intersecting,State_Road_Name,Loc_Suburb,Loc_Local_Government_Area,Loc_Post_Code,Loc_Police_Division,Loc_Police_District,Loc_Police_Region,Loc_Queensland_Transport_Region,Loc_Main_Roads_Region,Loc_ABS_Statistical_Area_2,Loc_ABS_Statistical_Area_3,Loc_ABS_Statistical_Area_4,Loc_ABS_Remoteness,Loc_State_Electorate,Loc_Federal_Electorate,Crash_Controlling_Authority,Crash_Roadway_Feature,Crash_Traffic_Control,Crash_Speed_Limit,Crash_Road_Surface_Condition,Crash_Atmospheric_Condition,Crash_Lighting_Condition,Crash_Road_Horiz_Align,Crash_Road_Vert_Align,Crash_DCA_Code,Crash_DCA_Description,Crash_DCA_Group_Description,DCA_Key_Approach_Dir,Count_Casualty_Fatality,Count_Casualty_Hospitalised,Count_Casualty_MedicallyTreated,Count_Casualty_MinorInjury,Count_Casualty_Total,Count_Unit_Car,Count_Unit_Motorcycle_Moped,Count_Unit_Truck,Count_Unit_Bus,Count_Unit_Bicycle,Count_Unit_Pedestrian,Count_Unit_Other
190078,190078,Fatal,2016,November,Tuesday,5,Sideswipe,Multi-Vehicle,152.995519974888,-27.9634388458815,Mt Lindesay Hwy,,Mount Lindesay Highway (Brisbane - Beaudesert),Beaudesert,Scenic Rim Region,4285,Beaudesert,Logan,South Eastern,SEQ South,South Coast,Beaudesert,Beaudesert,Logan - Beaudesert,Inner Regional,Scenic Rim,Wright,State-controlled,Bridge/Causeway,No traffic control,100 - 110 km/h,Sealed - Dry,Clear,Daylight,Curved - view open,Level,305,Vehs Same Direction: Lane Side Swipe,05: Lane Change,N,1,0,0,0,1,0,0,1,0,1,0,0
190345,190345,Fatal,2013,September,Tuesday,9,Head-on,Multi-Vehicle,151.803358424684,-27.4974602324759,Warrego Hwy,,Warrego Highway (Toowoomba - Dalby),Kingsthorpe,Toowoomba Region,4400,Oakey,Darling Downs,Southern,Southern,Southern Queensland,Jondaryan,Darling Downs - East,Darling Downs - Maranoa,Inner Regional,Condamine,Groom,State-controlled,No Roadway Feature,No traffic control,100 - 110 km/h,Sealed - Dry,Clear,Daylight,Straight,Level,201,Vehs Opposite Approach: Head On,02: Head-on,E,1,0,1,0,2,1,0,1,0,0,0,0
190346,190346,Fatal,2013,September,Wednesday,7,Rear-end,Multi-Vehicle,152.639310268658,-25.6372684268655,Bruce Hwy,Old Gympie Rd,Bruce Highway (Gympie - Maryborough),Glenorchy,Fraser Coast Region,4650,Maryborough,Wide Bay Burnett,North Coast,Southern,Southern Queensland,Maryborough Region - South,Maryborough,Wide Bay,Inner Regional,Maryborough,Wide Bay,State-controlled,Intersection - T-Junction,No traffic control,100 - 110 km/h,Sealed - Dry,Clear,Daylight,Straight,Level,303,Vehs Same Direction: Right Rear,04: Rear-end,S,2,0,0,0,2,2,0,1,0,0,0,0
190347,190347,Fatal,2013,September,Thursday,16,Head-on,Multi-Vehicle,151.334869492432,-26.9963091161878,Bunya Hwy,,Bunya Highway (Dalby - Kingaroy),Kaimkillenbun,Western Downs Region,4406,Bell,South West,Southern,Southern,Southern Queensland,Wambo,Darling Downs - East,Darling Downs - Maranoa,Outer Regional,Warrego,Maranoa,State-controlled,No Roadway Feature,No traffic control,100 - 110 km/h,Sealed - Dry,Clear,Daylight,Straight,Level,201,Vehs Opposite Approach: Head On,02: Head-on,N,1,2,0,0,3,2,0,0,0,0,0,0
190348,190348,Fatal,2013,September,Thursday,14,Hit pedestrian,Hit pedestrian,151.954488458756,-27.4356509494772,Charmaine Ct,,,Kleinton,Toowoomba Region,4352,Highfields,Darling Downs,Southern,Southern,Southern Queensland,Highfields,Toowoomba,Toowoomba,Inner Regional,Toowoomba North,Groom,Locally-controlled,No Roadway Feature,No traffic control,0 - 50 km/h,Sealed - Dry,Clear,Daylight,Straight,Level,003,Pedn: Far Side Vehicle Hit From Left,12: Pedestrian,W,1,0,0,0,1,0,0,0,0,0,1,1
190361,190361,Fatal,2016,December,Saturday,0,Hit pedestrian,Hit pedestrian,151.978538130724,-27.6043623431191,Flagstone Creek Rd,,,Middle Ridge,Toowoomba Region,4350,Toowoomba,Darling Downs,Southern,Southern,Southern Queensland,Middle Ridge,Toowoomba,Toowoomba,Inner Regional,Toowoomba South,Groom,Locally-controlled,No Roadway Feature,No traffic control,60 km/h,Sealed - Dry,Clear,Darkness - Not lighted,Straight,Dip,000,Pedn: Hit Other,21: Other,E,1,0,0,0,1,1,0,0,0,0,1,0
190651,190651,Fatal,2016,December,Sunday,10,Fall from vehicle,Single Vehicle,152.719725005631,-27.9600154183478,Ipswich - Boonah Rd,,Ipswich - Boonah Road,Coulson,Scenic Rim Region,4310,Kalbar,Ipswich,Southern,SEQ South,South Coast,Boonah,Ipswich Hinterland,Ipswich,Inner Regional,Scenic Rim,Wright,State-controlled,No Roadway Feature,No traffic control,100 - 110 km/h,Sealed - Dry,Clear,Daylight,Straight,Level,900,Pass & Misc: Other,21: Other,S,1,0,0,0,1,1,1,0,0,0,0,0
190714,190714,Fatal,2014,April,Wednesday,19,Hit object,Single Vehicle,149.61456820744,-27.3048168443299,Glenearn Rd,,,Glenmorgan,Western Downs Region,4423,Meandarra,South West,Southern,Southern,Southern Queensland,Tara,Darling Downs (west) - Maranoa,Darling Downs - Maranoa,Remote,Warrego,Maranoa,Locally-controlled,No Roadway Feature,No traffic control,100 - 110 km/h,Sealed - Dry,Clear,Darkness - Not lighted,Curved - view obscured,Level,607,Vehs On Path: Temporary Object On Cway,21: Other,S,1,0,0,0,1,1,0,0,0,0,0,0
190715,190715,Fatal,2014,April,Thursday,9,Hit pedestrian,Hit pedestrian,152.997394776428,-27.9890117102701,Beaudesert - Nerang Rd,,Beaudesert - Nerang Road,Beaudesert,Scenic Rim Region,4285,Beaudesert,Logan,South Eastern,SEQ South,South Coast,Beaudesert,Beaudesert,Logan - Beaudesert,Inner Regional,Scenic Rim,Wright,State-controlled,No Roadway Feature,No traffic control,60 km/h,Sealed - Dry,Clear,Daylight,Straight,Grade,001,Pedn: Near Side Vehicle Hit From Right,12: Pedestrian,E,1,0,0,0,1,1,0,0,0,0,1,0
190716,190716,Fatal,2014,April,Sunday,17,Angle,Multi-Vehicle,146.735989305101,-19.2996860833372,Burnda St,Garbutt - Upper Ross Rd,Garbutt - Upper Ross Road,Kirwan,Townsville City,4817,Kirwan,Townsville,Northern,Northern,North Queensland,Kirwan - West,Townsville,Townsville,Outer Regional,Thuringowa,Herbert,State-controlled,Intersection - Roundabout,Give way sign,60 km/h,Sealed - Dry,Clear,Daylight,Straight,Level,104,Vehs Adjacent Approach: Thru-Right,01: Intersection: Adjacent Approach,N,1,0,0,0,1,1,1,0,0,0,0,0
190717,190717,Fatal,2014,April,Monday,8,Fall from vehicle,Single Vehicle,153.159799941104,-27.6167480406792,Stringybark Trail,,,Daisy Hill,Logan City,4127,Springwood,Logan,South Eastern,SEQ South,South Coast,Daisy Hill,Springwood - Kingston,Logan - Beaudesert,Major Cities,Springwood,Rankin,Locally-controlled,Bikeway,No traffic control,0 - 50 km/h,Unsealed - Dry,Clear,Daylight,Straight,Grade,400,Vehs Manoeuvring: Other,21: Other,S,1,0,0,0,1,0,0,0,0,1,0,0
190743,190743,Fatal,2016,November,Thursday,2,Hit object,Single Vehicle,152.891520030819,-27.6109194327013,Albert St,Audrey St,,Goodna,Ipswich City,4300,Goodna,Ipswich,Southern,SEQ South,Metropolitan,Goodna,Springfield - Redbank,Ipswich,Major Cities,Bundamba,Oxley,Locally-controlled,Intersection - T-Junction,No traffic control,60 km/h,Sealed - Dry,Clear,Darkness - Lighted,Straight,Level,703,Off Path-Straight: Left Off Cway Hit Obj,16: Off Carriageway on Straight Hit Object,S,1,0,0,0,1,1,0,0,0,0,0,0
190771,190771,Fatal,2016,March,Tuesday,15,Hit pedestrian,Hit pedestrian,148.683944213705,-20.2950151881935,Twin Creek Ct,,,Cannonvale,Whitsunday Region,4802,Whitsunday,Mackay,Central,Central,Central Queensland,Airlie - Whitsundays,Whitsunday,Mackay - Isaac - Whitsunday,Outer Regional,Whitsunday,Dawson,Locally-controlled,No Roadway Feature,No traffic control,0 - 50 km/h,Sealed - Dry,Clear,Daylight,Straight,Level,004,Pedn: Play; Work; Stand; Lie On Cway,12: Pedestrian,S,1,0,0,0,1,1,0,0,0,0,1,0
190888,190888,Fatal,2018,May,Saturday,14,Hit object,Single Vehicle,151.864786002482,-28.7565673411698,New England Hwy,,New England Highway (Warwick - Wallangarra),Fletcher,Southern Downs Region,4381,Stanthorpe,Darling Downs,Southern,Southern,Southern Queensland,Stanthorpe Region,Granite Belt,Darling Downs - Maranoa,Outer Regional,Southern Downs,Maranoa,State-controlled,No Roadway Feature,No traffic control,100 - 110 km/h,Sealed - Dry,Clear,Daylight,Straight,Level,704,Off Path-Straight: Right Off Cway Hit Obj,16: Off Carriageway on Straight Hit Object,N,1,2,0,0,3,1,0,0,0,0,0,0
190891,190891,Fatal,2018,September,Thursday,11,Hit object,Single Vehicle,150.792794283257,-27.4070902302174,Moonie Hwy,,Moonie Highway (Dalby - St George),Marmadua,Western Downs Region,4405,Tara,South West,Southern,Southern,Southern Queensland,Tara,Darling Downs (west) - Maranoa,Darling Downs - Maranoa,Outer Regional,Warrego,Maranoa,State-controlled,No Roadway Feature,No traffic control,100 - 110 km/h,Sealed - Dry,Clear,Daylight,Straight,Level,703,Off Path-Straight: Left Off Cway Hit Obj,16: Off Carriageway on Straight Hit Object,N,1,1,0,0,2,1,0,0,0,0,0,0
190895,190895,Fatal,2018,October,Monday,22,Hit object,Single Vehicle,151.965335245565,-26.6607343343786,D'Aguilar Hwy,,D'Aguilar Highway (Yarraman - Kingaroy),Nanango,South Burnett Region,4615,Nanango,Darling Downs,Southern,Southern,Southern Queensland,Nanango,Burnett,Wide Bay,Inner Regional,Nanango,Maranoa,State-controlled,No Roadway Feature,No traffic control,100 - 110 km/h,Sealed - Dry,Clear,Darkness - Not lighted,Curved - view open,Grade,803,Off Path-Curve: Off Cway Rt Bend Hit Obj,19: Off Carriageway on Curve Hit Object,W,1,0,0,0,1,1,0,0,0,0,0,0
190899,190899,Fatal,2019,January,Monday,12,Hit object,Single Vehicle,151.278438373311,-26.1757782653776,Mundubbera - Durong Rd,,Mundubbera - Durong Road,Boondooma,South Burnett Region,4613,Proston,Darling Downs,Southern,Southern,Southern Queensland,Kingaroy Region - North,Burnett,Wide Bay,Outer Regional,Nanango,Flynn,State-controlled,No Roadway Feature,No traffic control,100 - 110 km/h,Sealed - Dry,Clear,Daylight,Curved - view open,Level,803,Off Path-Curve: Off Cway Rt Bend Hit Obj,19: Off Carriageway on Curve Hit Object,S,1,2,0,0,3,1,0,0,0,0,0,0
191117,191117,Fatal,2014,May,Friday,11,Hit object,Single Vehicle,153.095697128871,-26.6557104455816,Memorial Ave,Second Ave,,Maroochydore,Sunshine Coast Region,4558,Maroochydore,Sunshine Coast,North Coast,SEQ North,North Coast,Maroochydore - Kuluin,Maroochy,Sunshine Coast,Major Cities,Maroochydore,Fairfax,Locally-controlled,Intersection - Roundabout,Give way sign,0 - 50 km/h,Sealed - Dry,Clear,Daylight,Straight,Level,000,Pedn: Hit Other,21: Other,N,1,3,0,0,4,5,0,0,0,0,2,0
191118,191118,Fatal,2014,May,Saturday,8,Sideswipe,Multi-Vehicle,153.314389933052,-27.7836086856419,Norwell Rd,,,Norwell,Gold Coast City,4208,Coomera,Gold Coast,South Eastern,SEQ South,South Coast,Jacobs Well - Alberton,Ormeau - Oxenford,Gold Coast,Major Cities,Coomera,Fadden,Locally-controlled,No Roadway Feature,No traffic control,80 - 90 km/h,Sealed - Dry,Clear,Daylight,Straight,Level,305,Vehs Same Direction: Lane Side Swipe,05: Lane Change,S,1,0,0,0,1,0,0,1,0,1,0,0
191661,191661,Fatal,2014,April,Wednesday,19,Hit pedestrian,Hit pedestrian,153.055156264703,-27.5748646828102,Station Rd,,,Sunnybank,Brisbane City,4109,Upper Mount Gravatt,South Brisbane,Brisbane,SEQ South,Metropolitan,Sunnybank,Sunnybank,Brisbane - South,Major Cities,Toohey,Moreton,Locally-controlled,No Roadway Feature,No traffic control,0 - 50 km/h,Sealed - Dry,Clear,Darkness - Lighted,Straight,Level,002,Pedn: Hit Emerging Behind Vehicle,12: Pedestrian,N,1,0,0,0,1,1,0,0,0,0,1,0
191662,191662,Fatal,2014,April,Friday,16,Sideswipe,Multi-Vehicle,146.037596924851,-17.7087840686729,Cowley Ck Rd,,,Cowley Creek,Cassowary Coast Region,4871,Mourilyan,Far North,Far Northern,Northern,North Queensland,Johnstone,Innisfail - Cassowary Coast,Cairns,Outer Regional,Hill,Kennedy,Locally-controlled,No Roadway Feature,No traffic control,100 - 110 km/h,Sealed - Wet,Clear,Daylight,Straight,Level,201,Vehs Opposite Approach: Head On,02: Head-on,W,1,0,0,0,1,1,0,1,0,0,0,0
191663,191663,Fatal,2014,April,Friday,15,Rear-end,Multi-Vehicle,151.165498647778,-28.2809088994382,Millmerran - Inglewood Rd,,Millmerran - Inglewood Road,Canning Creek,Goondiwindi Region,4357,Inglewood,Darling Downs,Southern,Southern,Southern Queensland,Inglewood - Waggamba,Darling Downs (west) - Maranoa,Darling Downs - Maranoa,Outer Regional,Southern Downs,Maranoa,State-controlled,No Roadway Feature,No traffic control,100 - 110 km/h,Sealed - Dry,Clear,Daylight,Straight,Level,301,Vehs Same Direction: Rear End,04: Rear-end,N,1,0,0,0,1,0,0,0,0,1,0,1
191752,191752,Fatal,2014,May,Friday,16,Overturned,Single Vehicle,146.257804490918,-19.5126078578551,Hervey'S Range Developmental Rd,,Hervey Range Developmental Road (Townsville - Battery),Dotswood,Charters Towers Region,4820,Rollingstone,Townsville,Northern,Northern,North Queensland,Dalrymple,Charters Towers - Ayr - Ingham,Townsville,Remote,Traeger,Kennedy,State-controlled,No Roadway Feature,No traffic control,100 - 110 km/h,Sealed - Dry,Clear,Daylight,Curved - view open,Grade,801,Off Path-Curve: Off Cway Right Bend,18: Off Carriageway on Curve,W,1,0,0,0,1,1,0,0,0,0,0,0
191848,191848,Fatal,2016,September,Sunday,13,Head-on,Multi-Vehicle,150.47020873897,-23.5688411700042,Burnett Hwy,,Burnett Highway (Mount Morgan - Rockhampton),Bouldercombe,Rockhampton Region,4702,Gracemere,Capricornia,Central,Central,Central Queensland,Bouldercombe,Rockhampton,Central Queensland,Inner Regional,Mirani,Flynn,State-controlled,No Roadway Feature,No traffic control,80 - 90 km/h,Sealed - Wet,Clear,Daylight,Curved - view open,Level,201,Vehs Opposite Approach: Head On,02: Head-on,N,1,4,0,0,5,2,0,0,0,0,0,0
191919,191919,Fatal,2014,May,Tuesday,19,Hit object,Single Vehicle,152.836964726128,-26.7730042656118,Maleny - Stanley River Rd,,Maleny - Stanley River Road,Maleny,Sunshine Coast Region,4552,Maleny,Sunshine Coast,North Coast,SEQ North,North Coast,Caloundra Hinterland,Sunshine Coast Hinterland,Sunshine Coast,Inner Regional,Glass House,Fisher,State-controlled,No Roadway Feature,No traffic control,60 km/h,Sealed - Dry,Clear,Darkness - Not lighted,Straight,Grade,704,Off Path-Straight: Right Off Cway Hit Obj,16: Off Carriageway on Straight Hit Object,S,1,0,1,0,2,1,0,0,0,0,0,0
191920,191920,Fatal,2014,May,Tuesday,13,Rear-end,Multi-Vehicle,149.041877619394,-21.1766236635249,Bergmans Rd,Peak Downs Hwy,Peak Downs Highway (Nebo - Mackay),Greenmount,Mackay Region,4751,Walkerston,Mackay,Central,Central,Central Queensland,Walkerston - Eton,Mackay,Mackay - Isaac - Whitsunday,Outer Regional,Mirani,Capricornia,State-controlled,Intersection - T-Junction,No traffic control,100 - 110 km/h,Sealed - Dry,Clear,Daylight,Straight,Level,303,Vehs Same Direction: Right Rear,04: Rear-end,E,1,1,0,0,2,1,0,1,0,0,0,0
191921,191921,Fatal,2014,May,Wednesday,17,Overturned,Single Vehicle,144.355536517523,-20.7452766720483,Kennedy Developmental Rd,,Kennedy Developmental Road (The Lynd - Hughenden),Porcupine,Flinders Shire,4821,Hughenden,Townsville,Northern,Northern,North Queensland,Northern Highlands,Outback - North,Queensland - Outback,Very Remote,Traeger,Kennedy,State-controlled,No Roadway Feature,No traffic control,100 - 110 km/h,Sealed - Dry,Clear,Dawn/Dusk,Curved - view open,Level,801,Off Path-Curve: Off Cway Right Bend,18: Off Carriageway on Curve,S,1,1,0,0,2,1,0,0,0,0,0,0
191922,191922,Fatal,2014,May,Wednesday,19,Head-on,Multi-Vehicle,153.069127010231,-27.6219604505863,Gateway Arterial Rd,,Gateway Extension Motorway (Drewvale - Eight Mile Plains),Stretton,Brisbane City,4116,Calamvale,South Brisbane,Brisbane,SEQ South,Metropolitan,Calamvale - Stretton,Rocklea - Acacia Ridge,Brisbane - South,Major Cities,Stretton,Rankin,State-controlled,No Roadway Feature,No traffic control,100 - 110 km/h,Sealed - Dry,Clear,Darkness - Not lighted,Curved - view open,Level,201,Vehs Opposite Approach: Head On,02: Head-on,S,1,0,1,0,2,1,0,1,0,0,0,0
191923,191923,Fatal,2014,May,Saturday,0,Hit object,Single Vehicle,153.335591681111,-27.9905901454229,Beaudesert - Nerang Rd,,Beaudesert - Nerang Road,Nerang,Gold Coast City,4211,Nerang,Gold Coast,South Eastern,SEQ South,South Coast,Nerang - Mount Nathan,Nerang,Gold Coast,Major Cities,Gaven,Moncrieff,State-controlled,No Roadway Feature,No traffic control,60 km/h,Sealed - Dry,Clear,Darkness - Lighted,Straight,Grade,703,Off Path-Straight: Left Off Cway Hit Obj,16: Off Carriageway on Straight Hit Object,N,2,0,0,0,2,1,0,0,0,0,0,0
191959,191959,Fatal,2014,May,Thursday,17,Head-on,Multi-Vehicle,144.737674023008,-26.628807744023,Diamantina Development Rd,,Diamantina Developmental Road (Charleville - Quilpie),Adavale,Quilpie Shire,4474,Quilpie,South West,Southern,Southern,Southern Queensland,Far South West,Outback - South,Queensland - Outback,Very Remote,Warrego,Maranoa,State-controlled,Bridge/Causeway,No traffic control,100 - 110 km/h,Sealed - Dry,Clear,Dawn/Dusk,Straight,Level,201,Vehs Opposite Approach: Head On,02: Head-on,W,4,1,0,0,5,2,0,0,0,0,0,0
191963,191963,Fatal,2014,May,Sunday,10,Hit object,Single Vehicle,153.096621985861,-27.3723335763795,Gateway Arterial Rd,,Gateway Arterial Road (Gateway Motorway - North),Nudgee,Brisbane City,4014,Hendra,North Brisbane,Brisbane,SEQ North,Metropolitan,Nudgee - Banyo,Nundah,Brisbane - North,Major Cities,Nudgee,Lilley,State-controlled,No Roadway Feature,No traffic control,80 - 90 km/h,Sealed - Dry,Clear,Daylight,Curved - view open,Level,804,Off Path-Curve: Off Cway Lt Bend Hit Obj,19: Off Carriageway on Curve Hit Object,S,1,0,0,0,1,1,0,0,0,0,0,0
192068,192068,Fatal,2014,March,Saturday,2,Hit pedestrian,Hit pedestrian,150.552148234948,-23.3674876867394,Rockonia Rd,,,Koongal,Rockhampton Region,4701,Lakes Creek,Capricornia,Central,Central,Central Queensland,Lakes Creek,Rockhampton,Central Queensland,Inner Regional,Rockhampton,Capricornia,Locally-controlled,No Roadway Feature,No traffic control,0 - 50 km/h,Sealed - Dry,Clear,Darkness - Lighted,Straight,Level,004,Pedn: Play; Work; Stand; Lie On Cway,12: Pedestrian,E,1,0,0,0,1,1,0,0,0,0,1,0
192116,192116,Fatal,2016,August,Monday,23,Angle,Multi-Vehicle,153.115804005406,-27.6202604552709,Brisbane - Beenleigh Rd,Compton Rd,Brisbane - Beenleigh Road,Underwood,Logan City,4119,Logan Central,Logan,South Eastern,SEQ South,South Coast,Underwood,Springwood - Kingston,Logan - Beaudesert,Major Cities,Woodridge,Rankin,State-controlled,Intersection - Cross,Operating traffic lights,70 km/h,Sealed - Dry,Clear,Darkness - Lighted,Straight,Level,101,Vehs Adjacent Approach: Thru-Thru,01: Intersection: Adjacent Approach,S,1,2,0,0,3,2,0,0,0,0,0,0
192349,192349,Fatal,2016,October,Friday,7,Angle,Multi-Vehicle,152.832630318655,-25.3222594084823,Maggs Hill Rd,Main St,,Nikenbah,Fraser Coast Region,4655,Hervey Bay,Wide Bay Burnett,North Coast,Southern,Southern Queensland,Booral - River Heads,Hervey Bay,Wide Bay,Inner Regional,Maryborough,Hinkler,Locally-controlled,Intersection - Cross,No traffic control,80 - 90 km/h,Sealed - Dry,Clear,Daylight,Straight,Level,506,Vehs Overtaking: Overtake-Right Turn,09: Overtaking Same Direction,N,1,0,4,0,5,2,0,0,0,0,0,0
192350,192350,Fatal,2016,October,Saturday,23,Hit pedestrian,Hit pedestrian,153.427156923061,-27.9984674898051,Ferny Ave,,,Surfers Paradise,Gold Coast City,4217,Surfers Paradise,Gold Coast,South Eastern,SEQ South,South Coast,Surfers Paradise,Surfers Paradise,Gold Coast,Major Cities,Surfers Paradise,Moncrieff,Locally-controlled,No Roadway Feature,No traffic control,60 km/h,Sealed - Dry,Clear,Darkness - Lighted,Straight,Level,003,Pedn: Far Side Vehicle Hit From Left,12: Pedestrian,N,1,0,0,0,1,1,0,0,0,0,1,0
192351,192351,Fatal,2016,October,Sunday,8,Overturned,Single Vehicle,150.887898296516,-27.2020202373295,Kumbarilla La,,,Kumbarilla,Western Downs Region,4405,Dalby,South West,Southern,Southern,Southern Queensland,Wambo,Darling Downs - East,Darling Downs - Maranoa,Outer Regional,Warrego,Maranoa,Locally-controlled,No Roadway Feature,No traffic control,100 - 110 km/h,Sealed - Dry,Clear,Daylight,Curved - view open,Level,802,Off Path-Curve: Off Cway Left Bend,18: Off Carriageway on Curve,S,1,0,0,0,1,0,0,1,0,0,0,0
192352,192352,Fatal,2016,October,Sunday,10,Hit object,Single Vehicle,152.726358193989,-26.4361604069226,Tuchekoi Rd,,Tuchekoi Road,Imbil,Gympie Region,4570,Imbil,Wide Bay Burnett,North Coast,Southern,Southern Queensland,Gympie Region,Gympie - Cooloola,Wide Bay,Inner Regional,Gympie,Wide Bay,State-controlled,No Roadway Feature,No traffic control,100 - 110 km/h,Sealed - Dry,Clear,Daylight,Curved - view open,Level,804,Off Path-Curve: Off Cway Lt Bend Hit Obj,19: Off Carriageway on Curve Hit Object,E,1,0,0,0,1,0,1,0,0,0,0,0
192405,192405,Fatal,2016,June,Friday,15,Head-on,Multi-Vehicle,147.040528409426,-19.4824468508373,Bruce Hwy,,Bruce Highway (Ayr - Townsville),Cromarty,Burdekin Shire,4809,Giru,Townsville,Northern,Northern,North Queensland,Burdekin,Charters Towers - Ayr - Ingham,Townsville,Outer Regional,Burdekin,Dawson,State-controlled,No Roadway Feature,No traffic control,100 - 110 km/h,Sealed - Dry,Clear,Daylight,Straight,Level,201,Vehs Opposite Approach: Head On,02: Head-on,N,2,1,0,0,3,2,0,0,0,0,0,0
192406,192406,Fatal,2016,June,Friday,7,Hit object,Single Vehicle,148.583965188768,-20.6464799829065,Bruce Hwy,,Bruce Highway (Mackay - Proserpine),Bloomsbury,Mackay Region,4799,Proserpine,Mackay,Central,Central,Central Queensland,Seaforth - Calen,Mackay,Mackay - Isaac - Whitsunday,Outer Regional,Whitsunday,Dawson,State-controlled,No Roadway Feature,No traffic control,100 - 110 km/h,Sealed - Dry,Clear,Daylight,Curved - view open,Level,803,Off Path-Curve: Off Cway Rt Bend Hit Obj,19: Off Carriageway on Curve Hit Object,N,1,0,0,0,1,0,0,1,0,0,0,0
192407,192407,Fatal,2016,June,Sunday,11,Angle,Multi-Vehicle,152.96814207342,-27.2062824371631,Mcphail Rd,,,Narangba,Moreton Bay Region,4504,Burpengary,Moreton,North Coast,SEQ North,North Coast,Narangba,Narangba - Burpengary,Moreton Bay - North,Major Cities,Kurwongbah,Longman,Locally-controlled,No Roadway Feature,No traffic control,80 - 90 km/h,Sealed - Dry,Clear,Daylight,Straight,Crest,506,Vehs Overtaking: Overtake-Right Turn,09: Overtaking Same Direction,E,1,0,0,0,1,1,1,0,0,0,0,0
192736,192736,Fatal,2017,March,Saturday,1,Angle,Multi-Vehicle,153.3766119322,-27.9705854844372,Griffith Wy,Olsen Av,Labrador - Carrara Road,Southport,Gold Coast City,4215,Southport,Gold Coast,South Eastern,SEQ South,South Coast,Southport - North,Southport,Gold Coast,Major Cities,Southport,Moncrieff,State-controlled,Intersection - Cross,Operating traffic lights,60 km/h,Sealed - Wet,Raining,Darkness - Lighted,Straight,Level,202,Vehs Opposite Approach: Thru-Right,03: Opposing Vehicles Turning,N,1,2,0,1,4,2,0,0,0,0,0,0
192816,192816,Fatal,2023,February,Thursday,21,Overturned,Single Vehicle,150.89383512331,-28.6816942493998,Texas - Yelarbon Rd,,Texas - Yelarbon Road,Beebo,Goondiwindi Region,4385,Yelarbon,Darling Downs,Southern,Southern,Southern Queensland,Inglewood - Waggamba,Darling Downs (west) - Maranoa,Darling Downs - Maranoa,Outer Regional,Southern Downs,Maranoa,State-controlled,No Roadway Feature,No traffic control,100 - 110 km/h,Sealed - Wet,Clear,Darkness - Not lighted,Curved - view obscured,Dip,803,Off Path-Curve: Off Cway Rt Bend Hit Obj,19: Off Carriageway on Curve Hit Object,E,1,0,0,0,1,1,0,0,0,0,0,0
192921,192921,Fatal,2018,December,Thursday,17,Rear-end,Multi-Vehicle,151.386439172331,-27.7988722883395,Gilgai La,Gore Hwy,Gore Highway (Toowoomba - Millmerran),Pampas,Toowoomba Region,4352,Millmerran,Darling Downs,Southern,Southern,Southern Queensland,Millmerran,Darling Downs - East,Darling Downs - Maranoa,Inner Regional,Southern Downs,Maranoa,State-controlled,Intersection - T-Junction,No traffic control,100 - 110 km/h,Sealed - Dry,Clear,Daylight,Straight,Level,302,Vehs Same Direction: Left Rear,04: Rear-end,S,2,1,0,0,3,0,0,2,0,0,0,0
193081,193081,Fatal,2019,August,Sunday,12,Head-on,Multi-Vehicle,142.249018264519,-11.1291764639474,Northern Bypass Rd,,,Injinoo,Northern Peninsula Area Region,4876,Bamaga,Far North,Far Northern,Northern,North Queensland,Northern Peninsula,Far North,Queensland - Outback,Very Remote,Cook,Leichhardt,Locally-controlled,No Roadway Feature,No traffic control,80 - 90 km/h,Unsealed - Dry,Smoke/Dust,Daylight,Straight,Level,201,Vehs Opposite Approach: Head On,02: Head-on,N,1,1,2,0,4,2,0,0,0,0,0,0
193084,193084,Fatal,2019,November,Wednesday,14,Hit object,Single Vehicle,146.840518407077,-19.6869898374404,Flinders Hwy,,Flinders Highway (Townsville - Charters Towers),Woodstock,Townsville City,4816,Stuart,Townsville,Northern,Northern,North Queensland,Townsville - South,Townsville,Townsville,Outer Regional,Burdekin,Kennedy,State-controlled,No Roadway Feature,No traffic control,100 - 110 km/h,Sealed - Dry,Clear,Daylight,Curved - view open,Level,804,Off Path-Curve: Off Cway Lt Bend Hit Obj,19: Off Carriageway on Curve Hit Object,N,1,0,0,0,1,0,0,1,0,0,0,0
193100,193100,Fatal,2020,April,Friday,5,Fall from vehicle,Single Vehicle,153.299890955927,-27.8513844757038,Old Coach Rd,,,Upper Coomera,Gold Coast City,4209,Coomera,Gold Coast,South Eastern,SEQ South,South Coast,Upper Coomera - Willow Vale,Ormeau - Oxenford,Gold Coast,Major Cities,Coomera,Forde,Locally-controlled,No Roadway Feature,No traffic control,60 km/h,Sealed - Dry,Clear,Darkness - Lighted,Straight,Level,900,Pass & Misc: Other,21: Other,,1,0,0,0,1,1,0,0,0,1,0,0