_id,Crash_Ref_Number,Crash_Severity,Crash_Year,Crash_Month,Crash_Day_Of_Week,Crash_Hour,Crash_Nature,Crash_Type,Crash_Longitude,Crash_Latitude,Crash_Street,Crash_Street_Intersecting,State_Road_Name,Loc_Suburb,Loc_Local_Government_Area,Loc_Post_Code,Loc_Police_Division,Loc_Police_District,Loc_Police_Region,Loc_Queensland_Transport_Region,Loc_Main_Roads_Region,Loc_ABS_Statistical_Area_2,Loc_ABS_Statistical_Area_3,Loc_ABS_Statistical_Area_4,Loc_ABS_Remoteness,Loc_State_Electorate,Loc_Federal_Electorate,Crash_Controlling_Authority,Crash_Roadway_Feature,Crash_Traffic_Control,Crash_Speed_Limit,Crash_Road_Surface_Condition,Crash_Atmospheric_Condition,Crash_Lighting_Condition,Crash_Road_Horiz_Align,Crash_Road_Vert_Align,Crash_DCA_Code,Crash_DCA_Description,Crash_DCA_Group_Description,DCA_Key_Approach_Dir,Count_Casualty_Fatality,Count_Casualty_Hospitalised,Count_Casualty_MedicallyTreated,Count_Casualty_MinorInjury,Count_Casualty_Total,Count_Unit_Car,Count_Unit_Motorcycle_Moped,Count_Unit_Truck,Count_Unit_Bus,Count_Unit_Bicycle,Count_Unit_Pedestrian,Count_Unit_Other
196194,196194,Fatal,2003,April,Saturday,22,Angle,Multi-Vehicle,153.408026684005,-27.9532341304999,Gold Coast Hwy,Robert St,Gold Coast Highway (Helensvale - Southport),Labrador,Gold Coast City,4215,Southport,Gold Coast,South Eastern,SEQ South,South Coast,Labrador,Gold Coast - North,Gold Coast,Major Cities,Bonney,Fadden,State-controlled,Intersection - Cross,Stop sign,0 - 50 km/h,Sealed - Dry,Clear,Darkness - Lighted,Straight,Level,102,Vehs Adjacent Approach: Right-Thru,01: Intersection: Adjacent Approach,E,1,0,0,0,1,2,0,0,0,0,0,0
196195,196195,Fatal,2003,April,Sunday,11,Overturned,Single Vehicle,150.16733427544,-24.2627444505826,Leichhardt Hwy,,Leichhardt Highway (Westwood - Taroom),Woolein,Banana Shire,4702,Baralaba,Capricornia,Central,Central,Central Queensland,Banana,Biloela,Central Queensland,Outer Regional,Callide,Flynn,State-controlled,No Roadway Feature,No traffic control,100 - 110 km/h,Sealed - Dry,Clear,Daylight,Curved - view open,Grade,801,Off Path-Curve: Off Cway Right Bend,18: Off Carriageway on Curve,N,1,0,2,0,3,0,0,1,0,0,0,0
196229,196229,Fatal,2003,March,Friday,23,Fall from vehicle,Single Vehicle,152.849883875501,-26.7591223327884,Bicentenary La,,,Maleny,Sunshine Coast Region,4552,Maleny,Sunshine Coast,North Coast,SEQ North,North Coast,Caloundra Hinterland,Sunshine Coast Hinterland,Sunshine Coast,Inner Regional,Glass House,Fisher,Locally-controlled,No Roadway Feature,No traffic control,0 - 50 km/h,Sealed - Dry,Clear,Darkness - Lighted,Straight,Level,901,Pass & Misc: Fell In/From Vehicle,21: Other,W,1,0,0,0,1,1,0,0,0,0,0,0
196230,196230,Fatal,2003,March,Saturday,11,Struck by internal load,Other,153.371235246883,-27.1029302590302,Bulwer Beach Rd,,,Moreton Island,Brisbane City,4025,Wynnum,South Brisbane,Brisbane,SEQ North,Metropolitan,Scarborough - Newport - Moreton Island,Redcliffe,Moreton Bay - North,Remote,Redcliffe,Bonner,Locally-controlled,No Roadway Feature,No traffic control,80 - 90 km/h,Unsealed - Wet,Clear,Daylight,Straight,Level,900,Pass & Misc: Other,21: Other,N,1,0,0,0,1,0,0,0,0,0,0,1
196237,196237,Fatal,2003,March,Monday,13,Rear-end,Multi-Vehicle,152.505290662121,-27.5506213759503,Warrego Hwy,,Warrego Highway (Ipswich - Toowoomba),Prenzlau,Somerset Region,4311,Marburg,Ipswich,Southern,SEQ North,North Coast,Lowood,Ipswich Hinterland,Ipswich,Inner Regional,Lockyer,Blair,State-controlled,No Roadway Feature,No traffic control,80 - 90 km/h,Sealed - Dry,Clear,Daylight,Straight,Level,301,Vehs Same Direction: Rear End,04: Rear-end,E,1,0,0,0,1,1,0,1,0,0,0,0
196238,196238,Fatal,2003,April,Wednesday,18,Hit object,Single Vehicle,152.879538907622,-26.6200143656341,Nambour - Mapleton Rd,,Nambour - Mapleton Road,Mapleton,Sunshine Coast Region,4560,Nambour,Sunshine Coast,North Coast,SEQ North,North Coast,Maroochy Hinterland,Sunshine Coast Hinterland,Sunshine Coast,Inner Regional,Nicklin,Fairfax,State-controlled,No Roadway Feature,No traffic control,100 - 110 km/h,Sealed - Dry,Clear,Dawn/Dusk,Curved - view open,Dip,803,Off Path-Curve: Off Cway Rt Bend Hit Obj,19: Off Carriageway on Curve Hit Object,E,1,0,0,0,1,1,0,0,0,0,0,0
196239,196239,Fatal,2003,April,Wednesday,22,Hit object,Single Vehicle,143.665327094834,-18.2774219188368,Gulf Developmental Rd,,Gulf Developmental Road (Georgetown - Mount Garnet),Georgetown,Etheridge Shire,4871,Georgetown,Far North,Far Northern,Northern,North Queensland,Croydon - Etheridge,Far North,Queensland - Outback,Very Remote,Traeger,Kennedy,State-controlled,No Roadway Feature,No traffic control,100 - 110 km/h,Sealed - Dry,Clear,Darkness - Not lighted,Curved - view obscured,Grade,803,Off Path-Curve: Off Cway Rt Bend Hit Obj,19: Off Carriageway on Curve Hit Object,W,1,1,0,0,2,0,0,1,0,0,0,0
196240,196240,Fatal,2003,April,Thursday,16,Angle,Multi-Vehicle,145.742240228353,-16.9907791935314,Giffin Rd,Progress Rd,,White Rock,Cairns Region,4868,Edmonton,Far North,Far Northern,Northern,North Queensland,White Rock,Cairns - South,Cairns,Outer Regional,Mulgrave,Leichhardt,Locally-controlled,Intersection - T-Junction,No traffic control,60 km/h,Sealed - Dry,Clear,Daylight,Straight,Level,202,Vehs Opposite Approach: Thru-Right,03: Opposing Vehicles Turning,N,1,0,0,0,1,1,1,0,0,0,0,0
196330,196330,Fatal,2003,May,Sunday,9,Hit object,Single Vehicle,152.975189235383,-25.9413846047397,Tin Can Bay Rd,,Tin Can Bay Road,Tin Can Bay,Gympie Region,4580,Tin Can Bay,Wide Bay Burnett,North Coast,Southern,Southern Queensland,Cooloola,Gympie - Cooloola,Wide Bay,Inner Regional,Gympie,Wide Bay,State-controlled,No Roadway Feature,No traffic control,100 - 110 km/h,Sealed - Dry,Clear,Daylight,Straight,Grade,703,Off Path-Straight: Left Off Cway Hit Obj,16: Off Carriageway on Straight Hit Object,E,1,0,0,0,1,1,0,0,0,0,0,0
196340,196340,Fatal,2003,May,Sunday,2,Hit object,Single Vehicle,152.983469414376,-27.1777006084718,Bruce Hwy,,Bruce Highway (Brisbane - Gympie),Burpengary,Moreton Bay Region,4508,Burpengary,Moreton,North Coast,SEQ North,North Coast,Deception Bay,Narangba - Burpengary,Moreton Bay - North,Major Cities,Bancroft,Petrie,State-controlled,No Roadway Feature,No traffic control,100 - 110 km/h,Sealed - Dry,Clear,Darkness - Lighted,Straight,Level,704,Off Path-Straight: Right Off Cway Hit Obj,16: Off Carriageway on Straight Hit Object,N,1,0,0,0,1,1,0,0,0,0,0,0
196341,196341,Fatal,2003,May,Thursday,17,Hit object,Single Vehicle,153.009620245725,-27.4471869732291,Gebbie St,Kelvin Grove Rd,,Kelvin Grove,Brisbane City,4059,Brisbane City,North Brisbane,Brisbane,SEQ North,Metropolitan,Kelvin Grove - Herston,Brisbane Inner - North,Brisbane Inner City,Major Cities,Cooper,Brisbane,Locally-controlled,Intersection - T-Junction,No traffic control,60 km/h,Sealed - Wet,Raining,Dawn/Dusk,Straight,Grade,703,Off Path-Straight: Left Off Cway Hit Obj,16: Off Carriageway on Straight Hit Object,N,1,0,0,0,1,0,0,0,0,1,0,0
196343,196343,Fatal,2003,May,Saturday,23,Hit pedestrian,Hit pedestrian,153.382257674295,-27.9960280552116,Labrador - Carrara Rd,,Labrador - Carrara Road,Ashmore,Gold Coast City,4214,Southport,Gold Coast,South Eastern,SEQ South,South Coast,Ashmore,Southport,Gold Coast,Major Cities,Southport,Moncrieff,State-controlled,No Roadway Feature,No traffic control,60 km/h,Sealed - Wet,Unknown,Darkness - Lighted,Curved - view open,Level,004,Pedn: Play; Work; Stand; Lie On Cway,12: Pedestrian,N,1,0,0,0,1,1,0,0,0,0,1,1
196344,196344,Fatal,2003,June,Sunday,9,Head-on,Multi-Vehicle,152.649371106701,-28.0529731451068,Boonah - Rathdowney Rd,,Boonah - Rathdowney Road,Wallaces Creek,Scenic Rim Region,4310,Boonah,Ipswich,Southern,SEQ South,South Coast,Boonah,Ipswich Hinterland,Ipswich,Inner Regional,Scenic Rim,Wright,State-controlled,No Roadway Feature,No traffic control,100 - 110 km/h,Sealed - Dry,Clear,Daylight,Curved - view obscured,Crest,201,Vehs Opposite Approach: Head On,02: Head-on,N,1,0,0,0,1,1,1,0,0,0,0,0
196457,196457,Fatal,2003,July,Saturday,13,Angle,Multi-Vehicle,152.298630507271,-24.9169278545718,Cummins Rd,Isis Hwy,Isis Highway (Bundaberg - Childers),Kensington,Bundaberg Region,4670,Bundaberg,Wide Bay Burnett,North Coast,Southern,Southern Queensland,Branyan - Kensington,Bundaberg,Wide Bay,Inner Regional,Burnett,Hinkler,State-controlled,Intersection - T-Junction,Give way sign,100 - 110 km/h,Sealed - Wet,Clear,Daylight,Straight,Grade,102,Vehs Adjacent Approach: Right-Thru,01: Intersection: Adjacent Approach,S,1,0,1,0,2,1,1,0,0,0,0,0
196660,196660,Fatal,2003,April,Thursday,3,Hit pedestrian,Hit pedestrian,149.195098058516,-21.1202285460092,Mackay - Slade Point Rd,,Mackay - Slade Point Road,North Mackay,Mackay Region,4740,Mackay,Mackay,Central,Central,Central Queensland,North Mackay,Mackay,Mackay - Isaac - Whitsunday,Inner Regional,Mackay,Dawson,State-controlled,No Roadway Feature,No traffic control,60 km/h,Sealed - Dry,Clear,Darkness - Lighted,Curved - view open,Level,000,Pedn: Hit Other,21: Other,N,3,0,0,0,3,1,0,0,0,0,3,0
196661,196661,Fatal,2003,April,Thursday,18,Hit pedestrian,Hit pedestrian,153.435779833635,-28.0485030880773,Gold Coast Hwy,,Gold Coast Highway (Broadbeach - Coolangatta),Mermaid Beach,Gold Coast City,4218,Broadbeach,Gold Coast,South Eastern,SEQ South,South Coast,Mermaid Beach - Broadbeach,Broadbeach - Burleigh,Gold Coast,Major Cities,Mermaid Beach,Moncrieff,State-controlled,No Roadway Feature,No traffic control,70 km/h,Sealed - Wet,Raining,Darkness - Not lighted,Straight,Level,003,Pedn: Far Side Vehicle Hit From Left,12: Pedestrian,W,1,0,0,0,1,2,0,0,0,0,1,0
197176,197176,Fatal,2006,September,Saturday,18,Angle,Multi-Vehicle,152.546204521975,-27.5564284450228,Tallegalla Rd,Warrego Hwy,Warrego Highway (Ipswich - Toowoomba),Minden,Somerset Region,4311,Marburg,Ipswich,Southern,SEQ North,North Coast,Lowood,Ipswich Hinterland,Ipswich,Inner Regional,Lockyer,Blair,State-controlled,Intersection - Cross,Stop sign,100 - 110 km/h,Sealed - Dry,Clear,Darkness - Lighted,Straight,Level,101,Vehs Adjacent Approach: Thru-Thru,01: Intersection: Adjacent Approach,N,1,0,0,1,2,2,0,0,0,0,0,0
197191,197191,Fatal,2003,June,Tuesday,8,Angle,Multi-Vehicle,152.734407820846,-25.2834924064058,Craignish Rd,Pialba - Burrum Heads Rd,Pialba - Burrum Heads Road,Craignish,Fraser Coast Region,4655,Hervey Bay,Wide Bay Burnett,North Coast,Southern,Southern Queensland,Craignish - Dundowran Beach,Hervey Bay,Wide Bay,Inner Regional,Maryborough,Hinkler,State-controlled,Intersection - Cross,Give way sign,100 - 110 km/h,Sealed - Dry,Clear,Daylight,Straight,Level,104,Vehs Adjacent Approach: Thru-Right,01: Intersection: Adjacent Approach,N,2,1,0,2,5,1,0,1,0,0,0,0
197192,197192,Fatal,2003,June,Tuesday,10,Angle,Multi-Vehicle,152.976676972434,-26.8064896658362,Caloundra St,Steve Irwin Way,Glass House Mountains Road,Landsborough,Sunshine Coast Region,4550,Beerwah,Sunshine Coast,North Coast,SEQ North,North Coast,Landsborough,Sunshine Coast Hinterland,Sunshine Coast,Inner Regional,Caloundra,Fisher,State-controlled,Intersection - Cross,Stop sign,100 - 110 km/h,Sealed - Dry,Clear,Daylight,Straight,Level,104,Vehs Adjacent Approach: Thru-Right,01: Intersection: Adjacent Approach,N,1,1,2,0,4,2,0,2,0,0,0,0
197193,197193,Fatal,2003,June,Tuesday,13,Hit object,Single Vehicle,150.271571894211,-23.8609014435835,Burnett Hwy,,Burnett Highway (Biloela - Mount Morgan),Dululu,Banana Shire,4702,Wowan,Capricornia,Central,Central,Central Queensland,Banana,Biloela,Central Queensland,Outer Regional,Callide,Flynn,State-controlled,No Roadway Feature,No traffic control,100 - 110 km/h,Sealed - Dry,Clear,Daylight,Curved - view open,Level,803,Off Path-Curve: Off Cway Rt Bend Hit Obj,19: Off Carriageway on Curve Hit Object,N,1,2,0,0,3,1,0,0,0,0,0,0
197194,197194,Fatal,2003,June,Tuesday,17,Head-on,Multi-Vehicle,140.355222220512,-20.8715268866494,Cloncurry - Dajarra Rd,,Cloncurry - Dajarra Road,Kuridala,Cloncurry Shire,4824,Cloncurry,Mount Isa,Northern,Northern,North Queensland,Mount Isa Region,Outback - North,Queensland - Outback,Very Remote,Traeger,Kennedy,State-controlled,No Roadway Feature,No traffic control,100 - 110 km/h,Sealed - Dry,Clear,Dawn/Dusk,Straight,Level,201,Vehs Opposite Approach: Head On,02: Head-on,N,1,1,0,0,2,2,0,0,0,0,0,0
197196,197196,Fatal,2003,June,Wednesday,6,Overturned,Single Vehicle,146.656970200379,-25.9594377137757,Landsborough Hwy,,Landsborough Highway (Morven - Augathella),Augathella,Murweh Shire,4477,Augathella,South West,Southern,Southern,Southern Queensland,Charleville,Outback - South,Queensland - Outback,Very Remote,Warrego,Maranoa,State-controlled,No Roadway Feature,No traffic control,100 - 110 km/h,Sealed - Dry,Clear,Daylight,Curved - view open,Level,801,Off Path-Curve: Off Cway Right Bend,18: Off Carriageway on Curve,N,2,2,1,0,5,1,0,0,0,0,0,0
197197,197197,Fatal,2003,June,Thursday,2,Hit object,Single Vehicle,153.098554345319,-27.4699094183462,Wynnum Rd,,,Cannon Hill,Brisbane City,4170,Morningside,South Brisbane,Brisbane,SEQ South,Metropolitan,Murarrie,Wynnum - Manly,Brisbane - East,Major Cities,Bulimba,Bonner,Locally-controlled,No Roadway Feature,No traffic control,70 km/h,Sealed - Wet,Raining,Darkness - Lighted,Straight,Grade,703,Off Path-Straight: Left Off Cway Hit Obj,16: Off Carriageway on Straight Hit Object,W,1,0,0,0,1,1,0,0,0,0,0,0
197198,197198,Fatal,2003,June,Thursday,18,Rear-end,Multi-Vehicle,140.058762388047,-20.0421636939701,River Road,,,Three Rivers,Cloncurry Shire,4824,Cloncurry,Mount Isa,Northern,Northern,North Queensland,Mount Isa Region,Outback - North,Queensland - Outback,Very Remote,Traeger,Kennedy,Locally-controlled,No Roadway Feature,No traffic control,80 - 90 km/h,Unsealed - Dry,Smoke/Dust,Dawn/Dusk,Straight,Level,301,Vehs Same Direction: Rear End,04: Rear-end,N,1,0,0,0,1,1,1,0,0,0,0,0
197201,197201,Fatal,2003,June,Sunday,14,Angle,Multi-Vehicle,152.390354627872,-24.922317126571,Mahoney Dexters Rd,,,Alloway,Bundaberg Region,4670,Bundaberg,Wide Bay Burnett,North Coast,Southern,Southern Queensland,Bundaberg Region - South,Bundaberg,Wide Bay,Inner Regional,Burnett,Hinkler,Locally-controlled,No Roadway Feature,No traffic control,100 - 110 km/h,Sealed - Dry,Clear,Daylight,Straight,Level,308,Vehs Same Direction: Right Turn S/Swipe,06: Parallel Lanes Turning,N,1,3,1,0,5,2,0,0,0,0,0,0
197202,197202,Fatal,2003,June,Friday,11,Angle,Multi-Vehicle,153.05432400317,-27.6113802390147,Calam Rd,Compton Rd,,Sunnybank Hills,Brisbane City,4109,Calamvale,South Brisbane,Brisbane,SEQ South,Metropolitan,Sunnybank Hills,Sunnybank,Brisbane - South,Major Cities,Stretton,Moreton,Locally-controlled,Intersection - T-Junction,Operating traffic lights,60 km/h,Sealed - Dry,Clear,Daylight,Straight,Level,104,Vehs Adjacent Approach: Thru-Right,01: Intersection: Adjacent Approach,E,1,0,0,1,2,1,0,1,0,0,0,0
197203,197203,Fatal,2003,June,Friday,9,Hit object,Single Vehicle,153.044808533696,-27.6469250003389,Logan Mwy,Logan Mwy Ramp Dg,Mount Lindesay Arterial Road,Drewvale,Brisbane City,4116,Calamvale,South Brisbane,Brisbane,SEQ South,Metropolitan,Parkinson - Drewvale,Rocklea - Acacia Ridge,Brisbane - South,Major Cities,Stretton,Rankin,State-controlled,Intersection - Interchange,No traffic control,60 km/h,Sealed - Dry,Clear,Daylight,Straight,Level,706,Off Path-Straight: Left Turn,15: Off Carriageway on Straight,E,1,0,0,0,1,0,0,0,0,0,0,1
197552,197552,Fatal,2004,July,Thursday,13,Angle,Multi-Vehicle,151.948704546018,-27.5874946201164,Carey St,New England Hwy,New England Highway (Toowoomba - Warwick),Kearneys Spring,Toowoomba Region,4350,Toowoomba,Darling Downs,Southern,Southern,Southern Queensland,Darling Heights,Toowoomba,Toowoomba,Inner Regional,Toowoomba South,Groom,State-controlled,Intersection - T-Junction,No traffic control,60 km/h,Sealed - Dry,Clear,Daylight,Straight,Level,408,Vehs Manoeuvring: Entering From Footway,08: Vehicle Leaving Driveway,N,1,0,0,0,1,1,0,0,0,1,0,0
198062,198062,Fatal,2003,March,Monday,15,Hit pedestrian,Hit pedestrian,153.221828783558,-27.5213967241931,Prince Of Wales Pde,,,Alexandra Hills,Redland City,4161,Capalaba,South Brisbane,Brisbane,SEQ South,Metropolitan,Alexandra Hills,Capalaba,Brisbane - East,Major Cities,Capalaba,Bowman,Locally-controlled,No Roadway Feature,No traffic control,0 - 50 km/h,Sealed - Dry,Clear,Daylight,Straight,Level,004,Pedn: Play; Work; Stand; Lie On Cway,12: Pedestrian,W,1,0,0,0,1,1,0,0,0,0,1,0
198134,198134,Fatal,2003,June,Tuesday,8,Overturned,Single Vehicle,145.488926335993,-19.6834756555378,Hillgrove - Niall Rd,,,Basalt,Charters Towers Region,4820,Greenvale,Townsville,Northern,Northern,North Queensland,Dalrymple,Charters Towers - Ayr - Ingham,Townsville,Remote,Traeger,Kennedy,Locally-controlled,No Roadway Feature,No traffic control,100 - 110 km/h,Unsealed - Dry,Clear,Daylight,Curved - view open,Level,801,Off Path-Curve: Off Cway Right Bend,18: Off Carriageway on Curve,E,1,0,0,0,1,1,0,0,0,0,0,0
198306,198306,Fatal,2003,October,Tuesday,14,Angle,Multi-Vehicle,148.651897614337,-20.3254252538003,Proserpine - Shute Harbour Rd,,Proserpine - Shute Harbour Road,Cannon Valley,Whitsunday Region,4800,Whitsunday,Mackay,Central,Central,Central Queensland,Airlie - Whitsundays,Whitsunday,Mackay - Isaac - Whitsunday,Outer Regional,Whitsunday,Dawson,State-controlled,No Roadway Feature,No traffic control,100 - 110 km/h,Sealed - Dry,Clear,Daylight,Straight,Level,506,Vehs Overtaking: Overtake-Right Turn,09: Overtaking Same Direction,S,1,1,0,0,2,0,1,0,0,0,0,1
198307,198307,Fatal,2003,October,Tuesday,17,Head-on,Multi-Vehicle,153.269083347359,-27.6868446062838,Beenleigh - Redland Bay Rd,,Beenleigh - Redland Bay Road,Carbrook,Logan City,4130,Loganholme,Logan,South Eastern,SEQ South,South Coast,Cornubia - Carbrook,Loganlea - Carbrook,Logan - Beaudesert,Major Cities,Macalister,Forde,State-controlled,No Roadway Feature,No traffic control,80 - 90 km/h,Sealed - Dry,Clear,Daylight,Curved - view open,Grade,201,Vehs Opposite Approach: Head On,02: Head-on,E,1,0,0,0,1,1,0,1,0,0,0,0
198549,198549,Fatal,2003,June,Wednesday,9,Angle,Multi-Vehicle,153.073039389966,-27.4231362274089,Manson Rd,Nudgee Rd,,Hendra,Brisbane City,4011,Hendra,North Brisbane,Brisbane,SEQ North,Metropolitan,Hendra,Brisbane Inner - North,Brisbane Inner City,Major Cities,Clayfield,Brisbane,Locally-controlled,Intersection - Cross,Stop sign,60 km/h,Sealed - Dry,Clear,Daylight,Straight,Level,101,Vehs Adjacent Approach: Thru-Thru,01: Intersection: Adjacent Approach,N,1,1,0,0,2,1,0,2,0,0,0,0
198554,198554,Fatal,2003,June,Sunday,8,Overturned,Single Vehicle,145.693165439503,-16.8319486377177,Captain Cook Hwy,,Captain Cook Highway (Cairns - Mossman),Smithfield,Cairns Region,4878,Smithfield,Far North,Far Northern,Northern,North Queensland,Trinity Beach - Smithfield,Cairns - North,Cairns,Outer Regional,Barron River,Leichhardt,State-controlled,No Roadway Feature,No traffic control,80 - 90 km/h,Sealed - Dry,Clear,Daylight,Straight,Level,703,Off Path-Straight: Left Off Cway Hit Obj,16: Off Carriageway on Straight Hit Object,S,1,0,0,0,1,1,0,0,0,0,0,0
198555,198555,Fatal,2003,June,Sunday,6,Hit object,Single Vehicle,153.044615738054,-26.7688797373507,Bruce Hwy,,Bruce Highway (Brisbane - Gympie),Meridan Plains,Sunshine Coast Region,4551,Beerwah,Sunshine Coast,North Coast,SEQ North,North Coast,Landsborough,Sunshine Coast Hinterland,Sunshine Coast,Inner Regional,Kawana,Fisher,State-controlled,No Roadway Feature,No traffic control,100 - 110 km/h,Sealed - Dry,Clear,Daylight,Straight,Level,703,Off Path-Straight: Left Off Cway Hit Obj,16: Off Carriageway on Straight Hit Object,S,1,3,0,0,4,1,0,0,0,0,0,0
198556,198556,Fatal,2003,June,Saturday,1,Hit object,Single Vehicle,149.770002107229,-27.2883895567456,Surat Developmental Rd,,Surat Developmental Road (Surat - Tara),Glenmorgan,Western Downs Region,4423,Meandarra,South West,Southern,Southern,Southern Queensland,Tara,Darling Downs (west) - Maranoa,Darling Downs - Maranoa,Remote,Warrego,Maranoa,State-controlled,No Roadway Feature,No traffic control,100 - 110 km/h,Sealed - Dry,Clear,Darkness - Not lighted,Curved - view open,Level,803,Off Path-Curve: Off Cway Rt Bend Hit Obj,19: Off Carriageway on Curve Hit Object,E,1,0,0,0,1,1,0,0,0,0,0,0
198557,198557,Fatal,2003,June,Saturday,22,Hit object,Single Vehicle,152.987102505766,-27.4024819146175,South Pine Rd,,Everton Park - Albany Creek Road,Everton Park,Brisbane City,4053,Ferny Grove,North Brisbane,Brisbane,SEQ North,Metropolitan,Everton Park,Bald Hills - Everton Park,Brisbane - North,Major Cities,Everton,Lilley,State-controlled,No Roadway Feature,No traffic control,60 km/h,Sealed - Dry,Clear,Darkness - Lighted,Curved - view obscured,Level,803,Off Path-Curve: Off Cway Rt Bend Hit Obj,19: Off Carriageway on Curve Hit Object,N,1,1,2,0,4,1,0,0,0,0,0,0
198709,198709,Fatal,2003,October,Thursday,0,Hit object,Single Vehicle,151.778004705078,-26.9899663160461,Cooyar - Rangemore Rd,,,Cooyar,Toowoomba Region,4402,Cooyar,Darling Downs,Southern,Southern,Southern Queensland,Crows Nest - Rosalie,Darling Downs - East,Darling Downs - Maranoa,Outer Regional,Nanango,Maranoa,Locally-controlled,No Roadway Feature,No traffic control,100 - 110 km/h,Sealed - Dry,Clear,Darkness - Not lighted,Curved - view open,Grade,804,Off Path-Curve: Off Cway Lt Bend Hit Obj,19: Off Carriageway on Curve Hit Object,W,1,0,0,0,1,1,0,0,0,0,0,0
198712,198712,Fatal,2003,October,Saturday,2,Rear-end,Multi-Vehicle,152.960391729342,-27.5715353802775,Ipswich Mwy,,Cunningham Arterial Road (Ipswich Motorway),Darra,Brisbane City,4076,Mount Ommaney,South Brisbane,Brisbane,SEQ South,Metropolitan,Darra - Sumner,Forest Lake - Oxley,Ipswich,Major Cities,Mount Ommaney,Oxley,State-controlled,No Roadway Feature,No traffic control,100 - 110 km/h,Sealed - Dry,Clear,Darkness - Lighted,Straight,Level,301,Vehs Same Direction: Rear End,04: Rear-end,E,1,0,0,0,1,1,0,1,0,0,0,0
198714,198714,Fatal,2003,October,Sunday,19,Sideswipe,Multi-Vehicle,153.406363129629,-27.9807561965466,Brolga Ave,Ridgeway Ave,,Southport,Gold Coast City,4215,Southport,Gold Coast,South Eastern,SEQ South,South Coast,Southport - South,Southport,Gold Coast,Major Cities,Southport,Moncrieff,Locally-controlled,Intersection - T-Junction,No traffic control,60 km/h,Sealed - Dry,Clear,Darkness - Lighted,Curved - view open,Crest,106,Vehs Adjacent Approach: Left-Right,01: Intersection: Adjacent Approach,W,1,0,0,0,1,1,1,0,0,0,0,0
198716,198716,Fatal,2003,October,Monday,19,Hit pedestrian,Hit pedestrian,152.283658260212,-25.2362105887164,Bruce Hwy,,Bruce Highway (Maryborough - Gin Gin),Childers,Bundaberg Region,4660,Childers,Wide Bay Burnett,North Coast,Southern,Southern Queensland,Bundaberg Region - South,Bundaberg,Wide Bay,Inner Regional,Burnett,Hinkler,State-controlled,No Roadway Feature,No traffic control,60 km/h,Sealed - Dry,Clear,Darkness - Not lighted,Straight,Level,004,Pedn: Play; Work; Stand; Lie On Cway,12: Pedestrian,E,1,0,0,0,1,1,0,0,0,0,1,0
198968,198968,Fatal,2003,July,Tuesday,9,Angle,Multi-Vehicle,153.301066799151,-27.6692621763884,Beenleigh - Redland Bay Rd,,Beenleigh - Redland Bay Road,Redland Bay,Redland City,4165,Redland Bay,South Brisbane,Brisbane,SEQ South,Metropolitan,Redland Bay,Cleveland - Stradbroke,Brisbane - East,Major Cities,Redlands,Bowman,State-controlled,No Roadway Feature,No traffic control,80 - 90 km/h,Sealed - Wet,Clear,Daylight,Straight,Crest,202,Vehs Opposite Approach: Thru-Right,03: Opposing Vehicles Turning,S,1,0,0,0,1,1,0,1,0,0,0,0
198974,198974,Fatal,2003,July,Wednesday,13,Head-on,Multi-Vehicle,153.024060634812,-26.6674391974761,Maroochydore Rd,,Forest Glen Road,Kunda Park,Sunshine Coast Region,4556,Maroochydore,Sunshine Coast,North Coast,SEQ North,North Coast,Diddillibah - Rosemount,Nambour,Sunshine Coast,Major Cities,Ninderry,Fairfax,State-controlled,No Roadway Feature,No traffic control,80 - 90 km/h,Sealed - Dry,Clear,Daylight,Curved - view open,Level,201,Vehs Opposite Approach: Head On,02: Head-on,W,1,3,2,2,8,1,0,0,1,0,0,0
198998,198998,Fatal,2003,June,Saturday,16,Head-on,Multi-Vehicle,152.681404177512,-25.5291650611517,Maryborough - Biggenden Rd,,Maryborough - Biggenden Road,Maryborough,Fraser Coast Region,4650,Maryborough,Wide Bay Burnett,North Coast,Southern,Southern Queensland,Maryborough (qld),Maryborough,Wide Bay,Inner Regional,Maryborough,Wide Bay,State-controlled,No Roadway Feature,No traffic control,60 km/h,Sealed - Dry,Clear,Daylight,Curved - view open,Level,201,Vehs Opposite Approach: Head On,02: Head-on,S,1,4,0,0,5,3,0,0,0,0,0,0
199003,199003,Fatal,2003,June,Tuesday,13,Hit pedestrian,Hit pedestrian,153.023493718358,-27.5096332601149,Ashby St,Fairfield Rd,,Fairfield,Brisbane City,4103,Annerley,South Brisbane,Brisbane,SEQ South,Metropolitan,Fairfield - Dutton Park,Holland Park - Yeronga,Brisbane - South,Major Cities,Miller,Moreton,Locally-controlled,Intersection - Cross,Operating traffic lights,60 km/h,Sealed - Dry,Clear,Daylight,Straight,Level,003,Pedn: Far Side Vehicle Hit From Left,12: Pedestrian,W,1,0,0,0,1,0,0,1,0,0,1,0
199242,199242,Fatal,2021,June,Friday,23,Hit pedestrian,Hit pedestrian,152.948151094496,-27.0546464339573,Beerburrum Rd,Porter Rd,Beerburrum Road,Caboolture,Moreton Bay Region,4510,Caboolture,Moreton,North Coast,SEQ North,North Coast,Caboolture,Caboolture,Moreton Bay - North,Major Cities,Pumicestone,Longman,State-controlled,Intersection - T-Junction,No traffic control,100 - 110 km/h,Sealed - Dry,Clear,Darkness - Lighted,Straight,Level,004,Pedn: Play; Work; Stand; Lie On Cway,12: Pedestrian,U,1,0,0,0,1,1,0,0,0,0,1,0