_id,Crash_Ref_Number,Crash_Severity,Crash_Year,Crash_Month,Crash_Day_Of_Week,Crash_Hour,Crash_Nature,Crash_Type,Crash_Longitude,Crash_Latitude,Crash_Street,Crash_Street_Intersecting,State_Road_Name,Loc_Suburb,Loc_Local_Government_Area,Loc_Post_Code,Loc_Police_Division,Loc_Police_District,Loc_Police_Region,Loc_Queensland_Transport_Region,Loc_Main_Roads_Region,Loc_ABS_Statistical_Area_2,Loc_ABS_Statistical_Area_3,Loc_ABS_Statistical_Area_4,Loc_ABS_Remoteness,Loc_State_Electorate,Loc_Federal_Electorate,Crash_Controlling_Authority,Crash_Roadway_Feature,Crash_Traffic_Control,Crash_Speed_Limit,Crash_Road_Surface_Condition,Crash_Atmospheric_Condition,Crash_Lighting_Condition,Crash_Road_Horiz_Align,Crash_Road_Vert_Align,Crash_DCA_Code,Crash_DCA_Description,Crash_DCA_Group_Description,DCA_Key_Approach_Dir,Count_Casualty_Fatality,Count_Casualty_Hospitalised,Count_Casualty_MedicallyTreated,Count_Casualty_MinorInjury,Count_Casualty_Total,Count_Unit_Car,Count_Unit_Motorcycle_Moped,Count_Unit_Truck,Count_Unit_Bus,Count_Unit_Bicycle,Count_Unit_Pedestrian,Count_Unit_Other
199315,199315,Fatal,2024,March,Thursday,17,Head-on,Multi-Vehicle,153.449264736059,-28.1340097231237,Guineas Creek Rd,,,Elanora,Gold Coast City,4221,Palm Beach,Gold Coast,South Eastern,SEQ South,South Coast,Elanora,Coolangatta,Gold Coast,Major Cities,Currumbin,Mcpherson,Locally-controlled,No Roadway Feature,No traffic control,60 km/h,Sealed - Dry,Clear,Dawn/Dusk,Curved - view open,Dip,201,Vehs Opposite Approach: Head On,02: Head-on,,1,0,1,0,2,1,1,0,0,0,0,0
199343,199343,Fatal,2023,April,Sunday,22,Hit object,Single Vehicle,150.952892318518,-26.9497932413217,Warrego Hwy,,Warrego Highway (Dalby - Miles),Warra,Western Downs Region,4411,Chinchilla,South West,Southern,Southern,Southern Queensland,Wambo,Darling Downs - East,Darling Downs - Maranoa,Outer Regional,Callide,Maranoa,State-controlled,No Roadway Feature,No traffic control,100 - 110 km/h,Sealed - Dry,Clear,Darkness - Not lighted,Straight,Level,703,Off Path-Straight: Left Off Cway Hit Obj,16: Off Carriageway on Straight Hit Object,W,1,1,0,0,2,1,0,0,0,0,0,0
199349,199349,Fatal,2020,February,Friday,20,Hit pedestrian,Hit pedestrian,152.479278082157,-27.5569143914431,Warrego Hwy,,Warrego Highway (Ipswich - Toowoomba),Hatton Vale,Lockyer Valley Region,4341,Laidley,Darling Downs,Southern,SEQ South,Southern Queensland,Lockyer Valley - East,Ipswich Hinterland,Ipswich,Inner Regional,Lockyer,Wright,State-controlled,No Roadway Feature,No traffic control,100 - 110 km/h,Sealed - Dry,Clear,Darkness - Not lighted,Straight,Level,003,Pedn: Far Side Vehicle Hit From Left,12: Pedestrian,N,1,1,0,0,2,1,0,0,0,0,1,0
199375,199375,Fatal,2023,May,Thursday,16,Hit pedestrian,Hit pedestrian,153.103607004659,-27.6365214541707,Blackwood Rd,,,Logan Central,Logan City,4114,Logan Central,Logan,South Eastern,SEQ South,South Coast,Logan Central,Springwood - Kingston,Logan - Beaudesert,Major Cities,Woodridge,Rankin,Locally-controlled,No Roadway Feature,Pedestrian crossing sign,0 - 50 km/h,Sealed - Dry,Clear,Daylight,Straight,Grade,001,Pedn: Near Side Vehicle Hit From Right,12: Pedestrian,W,1,0,0,0,1,1,0,0,0,0,1,0
199434,199434,Fatal,2023,October,Sunday,3,Angle,Multi-Vehicle,148.912181114991,-21.1539360144395,Mackay - Eungella Rd,,Mackay - Eungella Road,Marian,Mackay Region,4753,Marian,Mackay,Central,Central,Central Queensland,Pioneer Valley,Mackay,Mackay - Isaac - Whitsunday,Outer Regional,Mirani,Capricornia,State-controlled,No Roadway Feature,No traffic control,100 - 110 km/h,Sealed - Dry,Clear,Darkness - Lighted,Straight,Level,201,Vehs Opposite Approach: Head On,02: Head-on,W,1,1,0,0,2,1,1,0,0,0,0,0
199435,199435,Fatal,2023,November,Wednesday,7,Angle,Multi-Vehicle,152.817039324434,-25.2868364066419,Fairway Dr,Maryborough - Hervey Bay Rd,Maryborough - Hervey Bay Road,Eli Waters,Fraser Coast Region,4655,Hervey Bay,Wide Bay Burnett,North Coast,Southern,Southern Queensland,Pialba - Eli Waters,Hervey Bay,Wide Bay,Inner Regional,Hervey Bay,Hinkler,State-controlled,Intersection - Cross,Operating traffic lights,60 km/h,Sealed - Dry,Clear,Daylight,Straight,Level,202,Vehs Opposite Approach: Thru-Right,03: Opposing Vehicles Turning,S,1,0,1,0,2,1,1,0,0,0,0,0
199436,199436,Fatal,2023,November,Saturday,16,Fall from vehicle,Single Vehicle,145.551724670463,-17.5194227256772,East Evelyn Rd,,East Evelyn Road,Millaa Millaa,Tablelands Region,4886,Millaa Millaa,Far North,Far Northern,Northern,North Queensland,Malanda - Yungaburra,Tablelands (east) - Kuranda,Cairns,Outer Regional,Hill,Kennedy,State-controlled,No Roadway Feature,No traffic control,100 - 110 km/h,Sealed - Dry,Clear,Dawn/Dusk,Curved - view open,Grade,802,Off Path-Curve: Off Cway Left Bend,18: Off Carriageway on Curve,S,1,0,0,0,1,0,1,0,0,0,0,0
199438,199438,Fatal,2023,November,Saturday,2,Hit object,Single Vehicle,150.518986734973,-23.338668630504,Crane Ave,,,Kawana,Rockhampton Region,4701,North Rockhampton,Capricornia,Central,Central,Central Queensland,Parkhurst - Kawana,Rockhampton,Central Queensland,Inner Regional,Rockhampton,Capricornia,Locally-controlled,No Roadway Feature,No traffic control,0 - 50 km/h,Sealed - Wet,Raining,Darkness - Not lighted,Straight,Dip,704,Off Path-Straight: Right Off Cway Hit Obj,16: Off Carriageway on Straight Hit Object,N,1,0,1,0,2,1,0,0,0,0,0,0
199439,199439,Fatal,2023,November,Monday,18,Hit object,Single Vehicle,145.450715702453,-17.1820567157819,Kennedy Hwy,,Kennedy Highway (Mareeba - Ravenshoe),Tolga,Tablelands Region,4882,Atherton,Far North,Far Northern,Northern,North Queensland,Atherton,Tablelands (east) - Kuranda,Cairns,Outer Regional,Hill,Kennedy,State-controlled,No Roadway Feature,No traffic control,100 - 110 km/h,Sealed - Dry,Clear,Dawn/Dusk,Curved - view open,Grade,803,Off Path-Curve: Off Cway Rt Bend Hit Obj,19: Off Carriageway on Curve Hit Object,W,1,0,0,0,1,1,0,0,0,0,0,0
199440,199440,Fatal,2023,November,Sunday,11,Fall from vehicle,Single Vehicle,152.794248876014,-26.4688824419274,Skyring Ck Rd,,Kenilworth - Skyring Creek Road,Ridgewood,Noosa Shire,4563,Cooroy,Sunshine Coast,North Coast,SEQ North,North Coast,Noosa Hinterland,Noosa Hinterland,Sunshine Coast,Inner Regional,Nicklin,Wide Bay,State-controlled,No Roadway Feature,No traffic control,80 - 90 km/h,Sealed - Dry,Clear,Daylight,Curved - view obscured,Dip,803,Off Path-Curve: Off Cway Rt Bend Hit Obj,19: Off Carriageway on Curve Hit Object,S,1,0,0,0,1,0,1,0,0,0,0,0
199441,199441,Fatal,2023,November,Monday,11,Hit object,Single Vehicle,149.530982810459,-22.1355679352663,Bruce Hwy,,Bruce Highway (St Lawrence - Mackay),St Lawrence,Isaac Region,4707,Saint Lawrence,Mackay,Central,Central,Central Queensland,Broadsound - Nebo,Bowen Basin - North,Mackay - Isaac - Whitsunday,Remote,Mirani,Capricornia,State-controlled,No Roadway Feature,No traffic control,100 - 110 km/h,Sealed - Wet,Clear,Daylight,Straight,Crest,703,Off Path-Straight: Left Off Cway Hit Obj,16: Off Carriageway on Straight Hit Object,S,1,0,0,0,1,0,0,1,0,0,0,0
199473,199473,Fatal,2023,October,Saturday,23,Hit object,Single Vehicle,152.651752233663,-26.1730853974216,Corella Rd,,,Gympie,Gympie Region,4570,Gympie,Wide Bay Burnett,North Coast,Southern,Southern Queensland,Gympie - North,Gympie - Cooloola,Wide Bay,Inner Regional,Gympie,Wide Bay,Locally-controlled,No Roadway Feature,No traffic control,70 km/h,Sealed - Dry,Clear,Darkness - Not lighted,Straight,Grade,704,Off Path-Straight: Right Off Cway Hit Obj,16: Off Carriageway on Straight Hit Object,N,1,0,0,0,1,1,0,0,0,0,0,0
199505,199505,Fatal,2024,February,Monday,17,Head-on,Multi-Vehicle,153.013113987063,-27.8525004467751,Mt Lindesay Hwy,,Mount Lindesay Highway (Brisbane - Beaudesert),Jimboomba,Logan City,4280,Jimboomba,Logan,South Eastern,SEQ South,South Coast,Jimboomba,Jimboomba,Logan - Beaudesert,Inner Regional,Logan,Wright,State-controlled,No Roadway Feature,No traffic control,80 - 90 km/h,Sealed - Wet,Clear,Dawn/Dusk,Straight,Level,201,Vehs Opposite Approach: Head On,02: Head-on,S,1,1,0,0,2,3,0,0,0,0,0,0
199667,199667,Fatal,2021,October,Friday,0,Hit object,Single Vehicle,153.286323934713,-28.027852475714,Latimers Crossing Rd,,Advancetown - Mudgeeraba Road,Advancetown,Gold Coast City,4211,Nerang,Gold Coast,South Eastern,SEQ South,South Coast,Guanaba - Springbrook,Gold Coast Hinterland,Gold Coast,Major Cities,Mudgeeraba,Wright,State-controlled,No Roadway Feature,No traffic control,80 - 90 km/h,Sealed - Wet,Raining,Darkness - Not lighted,Straight,Level,703,Off Path-Straight: Left Off Cway Hit Obj,16: Off Carriageway on Straight Hit Object,W,1,0,0,0,1,1,0,0,0,0,0,0
199726,199726,Fatal,2024,January,Sunday,22,Hit object,Single Vehicle,149.746345782707,-23.7833751075802,Capricorn Hwy,,,Duaringa,Central Highlands Region,4712,Duaringa,Capricornia,Central,Central,Central Queensland,Central Highlands - East,Central Highlands (qld),Central Queensland,Outer Regional,Gregory,Flynn,Locally-controlled,No Roadway Feature,No traffic control,100 - 110 km/h,Sealed - Dry,Clear,Darkness - Not lighted,Curved - view open,Grade,804,Off Path-Curve: Off Cway Lt Bend Hit Obj,19: Off Carriageway on Curve Hit Object,,1,0,0,0,1,1,0,0,0,0,0,0
199734,199734,Fatal,2023,October,Sunday,15,Hit pedestrian,Hit pedestrian,150.386161738225,-23.6479541630956,Hall St,Meinburg St,,Mount Morgan,Rockhampton Region,4714,Mount Morgan,Capricornia,Central,Central,Central Queensland,Mount Morgan,Rockhampton,Central Queensland,Inner Regional,Mirani,Flynn,Locally-controlled,Intersection - T-Junction,No traffic control,60 km/h,Sealed - Dry,Clear,Daylight,Curved - view open,Dip,906,Pass & Misc: Parked Car Ran Away,21: Other,,1,0,0,0,1,1,0,0,0,0,1,0
199750,199750,Fatal,2022,June,Monday,16,Hit object,Single Vehicle,146.058610638361,-17.5052587614466,Flying Fish Pt Rd,,,Coconuts,Cassowary Coast Region,4860,Innisfail,Far North,Far Northern,Northern,North Queensland,Innisfail,Innisfail - Cassowary Coast,Cairns,Outer Regional,Hill,Kennedy,Locally-controlled,No Roadway Feature,No traffic control,80 - 90 km/h,Sealed - Wet,Raining,Daylight,Curved - view open,Level,804,Off Path-Curve: Off Cway Lt Bend Hit Obj,19: Off Carriageway on Curve Hit Object,E,1,0,0,0,1,1,0,0,0,0,0,0
199779,199779,Fatal,2024,February,Saturday,4,Overturned,Single Vehicle,147.432388378921,-19.5012398810978,Beach Rd,,,Alva,Burdekin Shire,4807,Ayr,Townsville,Northern,Northern,North Queensland,Burdekin,Charters Towers - Ayr - Ingham,Townsville,Outer Regional,Burdekin,Dawson,Locally-controlled,No Roadway Feature,No traffic control,100 - 110 km/h,Sealed - Dry,Clear,Darkness - Not lighted,Curved - view open,Level,803,Off Path-Curve: Off Cway Rt Bend Hit Obj,19: Off Carriageway on Curve Hit Object,N,1,0,0,0,1,1,0,0,0,0,0,0
199784,199784,Fatal,2021,December,Friday,6,Fall from vehicle,Single Vehicle,151.990198132308,-27.5808393440568,Tobruk Memorial Dve,,,Rangeville,Toowoomba Region,4350,Toowoomba,Darling Downs,Southern,Southern,Southern Queensland,Rangeville,Toowoomba,Toowoomba,Inner Regional,Toowoomba South,Groom,Locally-controlled,No Roadway Feature,No traffic control,0 - 50 km/h,Sealed - Dry,Clear,Daylight,Curved - view open,Grade,805,Off Path-Curve: Out Of Control On Cway,20: Out of Control on Curve,,1,0,0,0,1,0,0,0,0,1,0,0
199827,199827,Fatal,2023,August,Saturday,2,Hit parked vehicle,Single Vehicle,153.372165923239,-28.0437194845588,Gooding Dr,,Gold Coast - Springbrook Road,Merrimac,Gold Coast City,4226,Mudgeeraba,Gold Coast,South Eastern,SEQ South,South Coast,Merrimac,Robina,Gold Coast,Major Cities,Mudgeeraba,Mcpherson,State-controlled,No Roadway Feature,No traffic control,70 km/h,Sealed - Dry,Clear,Darkness - Lighted,Straight,Level,601,Vehs On Path: Parked,10: Hit Parked Vehicle,S,1,0,1,0,2,1,0,1,0,0,0,0
199914,199914,Fatal,2023,July,Friday,15,Hit object,Single Vehicle,152.433263074105,-27.6623913877574,Rosewood - Laidley Rd,,Rosewood - Laidley Road,Grandchester,Ipswich City,4340,Laidley,Darling Downs,Southern,SEQ South,Metropolitan,Rosewood,Ipswich Hinterland,Ipswich,Inner Regional,Scenic Rim,Blair,State-controlled,No Roadway Feature,No traffic control,80 - 90 km/h,Sealed - Dry,Clear,Daylight,Curved - view obscured,Grade,804,Off Path-Curve: Off Cway Lt Bend Hit Obj,19: Off Carriageway on Curve Hit Object,E,1,0,0,0,1,1,0,0,0,0,0,0
199917,199917,Fatal,2024,June,Monday,10,Rear-end,Multi-Vehicle,151.218806288137,-26.9675772661129,Dalby - Jandowae Rd,,Dalby - Jandowae Road,Jimbour East,Western Downs Region,4406,Dalby,South West,Southern,Southern,Southern Queensland,Wambo,Darling Downs - East,Darling Downs - Maranoa,Outer Regional,Callide,Maranoa,State-controlled,No Roadway Feature,No traffic control,100 - 110 km/h,Sealed - Dry,Clear,Daylight,Straight,Level,404,Vehs Manoeuvring: Reversing,10: Hit Parked Vehicle,S,3,2,0,0,5,2,0,0,0,0,0,0
199953,199953,Fatal,2024,February,Monday,7,Hit object,Single Vehicle,151.818346260751,-26.6620333202938,Kingaroy - Cooyar Rd,,Kingaroy - Cooyar Road,Goodger,South Burnett Region,4610,Kingaroy,Darling Downs,Southern,Southern,Southern Queensland,Kingaroy Region - South,Burnett,Wide Bay,Inner Regional,Nanango,Maranoa,State-controlled,No Roadway Feature,No traffic control,100 - 110 km/h,Sealed - Dry,Clear,Daylight,Curved - view open,Level,803,Off Path-Curve: Off Cway Rt Bend Hit Obj,19: Off Carriageway on Curve Hit Object,S,1,0,0,0,1,1,0,0,0,0,0,0
200001,200001,Fatal,2024,April,Tuesday,17,Fall from vehicle,Single Vehicle,153.38570893192,-27.9650454853196,Parklands Dr,Smith St,Smith Street Connection Road,Southport,Gold Coast City,4215,Southport,Gold Coast,South Eastern,SEQ South,South Coast,Southport - North,Southport,Gold Coast,Major Cities,Bonney,Moncrieff,State-controlled,Intersection - T-Junction,Operating traffic lights,60 km/h,Sealed - Dry,Clear,Dawn/Dusk,Curved - view open,Level,805,Off Path-Curve: Out Of Control On Cway,20: Out of Control on Curve,W,1,0,0,0,1,0,1,0,0,0,0,0
200004,200004,Fatal,2023,January,Tuesday,13,Sideswipe,Multi-Vehicle,151.708641179139,-27.4459193160362,Warrego Hwy,,Warrego Highway (Toowoomba - Dalby),Oakey,Toowoomba Region,4401,Oakey,Darling Downs,Southern,Southern,Southern Queensland,Jondaryan,Darling Downs - East,Darling Downs - Maranoa,Inner Regional,Condamine,Groom,State-controlled,Bridge/Causeway,No traffic control,100 - 110 km/h,Sealed - Dry,Clear,Daylight,Straight,Level,201,Vehs Opposite Approach: Head On,02: Head-on,E,3,1,0,0,4,1,0,2,0,0,0,0
200009,200009,Fatal,2020,October,Saturday,20,Hit object,Single Vehicle,153.30007496485,-27.8284644095422,Pacific Hwy,,Pacific Highway (Pacific Motorway),Pimpama,Gold Coast City,4209,Coomera,Gold Coast,South Eastern,SEQ South,South Coast,Pimpama,Ormeau - Oxenford,Gold Coast,Major Cities,Coomera,Fadden,State-controlled,No Roadway Feature,No traffic control,100 - 110 km/h,Sealed - Dry,Clear,Darkness - Not lighted,Curved - view open,Level,000,Pedn: Hit Other,21: Other,S,1,0,0,0,1,1,0,0,0,0,1,0
200010,200010,Fatal,2021,October,Thursday,12,Hit object,Single Vehicle,153.360842939565,-27.9268624824893,Brisbane Rd,,Gold Coast Highway (Helensvale - Southport),Arundel,Gold Coast City,4214,Runaway Bay,Gold Coast,South Eastern,SEQ South,South Coast,Arundel,Gold Coast - North,Gold Coast,Major Cities,Broadwater,Fadden,State-controlled,No Roadway Feature,No traffic control,80 - 90 km/h,Sealed - Dry,Clear,Daylight,Curved - view open,Crest,201,Vehs Opposite Approach: Head On,02: Head-on,E,3,0,0,0,3,2,0,1,0,0,0,0
200020,200020,Fatal,2024,June,Saturday,0,Hit object,Single Vehicle,151.22079162931,-23.9494372419188,Dawson Hwy,Jim Whyte Way,Dawson Highway (Gladstone - Biloela),Burua,Gladstone Region,4680,Gladstone,Capricornia,Central,Central,Central Queensland,Gladstone Hinterland,Gladstone,Central Queensland,Inner Regional,Gladstone,Flynn,State-controlled,No Roadway Feature,No traffic control,100 - 110 km/h,Sealed - Dry,Clear,Darkness - Lighted,Curved - view open,Level,808,Off Path-Curve: Mounts Traffic Island,19: Off Carriageway on Curve Hit Object,S,1,0,0,0,1,0,1,0,0,0,0,0
200075,200075,Fatal,2024,June,Tuesday,6,Overturned,Single Vehicle,153.226777960803,-27.8755094684854,Elevation Dr,Tamborine - Oxenford Rd,Tamborine - Oxenford Road,Wongawallan,Gold Coast City,4210,Coomera,Gold Coast,South Eastern,SEQ South,South Coast,Upper Coomera - Willow Vale,Ormeau - Oxenford,Gold Coast,Major Cities,Coomera,Forde,State-controlled,Intersection - T-Junction,No traffic control,60 km/h,Sealed - Dry,Clear,Daylight,Curved - view open,Grade,805,Off Path-Curve: Out Of Control On Cway,20: Out of Control on Curve,E,1,0,0,0,1,0,0,1,0,0,0,0
200110,200110,Fatal,2023,December,Tuesday,22,Hit object,Single Vehicle,152.986908046805,-27.4023364405968,South Pine Rd,,Everton Park - Albany Creek Road,Everton Park,Brisbane City,4053,Ferny Grove,North Brisbane,Brisbane,SEQ North,Metropolitan,Everton Park,Bald Hills - Everton Park,Brisbane - North,Major Cities,Everton,Lilley,State-controlled,No Roadway Feature,No traffic control,60 km/h,Sealed - Dry,Clear,Darkness - Lighted,Curved - view open,Level,803,Off Path-Curve: Off Cway Rt Bend Hit Obj,19: Off Carriageway on Curve Hit Object,N,1,0,0,0,1,1,0,0,0,0,0,0
200157,200157,Fatal,2021,June,Tuesday,18,Head-on,Multi-Vehicle,146.333327502368,-18.9810937938851,Bruce Hwy,,Bruce Highway (Townsville - Ingham),Mutarnee,Townsville City,4816,Rollingstone,Townsville,Northern,Northern,North Queensland,Northern Beaches,Townsville,Townsville,Outer Regional,Hinchinbrook,Kennedy,State-controlled,Bridge/Causeway,No traffic control,100 - 110 km/h,Sealed - Dry,Clear,Darkness - Not lighted,Straight,Level,201,Vehs Opposite Approach: Head On,02: Head-on,N,1,1,0,0,2,1,0,1,0,0,0,0
200159,200159,Fatal,2022,January,Saturday,22,Hit object,Single Vehicle,146.669949458046,-19.2256398207845,Mt Low Pkwy,,,Mount Low,Townsville City,4818,Deeragun,Townsville,Northern,Northern,North Queensland,Deeragun,Townsville,Townsville,Outer Regional,Hinchinbrook,Herbert,Locally-controlled,No Roadway Feature,No traffic control,70 km/h,Sealed - Dry,Clear,Darkness - Lighted,Straight,Level,703,Off Path-Straight: Left Off Cway Hit Obj,16: Off Carriageway on Straight Hit Object,,1,0,0,0,1,1,0,0,0,0,0,0
200160,200160,Fatal,2022,January,Sunday,10,Fall from vehicle,Single Vehicle,146.353663499414,-18.9995507955279,Bruce Hwy,,Bruce Highway (Townsville - Ingham),Mutarnee,Townsville City,4816,Rollingstone,Townsville,Northern,Northern,North Queensland,Northern Beaches,Townsville,Townsville,Outer Regional,Hinchinbrook,Kennedy,State-controlled,No Roadway Feature,No traffic control,100 - 110 km/h,Sealed - Dry,Clear,Daylight,Straight,Level,701,Off Path-Straight: Left Off Cway,15: Off Carriageway on Straight,E,1,0,0,0,1,0,1,0,0,0,0,0
200171,200171,Fatal,2017,September,Monday,12,Overturned,Single Vehicle,151.694496252912,-26.8381273098843,Maidenwell - Bunya Mtns Rd,,Maidenwell - Bunya Mountains Road,Wengenville,South Burnett Region,4615,Nanango,Darling Downs,Southern,Southern,Southern Queensland,Nanango,Burnett,Wide Bay,Outer Regional,Nanango,Maranoa,State-controlled,No Roadway Feature,No traffic control,100 - 110 km/h,Sealed - Dry,Clear,Daylight,Curved - view obscured,Grade,803,Off Path-Curve: Off Cway Rt Bend Hit Obj,19: Off Carriageway on Curve Hit Object,W,2,0,0,0,2,1,0,0,0,0,0,0
200260,200260,Fatal,2023,September,Saturday,13,Angle,Multi-Vehicle,153.156179710667,-27.5917881491169,Ford Rd,Kloske Rd,,Priestdale,Logan City,4127,Springwood,Logan,South Eastern,SEQ South,South Coast,Rochedale - Burbank,Mt Gravatt,Brisbane - South,Major Cities,Springwood,Bonner,Locally-controlled,Intersection - Roundabout,Give way sign,60 km/h,Sealed - Dry,Clear,Daylight,Straight,Dip,101,Vehs Adjacent Approach: Thru-Thru,01: Intersection: Adjacent Approach,,1,2,0,0,3,2,0,0,0,0,0,0
200275,200275,Fatal,2022,July,Friday,5,Hit object,Single Vehicle,151.99430524016,-26.680722337326,Brown St,,,Nanango,South Burnett Region,4615,Nanango,Darling Downs,Southern,Southern,Southern Queensland,Nanango,Burnett,Wide Bay,Inner Regional,Nanango,Maranoa,Locally-controlled,Bridge/Causeway,No traffic control,0 - 50 km/h,Sealed - Wet,Raining,Darkness - Not lighted,Straight,Dip,607,Vehs On Path: Temporary Object On Cway,21: Other,W,1,0,0,0,1,1,0,0,0,0,0,0
200277,200277,Fatal,2022,August,Tuesday,20,Head-on,Multi-Vehicle,153.076942585696,-26.7929169347916,Bells Creek Arterial Rd,,Bells Creek Arterial Road,Bells Creek,Sunshine Coast Region,4551,Caloundra,Sunshine Coast,North Coast,SEQ North,North Coast,Caloundra - West,Caloundra,Sunshine Coast,Major Cities,Caloundra,Fisher,State-controlled,No Roadway Feature,No traffic control,100 - 110 km/h,Sealed - Dry,Clear,Darkness - Not lighted,Straight,Level,201,Vehs Opposite Approach: Head On,02: Head-on,N,1,1,0,0,2,3,0,0,0,0,0,0
200279,200279,Fatal,2021,March,Wednesday,10,Angle,Multi-Vehicle,153.098654027957,-27.4568794522532,Creek Rd,Lytton Rd,,Murarrie,Brisbane City,4172,Morningside,South Brisbane,Brisbane,SEQ South,Metropolitan,Murarrie,Wynnum - Manly,Brisbane - East,Major Cities,Bulimba,Bonner,Locally-controlled,Intersection - Cross,Operating traffic lights,70 km/h,Sealed - Wet,Raining,Daylight,Straight,Grade,104,Vehs Adjacent Approach: Thru-Right,01: Intersection: Adjacent Approach,,1,1,0,0,2,3,0,1,0,0,0,0
200387,200387,Fatal,2024,March,Thursday,3,Hit object,Single Vehicle,153.076106036465,-27.4086654496028,Gateway Arterial Rd,Southern Cross Wy,Southern Cross Way,Nundah,Brisbane City,4012,Hendra,North Brisbane,Brisbane,SEQ North,Metropolitan,Brisbane Airport,Nundah,Brisbane - North,Major Cities,Clayfield,Lilley,State-controlled,No Roadway Feature,No traffic control,80 - 90 km/h,Sealed - Wet,Clear,Darkness - Lighted,Curved - view open,Level,808,Off Path-Curve: Mounts Traffic Island,19: Off Carriageway on Curve Hit Object,N,1,0,0,0,1,0,1,0,0,0,0,0
200397,200397,Fatal,2022,January,Saturday,1,Hit object,Single Vehicle,151.879174340393,-25.9330103202781,Murgon - Gayndah Rd,,Murgon - Gayndah Road,Booubyjan,Gympie Region,4601,Goomeri,Wide Bay Burnett,North Coast,Southern,Southern Queensland,Kilkivan,Gympie - Cooloola,Wide Bay,Outer Regional,Nanango,Wide Bay,State-controlled,Bridge/Causeway,No traffic control,100 - 110 km/h,Sealed - Wet,Raining,Darkness - Not lighted,Straight,Level,607,Vehs On Path: Temporary Object On Cway,21: Other,N,1,1,0,0,2,1,0,0,0,0,0,0
200407,200407,Fatal,2023,September,Wednesday,17,Hit object,Single Vehicle,152.111241201265,-26.9029283503825,Hayne Kite Millar Rd,,,Blackbutt South,South Burnett Region,4306,Blackbutt,Darling Downs,Southern,Southern,Southern Queensland,Nanango,Burnett,Wide Bay,Outer Regional,Nanango,Maranoa,Locally-controlled,No Roadway Feature,No traffic control,70 km/h,Sealed - Dry,Clear,Daylight,Curved - view open,Level,805,Off Path-Curve: Out Of Control On Cway,20: Out of Control on Curve,,1,0,0,0,1,1,0,0,0,0,0,0
200414,200414,Fatal,2024,April,Thursday,6,Head-on,Multi-Vehicle,149.883613467278,-26.6355831425707,Warrego Hwy,,Warrego Highway (Miles - Roma),Drillham,Western Downs Region,4424,Dulacca,South West,Southern,Southern,Southern Queensland,Miles - Wandoan,Darling Downs (west) - Maranoa,Darling Downs - Maranoa,Outer Regional,Callide,Maranoa,State-controlled,No Roadway Feature,No traffic control,100 - 110 km/h,Sealed - Dry,Clear,Dawn/Dusk,Straight,Level,501,Vehs Overtaking: Head On,02: Head-on,W,2,3,0,0,5,2,0,0,0,0,0,0
200422,200422,Fatal,2023,November,Monday,15,Hit pedestrian,Hit pedestrian,146.763350445049,-19.3003048283892,Alfred St,,,Aitkenvale,Townsville City,4814,Mundingburra,Townsville,Northern,Northern,North Queensland,Aitkenvale,Townsville,Townsville,Outer Regional,Mundingburra,Herbert,Locally-controlled,No Roadway Feature,No traffic control,60 km/h,Sealed - Dry,Clear,Daylight,Straight,Level,003,Pedn: Far Side Vehicle Hit From Left,12: Pedestrian,W,1,0,0,0,1,1,0,0,0,0,1,0
200536,200536,Fatal,2022,June,Thursday,21,Hit object,Single Vehicle,152.918116038243,-27.529105434713,Moggill Rd,,Moggill Sub-Arterial Road,Pinjarra Hills,Brisbane City,4069,Indooroopilly,North Brisbane,Brisbane,SEQ North,Metropolitan,Pinjarra Hills - Pullenvale,Kenmore - Brookfield - Moggill,Brisbane - West,Major Cities,Moggill,Ryan,State-controlled,Intersection - T-Junction,No traffic control,70 km/h,Sealed - Dry,Clear,Darkness - Lighted,Curved - view open,Crest,803,Off Path-Curve: Off Cway Rt Bend Hit Obj,19: Off Carriageway on Curve Hit Object,S,1,0,0,0,1,1,0,0,0,0,0,0
200553,200553,Fatal,2022,June,Thursday,15,Hit object,Single Vehicle,153.068322137551,-26.6086864424517,Finland Rd,,,Bli Bli,Sunshine Coast Region,4560,Coolum,Sunshine Coast,North Coast,SEQ North,North Coast,Marcoola - Mudjimba,Maroochy,Sunshine Coast,Major Cities,Ninderry,Fairfax,Locally-controlled,No Roadway Feature,No traffic control,60 km/h,Sealed - Dry,Clear,Daylight,Curved - view obscured,Level,803,Off Path-Curve: Off Cway Rt Bend Hit Obj,19: Off Carriageway on Curve Hit Object,N,1,2,0,0,3,1,0,0,0,0,0,0
200555,200555,Fatal,2023,August,Thursday,2,Hit object,Single Vehicle,152.076079276903,-26.3012883421813,Burnett Hwy,,Burnett Highway (Nanango - Goomeri),Redgate,South Burnett Region,4601,Goomeri,Wide Bay Burnett,North Coast,Southern,Southern Queensland,Kilkivan,Gympie - Cooloola,Wide Bay,Outer Regional,Nanango,Wide Bay,State-controlled,No Roadway Feature,No traffic control,100 - 110 km/h,Sealed - Dry,Fog,Darkness - Not lighted,Curved - view open,Grade,804,Off Path-Curve: Off Cway Lt Bend Hit Obj,19: Off Carriageway on Curve Hit Object,S,1,0,0,0,1,0,0,1,0,0,0,0