_id,Crash_Ref_Number,Crash_Severity,Crash_Year,Crash_Month,Crash_Day_Of_Week,Crash_Hour,Crash_Nature,Crash_Type,Crash_Longitude,Crash_Latitude,Crash_Street,Crash_Street_Intersecting,State_Road_Name,Loc_Suburb,Loc_Local_Government_Area,Loc_Post_Code,Loc_Police_Division,Loc_Police_District,Loc_Police_Region,Loc_Queensland_Transport_Region,Loc_Main_Roads_Region,Loc_ABS_Statistical_Area_2,Loc_ABS_Statistical_Area_3,Loc_ABS_Statistical_Area_4,Loc_ABS_Remoteness,Loc_State_Electorate,Loc_Federal_Electorate,Crash_Controlling_Authority,Crash_Roadway_Feature,Crash_Traffic_Control,Crash_Speed_Limit,Crash_Road_Surface_Condition,Crash_Atmospheric_Condition,Crash_Lighting_Condition,Crash_Road_Horiz_Align,Crash_Road_Vert_Align,Crash_DCA_Code,Crash_DCA_Description,Crash_DCA_Group_Description,DCA_Key_Approach_Dir,Count_Casualty_Fatality,Count_Casualty_Hospitalised,Count_Casualty_MedicallyTreated,Count_Casualty_MinorInjury,Count_Casualty_Total,Count_Unit_Car,Count_Unit_Motorcycle_Moped,Count_Unit_Truck,Count_Unit_Bus,Count_Unit_Bicycle,Count_Unit_Pedestrian,Count_Unit_Other
200557,200557,Fatal,2023,December,Tuesday,15,Hit pedestrian,Hit pedestrian,153.003389134804,-26.6847054365405,Bruce Hwy,,Bruce Highway (Brisbane - Gympie),Chevallum,Sunshine Coast Region,4555,Palmwoods,Sunshine Coast,North Coast,SEQ North,North Coast,Palmwoods,Sunshine Coast Hinterland,Sunshine Coast,Inner Regional,Ninderry,Fisher,State-controlled,No Roadway Feature,No traffic control,100 - 110 km/h,Sealed - Dry,Clear,Daylight,Straight,Grade,001,Pedn: Near Side Vehicle Hit From Right,12: Pedestrian,N,1,1,0,0,2,1,0,0,0,0,1,0
200560,200560,Fatal,2024,June,Friday,14,Overturned,Single Vehicle,152.900352093001,-27.1070304295949,Caboolture River Rd,,,Upper Caboolture,Moreton Bay Region,4510,Caboolture,Moreton,North Coast,SEQ North,North Coast,Upper Caboolture,Narangba - Burpengary,Moreton Bay - North,Major Cities,Glass House,Longman,Locally-controlled,No Roadway Feature,No traffic control,80 - 90 km/h,Sealed - Dry,Clear,Daylight,Curved - view open,Level,804,Off Path-Curve: Off Cway Lt Bend Hit Obj,19: Off Carriageway on Curve Hit Object,E,2,0,0,0,2,1,0,0,0,0,0,0
200584,200584,Fatal,2020,March,Monday,23,Overturned,Single Vehicle,145.917227634714,-17.6716067527463,Mena Ck Rd,,,Mena Creek,Cassowary Coast Region,4871,South Johnstone,Far North,Far Northern,Northern,North Queensland,Johnstone,Innisfail - Cassowary Coast,Cairns,Outer Regional,Hill,Kennedy,Locally-controlled,No Roadway Feature,No traffic control,80 - 90 km/h,Sealed - Wet,Raining,Darkness - Not lighted,Curved - view open,Level,804,Off Path-Curve: Off Cway Lt Bend Hit Obj,19: Off Carriageway on Curve Hit Object,,1,0,0,0,1,1,0,0,0,0,0,0
200635,200635,Fatal,2020,February,Sunday,2,Hit object,Single Vehicle,144.254517324763,-23.44470968732,Duck St,,,Longreach,Longreach Region,4730,Longreach,Capricornia,Central,Central,Central Queensland,Longreach,Outback - South,Queensland - Outback,Very Remote,Gregory,Maranoa,Locally-controlled,No Roadway Feature,No traffic control,0 - 50 km/h,Sealed - Dry,Clear,Darkness - Lighted,Straight,Level,703,Off Path-Straight: Left Off Cway Hit Obj,16: Off Carriageway on Straight Hit Object,W,1,0,0,0,1,0,1,0,0,0,0,0
200645,200645,Fatal,2023,March,Wednesday,13,Hit object,Single Vehicle,153.234161947459,-27.9732384700005,Henri Robert Dr,,Tamborine - Nerang Road,Clagiraba,Gold Coast City,4211,Nerang,Gold Coast,South Eastern,SEQ South,South Coast,Guanaba - Springbrook,Gold Coast Hinterland,Gold Coast,Major Cities,Theodore,Wright,State-controlled,No Roadway Feature,No traffic control,60 km/h,Sealed - Dry,Clear,Daylight,Curved - view obscured,Grade,803,Off Path-Curve: Off Cway Rt Bend Hit Obj,19: Off Carriageway on Curve Hit Object,E,1,1,0,0,2,0,0,1,0,0,0,0
200648,200648,Fatal,2023,October,Tuesday,11,Angle,Multi-Vehicle,151.924240144348,-27.540644337397,Fitzpatrick St,Richmond Dr,,Wilsonton,Toowoomba Region,4350,Toowoomba,Darling Downs,Southern,Southern,Southern Queensland,Wilsonton,Toowoomba,Toowoomba,Inner Regional,Toowoomba North,Groom,Locally-controlled,Intersection - Cross,Give way sign,0 - 50 km/h,Sealed - Dry,Clear,Daylight,Straight,Level,101,Vehs Adjacent Approach: Thru-Thru,01: Intersection: Adjacent Approach,,1,0,0,0,1,1,0,0,0,0,0,1
200677,200677,Fatal,2022,January,Friday,10,Struck by external load,Other,152.710306135297,-26.9273674092553,D'Aguilar Hwy,,D'Aguilar Highway (Caboolture - Kilcoy),Stony Creek,Moreton Bay Region,4514,Woodford,Moreton,North Coast,SEQ North,North Coast,Woodford - Daguilar,Caboolture Hinterland,Moreton Bay - North,Inner Regional,Glass House,Longman,State-controlled,No Roadway Feature,No traffic control,100 - 110 km/h,Sealed - Wet,Raining,Daylight,Straight,Dip,610,Pass & Misc: Load Hit Vehicle,21: Other,E,2,3,1,1,7,4,0,0,0,0,0,0
200801,200801,Fatal,2019,July,Wednesday,5,Angle,Multi-Vehicle,152.669497067336,-27.5107264098367,Brisbane Valley Hwy,Drapers Rd,Brisbane Valley Highway (Ipswich - Harlin),Wanora,Somerset Region,4306,Marburg,Ipswich,Southern,SEQ North,North Coast,Lowood,Ipswich Hinterland,Ipswich,Inner Regional,Lockyer,Blair,State-controlled,Intersection - Cross,Give way sign,100 - 110 km/h,Sealed - Dry,Fog,Darkness - Not lighted,Straight,Level,104,Vehs Adjacent Approach: Thru-Right,01: Intersection: Adjacent Approach,N,1,1,0,0,2,4,1,0,0,0,0,0
200814,200814,Fatal,2020,May,Wednesday,13,Hit object,Single Vehicle,151.251342453917,-25.4928052573562,Burnett Hwy,,Burnett Highway (Gayndah - Monto),Obil Bil,North Burnett Region,4626,Mundubbera,Wide Bay Burnett,North Coast,Southern,Southern Queensland,Gayndah - Mundubbera,Burnett,Wide Bay,Outer Regional,Callide,Flynn,State-controlled,No Roadway Feature,No traffic control,100 - 110 km/h,Sealed - Dry,Clear,Daylight,Curved - view open,Level,803,Off Path-Curve: Off Cway Rt Bend Hit Obj,19: Off Carriageway on Curve Hit Object,E,1,0,0,0,1,1,0,0,0,0,0,0
200817,200817,Fatal,2020,June,Saturday,15,Hit object,Single Vehicle,149.512019934185,-22.4958190766304,Bruce Hwy,,Bruce Highway (Rockhampton - St Lawrence),St Lawrence,Isaac Region,4707,Saint Lawrence,Mackay,Central,Central,Central Queensland,Broadsound - Nebo,Bowen Basin - North,Mackay - Isaac - Whitsunday,Remote,Mirani,Capricornia,State-controlled,Bridge/Causeway,No traffic control,100 - 110 km/h,Sealed - Dry,Clear,Daylight,Straight,Level,703,Off Path-Straight: Left Off Cway Hit Obj,16: Off Carriageway on Straight Hit Object,S,1,1,0,1,3,1,0,0,0,0,0,0
200833,200833,Fatal,2020,September,Monday,18,Rear-end,Multi-Vehicle,153.064813017511,-27.568162449728,Mains Rd,,,Macgregor,Brisbane City,4109,Upper Mount Gravatt,South Brisbane,Brisbane,SEQ South,Metropolitan,Robertson,Nathan,Brisbane - South,Major Cities,Toohey,Moreton,Locally-controlled,No Roadway Feature,No traffic control,60 km/h,Sealed - Dry,Clear,Darkness - Lighted,Straight,Level,301,Vehs Same Direction: Rear End,04: Rear-end,,1,0,0,0,1,5,0,0,0,0,0,0
200838,200838,Fatal,2020,October,Sunday,18,Hit pedestrian,Hit pedestrian,153.025911020147,-27.5804724459169,Beaudesert Rd,,Mount Lindesay Arterial Road,Acacia Ridge,Brisbane City,4110,Acacia Ridge,South Brisbane,Brisbane,SEQ South,Metropolitan,Rocklea - Acacia Ridge,Rocklea - Acacia Ridge,Brisbane - South,Major Cities,Algester,Moreton,State-controlled,No Roadway Feature,No traffic control,60 km/h,Sealed - Dry,Clear,Darkness - Lighted,Straight,Grade,003,Pedn: Far Side Vehicle Hit From Left,12: Pedestrian,S,1,0,0,0,1,1,0,0,0,0,1,0
201024,201024,Fatal,2023,June,Friday,16,Angle,Multi-Vehicle,150.59844028801,-27.5512612136294,Moonie Hwy,,Moonie Highway (Dalby - St George),Weir River,Western Downs Region,4406,Tara,South West,Southern,Southern,Southern Queensland,Tara,Darling Downs (west) - Maranoa,Darling Downs - Maranoa,Outer Regional,Warrego,Maranoa,State-controlled,No Roadway Feature,No traffic control,100 - 110 km/h,Sealed - Dry,Clear,Daylight,Straight,Level,506,Vehs Overtaking: Overtake-Right Turn,09: Overtaking Same Direction,N,1,0,0,0,1,2,0,0,0,0,0,0
201031,201031,Fatal,2024,January,Wednesday,17,Head-on,Multi-Vehicle,152.441781124212,-27.2483443853251,Brisbane Valley Hwy,,Brisbane Valley Highway (Ipswich - Harlin),Esk,Somerset Region,4312,Esk,Ipswich,Southern,SEQ North,North Coast,Esk,Ipswich Hinterland,Ipswich,Inner Regional,Nanango,Blair,State-controlled,No Roadway Feature,No traffic control,100 - 110 km/h,Sealed - Dry,Clear,Daylight,Straight,Level,201,Vehs Opposite Approach: Head On,02: Head-on,W,1,1,0,0,2,1,0,1,0,0,0,0
201036,201036,Fatal,2024,February,Wednesday,14,Head-on,Multi-Vehicle,150.204589346894,-27.4127961771039,Leichhardt Hwy,,Leichhardt Highway (Miles - Goondiwindi),The Gums,Western Downs Region,4406,Tara,South West,Southern,Southern,Southern Queensland,Tara,Darling Downs (west) - Maranoa,Darling Downs - Maranoa,Remote,Warrego,Maranoa,State-controlled,No Roadway Feature,No traffic control,100 - 110 km/h,Sealed - Dry,Clear,Daylight,Straight,Level,201,Vehs Opposite Approach: Head On,02: Head-on,N,1,3,0,0,4,2,0,0,0,0,0,0
201055,201055,Fatal,2024,June,Friday,14,Hit object,Single Vehicle,151.530770135426,-27.9740813033061,Owens Scrub Rd,,,Tummaville,Toowoomba Region,4352,Millmerran,Darling Downs,Southern,Southern,Southern Queensland,Millmerran,Darling Downs - East,Darling Downs - Maranoa,Outer Regional,Southern Downs,Maranoa,Locally-controlled,No Roadway Feature,No traffic control,100 - 110 km/h,Unsealed - Dry,Clear,Daylight,Straight,Grade,704,Off Path-Straight: Right Off Cway Hit Obj,16: Off Carriageway on Straight Hit Object,W,1,1,0,0,2,1,0,0,0,0,0,0
201072,201072,Fatal,2023,December,Sunday,22,Hit object,Single Vehicle,152.057748042916,-28.2510813558174,Warwick - Killarney Rd,,Warwick - Killarney Road,Morgan Park,Southern Downs Region,4370,Warwick,Darling Downs,Southern,Southern,Southern Queensland,Warwick,Granite Belt,Darling Downs - Maranoa,Inner Regional,Southern Downs,Maranoa,State-controlled,No Roadway Feature,No traffic control,100 - 110 km/h,Sealed - Dry,Clear,Darkness - Not lighted,Straight,Level,703,Off Path-Straight: Left Off Cway Hit Obj,16: Off Carriageway on Straight Hit Object,W,1,0,0,0,1,1,0,0,0,0,0,0
201084,201084,Fatal,2022,October,Sunday,7,Hit parked vehicle,Single Vehicle,152.394035082284,-27.6307223836646,Patrick St,,Laidley - Plainland Road,Laidley,Lockyer Valley Region,4341,Laidley,Darling Downs,Southern,SEQ South,Southern Queensland,Lockyer Valley - East,Ipswich Hinterland,Ipswich,Inner Regional,Lockyer,Wright,State-controlled,No Roadway Feature,No traffic control,0 - 50 km/h,Sealed - Dry,Clear,Daylight,Straight,Grade,403,Vehs Manoeuvring: Parking Vehs Only,21: Other,S,1,0,0,0,1,3,0,0,0,0,0,0
201251,201251,Fatal,2023,March,Saturday,17,Angle,Multi-Vehicle,152.98096006559,-27.2578794388565,Anzac Ave,,Redcliffe Road,Kallangur,Moreton Bay Region,4503,Petrie,Moreton,North Coast,SEQ North,North Coast,Dakabin - Kallangur,North Lakes,Moreton Bay - South,Major Cities,Murrumba,Dickson,State-controlled,No Roadway Feature,No traffic control,60 km/h,Sealed - Dry,Clear,Daylight,Straight,Level,309,Vehs Same Direction: Left Turn S/Swipe,06: Parallel Lanes Turning,S,1,0,0,0,1,0,1,1,0,0,0,0
201255,201255,Fatal,2023,September,Friday,12,Fall from vehicle,Single Vehicle,145.505170044942,-16.5689222143249,Captain Cook Hwy,,Captain Cook Highway (Cairns - Mossman),Mowbray,Douglas Shire,4877,Port Douglas,Far North,Far Northern,Northern,North Queensland,Port Douglas,Port Douglas - Daintree,Cairns,Outer Regional,Cook,Leichhardt,State-controlled,No Roadway Feature,No traffic control,100 - 110 km/h,Sealed - Dry,Clear,Daylight,Straight,Level,900,Pass & Misc: Other,21: Other,S,1,0,0,0,1,0,1,1,0,0,0,0
201295,201295,Fatal,2020,October,Friday,10,Hit object,Single Vehicle,149.032140092257,-21.2905900256621,Eton - Homebush Rd,,Eton - Homebush Road,Oakenden,Mackay Region,4741,Eton,Mackay,Central,Central,Central Queensland,Walkerston - Eton,Mackay,Mackay - Isaac - Whitsunday,Outer Regional,Mirani,Capricornia,State-controlled,No Roadway Feature,No traffic control,100 - 110 km/h,Sealed - Dry,Clear,Daylight,Curved - view open,Level,805,Off Path-Curve: Out Of Control On Cway,20: Out of Control on Curve,W,1,0,0,0,1,0,0,1,0,0,0,0
201342,201342,Fatal,2023,March,Tuesday,8,Fall from vehicle,Single Vehicle,152.968646141823,-26.6571124328383,Diddillibah Rd,Nambour Connection Rd,Nambour Connection Road,Woombye,Sunshine Coast Region,4559,Nambour,Sunshine Coast,North Coast,SEQ North,North Coast,Nambour,Nambour,Sunshine Coast,Major Cities,Nicklin,Fairfax,State-controlled,Intersection - T-Junction,Stop sign,70 km/h,Sealed - Dry,Clear,Daylight,Straight,Level,104,Vehs Adjacent Approach: Thru-Right,01: Intersection: Adjacent Approach,S,1,0,0,0,1,1,1,0,0,0,0,0
201397,201397,Fatal,2024,January,Monday,17,Hit object,Single Vehicle,151.523017100704,-28.2701323048789,Cunningham Hwy,,Cunningham Highway (Warwick - Inglewood),Gore,Goondiwindi Region,4352,Leyburn,Darling Downs,Southern,Southern,Southern Queensland,Inglewood - Waggamba,Darling Downs (west) - Maranoa,Darling Downs - Maranoa,Outer Regional,Southern Downs,Maranoa,State-controlled,No Roadway Feature,No traffic control,100 - 110 km/h,Sealed - Wet,Raining,Daylight,Curved - view open,Level,804,Off Path-Curve: Off Cway Lt Bend Hit Obj,19: Off Carriageway on Curve Hit Object,S,1,0,0,0,1,1,0,0,0,0,0,0
201486,201486,Fatal,2024,May,Sunday,0,Hit pedestrian,Hit pedestrian,152.884423557815,-25.304147721497,Boundary Rd,,,Urangan,Fraser Coast Region,4655,Hervey Bay,Wide Bay Burnett,North Coast,Southern,Southern Queensland,Urangan - Wondunna,Hervey Bay,Wide Bay,Inner Regional,Hervey Bay,Hinkler,Locally-controlled,No Roadway Feature,No traffic control,60 km/h,Sealed - Dry,Clear,Darkness - Not lighted,Straight,Level,005,Pedn: Hit Walking With Traffic,12: Pedestrian,E,1,0,1,0,2,1,0,0,0,0,1,0
201520,201520,Fatal,2023,March,Thursday,11,Hit object,Single Vehicle,152.222944023707,-28.2567323718723,Junabee Rd,,,Junabee,Southern Downs Region,4370,Killarney,Darling Downs,Southern,Southern,Southern Queensland,Southern Downs - East,Granite Belt,Darling Downs - Maranoa,Inner Regional,Southern Downs,Maranoa,Locally-controlled,Bridge/Causeway,No traffic control,100 - 110 km/h,Sealed - Wet,Clear,Daylight,Curved - view open,Dip,607,Vehs On Path: Temporary Object On Cway,21: Other,E,1,0,0,0,1,1,0,0,0,0,0,0
201528,201528,Fatal,2024,April,Sunday,15,Hit object,Single Vehicle,148.851664090619,-21.4614430119584,Peak Downs Hwy,,Peak Downs Highway (Nebo - Mackay),Epsom,Isaac Region,4741,Nebo,Mackay,Central,Central,Central Queensland,Broadsound - Nebo,Bowen Basin - North,Mackay - Isaac - Whitsunday,Outer Regional,Burdekin,Capricornia,State-controlled,No Roadway Feature,No traffic control,100 - 110 km/h,Sealed - Dry,Clear,Daylight,Curved - view open,Level,803,Off Path-Curve: Off Cway Rt Bend Hit Obj,19: Off Carriageway on Curve Hit Object,S,1,0,0,0,1,1,0,0,0,0,0,0
201531,201531,Fatal,2022,August,Sunday,18,Angle,Multi-Vehicle,152.89696703007,-27.6121914332554,Queen St,,,Goodna,Ipswich City,4300,Goodna,Ipswich,Southern,SEQ South,Metropolitan,Goodna,Springfield - Redbank,Ipswich,Major Cities,Bundamba,Oxley,Locally-controlled,No Roadway Feature,No traffic control,60 km/h,Sealed - Dry,Clear,Darkness - Lighted,Straight,Grade,506,Vehs Overtaking: Overtake-Right Turn,09: Overtaking Same Direction,S,1,0,0,0,1,1,1,0,0,0,0,0
201566,201566,Fatal,2023,December,Thursday,14,Hit object,Single Vehicle,150.093116816639,-23.150927132856,Marble Ridges Rd,,,Morinish,Rockhampton Region,4702,Rockhampton,Capricornia,Central,Central,Central Queensland,Rockhampton Region - West,Rockhampton,Central Queensland,Outer Regional,Mirani,Flynn,Locally-controlled,No Roadway Feature,No traffic control,100 - 110 km/h,Unsealed - Dry,Clear,Daylight,Curved - view open,Level,803,Off Path-Curve: Off Cway Rt Bend Hit Obj,19: Off Carriageway on Curve Hit Object,S,1,0,0,0,1,1,0,0,0,0,0,0
201573,201573,Fatal,2019,March,Friday,14,Fall from vehicle,Single Vehicle,152.967583019452,-27.6358324405049,Johnson Rd,,,Forest Lake,Brisbane City,4078,Inala,South Brisbane,Brisbane,SEQ South,Metropolitan,Forest Lake - Doolandella,Forest Lake - Oxley,Ipswich,Major Cities,Jordan,Oxley,Locally-controlled,Merge Lane,No traffic control,80 - 90 km/h,Sealed - Dry,Clear,Daylight,Curved - view open,Grade,900,Pass & Misc: Other,21: Other,E,1,0,0,0,1,0,1,1,0,0,0,0
201578,201578,Fatal,2020,July,Saturday,15,Overturned,Single Vehicle,145.406975735636,-16.7751107092827,Southedge Rd,,,Southedge,Mareeba Shire,4871,Mount Molloy,Far North,Far Northern,Northern,North Queensland,Tablelands,Far North,Queensland - Outback,Outer Regional,Cook,Kennedy,Locally-controlled,No Roadway Feature,No traffic control,80 - 90 km/h,Sealed - Dry,Clear,Daylight,Straight,Grade,701,Off Path-Straight: Left Off Cway,15: Off Carriageway on Straight,,1,2,0,0,3,0,1,0,0,0,0,0
201648,201648,Fatal,2024,February,Sunday,19,Angle,Multi-Vehicle,153.046720017483,-27.5837924480329,Findon St,Jackson Rd,,Sunnybank Hills,Brisbane City,4109,Acacia Ridge,South Brisbane,Brisbane,SEQ South,Metropolitan,Sunnybank Hills,Sunnybank,Brisbane - South,Major Cities,Stretton,Moreton,Locally-controlled,Intersection - T-Junction,Give way sign,60 km/h,Sealed - Dry,Clear,Darkness - Lighted,Straight,Grade,104,Vehs Adjacent Approach: Thru-Right,01: Intersection: Adjacent Approach,,1,0,0,0,1,2,1,0,0,0,0,0
201809,201809,Fatal,2023,December,Sunday,9,Fall from vehicle,Single Vehicle,152.760551110817,-27.0825304154751,Lewington Rd,Mount Mee Rd,Brisbane - Woodford Road,Mount Mee,Moreton Bay Region,4521,Woodford,Moreton,North Coast,SEQ North,North Coast,Woodford - Daguilar,Caboolture Hinterland,Moreton Bay - North,Inner Regional,Glass House,Longman,State-controlled,Intersection - T-Junction,No traffic control,80 - 90 km/h,Sealed - Dry,Clear,Daylight,Curved - view open,Grade,805,Off Path-Curve: Out Of Control On Cway,20: Out of Control on Curve,N,1,0,0,0,1,0,1,0,0,0,0,0
201822,201822,Fatal,2022,July,Thursday,0,Hit object,Single Vehicle,145.927948663148,-17.2952427503012,Bruce Hwy,,Bruce Highway (Innisfail - Cairns),Bellenden Ker,Cairns Region,4871,Babinda,Far North,Far Northern,Northern,North Queensland,Babinda,Innisfail - Cassowary Coast,Cairns,Outer Regional,Hill,Kennedy,State-controlled,No Roadway Feature,No traffic control,100 - 110 km/h,Sealed - Dry,Clear,Darkness - Not lighted,Curved - view obscured,Level,803,Off Path-Curve: Off Cway Rt Bend Hit Obj,19: Off Carriageway on Curve Hit Object,S,1,0,0,0,1,1,0,0,0,0,0,0
201936,201936,Fatal,2024,May,Friday,14,Head-on,Multi-Vehicle,152.082170416749,-27.7575788803199,Gatton - Clifton Rd,,Gatton - Clifton Road,West Haldon,Toowoomba Region,4359,Clifton,Darling Downs,Southern,Southern,Southern Queensland,Clifton - Greenmount,Granite Belt,Darling Downs - Maranoa,Inner Regional,Condamine,Groom,State-controlled,No Roadway Feature,No traffic control,80 - 90 km/h,Sealed - Wet,Raining,Daylight,Curved - view open,Level,201,Vehs Opposite Approach: Head On,02: Head-on,S,1,0,0,0,1,1,1,0,0,0,0,0
201937,201937,Fatal,2024,June,Tuesday,10,Sideswipe,Multi-Vehicle,153.38470494287,-27.881032484557,Oxley Dr,,Hope Island Road,Paradise Point,Gold Coast City,4216,Runaway Bay,Gold Coast,South Eastern,SEQ South,South Coast,Paradise Point - Hollywell,Gold Coast - North,Gold Coast,Major Cities,Broadwater,Fadden,State-controlled,Median Opening,No traffic control,60 km/h,Sealed - Dry,Clear,Daylight,Straight,Level,408,Vehs Manoeuvring: Entering From Footway,08: Vehicle Leaving Driveway,W,1,1,0,0,2,1,1,0,0,0,0,0
202011,202011,Fatal,2024,March,Saturday,16,Fall from vehicle,Single Vehicle,152.316988100673,-27.549292375492,Eastern Dr,,Warrego Highway (Ipswich - Toowoomba),Gatton,Lockyer Valley Region,4343,Gatton,Darling Downs,Southern,SEQ South,Southern Queensland,Gatton,Toowoomba,Toowoomba,Inner Regional,Lockyer,Wright,State-controlled,Bridge/Causeway,No traffic control,60 km/h,Sealed - Dry,Clear,Daylight,Curved - view open,Crest,201,Vehs Opposite Approach: Head On,02: Head-on,E,1,0,1,0,2,1,1,0,0,0,0,0
202029,202029,Fatal,2023,November,Monday,10,Hit object,Single Vehicle,152.848839172743,-26.5068284196663,Eumundi - Kenilworth Rd,,Eumundi - Kenilworth Road,Belli Park,Sunshine Coast Region,4562,Eumundi,Sunshine Coast,North Coast,SEQ North,North Coast,Maroochy Hinterland,Sunshine Coast Hinterland,Sunshine Coast,Inner Regional,Nicklin,Fairfax,State-controlled,No Roadway Feature,No traffic control,80 - 90 km/h,Sealed - Wet,Raining,Daylight,Curved - view open,Grade,804,Off Path-Curve: Off Cway Lt Bend Hit Obj,19: Off Carriageway on Curve Hit Object,W,1,0,0,0,1,1,0,0,0,0,0,0
202030,202030,Fatal,2023,November,Sunday,11,Overturned,Single Vehicle,153.14627420264,-26.0196794455632,Unnamed Beach Rd,,,Cooloola,Gympie Region,4580,Tin Can Bay,Wide Bay Burnett,North Coast,Southern,Southern Queensland,Cooloola,Gympie - Cooloola,Wide Bay,Inner Regional,Gympie,Wide Bay,Locally-controlled,No Roadway Feature,No traffic control,80 - 90 km/h,Unsealed - Wet,Clear,Daylight,Straight,Level,705,Off Path-Straight: Out Of Control On Cway,17: Out of Control on Straight,N,1,2,0,2,5,1,0,0,0,0,0,0
202081,202081,Fatal,2024,June,Tuesday,14,Head-on,Multi-Vehicle,151.461994586479,-24.1349102660274,Bruce Hwy,,Bruce Highway (Gin Gin - Benaraby),Foreshores,Gladstone Region,4678,Miriam Vale,Capricornia,Central,Central,Central Queensland,Agnes Water - Miriam Vale,Gladstone,Central Queensland,Outer Regional,Burnett,Flynn,State-controlled,No Roadway Feature,No traffic control,100 - 110 km/h,Sealed - Dry,Clear,Daylight,Straight,Level,201,Vehs Opposite Approach: Head On,02: Head-on,S,1,0,1,0,2,1,0,1,0,0,0,0
202177,202177,Fatal,2019,November,Tuesday,17,Hit object,Single Vehicle,151.114969654573,-23.8077292309175,Targinnie Rd,,,Targinnie,Gladstone Region,4694,Gladstone,Capricornia,Central,Central,Central Queensland,Gladstone Hinterland,Gladstone,Central Queensland,Outer Regional,Gladstone,Flynn,Locally-controlled,No Roadway Feature,No traffic control,60 km/h,Sealed - Dry,Clear,Daylight,Straight,Level,703,Off Path-Straight: Left Off Cway Hit Obj,16: Off Carriageway on Straight Hit Object,N,1,2,0,1,4,1,0,0,0,0,0,0
202178,202178,Fatal,2019,November,Saturday,6,Hit object,Single Vehicle,150.842686686827,-23.7395852052602,Raglan Station Rd,,,Raglan,Gladstone Region,4697,Mount Larcom,Capricornia,Central,Central,Central Queensland,Gladstone Hinterland,Gladstone,Central Queensland,Outer Regional,Gladstone,Flynn,Locally-controlled,No Roadway Feature,No traffic control,100 - 110 km/h,Unsealed - Dry,Clear,Daylight,Straight,Level,705,Off Path-Straight: Out Of Control On Cway,17: Out of Control on Straight,W,1,1,0,0,2,1,0,0,0,0,0,0
202339,202339,Fatal,2020,July,Friday,13,Fall from vehicle,Single Vehicle,153.04440000729,-27.6662574484503,Estramina Rd,Pavon St,,Regents Park,Logan City,4118,Browns Plains,Logan,South Eastern,SEQ South,South Coast,Regents Park - Heritage Park,Browns Plains,Logan - Beaudesert,Major Cities,Algester,Rankin,Locally-controlled,Intersection - T-Junction,No traffic control,0 - 50 km/h,Sealed - Dry,Clear,Daylight,Straight,Level,405,Vehs Manoeuvring: Rev Into Fixed Object,21: Other,,1,0,0,0,1,1,0,0,0,0,0,0
202441,202441,Fatal,2022,December,Sunday,17,Hit object,Single Vehicle,143.799229945761,-15.1337075896179,Peninsula Developmental Rd,,Peninsula Developmental Road (Laura - Coen),Lakefield,Cook Shire,4892,Laura,Far North,Far Northern,Northern,North Queensland,Cape York,Far North,Queensland - Outback,Very Remote,Cook,Leichhardt,State-controlled,No Roadway Feature,No traffic control,100 - 110 km/h,Unsealed - Dry,Clear,Daylight,Straight,Grade,703,Off Path-Straight: Left Off Cway Hit Obj,16: Off Carriageway on Straight Hit Object,W,1,1,1,5,8,1,0,0,0,0,0,0
202523,202523,Fatal,2018,November,Monday,1,Hit object,Single Vehicle,151.711336173446,-27.491057316648,Oakey - Crosshill Rd,,,Oakey,Toowoomba Region,4401,Oakey,Darling Downs,Southern,Southern,Southern Queensland,Jondaryan,Darling Downs - East,Darling Downs - Maranoa,Inner Regional,Condamine,Groom,Locally-controlled,No Roadway Feature,No traffic control,100 - 110 km/h,Sealed - Dry,Clear,Darkness - Not lighted,Curved - view open,Grade,803,Off Path-Curve: Off Cway Rt Bend Hit Obj,19: Off Carriageway on Curve Hit Object,S,1,0,0,0,1,1,0,0,0,0,0,0
202593,202593,Fatal,2023,August,Tuesday,11,Angle,Multi-Vehicle,151.631188157767,-27.6950713106326,Dallman Rd,Lochaber Rd,,Stoneleigh,Toowoomba Region,4356,Pittsworth,Darling Downs,Southern,Southern,Southern Queensland,Pittsworth,Darling Downs - East,Darling Downs - Maranoa,Inner Regional,Condamine,Groom,Locally-controlled,Intersection - T-Junction,No traffic control,100 - 110 km/h,Sealed - Dry,Clear,Daylight,Straight,Grade,506,Vehs Overtaking: Overtake-Right Turn,09: Overtaking Same Direction,W,1,0,1,0,2,1,1,0,0,0,0,0
202655,202655,Fatal,2020,September,Sunday,6,Head-on,Multi-Vehicle,146.090707629613,-17.5902867644806,Mourilyan Harbour Rd,,Mourilyan Harbour Road,Mourilyan Harbour,Cassowary Coast Region,4858,Mourilyan,Far North,Far Northern,Northern,North Queensland,Johnstone,Innisfail - Cassowary Coast,Cairns,Outer Regional,Hill,Kennedy,State-controlled,No Roadway Feature,No traffic control,100 - 110 km/h,Sealed - Dry,Fog,Dawn/Dusk,Curved - view open,Level,501,Vehs Overtaking: Head On,02: Head-on,W,1,0,0,0,1,2,0,1,0,0,0,0