_id,Crash_Ref_Number,Crash_Severity,Crash_Year,Crash_Month,Crash_Day_Of_Week,Crash_Hour,Crash_Nature,Crash_Type,Crash_Longitude,Crash_Latitude,Crash_Street,Crash_Street_Intersecting,State_Road_Name,Loc_Suburb,Loc_Local_Government_Area,Loc_Post_Code,Loc_Police_Division,Loc_Police_District,Loc_Police_Region,Loc_Queensland_Transport_Region,Loc_Main_Roads_Region,Loc_ABS_Statistical_Area_2,Loc_ABS_Statistical_Area_3,Loc_ABS_Statistical_Area_4,Loc_ABS_Remoteness,Loc_State_Electorate,Loc_Federal_Electorate,Crash_Controlling_Authority,Crash_Roadway_Feature,Crash_Traffic_Control,Crash_Speed_Limit,Crash_Road_Surface_Condition,Crash_Atmospheric_Condition,Crash_Lighting_Condition,Crash_Road_Horiz_Align,Crash_Road_Vert_Align,Crash_DCA_Code,Crash_DCA_Description,Crash_DCA_Group_Description,DCA_Key_Approach_Dir,Count_Casualty_Fatality,Count_Casualty_Hospitalised,Count_Casualty_MedicallyTreated,Count_Casualty_MinorInjury,Count_Casualty_Total,Count_Unit_Car,Count_Unit_Motorcycle_Moped,Count_Unit_Truck,Count_Unit_Bus,Count_Unit_Bicycle,Count_Unit_Pedestrian,Count_Unit_Other
202778,202778,Fatal,2023,August,Wednesday,16,Hit pedestrian,Hit pedestrian,153.394419941125,-27.886349485588,Grice Ave,,,Paradise Point,Gold Coast City,4216,Runaway Bay,Gold Coast,South Eastern,SEQ South,South Coast,Paradise Point - Hollywell,Gold Coast - North,Gold Coast,Major Cities,Broadwater,Fadden,Locally-controlled,No Roadway Feature,No traffic control,0 - 50 km/h,Sealed - Dry,Clear,Daylight,Straight,Level,000,Pedn: Hit Other,21: Other,,1,0,0,0,1,1,0,0,0,0,1,0
203089,203089,Fatal,2022,June,Thursday,6,Angle,Multi-Vehicle,151.669954153457,-27.6955553143179,Broxburn Rd,Gore Hwy,Gore Highway (Toowoomba - Millmerran),Linthorpe,Toowoomba Region,4356,Pittsworth,Darling Downs,Southern,Southern,Southern Queensland,Pittsworth,Darling Downs - East,Darling Downs - Maranoa,Inner Regional,Condamine,Groom,State-controlled,Intersection - T-Junction,Give way sign,100 - 110 km/h,Sealed - Dry,Fog,Dawn/Dusk,Straight,Dip,104,Vehs Adjacent Approach: Thru-Right,01: Intersection: Adjacent Approach,S,1,0,1,0,2,2,0,1,0,0,1,0
203098,203098,Fatal,2022,April,Wednesday,17,Angle,Multi-Vehicle,151.95316301393,-28.5819493483055,Granite Belt Dr,New England Hwy,New England Highway (Warwick - Wallangarra),The Summit,Southern Downs Region,4377,Stanthorpe,Darling Downs,Southern,Southern,Southern Queensland,Stanthorpe Region,Granite Belt,Darling Downs - Maranoa,Outer Regional,Southern Downs,Maranoa,State-controlled,Intersection - T-Junction,Give way sign,100 - 110 km/h,Sealed - Wet,Clear,Daylight,Straight,Level,104,Vehs Adjacent Approach: Thru-Right,01: Intersection: Adjacent Approach,N,4,0,0,0,4,1,0,1,0,0,0,0
203101,203101,Fatal,2022,August,Sunday,23,Angle,Multi-Vehicle,152.329987099292,-27.5490683767592,Warrego Hwy,,Warrego Highway (Ipswich - Toowoomba),Lawes,Lockyer Valley Region,4345,Gatton,Darling Downs,Southern,SEQ South,Southern Queensland,Gatton,Toowoomba,Toowoomba,Inner Regional,Lockyer,Wright,State-controlled,No Roadway Feature,No traffic control,100 - 110 km/h,Sealed - Dry,Clear,Darkness - Lighted,Straight,Level,207,Vehs Opposite Approach: U-Turn,07: U-turn,W,1,3,1,0,5,2,0,0,0,0,0,0
203102,203102,Fatal,2023,May,Friday,2,Hit pedestrian,Hit pedestrian,151.964423136377,-27.5704093414938,James St,Kitchener St,Toowoomba Connection Road,South Toowoomba,Toowoomba Region,4350,Toowoomba,Darling Downs,Southern,Southern,Southern Queensland,Rangeville,Toowoomba,Toowoomba,Inner Regional,Toowoomba South,Groom,State-controlled,Intersection - Cross,Operating traffic lights,60 km/h,Sealed - Dry,Clear,Darkness - Lighted,Straight,Dip,004,Pedn: Play; Work; Stand; Lie On Cway,12: Pedestrian,U,1,0,0,0,1,0,0,1,0,0,1,0
203103,203103,Fatal,2023,June,Sunday,15,Rear-end,Multi-Vehicle,151.747310152371,-27.6340623211994,Gore Hwy,,Gore Highway (Toowoomba - Millmerran),Umbiram,Toowoomba Region,4352,Drayton,Darling Downs,Southern,Southern,Southern Queensland,Pittsworth,Darling Downs - East,Darling Downs - Maranoa,Inner Regional,Condamine,Groom,State-controlled,No Roadway Feature,No traffic control,100 - 110 km/h,Sealed - Dry,Clear,Daylight,Straight,Dip,505,Vehs Overtaking: Pulling Out Rear End,09: Overtaking Same Direction,N,1,0,0,0,1,2,1,0,0,0,0,0
203105,203105,Fatal,2023,August,Monday,7,Hit pedestrian,Hit pedestrian,152.461271082838,-27.5671783897557,Summerholm Rd,Warrego Hwy,Warrego Highway (Ipswich - Toowoomba),Hatton Vale,Lockyer Valley Region,4341,Laidley,Darling Downs,Southern,SEQ South,Southern Queensland,Lockyer Valley - East,Ipswich Hinterland,Ipswich,Inner Regional,Lockyer,Wright,State-controlled,Intersection - T-Junction,No traffic control,80 - 90 km/h,Sealed - Dry,Clear,Daylight,Curved - view open,Level,003,Pedn: Far Side Vehicle Hit From Left,12: Pedestrian,N,1,0,0,0,1,1,0,0,0,0,1,0
203111,203111,Fatal,2022,September,Monday,16,Angle,Multi-Vehicle,151.950639007561,-28.6358473484799,High St,New England Hwy,New England Highway (Warwick - Wallangarra),Stanthorpe,Southern Downs Region,4380,Stanthorpe,Darling Downs,Southern,Southern,Southern Queensland,Stanthorpe,Granite Belt,Darling Downs - Maranoa,Outer Regional,Southern Downs,Maranoa,State-controlled,Intersection - Cross,Stop sign,80 - 90 km/h,Sealed - Dry,Clear,Daylight,Curved - view open,Level,104,Vehs Adjacent Approach: Thru-Right,01: Intersection: Adjacent Approach,S,1,0,3,0,4,2,0,0,0,0,0,0
203112,203112,Fatal,2023,March,Saturday,10,Head-on,Multi-Vehicle,150.329422413802,-26.6925651825994,Brownlies Rd,,,Columboola,Western Downs Region,4415,Miles,South West,Southern,Southern,Southern Queensland,Miles - Wandoan,Darling Downs (west) - Maranoa,Darling Downs - Maranoa,Outer Regional,Callide,Maranoa,Locally-controlled,No Roadway Feature,No traffic control,0 - 50 km/h,Sealed - Dry,Clear,Daylight,Curved - view obscured,Dip,201,Vehs Opposite Approach: Head On,02: Head-on,,1,0,1,0,2,1,2,0,0,0,0,0
203253,203253,Fatal,2024,February,Wednesday,12,Hit pedestrian,Hit pedestrian,146.009790640046,-17.5245997581086,Blackwood St,Maple St,,Goondi Bend,Cassowary Coast Region,4860,Innisfail,Far North,Far Northern,Northern,North Queensland,Innisfail,Innisfail - Cassowary Coast,Cairns,Outer Regional,Hill,Kennedy,Locally-controlled,No Roadway Feature,No traffic control,60 km/h,Sealed - Dry,Clear,Daylight,Straight,Level,000,Pedn: Hit Other,21: Other,E,1,0,0,0,1,1,0,0,0,0,1,0
203377,203377,Fatal,2023,April,Friday,18,Hit object,Single Vehicle,152.828216039055,-27.5998554263004,Brisbane Rd,,Ipswich - Cunningham Hwy Connection Road,Ebbw Vale,Ipswich City,4304,Booval,Ipswich,Southern,SEQ South,Metropolitan,Bundamba,Ipswich Inner,Ipswich,Major Cities,Bundamba,Blair,State-controlled,No Roadway Feature,No traffic control,70 km/h,Sealed - Wet,Raining,Darkness - Lighted,Curved - view open,Grade,808,Off Path-Curve: Mounts Traffic Island,19: Off Carriageway on Curve Hit Object,N,1,1,0,0,2,1,0,0,0,0,0,0
203379,203379,Fatal,2023,May,Friday,9,Fall from vehicle,Single Vehicle,153.117038232164,-26.7878427767866,Sugarbag Rd,,,Caloundra West,Sunshine Coast Region,4551,Caloundra,Sunshine Coast,North Coast,SEQ North,North Coast,Caloundra - West,Caloundra,Sunshine Coast,Major Cities,Kawana,Fisher,Locally-controlled,Bikeway,No traffic control,0 - 50 km/h,Unsealed - Wet,Clear,Daylight,Curved - view obscured,Dip,400,Vehs Manoeuvring: Other,21: Other,,1,0,0,0,1,0,0,0,0,1,0,0
203381,203381,Fatal,2023,June,Monday,23,Hit object,Single Vehicle,153.07482302867,-27.4714504499704,Ayr St,Richmond Rd,,Morningside,Brisbane City,4170,Morningside,South Brisbane,Brisbane,SEQ South,Metropolitan,Morningside - Seven Hills,Brisbane Inner - East,Brisbane Inner City,Major Cities,Bulimba,Griffith,Locally-controlled,Intersection - T-Junction,No traffic control,0 - 50 km/h,Sealed - Dry,Clear,Darkness - Lighted,Straight,Level,700,Off Path-Straight: Other,21: Other,,1,0,0,0,1,0,1,0,0,0,0,0
203604,203604,Fatal,2016,August,Wednesday,18,Hit pedestrian,Hit pedestrian,153.452890908508,-28.0889631931407,Gold Coast Hwy,,Gold Coast Highway (Broadbeach - Coolangatta),Burleigh Heads,Gold Coast City,4220,Palm Beach,Gold Coast,South Eastern,SEQ South,South Coast,Burleigh Heads,Broadbeach - Burleigh,Gold Coast,Major Cities,Burleigh,Mcpherson,State-controlled,No Roadway Feature,Give way sign,60 km/h,Sealed - Dry,Clear,Darkness - Lighted,Curved - view open,Level,004,Pedn: Play; Work; Stand; Lie On Cway,12: Pedestrian,N,1,0,0,0,1,1,0,0,0,0,1,0
203782,203782,Fatal,2016,July,Tuesday,21,Hit object,Single Vehicle,148.599937217006,-20.3288840815409,Strathdickie Rd,,,Strathdickie,Whitsunday Region,4800,Proserpine,Mackay,Central,Central,Central Queensland,Proserpine,Whitsunday,Mackay - Isaac - Whitsunday,Outer Regional,Whitsunday,Dawson,Locally-controlled,No Roadway Feature,No traffic control,80 - 90 km/h,Sealed - Wet,Raining,Darkness - Not lighted,Curved - view open,Level,803,Off Path-Curve: Off Cway Rt Bend Hit Obj,19: Off Carriageway on Curve Hit Object,S,1,0,0,0,1,1,0,0,0,0,0,0
203811,203811,Fatal,2021,June,Tuesday,16,Head-on,Multi-Vehicle,152.660788310345,-25.530759393125,Bruce Hwy,,Bruce Highway (Gympie - Maryborough),Tinana,Fraser Coast Region,4650,Maryborough,Wide Bay Burnett,North Coast,Southern,Southern Queensland,Tinana,Maryborough,Wide Bay,Inner Regional,Maryborough,Wide Bay,State-controlled,No Roadway Feature,No traffic control,100 - 110 km/h,Sealed - Dry,Clear,Daylight,Curved - view open,Level,201,Vehs Opposite Approach: Head On,02: Head-on,S,1,0,1,0,2,1,0,1,0,0,0,0
203822,203822,Fatal,2022,May,Wednesday,5,Angle,Multi-Vehicle,153.019624029202,-27.5141574447622,Fairfield Rd,Hyde Rd,,Yeronga,Brisbane City,4104,Annerley,South Brisbane,Brisbane,SEQ South,Metropolitan,Yeronga,Holland Park - Yeronga,Brisbane - South,Major Cities,Miller,Moreton,Locally-controlled,Intersection - T-Junction,Operating traffic lights,60 km/h,Sealed - Wet,Raining,Darkness - Lighted,Straight,Grade,202,Vehs Opposite Approach: Thru-Right,03: Opposing Vehicles Turning,S,1,0,0,0,1,2,1,0,0,0,0,0
204056,204056,Fatal,2013,July,Monday,22,Hit object,Single Vehicle,152.405633441811,-26.9396624193334,D'Aguilar Hwy,,D'Aguilar Highway (Kilcoy - Yarraman),Harlin,Somerset Region,4306,Moore,Moreton,North Coast,SEQ North,North Coast,Kilcoy,Caboolture Hinterland,Moreton Bay - North,Inner Regional,Nanango,Blair,State-controlled,No Roadway Feature,No traffic control,100 - 110 km/h,Sealed - Dry,Clear,Darkness - Not lighted,Curved - view open,Level,804,Off Path-Curve: Off Cway Lt Bend Hit Obj,19: Off Carriageway on Curve Hit Object,E,1,0,0,0,1,1,0,0,0,0,0,0
204057,204057,Fatal,2013,July,Tuesday,5,Rear-end,Multi-Vehicle,151.233613749882,-27.170980616101,Warrego Hwy,,Warrego Highway (Dalby - Miles),Dalby,Western Downs Region,4405,Dalby,South West,Southern,Southern,Southern Queensland,Wambo,Darling Downs - East,Darling Downs - Maranoa,Inner Regional,Warrego,Maranoa,State-controlled,No Roadway Feature,No traffic control,80 - 90 km/h,Sealed - Dry,Clear,Darkness - Lighted,Straight,Level,303,Vehs Same Direction: Right Rear,04: Rear-end,W,1,0,2,0,3,1,0,2,0,0,0,0
204058,204058,Fatal,2013,July,Thursday,5,Hit object,Single Vehicle,150.150012370744,-26.8651986319392,Leichhardt Hwy,,Leichhardt Highway (Miles - Goondiwindi),Condamine,Western Downs Region,4416,Miles,South West,Southern,Southern,Southern Queensland,Miles - Wandoan,Darling Downs (west) - Maranoa,Darling Downs - Maranoa,Outer Regional,Warrego,Maranoa,State-controlled,Bridge/Causeway,No traffic control,100 - 110 km/h,Sealed - Dry,Clear,Darkness - Not lighted,Straight,Dip,703,Off Path-Straight: Left Off Cway Hit Obj,16: Off Carriageway on Straight Hit Object,N,1,0,0,0,1,1,0,0,0,0,0,0
204060,204060,Fatal,2013,July,Thursday,19,Hit pedestrian,Hit pedestrian,153.44451071138,-28.0739333401676,Gold Coast Hwy,,Gold Coast Highway (Broadbeach - Coolangatta),Miami,Gold Coast City,4220,Broadbeach,Gold Coast,South Eastern,SEQ South,South Coast,Miami,Broadbeach - Burleigh,Gold Coast,Major Cities,Mermaid Beach,Moncrieff,State-controlled,No Roadway Feature,No traffic control,60 km/h,Sealed - Dry,Clear,Darkness - Lighted,Straight,Level,003,Pedn: Far Side Vehicle Hit From Left,12: Pedestrian,N,1,0,0,0,1,1,0,0,0,0,1,0
204063,204063,Fatal,2013,July,Saturday,1,Hit object,Single Vehicle,150.610443459668,-26.7584673994791,Chinchilla - Tara Rd,,Chinchilla - Tara Road,Chinchilla,Western Downs Region,4413,Chinchilla,South West,Southern,Southern,Southern Queensland,Chinchilla,Darling Downs (west) - Maranoa,Darling Downs - Maranoa,Outer Regional,Callide,Maranoa,State-controlled,No Roadway Feature,No traffic control,100 - 110 km/h,Sealed - Dry,Clear,Darkness - Not lighted,Straight,Level,704,Off Path-Straight: Right Off Cway Hit Obj,16: Off Carriageway on Straight Hit Object,S,2,0,0,0,2,1,0,0,0,0,0,0
204391,204391,Fatal,2013,May,Wednesday,19,Hit pedestrian,Hit pedestrian,153.430087484453,-28.1395503522106,Guineas Creek Rd,,,Tallebudgera,Gold Coast City,4228,Palm Beach,Gold Coast,South Eastern,SEQ South,South Coast,Currumbin Valley - Tallebudgera,Mudgeeraba - Tallebudgera,Gold Coast,Major Cities,Currumbin,Mcpherson,Locally-controlled,No Roadway Feature,No traffic control,60 km/h,Sealed - Dry,Clear,Darkness - Lighted,Straight,Grade,004,Pedn: Play; Work; Stand; Lie On Cway,12: Pedestrian,N,1,0,0,0,1,1,0,0,0,0,1,0
204530,204530,Fatal,2013,June,Saturday,6,Rear-end,Multi-Vehicle,146.700324586886,-19.2733880834518,Bruce Hwy,,Shaw Road,Shaw,Townsville City,4818,Deeragun,Townsville,Northern,Northern,North Queensland,Bohle Plains,Townsville,Townsville,Outer Regional,Hinchinbrook,Herbert,State-controlled,No Roadway Feature,No traffic control,80 - 90 km/h,Sealed - Dry,Clear,Daylight,Curved - view open,Level,803,Off Path-Curve: Off Cway Rt Bend Hit Obj,19: Off Carriageway on Curve Hit Object,S,1,3,0,0,4,0,0,1,0,4,0,0
204531,204531,Fatal,2013,June,Saturday,17,Hit object,Single Vehicle,153.104885034314,-27.967928933907,Beaudesert - Nerang Rd,,Beaudesert - Nerang Road,Biddaddaba,Scenic Rim Region,4275,Canungra,Logan,South Eastern,SEQ South,South Coast,Beaudesert,Beaudesert,Logan - Beaudesert,Inner Regional,Scenic Rim,Wright,State-controlled,No Roadway Feature,No traffic control,100 - 110 km/h,Sealed - Dry,Clear,Dawn/Dusk,Straight,Grade,703,Off Path-Straight: Left Off Cway Hit Obj,16: Off Carriageway on Straight Hit Object,S,1,1,0,0,2,1,0,0,0,0,0,0
204532,204532,Fatal,2013,June,Sunday,16,Hit object,Single Vehicle,153.101124976777,-27.629819389868,Bruce Rd,,,Woodridge,Logan City,4114,Logan Central,Logan,South Eastern,SEQ South,South Coast,Woodridge,Springwood - Kingston,Logan - Beaudesert,Major Cities,Woodridge,Rankin,Locally-controlled,No Roadway Feature,No traffic control,0 - 50 km/h,Sealed - Dry,Clear,Daylight,Straight,Level,405,Vehs Manoeuvring: Rev Into Fixed Object,21: Other,W,1,0,0,0,1,1,0,0,0,0,0,0
204803,204803,Fatal,2013,June,Monday,7,Rear-end,Multi-Vehicle,148.97034422116,-23.584545578485,Capricorn Hwy,Yarrabee Mine Access Rd,Capricorn Highway (Duaringa - Emerald),Bluff,Central Highlands Region,4702,Blackwater,Capricornia,Central,Central,Central Queensland,Central Highlands - East,Central Highlands (qld),Central Queensland,Outer Regional,Gregory,Flynn,State-controlled,Intersection - T-Junction,No traffic control,100 - 110 km/h,Sealed - Dry,Clear,Daylight,Straight,Level,303,Vehs Same Direction: Right Rear,04: Rear-end,W,1,0,1,0,2,2,0,0,0,0,0,0
204804,204804,Fatal,2013,June,Thursday,12,Hit object,Single Vehicle,150.519562702533,-23.3706577188206,Rockhampton - Yeppoon Rd,,Rockhampton - Yeppoon Road,Berserker,Rockhampton Region,4701,North Rockhampton,Capricornia,Central,Central,Central Queensland,Berserker,Rockhampton,Central Queensland,Inner Regional,Rockhampton,Capricornia,State-controlled,No Roadway Feature,No traffic control,60 km/h,Sealed - Dry,Clear,Daylight,Straight,Level,703,Off Path-Straight: Left Off Cway Hit Obj,16: Off Carriageway on Straight Hit Object,N,2,0,0,0,2,1,0,0,0,0,0,0
204805,204805,Fatal,2013,June,Wednesday,13,Hit pedestrian,Hit pedestrian,153.035046951899,-27.3845370472854,Kittyhawk Dr,Way St,,Chermside,Brisbane City,4032,Boondall,North Brisbane,Brisbane,SEQ North,Metropolitan,Chermside,Chermside,Brisbane - North,Major Cities,Stafford,Lilley,Locally-controlled,Intersection - T-Junction,Operating traffic lights,0 - 50 km/h,Sealed - Dry,Clear,Daylight,Straight,Level,001,Pedn: Near Side Vehicle Hit From Right,12: Pedestrian,W,1,1,0,0,2,1,0,0,0,0,2,0
204806,204806,Fatal,2013,June,Friday,20,Head-on,Multi-Vehicle,152.705309545481,-26.2532006123672,Bruce Hwy,,Cooroy - Gympie Road,Kybong,Gympie Region,4570,Gympie,Wide Bay Burnett,North Coast,Southern,Southern Queensland,Gympie Region,Gympie - Cooloola,Wide Bay,Inner Regional,Gympie,Wide Bay,State-controlled,No Roadway Feature,No traffic control,80 - 90 km/h,Sealed - Dry,Clear,Darkness - Not lighted,Straight,Level,201,Vehs Opposite Approach: Head On,02: Head-on,S,1,2,4,0,7,2,0,0,0,0,0,0
204807,204807,Fatal,2013,June,Sunday,6,Hit pedestrian,Hit pedestrian,151.365844375258,-23.9920899428222,Tannum Sands Rd,,Tannum Sands Road,Tannum Sands,Gladstone Region,4680,Tannum Sands,Capricornia,Central,Central,Central Queensland,Boyne Island - Tannum Sands,Gladstone,Central Queensland,Inner Regional,Gladstone,Flynn,State-controlled,No Roadway Feature,No traffic control,100 - 110 km/h,Sealed - Dry,Clear,Darkness - Not lighted,Straight,Grade,004,Pedn: Play; Work; Stand; Lie On Cway,12: Pedestrian,E,1,0,0,0,1,1,0,0,0,0,1,0
204821,204821,Fatal,2013,July,Tuesday,22,Overturned,Single Vehicle,150.548915082585,-23.2132349491704,Greenlake Rd,,,Sandringham,Livingstone Shire,4701,Yeppoon,Capricornia,Central,Central,Central Queensland,Rockhampton Region - North,Rockhampton,Central Queensland,Inner Regional,Keppel,Capricornia,Locally-controlled,No Roadway Feature,No traffic control,80 - 90 km/h,Sealed - Dry,Clear,Darkness - Not lighted,Curved - view open,Level,805,Off Path-Curve: Out Of Control On Cway,20: Out of Control on Curve,S,1,0,0,0,1,1,0,0,0,0,0,0
204826,204826,Fatal,2013,July,Wednesday,12,Rear-end,Multi-Vehicle,149.195370700154,-21.3515450619773,Bruce Hwy,Perry Rd,Bruce Highway (St Lawrence - Mackay),Alligator Creek,Mackay Region,4740,Sarina,Mackay,Central,Central,Central Queensland,Sarina,Mackay,Mackay - Isaac - Whitsunday,Outer Regional,Mirani,Capricornia,State-controlled,Intersection - T-Junction,No traffic control,100 - 110 km/h,Sealed - Dry,Clear,Daylight,Curved - view open,Dip,303,Vehs Same Direction: Right Rear,04: Rear-end,S,1,5,0,0,6,2,0,1,0,0,0,0
204827,204827,Fatal,2013,July,Wednesday,16,Rear-end,Multi-Vehicle,149.145727422564,-21.2750285951251,Bruce Hwy,,Bruce Highway (St Lawrence - Mackay),Balberra,Mackay Region,4740,Sarina,Mackay,Central,Central,Central Queensland,Walkerston - Eton,Mackay,Mackay - Isaac - Whitsunday,Outer Regional,Mirani,Capricornia,State-controlled,No Roadway Feature,No traffic control,100 - 110 km/h,Sealed - Dry,Clear,Daylight,Straight,Level,303,Vehs Same Direction: Right Rear,04: Rear-end,S,2,2,2,0,6,2,0,1,0,0,0,0
204828,204828,Fatal,2013,July,Tuesday,20,Hit object,Single Vehicle,145.460599290156,-16.0916317081391,Bloomfield Rd,,,Cape Tribulation,Douglas Shire,4873,Mossman,Far North,Far Northern,Northern,North Queensland,Daintree,Port Douglas - Daintree,Cairns,Remote,Cook,Leichhardt,Locally-controlled,No Roadway Feature,No traffic control,60 km/h,Sealed - Dry,Clear,Darkness - Not lighted,Curved - view open,Level,803,Off Path-Curve: Off Cway Rt Bend Hit Obj,19: Off Carriageway on Curve Hit Object,N,1,1,0,0,2,0,1,0,0,0,0,0
204832,204832,Fatal,2013,July,Thursday,11,Rear-end,Multi-Vehicle,153.40785310636,-28.0511405662509,Southport - Burleigh Rd,,Southport - Burleigh Road,Robina,Gold Coast City,4226,Broadbeach,Gold Coast,South Eastern,SEQ South,South Coast,Robina,Robina,Gold Coast,Major Cities,Mermaid Beach,Mcpherson,State-controlled,No Roadway Feature,No traffic control,80 - 90 km/h,Sealed - Dry,Clear,Daylight,Curved - view open,Level,301,Vehs Same Direction: Rear End,04: Rear-end,N,1,0,0,0,1,1,1,0,0,0,0,0
204834,204834,Fatal,2013,July,Sunday,20,Hit object,Single Vehicle,153.000021510523,-26.6736710801146,Maroochydore Rd,,Maroochydore Road,Forest Glen,Sunshine Coast Region,4556,Nambour,Sunshine Coast,North Coast,SEQ North,North Coast,Diddillibah - Rosemount,Nambour,Sunshine Coast,Major Cities,Ninderry,Fairfax,State-controlled,No Roadway Feature,No traffic control,60 km/h,Sealed - Dry,Clear,Darkness - Lighted,Curved - view open,Level,808,Off Path-Curve: Mounts Traffic Island,19: Off Carriageway on Curve Hit Object,W,1,1,0,0,2,1,0,0,0,0,0,0
205052,205052,Fatal,2013,May,Sunday,22,Hit object,Single Vehicle,151.866631801523,-28.7545225383309,New England Hwy,,New England Highway (Warwick - Wallangarra),Fletcher,Southern Downs Region,4381,Stanthorpe,Darling Downs,Southern,Southern,Southern Queensland,Stanthorpe Region,Granite Belt,Darling Downs - Maranoa,Outer Regional,Southern Downs,Maranoa,State-controlled,No Roadway Feature,No traffic control,100 - 110 km/h,Sealed - Dry,Clear,Darkness - Not lighted,Curved - view open,Dip,803,Off Path-Curve: Off Cway Rt Bend Hit Obj,19: Off Carriageway on Curve Hit Object,N,1,0,0,0,1,1,0,0,0,0,0,0
205053,205053,Fatal,2013,May,Wednesday,8,Hit object,Single Vehicle,153.14006165753,-27.8891258168331,Tamborine Mountain Rd,,Tamborine Mountain Road,Tamborine,Scenic Rim Region,4270,North Tamborine,Logan,South Eastern,SEQ South,South Coast,Tamborine - Canungra,Gold Coast Hinterland,Gold Coast,Inner Regional,Scenic Rim,Wright,State-controlled,No Roadway Feature,No traffic control,80 - 90 km/h,Sealed - Wet,Raining,Daylight,Curved - view open,Grade,803,Off Path-Curve: Off Cway Rt Bend Hit Obj,19: Off Carriageway on Curve Hit Object,W,1,0,0,0,1,1,0,0,0,0,0,0
205054,205054,Fatal,2013,May,Wednesday,23,Hit object,Single Vehicle,153.018590236557,-27.2501853545689,Bruce Hwy,,Bruce Highway (Brisbane - Gympie),Murrumba Downs,Moreton Bay Region,4503,Mango Hill North Lakes,Moreton,North Coast,SEQ North,North Coast,Murrumba Downs - Griffin,North Lakes,Moreton Bay - South,Major Cities,Murrumba,Petrie,State-controlled,No Roadway Feature,No traffic control,100 - 110 km/h,Sealed - Wet,Raining,Darkness - Lighted,Curved - view open,Level,804,Off Path-Curve: Off Cway Lt Bend Hit Obj,19: Off Carriageway on Curve Hit Object,N,1,3,0,0,4,1,0,0,0,0,0,0
205055,205055,Fatal,2013,June,Sunday,14,Head-on,Multi-Vehicle,151.38261415825,-27.2699818958273,Warrego Hwy,,Warrego Highway (Toowoomba - Dalby),Bowenville,Toowoomba Region,4404,Dalby,South West,Southern,Southern,Southern Queensland,Jondaryan,Darling Downs - East,Darling Downs - Maranoa,Inner Regional,Condamine,Groom,State-controlled,No Roadway Feature,No traffic control,80 - 90 km/h,Sealed - Wet,Raining,Daylight,Straight,Level,201,Vehs Opposite Approach: Head On,02: Head-on,W,3,1,0,0,4,1,0,1,0,0,0,0
205056,205056,Fatal,2013,May,Friday,13,Head-on,Multi-Vehicle,151.938149398873,-26.6315511285326,D'Aguilar Hwy,,D'Aguilar Highway (Yarraman - Kingaroy),Hodgleigh,South Burnett Region,4610,Nanango,Darling Downs,Southern,Southern,Southern Queensland,Kingaroy Region - South,Burnett,Wide Bay,Inner Regional,Nanango,Maranoa,State-controlled,No Roadway Feature,No traffic control,100 - 110 km/h,Sealed - Wet,Clear,Daylight,Curved - view open,Level,501,Vehs Overtaking: Head On,02: Head-on,S,1,2,0,0,3,1,1,0,0,0,0,0
205057,205057,Fatal,2013,May,Friday,20,Hit object,Single Vehicle,153.048365779962,-27.9565753441323,Flagstone Creek Rd,,,Birnam,Scenic Rim Region,4285,Beaudesert,Logan,South Eastern,SEQ South,South Coast,Beaudesert,Beaudesert,Logan - Beaudesert,Inner Regional,Scenic Rim,Wright,Locally-controlled,No Roadway Feature,No traffic control,80 - 90 km/h,Unsealed - Wet,Clear,Darkness - Not lighted,Straight,Grade,704,Off Path-Straight: Right Off Cway Hit Obj,16: Off Carriageway on Straight Hit Object,W,1,0,0,0,1,1,0,0,0,0,0,0
205058,205058,Fatal,2013,June,Saturday,11,Angle,Multi-Vehicle,150.745064188042,-23.1300009692941,Mary St,Queen St,,Yeppoon,Livingstone Shire,4703,Yeppoon,Capricornia,Central,Central,Central Queensland,Yeppoon,Rockhampton,Central Queensland,Inner Regional,Keppel,Capricornia,Locally-controlled,Intersection - Cross,No traffic control,0 - 50 km/h,Sealed - Dry,Clear,Daylight,Straight,Grade,202,Vehs Opposite Approach: Thru-Right,03: Opposing Vehicles Turning,W,1,0,0,0,1,1,1,0,0,0,0,0
205278,205278,Fatal,2022,September,Wednesday,21,Hit object,Single Vehicle,153.018827032628,-27.4876954444731,Dornoch Tce,Gladstone Rd,,Highgate Hill,Brisbane City,4101,West End,South Brisbane,Brisbane,SEQ South,Metropolitan,Highgate Hill,Brisbane Inner,Brisbane Inner City,Major Cities,South Brisbane,Griffith,Locally-controlled,Intersection - Cross,Operating traffic lights,60 km/h,Sealed - Wet,Raining,Darkness - Lighted,Curved - view obscured,Crest,808,Off Path-Curve: Mounts Traffic Island,19: Off Carriageway on Curve Hit Object,,1,0,0,0,1,1,0,0,0,0,0,0
205286,205286,Fatal,2023,April,Thursday,18,Hit pedestrian,Hit pedestrian,153.089606001129,-27.6762504530746,Third Ave,,,Marsden,Logan City,4132,Crestmead,Logan,South Eastern,SEQ South,South Coast,Marsden,Browns Plains,Logan - Beaudesert,Major Cities,Woodridge,Rankin,Locally-controlled,No Roadway Feature,No traffic control,60 km/h,Sealed - Dry,Clear,Darkness - Lighted,Straight,Level,003,Pedn: Far Side Vehicle Hit From Left,12: Pedestrian,,1,0,0,0,1,1,0,0,0,0,1,0