_id,Crash_Ref_Number,Crash_Severity,Crash_Year,Crash_Month,Crash_Day_Of_Week,Crash_Hour,Crash_Nature,Crash_Type,Crash_Longitude,Crash_Latitude,Crash_Street,Crash_Street_Intersecting,State_Road_Name,Loc_Suburb,Loc_Local_Government_Area,Loc_Post_Code,Loc_Police_Division,Loc_Police_District,Loc_Police_Region,Loc_Queensland_Transport_Region,Loc_Main_Roads_Region,Loc_ABS_Statistical_Area_2,Loc_ABS_Statistical_Area_3,Loc_ABS_Statistical_Area_4,Loc_ABS_Remoteness,Loc_State_Electorate,Loc_Federal_Electorate,Crash_Controlling_Authority,Crash_Roadway_Feature,Crash_Traffic_Control,Crash_Speed_Limit,Crash_Road_Surface_Condition,Crash_Atmospheric_Condition,Crash_Lighting_Condition,Crash_Road_Horiz_Align,Crash_Road_Vert_Align,Crash_DCA_Code,Crash_DCA_Description,Crash_DCA_Group_Description,DCA_Key_Approach_Dir,Count_Casualty_Fatality,Count_Casualty_Hospitalised,Count_Casualty_MedicallyTreated,Count_Casualty_MinorInjury,Count_Casualty_Total,Count_Unit_Car,Count_Unit_Motorcycle_Moped,Count_Unit_Truck,Count_Unit_Bus,Count_Unit_Bicycle,Count_Unit_Pedestrian,Count_Unit_Other
205322,205322,Fatal,2021,July,Monday,17,Hit object,Single Vehicle,153.101580002086,-27.65850545414,Eridani Ave,,,Kingston,Logan City,4114,Logan Central,Logan,South Eastern,SEQ South,South Coast,Kingston (qld.),Springwood - Kingston,Logan - Beaudesert,Major Cities,Woodridge,Rankin,Locally-controlled,No Roadway Feature,No traffic control,0 - 50 km/h,Sealed - Dry,Clear,Dawn/Dusk,Curved - view open,Dip,803,Off Path-Curve: Off Cway Rt Bend Hit Obj,19: Off Carriageway on Curve Hit Object,E,1,1,0,0,2,0,1,0,0,0,0,0
205387,205387,Fatal,2021,December,Thursday,10,Overturned,Single Vehicle,145.937592613718,-17.9242497563481,Bruce Hwy,,Bruce Highway (Ingham - Innisfail),Tully,Cassowary Coast Region,4854,Tully,Far North,Far Northern,Northern,North Queensland,Tully,Innisfail - Cassowary Coast,Cairns,Outer Regional,Hill,Kennedy,State-controlled,No Roadway Feature,No traffic control,80 - 90 km/h,Sealed - Dry,Clear,Darkness - Not lighted,Straight,Level,703,Off Path-Straight: Left Off Cway Hit Obj,16: Off Carriageway on Straight Hit Object,N,1,0,0,0,1,0,0,0,0,1,0,0
205435,205435,Fatal,2024,February,Saturday,12,Fall from vehicle,Single Vehicle,152.842549079588,-27.2636874250709,Hipathites Rd,,,Kobble Creek,Moreton Bay Region,4520,Dayboro,Moreton,North Coast,SEQ North,North Coast,Dayboro,The Hills District,Moreton Bay - South,Inner Regional,Pine Rivers,Dickson,Locally-controlled,No Roadway Feature,No traffic control,70 km/h,Sealed - Dry,Clear,Daylight,Curved - view open,Grade,803,Off Path-Curve: Off Cway Rt Bend Hit Obj,19: Off Carriageway on Curve Hit Object,,1,0,0,0,1,0,1,0,0,0,0,0
205440,205440,Fatal,2024,April,Tuesday,16,Head-on,Multi-Vehicle,146.751591447093,-19.2860308273886,Dalrymple Rd,,,Heatley,Townsville City,4814,Kirwan,Townsville,Northern,Northern,North Queensland,Heatley,Townsville,Townsville,Outer Regional,Thuringowa,Herbert,Locally-controlled,No Roadway Feature,No traffic control,0 - 50 km/h,Sealed - Dry,Clear,Daylight,Straight,Level,201,Vehs Opposite Approach: Head On,02: Head-on,W,1,0,0,0,1,1,1,0,0,0,0,0
205448,205448,Fatal,2019,September,Saturday,20,Hit object,Single Vehicle,139.256295062046,-18.1463953746163,Wills Developmental Rd,,Wills Developmental Road (Julia Creek - Burketown),Gregory,Burke Shire,4830,Burketown,Mount Isa,Northern,Northern,North Queensland,Carpentaria,Outback - North,Queensland - Outback,Very Remote,Traeger,Kennedy,State-controlled,No Roadway Feature,No traffic control,100 - 110 km/h,Sealed - Dry,Clear,Darkness - Not lighted,Curved - view open,Level,805,Off Path-Curve: Out Of Control On Cway,20: Out of Control on Curve,S,1,0,1,0,2,1,0,0,0,0,0,0
205454,205454,Fatal,2020,June,Wednesday,5,Hit pedestrian,Hit pedestrian,153.124397110615,-26.7781264494503,Kalana Rd,Messines Rd,,Aroona,Sunshine Coast Region,4551,Caloundra,Sunshine Coast,North Coast,SEQ North,North Coast,Aroona - Currimundi,Caloundra,Sunshine Coast,Major Cities,Kawana,Fisher,Locally-controlled,Intersection - T-Junction,No traffic control,0 - 50 km/h,Sealed - Dry,Clear,Darkness - Lighted,Straight,Level,001,Pedn: Near Side Vehicle Hit From Right,12: Pedestrian,N,1,0,0,0,1,1,0,0,0,0,1,0
205554,205554,Fatal,2021,April,Monday,11,Head-on,Multi-Vehicle,152.807150132183,-26.8704724184206,Kilcoy - Beerwah Rd,,Kilcoy - Beerwah Road,Cedarton,Moreton Bay Region,4514,Woodford,Moreton,North Coast,SEQ North,North Coast,Woodford - Daguilar,Caboolture Hinterland,Moreton Bay - North,Inner Regional,Glass House,Longman,State-controlled,No Roadway Feature,No traffic control,100 - 110 km/h,Sealed - Wet,Raining,Daylight,Curved - view open,Level,201,Vehs Opposite Approach: Head On,02: Head-on,N,1,2,0,0,3,2,0,0,0,0,0,0
205559,205559,Fatal,2020,August,Saturday,10,Head-on,Multi-Vehicle,152.83681911216,-27.0069034224611,D'Aguilar Hwy,,D'Aguilar Highway (Caboolture - Kilcoy),Bracalba,Moreton Bay Region,4512,Woodford,Moreton,North Coast,SEQ North,North Coast,Woodford - Daguilar,Caboolture Hinterland,Moreton Bay - North,Inner Regional,Glass House,Longman,State-controlled,No Roadway Feature,No traffic control,80 - 90 km/h,Sealed - Dry,Clear,Daylight,Curved - view obscured,Grade,201,Vehs Opposite Approach: Head On,02: Head-on,W,1,0,2,0,3,2,0,0,0,0,0,0
205575,205575,Fatal,2021,November,Thursday,20,Hit object,Single Vehicle,147.811442038983,-22.9606059396773,Gregory Hwy,,Gregory Highway (Emerald - Clermont),Hibernia,Central Highlands Region,4723,Capella,Capricornia,Central,Central,Central Queensland,Central Highlands - West,Central Highlands (qld),Central Queensland,Remote,Gregory,Flynn,State-controlled,No Roadway Feature,No traffic control,100 - 110 km/h,Sealed - Wet,Raining,Darkness - Not lighted,Straight,Level,607,Vehs On Path: Temporary Object On Cway,21: Other,N,1,0,0,0,1,1,0,0,0,0,0,0
205776,205776,Fatal,2022,March,Saturday,17,Sideswipe,Multi-Vehicle,153.211417984623,-27.7023074655682,Bishop St,River Hills Rd,,Eagleby,Logan City,4207,Beenleigh,Logan,South Eastern,SEQ South,South Coast,Eagleby,Beenleigh,Logan - Beaudesert,Major Cities,Macalister,Forde,Locally-controlled,Intersection - T-Junction,No traffic control,60 km/h,Sealed - Dry,Clear,Dawn/Dusk,Straight,Level,202,Vehs Opposite Approach: Thru-Right,03: Opposing Vehicles Turning,S,1,0,0,0,1,3,1,0,0,0,0,0
205981,205981,Fatal,2020,September,Sunday,19,Head-on,Multi-Vehicle,152.737763312802,-25.4475874000737,Maryborough - Hervey Bay Rd,,Maryborough - Hervey Bay Road,Walliebum,Fraser Coast Region,4655,Hervey Bay,Wide Bay Burnett,North Coast,Southern,Southern Queensland,Burrum - Fraser,Maryborough,Wide Bay,Inner Regional,Maryborough,Hinkler,State-controlled,No Roadway Feature,No traffic control,100 - 110 km/h,Sealed - Dry,Clear,Darkness - Not lighted,Straight,Level,201,Vehs Opposite Approach: Head On,02: Head-on,S,1,0,0,0,1,2,0,1,0,0,0,0
206104,206104,Fatal,2024,February,Wednesday,19,Hit object,Single Vehicle,149.523923931064,-22.5167830778313,Bruce Hwy,,Bruce Highway (Rockhampton - St Lawrence),St Lawrence,Isaac Region,4707,Saint Lawrence,Mackay,Central,Central,Central Queensland,Broadsound - Nebo,Bowen Basin - North,Mackay - Isaac - Whitsunday,Remote,Mirani,Capricornia,State-controlled,No Roadway Feature,No traffic control,100 - 110 km/h,Sealed - Dry,Clear,Darkness - Not lighted,Curved - view open,Level,201,Vehs Opposite Approach: Head On,02: Head-on,S,1,2,0,0,3,2,0,0,0,0,0,0
206200,206200,Fatal,2019,December,Thursday,12,Overturned,Single Vehicle,148.637586724411,-25.4085470264707,Carnarvon Hwy,,Carnarvon Highway (Injune - Rolleston),Upper Dawson,Maranoa Region,4454,Injune,South West,Southern,Southern,Southern Queensland,Roma Region,Darling Downs (west) - Maranoa,Darling Downs - Maranoa,Remote,Warrego,Maranoa,State-controlled,No Roadway Feature,No traffic control,100 - 110 km/h,Sealed - Dry,Clear,Daylight,Straight,Dip,702,Off Path-Straight: Right Off Cway,15: Off Carriageway on Straight,N,1,0,0,0,1,0,0,1,0,0,0,0
206310,206310,Fatal,2019,October,Sunday,16,Hit object,Single Vehicle,152.8631472015,-26.2609214191189,Sister Tree Ck Rd,,,Kin Kin,Noosa Shire,4571,Pomona,Sunshine Coast,North Coast,SEQ North,North Coast,Noosa Hinterland,Noosa Hinterland,Sunshine Coast,Inner Regional,Noosa,Wide Bay,Locally-controlled,No Roadway Feature,No traffic control,80 - 90 km/h,Sealed - Dry,Clear,Daylight,Curved - view open,Crest,803,Off Path-Curve: Off Cway Rt Bend Hit Obj,19: Off Carriageway on Curve Hit Object,,1,0,0,0,1,1,0,0,0,0,0,0
206375,206375,Fatal,2020,March,Tuesday,10,Angle,Multi-Vehicle,145.44944671582,-17.0047667141825,Kennedy Hwy,Tinaroo Ck Rd,Kennedy Highway (Cairns - Mareeba),Mareeba,Mareeba Shire,4880,Mareeba,Far North,Far Northern,Northern,North Queensland,Mareeba,Tablelands (east) - Kuranda,Cairns,Outer Regional,Cook,Kennedy,State-controlled,Intersection - Cross,Give way sign,80 - 90 km/h,Sealed - Dry,Clear,Daylight,Curved - view open,Level,104,Vehs Adjacent Approach: Thru-Right,01: Intersection: Adjacent Approach,W,1,0,0,1,2,2,0,0,0,0,0,0
206383,206383,Fatal,2020,March,Monday,17,Hit object,Single Vehicle,153.374447937447,-27.9317584839119,Brisbane Rd,Captain Cook Dr,Gold Coast Highway (Helensvale - Southport),Arundel,Gold Coast City,4214,Southport,Gold Coast,South Eastern,SEQ South,South Coast,Arundel,Gold Coast - North,Gold Coast,Major Cities,Bonney,Fadden,State-controlled,Intersection - T-Junction,No traffic control,60 km/h,Sealed - Wet,Raining,Daylight,Straight,Crest,703,Off Path-Straight: Left Off Cway Hit Obj,16: Off Carriageway on Straight Hit Object,W,1,0,0,0,1,1,0,0,0,0,0,0
207261,207261,Fatal,2009,October,Thursday,17,Hit object,Single Vehicle,152.881679712222,-27.4729076666295,Savages Rd,,,Brookfield,Brisbane City,4069,Indooroopilly,North Brisbane,Brisbane,SEQ North,Metropolitan,Brookfield - Kenmore Hills,Kenmore - Brookfield - Moggill,Brisbane - West,Major Cities,Moggill,Ryan,Locally-controlled,No Roadway Feature,No traffic control,0 - 50 km/h,Sealed - Dry,Clear,Daylight,Curved - view open,Grade,803,Off Path-Curve: Off Cway Rt Bend Hit Obj,19: Off Carriageway on Curve Hit Object,E,1,0,0,0,1,0,0,0,0,1,0,0
207323,207323,Fatal,2010,June,Thursday,18,Head-on,Multi-Vehicle,148.672389229465,-20.2963621332488,Proserpine - Shute Harbour Rd,,Proserpine - Shute Harbour Road,Cannon Valley,Whitsunday Region,4800,Whitsunday,Mackay,Central,Central,Central Queensland,Airlie - Whitsundays,Whitsunday,Mackay - Isaac - Whitsunday,Outer Regional,Whitsunday,Dawson,State-controlled,No Roadway Feature,No traffic control,80 - 90 km/h,Sealed - Dry,Clear,Darkness - Lighted,Straight,Level,201,Vehs Opposite Approach: Head On,02: Head-on,N,1,1,0,0,2,2,0,0,0,0,0,0
207324,207324,Fatal,2010,June,Friday,10,Hit object,Single Vehicle,152.871487500542,-27.3354012405247,Mt Samson Rd,,,Yugar,Moreton Bay Region,4520,Albany Creek,North Brisbane,Brisbane,SEQ North,North Coast,Samford Valley,The Hills District,Moreton Bay - South,Inner Regional,Pine Rivers,Dickson,Locally-controlled,No Roadway Feature,No traffic control,80 - 90 km/h,Sealed - Dry,Clear,Daylight,Straight,Level,703,Off Path-Straight: Left Off Cway Hit Obj,16: Off Carriageway on Straight Hit Object,N,1,0,0,0,1,1,0,0,0,0,0,0
207325,207325,Fatal,2010,June,Saturday,10,Hit pedestrian,Hit pedestrian,153.063513651239,-27.6030023098723,Gowan Rd,,,Sunnybank Hills,Brisbane City,4109,Acacia Ridge,South Brisbane,Brisbane,SEQ South,Metropolitan,Sunnybank Hills,Sunnybank,Brisbane - South,Major Cities,Stretton,Moreton,Locally-controlled,No Roadway Feature,No traffic control,60 km/h,Sealed - Dry,Clear,Daylight,Straight,Grade,003,Pedn: Far Side Vehicle Hit From Left,12: Pedestrian,N,1,0,0,0,1,1,0,0,0,0,1,0
207328,207328,Fatal,2010,June,Saturday,22,Angle,Multi-Vehicle,153.174652948684,-27.662442031539,Bryants Rd,Mandew St,,Shailer Park,Logan City,4128,Loganholme,Logan,South Eastern,SEQ South,South Coast,Shailer Park,Loganlea - Carbrook,Logan - Beaudesert,Major Cities,Springwood,Forde,Locally-controlled,Intersection - Cross,Operating traffic lights,60 km/h,Sealed - Dry,Clear,Darkness - Lighted,Straight,Level,101,Vehs Adjacent Approach: Thru-Thru,01: Intersection: Adjacent Approach,E,1,1,1,0,3,2,0,0,0,0,0,0
207522,207522,Fatal,2010,June,Sunday,1,Hit object,Single Vehicle,151.308396959337,-23.9758754093113,Gladstone - Benaraby Rd,,Gladstone - Benaraby Road,Wurdong Heights,Gladstone Region,4680,Tannum Sands,Capricornia,Central,Central,Central Queensland,Boyne Island - Tannum Sands,Gladstone,Central Queensland,Inner Regional,Gladstone,Flynn,State-controlled,No Roadway Feature,No traffic control,100 - 110 km/h,Sealed - Dry,Clear,Darkness - Not lighted,Straight,Level,705,Off Path-Straight: Out Of Control On Cway,17: Out of Control on Straight,S,1,0,0,0,1,1,0,0,0,0,0,0
207524,207524,Fatal,2010,June,Monday,18,Rear-end,Multi-Vehicle,151.934425231135,-27.5663226215774,Fifth Ave,James St,Toowoomba Connection Road,Newtown,Toowoomba Region,4350,Toowoomba,Darling Downs,Southern,Southern,Southern Queensland,Drayton - Harristown,Toowoomba,Toowoomba,Inner Regional,Toowoomba North,Groom,State-controlled,Intersection - T-Junction,No traffic control,60 km/h,Sealed - Dry,Clear,Darkness - Lighted,Straight,Grade,303,Vehs Same Direction: Right Rear,04: Rear-end,E,1,0,0,0,1,1,1,0,0,0,0,0
207663,207663,Fatal,2009,October,Monday,15,Head-on,Multi-Vehicle,152.446325225854,-28.0474762270596,Cunningham Hwy,,Cunningham Highway (Ipswich - Warwick),Tarome,Scenic Rim Region,4309,Boonah,Ipswich,Southern,SEQ South,South Coast,Boonah,Ipswich Hinterland,Ipswich,Inner Regional,Scenic Rim,Wright,State-controlled,No Roadway Feature,No traffic control,80 - 90 km/h,Sealed - Wet,Raining,Daylight,Curved - view obscured,Grade,201,Vehs Opposite Approach: Head On,02: Head-on,N,1,1,0,1,3,1,0,1,0,0,0,0
207671,207671,Fatal,2009,November,Sunday,20,Angle,Multi-Vehicle,146.804388195676,-19.2687273141981,Ingham Rd,Sturt St,,West End,Townsville City,4810,Townsville,Townsville,Northern,Northern,North Queensland,Garbutt - West End,Townsville,Townsville,Outer Regional,Townsville,Herbert,Locally-controlled,Intersection - Cross,Operating traffic lights,60 km/h,Sealed - Dry,Clear,Darkness - Lighted,Straight,Level,101,Vehs Adjacent Approach: Thru-Thru,01: Intersection: Adjacent Approach,S,1,0,0,0,1,2,0,0,0,0,0,0
207672,207672,Fatal,2009,October,Friday,17,Head-on,Multi-Vehicle,152.132488166535,-24.7502581360734,Bundaberg - Miriam Vale Rd,,Bundaberg - Miriam Vale Road,Avondale,Bundaberg Region,4670,South Kolan,Wide Bay Burnett,North Coast,Southern,Southern Queensland,Bundaberg Region - North,Bundaberg,Wide Bay,Inner Regional,Burnett,Flynn,State-controlled,No Roadway Feature,No traffic control,100 - 110 km/h,Sealed - Dry,Clear,Daylight,Straight,Level,201,Vehs Opposite Approach: Head On,02: Head-on,W,2,0,0,0,2,2,0,0,0,0,0,0
207673,207673,Fatal,2009,November,Sunday,1,Overturned,Single Vehicle,152.800896915216,-27.6380750578818,Cunningham Hwy,,Cunningham Highway (Ipswich - Warwick),Swanbank,Ipswich City,4306,Booval,Ipswich,Southern,SEQ South,Metropolitan,Ripley,Ipswich Inner,Ipswich,Major Cities,Bundamba,Blair,State-controlled,No Roadway Feature,No traffic control,100 - 110 km/h,Sealed - Dry,Clear,Darkness - Not lighted,Straight,Level,703,Off Path-Straight: Left Off Cway Hit Obj,16: Off Carriageway on Straight Hit Object,W,1,0,0,0,1,1,0,0,0,0,0,0
207742,207742,Fatal,2009,October,Monday,9,Overturned,Single Vehicle,147.001716743601,-19.3957141571575,Bruce Hwy,,Bruce Highway (Ayr - Townsville),Nome,Townsville City,4816,Giru,Townsville,Northern,Northern,North Queensland,Townsville - South,Townsville,Townsville,Outer Regional,Burdekin,Kennedy,State-controlled,No Roadway Feature,No traffic control,100 - 110 km/h,Sealed - Dry,Clear,Daylight,Straight,Level,701,Off Path-Straight: Left Off Cway,15: Off Carriageway on Straight,S,1,0,0,0,1,1,0,0,0,0,0,0
207746,207746,Fatal,2009,October,Tuesday,17,Head-on,Multi-Vehicle,150.639402288109,-23.6486790029685,Bruce Hwy,,Bruce Highway (Benaraby - Rockhampton),Bajool,Rockhampton Region,4699,Marmor,Capricornia,Central,Central,Central Queensland,Bouldercombe,Rockhampton,Central Queensland,Outer Regional,Mirani,Flynn,State-controlled,No Roadway Feature,No traffic control,100 - 110 km/h,Sealed - Dry,Clear,Daylight,Straight,Level,201,Vehs Opposite Approach: Head On,02: Head-on,S,1,1,0,0,2,1,0,1,0,0,0,0
208273,208273,Fatal,2009,August,Thursday,8,Angle,Multi-Vehicle,153.407143564814,-28.0482380621558,Markeri St,Southport - Burleigh Rd,Southport - Burleigh Road,Mermaid Waters,Gold Coast City,4218,Broadbeach,Gold Coast,South Eastern,SEQ South,South Coast,Mermaid Waters,Broadbeach - Burleigh,Gold Coast,Major Cities,Mermaid Beach,Mcpherson,State-controlled,Intersection - Cross,Operating traffic lights,70 km/h,Sealed - Dry,Clear,Daylight,Straight,Level,202,Vehs Opposite Approach: Thru-Right,03: Opposing Vehicles Turning,N,1,1,0,0,2,3,0,0,0,0,0,0
208418,208418,Fatal,2020,June,Sunday,4,Hit object,Single Vehicle,146.759898447581,-19.2728398278988,Bayswater Rd,Duckworth St,Douglas - Garbutt Road,Garbutt,Townsville City,4814,Townsville,Townsville,Northern,Northern,North Queensland,Garbutt - West End,Townsville,Townsville,Outer Regional,Townsville,Herbert,State-controlled,Intersection - Roundabout,Give way sign,70 km/h,Sealed - Dry,Clear,Darkness - Lighted,Straight,Level,705,Off Path-Straight: Out Of Control On Cway,17: Out of Control on Straight,N,4,0,1,0,5,1,0,0,0,0,0,0
208419,208419,Fatal,2022,October,Sunday,3,Hit pedestrian,Hit pedestrian,146.722583440431,-19.3919598261143,Dartmoor Dr,,,Kelso,Townsville City,4815,Kirwan,Townsville,Northern,Northern,North Queensland,Kelso,Townsville,Townsville,Outer Regional,Thuringowa,Herbert,Locally-controlled,No Roadway Feature,No traffic control,60 km/h,Sealed - Dry,Clear,Darkness - Not lighted,Straight,Level,006,Pedn: Hit Facing Traffic,12: Pedestrian,W,1,0,0,0,1,1,0,0,0,0,1,0
209165,209165,Fatal,2002,May,Saturday,10,Overturned,Single Vehicle,146.866219894506,-19.348465813519,Bruce Hwy,,Bruce Highway (Ayr - Townsville),Stuart,Townsville City,4811,Stuart,Townsville,Northern,Northern,North Queensland,Wulguru - Roseneath,Townsville,Townsville,Outer Regional,Mundingburra,Dawson,State-controlled,No Roadway Feature,No traffic control,100 - 110 km/h,Sealed - Dry,Clear,Daylight,Straight,Crest,701,Off Path-Straight: Left Off Cway,15: Off Carriageway on Straight,N,1,0,0,0,1,0,0,1,0,0,0,0
209394,209394,Fatal,2002,April,Monday,0,Hit object,Single Vehicle,153.186054064269,-27.6795611018254,Pacific Hwy,Pacific Hwy Off Ramp,Pacific Highway (Pacific Motorway),Loganholme,Logan City,4129,Loganholme,Logan,South Eastern,SEQ South,South Coast,Loganholme - Tanah Merah,Loganlea - Carbrook,Logan - Beaudesert,Major Cities,Waterford,Forde,State-controlled,Intersection - Interchange,No traffic control,100 - 110 km/h,Sealed - Dry,Clear,Darkness - Lighted,Straight,Level,703,Off Path-Straight: Left Off Cway Hit Obj,16: Off Carriageway on Straight Hit Object,N,1,0,0,0,1,1,0,0,0,0,0,0
209405,209405,Fatal,2002,July,Monday,14,Angle,Multi-Vehicle,151.593566941776,-27.3689263555023,Jondaryan - Nungil Rd,Warrego Hwy,Warrego Highway (Toowoomba - Dalby),Jondaryan,Toowoomba Region,4403,Jondaryan,Darling Downs,Southern,Southern,Southern Queensland,Jondaryan,Darling Downs - East,Darling Downs - Maranoa,Inner Regional,Condamine,Groom,State-controlled,Intersection - T-Junction,No traffic control,100 - 110 km/h,Sealed - Dry,Clear,Daylight,Straight,Level,202,Vehs Opposite Approach: Thru-Right,03: Opposing Vehicles Turning,W,2,0,0,0,2,1,0,1,0,0,0,0
209408,209408,Fatal,2002,July,Tuesday,5,Head-on,Multi-Vehicle,153.29703200016,-27.7428694025594,Fischers Rd,Stapylton - Jacobs Well Rd,Stapylton - Jacobs Well Road,Woongoolba,Gold Coast City,4207,Coomera,Gold Coast,South Eastern,SEQ South,South Coast,Jacobs Well - Alberton,Ormeau - Oxenford,Gold Coast,Inner Regional,Coomera,Fadden,State-controlled,Intersection - T-Junction,No traffic control,100 - 110 km/h,Sealed - Dry,Clear,Dawn/Dusk,Curved - view open,Level,201,Vehs Opposite Approach: Head On,02: Head-on,W,1,0,0,0,1,1,1,0,0,0,0,0
209409,209409,Fatal,2002,July,Saturday,2,Hit pedestrian,Hit pedestrian,139.485830904943,-20.7172988371486,Barkly Hwy,,Barkly Highway (Mount Isa - Camooweal),Miles End,Mount Isa City,4825,Mount Isa,Mount Isa,Northern,Northern,North Queensland,Mount Isa,Outback - North,Queensland - Outback,Remote,Traeger,Kennedy,State-controlled,No Roadway Feature,No traffic control,60 km/h,Sealed - Dry,Clear,Darkness - Not lighted,Straight,Level,004,Pedn: Play; Work; Stand; Lie On Cway,12: Pedestrian,S,1,0,0,0,1,1,0,0,0,0,1,0
209413,209413,Fatal,2002,July,Wednesday,0,Hit object,Single Vehicle,153.031262988557,-27.6990560013894,Crest Rd,,,Greenbank,Logan City,4124,Browns Plains,Logan,South Eastern,SEQ South,South Coast,Boronia Heights - Park Ridge,Browns Plains,Logan - Beaudesert,Major Cities,Logan,Forde,Locally-controlled,No Roadway Feature,No traffic control,60 km/h,Sealed - Dry,Clear,Darkness - Lighted,Curved - view open,Grade,804,Off Path-Curve: Off Cway Lt Bend Hit Obj,19: Off Carriageway on Curve Hit Object,W,1,0,0,0,1,1,0,0,0,0,0,0
209414,209414,Fatal,2002,July,Friday,15,Angle,Multi-Vehicle,148.979928459198,-21.1366202659763,Mackay - Eungella Rd,,Mackay - Eungella Road,Marian,Mackay Region,4753,Walkerston,Mackay,Central,Central,Central Queensland,Walkerston - Eton,Mackay,Mackay - Isaac - Whitsunday,Outer Regional,Mirani,Capricornia,State-controlled,No Roadway Feature,No traffic control,100 - 110 km/h,Sealed - Dry,Clear,Daylight,Straight,Level,506,Vehs Overtaking: Overtake-Right Turn,09: Overtaking Same Direction,E,1,0,0,0,1,1,1,0,0,0,0,0
209415,209415,Fatal,2002,July,Thursday,3,Hit object,Single Vehicle,150.249060186308,-23.528103687836,Capricorn Hwy,,Capricorn Highway (Rockhampton - Duaringa),Kalapa,Rockhampton Region,4702,Westwood,Capricornia,Central,Central,Central Queensland,Rockhampton Region - West,Rockhampton,Central Queensland,Outer Regional,Mirani,Flynn,State-controlled,No Roadway Feature,No traffic control,100 - 110 km/h,Sealed - Dry,Clear,Darkness - Not lighted,Curved - view open,Level,803,Off Path-Curve: Off Cway Rt Bend Hit Obj,19: Off Carriageway on Curve Hit Object,W,1,0,0,0,1,1,0,0,0,0,0,0
209761,209761,Fatal,2002,May,Saturday,21,Hit object,Single Vehicle,145.021464181514,-28.2002814611219,Pitherty Rd,,,Eulo,Paroo Shire,4491,Eulo,South West,Southern,Southern,Southern Queensland,Far South West,Outback - South,Queensland - Outback,Very Remote,Warrego,Maranoa,Locally-controlled,No Roadway Feature,No traffic control,100 - 110 km/h,Unsealed - Dry,Clear,Darkness - Not lighted,Curved - view open,Level,803,Off Path-Curve: Off Cway Rt Bend Hit Obj,19: Off Carriageway on Curve Hit Object,S,1,1,0,0,2,1,0,0,0,0,0,0
210474,210474,Fatal,2002,April,Monday,10,Overturned,Single Vehicle,145.923786039376,-18.0304514312652,Bruce Hwy,,,Murrigal,Cassowary Coast Region,4854,Tully,Far North,Far Northern,Northern,North Queensland,Tully,Innisfail - Cassowary Coast,Cairns,Outer Regional,Hinchinbrook,Kennedy,State-controlled,No Roadway Feature,No traffic control,100 - 110 km/h,Sealed - Dry,Clear,Daylight,Curved - view open,Level,800,Off Path-Curve: Other,21: Other,N,1,0,0,0,1,1,0,0,0,0,0,0
210695,210695,Fatal,2001,December,Monday,20,Overturned,Single Vehicle,152.683337927399,-27.5784713257415,Pioneer Rd,Warrego Hwy,Warrego Highway (Ipswich - Toowoomba),Walloon,Ipswich City,4306,Marburg,Ipswich,Southern,SEQ South,Metropolitan,Rosewood,Ipswich Hinterland,Ipswich,Major Cities,Ipswich West,Blair,State-controlled,Intersection - T-Junction,No traffic control,100 - 110 km/h,Sealed - Dry,Clear,Darkness - Not lighted,Straight,Grade,701,Off Path-Straight: Left Off Cway,15: Off Carriageway on Straight,W,2,0,0,0,2,1,0,0,0,0,0,0
210696,210696,Fatal,2001,December,Monday,16,Overturned,Single Vehicle,151.986305032044,-27.5700163275968,Toowoomba Connection Rd,,Toowoomba Connection Road,Redwood,Toowoomba Region,4350,Toowoomba,Darling Downs,Southern,Southern,Southern Queensland,Toowoomba - East,Toowoomba,Toowoomba,Inner Regional,Toowoomba North,Groom,State-controlled,No Roadway Feature,No traffic control,60 km/h,Sealed - Dry,Clear,Daylight,Curved - view open,Grade,300,Vehs Same Direction: Other,21: Other,E,1,0,0,0,1,1,0,2,0,0,0,0
210701,210701,Fatal,2001,December,Thursday,2,Hit animal,Other,149.166742576877,-21.0569509220711,Eimeo Rd,,Eimeo Road,Eimeo,Mackay Region,4740,Mackay Northern Beaches,Mackay,Central,Central,Central Queensland,Eimeo - Rural View,Mackay,Mackay - Isaac - Whitsunday,Inner Regional,Whitsunday,Dawson,State-controlled,No Roadway Feature,No traffic control,60 km/h,Sealed - Dry,Clear,Darkness - Not lighted,Straight,Crest,609,Pass & Misc: Hit Animal,14: Hit Animal,E,1,0,0,0,1,1,0,0,0,0,0,1
210704,210704,Fatal,2001,December,Friday,8,Angle,Multi-Vehicle,149.170327987646,-21.1498583091572,Bruce Hwy,,Bruce Highway (St Lawrence - Mackay),West Mackay,Mackay Region,4740,Mackay,Mackay,Central,Central,Central Queensland,West Mackay,Mackay,Mackay - Isaac - Whitsunday,Inner Regional,Mackay,Dawson,State-controlled,No Roadway Feature,No traffic control,60 km/h,Sealed - Dry,Clear,Daylight,Straight,Level,100,Vehs Adjacent Approach: Other,01: Intersection: Adjacent Approach,E,1,0,0,0,1,0,0,1,0,1,0,0