_id,Crash_Ref_Number,Crash_Severity,Crash_Year,Crash_Month,Crash_Day_Of_Week,Crash_Hour,Crash_Nature,Crash_Type,Crash_Longitude,Crash_Latitude,Crash_Street,Crash_Street_Intersecting,State_Road_Name,Loc_Suburb,Loc_Local_Government_Area,Loc_Post_Code,Loc_Police_Division,Loc_Police_District,Loc_Police_Region,Loc_Queensland_Transport_Region,Loc_Main_Roads_Region,Loc_ABS_Statistical_Area_2,Loc_ABS_Statistical_Area_3,Loc_ABS_Statistical_Area_4,Loc_ABS_Remoteness,Loc_State_Electorate,Loc_Federal_Electorate,Crash_Controlling_Authority,Crash_Roadway_Feature,Crash_Traffic_Control,Crash_Speed_Limit,Crash_Road_Surface_Condition,Crash_Atmospheric_Condition,Crash_Lighting_Condition,Crash_Road_Horiz_Align,Crash_Road_Vert_Align,Crash_DCA_Code,Crash_DCA_Description,Crash_DCA_Group_Description,DCA_Key_Approach_Dir,Count_Casualty_Fatality,Count_Casualty_Hospitalised,Count_Casualty_MedicallyTreated,Count_Casualty_MinorInjury,Count_Casualty_Total,Count_Unit_Car,Count_Unit_Motorcycle_Moped,Count_Unit_Truck,Count_Unit_Bus,Count_Unit_Bicycle,Count_Unit_Pedestrian,Count_Unit_Other
223018,223018,Fatal,2001,October,Wednesday,7,Head-on,Multi-Vehicle,153.03680384532,-27.7119570000474,Andrew Rd,Mt Lindesay Hwy,Mount Lindesay Highway (Brisbane - Beaudesert),Park Ridge,Logan City,4125,Browns Plains,Logan,South Eastern,SEQ South,South Coast,Boronia Heights - Park Ridge,Browns Plains,Logan - Beaudesert,Major Cities,Logan,Forde,State-controlled,Intersection - T-Junction,No traffic control,80 - 90 km/h,Sealed - Dry,Clear,Daylight,Curved - view open,Level,201,Vehs Opposite Approach: Head On,02: Head-on,S,1,1,0,0,2,2,0,0,0,0,0,0
223019,223019,Fatal,2001,October,Tuesday,12,Head-on,Multi-Vehicle,152.067589218392,-26.1275809559675,Burnett Hwy,,Burnett Highway (Goomeri - Gayndah),Goomeri,Gympie Region,4601,Goomeri,Wide Bay Burnett,North Coast,Southern,Southern Queensland,Kilkivan,Gympie - Cooloola,Wide Bay,Outer Regional,Nanango,Wide Bay,State-controlled,No Roadway Feature,No traffic control,100 - 110 km/h,Sealed - Dry,Clear,Daylight,Curved - view obscured,Level,201,Vehs Opposite Approach: Head On,02: Head-on,S,1,2,0,0,3,1,0,0,0,0,0,1
223022,223022,Fatal,2001,October,Thursday,9,Sideswipe,Multi-Vehicle,152.88809625151,-27.0491273289108,County Dr,D'Aguilar Hwy,D'Aguilar Highway (Caboolture - Kilcoy),Wamuran,Moreton Bay Region,4512,Caboolture,Moreton,North Coast,SEQ North,North Coast,Wamuran,Caboolture,Moreton Bay - North,Major Cities,Glass House,Longman,State-controlled,Intersection - T-Junction,No traffic control,100 - 110 km/h,Sealed - Dry,Clear,Daylight,Straight,Level,506,Vehs Overtaking: Overtake-Right Turn,09: Overtaking Same Direction,E,1,0,0,0,1,1,1,0,0,0,0,0
223023,223023,Fatal,2001,October,Thursday,21,Head-on,Multi-Vehicle,151.92416908181,-28.5448104902306,Amiens Rd,,Amiens Road,Thulimbah,Southern Downs Region,4376,Stanthorpe,Darling Downs,Southern,Southern,Southern Queensland,Stanthorpe Region,Granite Belt,Darling Downs - Maranoa,Outer Regional,Southern Downs,Maranoa,State-controlled,No Roadway Feature,No traffic control,100 - 110 km/h,Sealed - Dry,Clear,Darkness - Not lighted,Straight,Grade,201,Vehs Opposite Approach: Head On,02: Head-on,E,1,2,0,0,3,2,0,0,0,0,0,0
223028,223028,Fatal,2001,October,Saturday,11,Angle,Multi-Vehicle,151.892140647858,-25.635712668123,Isis Hwy,,Isis Highway (Biggenden - Coalstoun Lakes),Coalstoun Lakes,North Burnett Region,4621,Biggenden,Wide Bay Burnett,North Coast,Southern,Southern Queensland,Gayndah - Mundubbera,Burnett,Wide Bay,Outer Regional,Callide,Flynn,State-controlled,No Roadway Feature,No traffic control,100 - 110 km/h,Sealed - Dry,Clear,Daylight,Straight,Grade,500,Vehs Overtaking: Other,21: Other,S,2,1,0,0,3,1,0,1,0,0,0,0
223029,223029,Fatal,2001,October,Saturday,2,Hit pedestrian,Hit pedestrian,139.278697143914,-21.6691712074711,Diamantina Development Rd,Urandangi South Rd,Diamantina Developmental Road (Dajarra - Mount Isa),Dajarra,Cloncurry Shire,4825,Dajarra,Mount Isa,Northern,Northern,North Queensland,Mount Isa Region,Outback - North,Queensland - Outback,Very Remote,Traeger,Kennedy,State-controlled,Intersection - T-Junction,No traffic control,100 - 110 km/h,Sealed - Dry,Clear,Darkness - Not lighted,Straight,Level,004,Pedn: Play; Work; Stand; Lie On Cway,12: Pedestrian,E,1,0,0,0,1,0,0,1,0,0,1,0
223030,223030,Fatal,2001,October,Saturday,19,Hit pedestrian,Hit pedestrian,150.522768116114,-23.3624585060423,Rockhampton - Yeppoon Rd,,Rockhampton - Yeppoon Road,Berserker,Rockhampton Region,4701,North Rockhampton,Capricornia,Central,Central,Central Queensland,Berserker,Rockhampton,Central Queensland,Inner Regional,Rockhampton,Capricornia,State-controlled,No Roadway Feature,No traffic control,60 km/h,Sealed - Dry,Clear,Darkness - Lighted,Straight,Level,003,Pedn: Far Side Vehicle Hit From Left,12: Pedestrian,S,1,0,0,0,1,1,0,0,0,0,1,0
223031,223031,Fatal,2001,October,Thursday,16,Rear-end,Multi-Vehicle,152.776781885793,-27.6383665554857,Cascade St,Deidre-Ann St,,Raceview,Ipswich City,4305,Yamanto,Ipswich,Southern,SEQ South,Metropolitan,Raceview,Ipswich Inner,Ipswich,Major Cities,Ipswich,Blair,Locally-controlled,Intersection - T-Junction,No traffic control,60 km/h,Sealed - Dry,Clear,Daylight,Straight,Level,303,Vehs Same Direction: Right Rear,04: Rear-end,,1,0,1,1,3,2,0,0,1,0,0,0
223032,223032,Fatal,2001,October,Saturday,12,Hit object,Single Vehicle,147.631579789681,-23.6055817157322,Capricorn Hwy,,Capricorn Highway (Emerald - Alpha),Lochington,Central Highlands Region,4724,Anakie,Capricornia,Central,Central,Central Queensland,Central Highlands - West,Central Highlands (qld),Central Queensland,Remote,Gregory,Flynn,State-controlled,No Roadway Feature,No traffic control,100 - 110 km/h,Sealed - Dry,Clear,Daylight,Curved - view open,Grade,804,Off Path-Curve: Off Cway Lt Bend Hit Obj,19: Off Carriageway on Curve Hit Object,W,2,0,0,0,2,1,0,0,0,0,0,0
223173,223173,Fatal,2006,May,Sunday,14,Sideswipe,Multi-Vehicle,152.791614180243,-27.5740827324538,Warrego Hwy,,Warrego Highway (Ipswich - Toowoomba),Karalee,Ipswich City,4306,Karana Downs,Ipswich,Southern,SEQ South,Metropolitan,North Ipswich - Tivoli,Ipswich Inner,Ipswich,Major Cities,Ipswich West,Blair,State-controlled,No Roadway Feature,No traffic control,100 - 110 km/h,Sealed - Dry,Clear,Daylight,Curved - view open,Level,306,Vehs Same Direction: Lane Change Right,05: Lane Change,E,1,0,0,0,1,1,1,0,0,0,0,0
223251,223251,Fatal,2001,September,Monday,7,Head-on,Multi-Vehicle,152.9489824838,-26.4959620585796,Bruce Hwy,,Bruce Highway (Brisbane - Gympie),North Arm,Sunshine Coast Region,4561,Eumundi,Sunshine Coast,North Coast,SEQ North,North Coast,Eumundi - Yandina,Nambour,Sunshine Coast,Inner Regional,Nicklin,Fairfax,State-controlled,No Roadway Feature,No traffic control,100 - 110 km/h,Sealed - Dry,Clear,Daylight,Curved - view open,Level,501,Vehs Overtaking: Head On,02: Head-on,N,1,1,1,0,3,3,0,0,0,0,0,0
223252,223252,Fatal,2001,September,Friday,6,Head-on,Multi-Vehicle,152.87625032585,-26.6209179823132,Nambour - Mapleton Rd,,Nambour - Mapleton Road,Mapleton,Sunshine Coast Region,4560,Nambour,Sunshine Coast,North Coast,SEQ North,North Coast,Maroochy Hinterland,Sunshine Coast Hinterland,Sunshine Coast,Inner Regional,Nicklin,Fairfax,State-controlled,No Roadway Feature,No traffic control,80 - 90 km/h,Sealed - Dry,Clear,Daylight,Curved - view open,Grade,201,Vehs Opposite Approach: Head On,02: Head-on,E,1,2,0,0,3,3,0,0,0,0,0,0
223256,223256,Fatal,2001,September,Sunday,14,Head-on,Multi-Vehicle,147.491203411913,-19.7511496297843,Bruce Hwy,,Bruce Highway (Bowen - Ayr),Wangaratta,Burdekin Shire,4806,Home Hill,Townsville,Northern,Northern,North Queensland,Burdekin,Charters Towers - Ayr - Ingham,Townsville,Outer Regional,Burdekin,Dawson,State-controlled,No Roadway Feature,No traffic control,100 - 110 km/h,Sealed - Dry,Clear,Daylight,Straight,Level,201,Vehs Opposite Approach: Head On,02: Head-on,N,3,1,0,0,4,2,0,0,0,0,0,0
224088,224088,Fatal,2001,September,Sunday,14,Hit pedestrian,Hit pedestrian,153.01697034015,-27.3581711232621,Gympie Rd,,Gympie Arterial Road,Aspley,Brisbane City,4034,Carseldine,North Brisbane,Brisbane,SEQ North,Metropolitan,Aspley,Chermside,Brisbane - North,Major Cities,Aspley,Petrie,State-controlled,No Roadway Feature,No traffic control,60 km/h,Sealed - Dry,Clear,Daylight,Straight,Level,003,Pedn: Far Side Vehicle Hit From Left,12: Pedestrian,S,1,1,0,0,2,1,0,0,0,0,2,0
224129,224129,Fatal,2006,June,Friday,8,Angle,Multi-Vehicle,152.70148850482,-27.5753923725155,Brisbane Valley Hwy,Warrego Hwy,Warrego Highway (Ipswich - Toowoomba),Blacksoil,Ipswich City,4306,Karana Downs,Ipswich,Southern,SEQ South,Metropolitan,Leichhardt - One Mile,Ipswich Inner,Ipswich,Major Cities,Ipswich West,Blair,State-controlled,Intersection - T-Junction,Give way sign,80 - 90 km/h,Sealed - Dry,Clear,Daylight,Straight,Grade,202,Vehs Opposite Approach: Thru-Right,03: Opposing Vehicles Turning,W,1,0,0,0,1,0,1,1,0,0,0,0
224515,224515,Fatal,2001,October,Monday,14,Hit object,Single Vehicle,145.355335914718,-16.2500460132269,Mossman - Daintree Rd,,Mossman - Daintree Road,Lower Daintree,Douglas Shire,4873,Mossman,Far North,Far Northern,Northern,North Queensland,Daintree,Port Douglas - Daintree,Cairns,Outer Regional,Cook,Leichhardt,State-controlled,No Roadway Feature,No traffic control,100 - 110 km/h,Sealed - Dry,Clear,Daylight,Straight,Level,703,Off Path-Straight: Left Off Cway Hit Obj,16: Off Carriageway on Straight Hit Object,N,1,3,1,0,5,1,0,0,0,0,0,0
225025,225025,Fatal,2001,April,Wednesday,5,Hit object,Single Vehicle,152.928161668836,-27.5872829551766,Ipswich Mwy,,Cunningham Arterial Road (Ipswich Motorway),Wacol,Brisbane City,4076,Mount Ommaney,South Brisbane,Brisbane,SEQ South,Metropolitan,Wacol,Forest Lake - Oxley,Ipswich,Major Cities,Inala,Oxley,State-controlled,No Roadway Feature,No traffic control,80 - 90 km/h,Sealed - Dry,Clear,Dawn/Dusk,Straight,Level,703,Off Path-Straight: Left Off Cway Hit Obj,16: Off Carriageway on Straight Hit Object,S,1,0,0,0,1,0,1,0,0,0,0,0
225026,225026,Fatal,2001,April,Wednesday,16,Head-on,Multi-Vehicle,153.124002325,-27.8521701269236,Plunkett Rd,,,Kairabah,Logan City,4207,Logan Village Yarrabilba,Logan,South Eastern,SEQ South,South Coast,Jimboomba,Jimboomba,Logan - Beaudesert,Major Cities,Logan,Wright,Locally-controlled,No Roadway Feature,No traffic control,60 km/h,Unsealed - Dry,Clear,Daylight,Curved - view obscured,Grade,201,Vehs Opposite Approach: Head On,02: Head-on,W,1,0,0,0,1,2,0,0,0,0,0,0
225030,225030,Fatal,2001,April,Tuesday,16,Hit pedestrian,Hit pedestrian,149.184655798144,-21.1431353853158,Mackay - Slade Point Rd,,Mackay - Slade Point Road,Mackay,Mackay Region,4740,Mackay,Mackay,Central,Central,Central Queensland,Mackay,Mackay,Mackay - Isaac - Whitsunday,Inner Regional,Mackay,Dawson,State-controlled,No Roadway Feature,No traffic control,60 km/h,Sealed - Dry,Clear,Daylight,Straight,Level,001,Pedn: Near Side Vehicle Hit From Right,12: Pedestrian,N,1,0,0,0,1,1,0,0,0,0,1,0
225031,225031,Fatal,2001,April,Tuesday,4,Hit object,Single Vehicle,146.671029357545,-19.2428779970105,Bruce Hwy,,North Townsville Road,Deeragun,Townsville City,4818,Deeragun,Townsville,Northern,Northern,North Queensland,Deeragun,Townsville,Townsville,Outer Regional,Hinchinbrook,Herbert,State-controlled,Bridge/Causeway,No traffic control,100 - 110 km/h,Sealed - Dry,Clear,Darkness - Not lighted,Straight,Level,704,Off Path-Straight: Right Off Cway Hit Obj,16: Off Carriageway on Straight Hit Object,E,1,0,0,0,1,0,0,1,0,0,0,0
225032,225032,Fatal,2001,April,Friday,0,Hit object,Single Vehicle,153.145015149625,-27.601595979068,Underwood Rd,,,Rochedale South,Logan City,4123,Springwood,Logan,South Eastern,SEQ South,South Coast,Rochedale South - Priestdale,Springwood - Kingston,Logan - Beaudesert,Major Cities,Springwood,Rankin,Locally-controlled,No Roadway Feature,No traffic control,60 km/h,Sealed - Dry,Clear,Darkness - Lighted,Curved - view open,Level,803,Off Path-Curve: Off Cway Rt Bend Hit Obj,19: Off Carriageway on Curve Hit Object,W,1,0,0,0,1,1,0,0,0,0,0,0
225033,225033,Fatal,2001,April,Saturday,13,Collision - miscellaneous,Other,153.085110651247,-27.6791481736451,Browns Plains Rd,,,Crestmead,Logan City,4132,Crestmead,Logan,South Eastern,SEQ South,South Coast,Marsden,Browns Plains,Logan - Beaudesert,Major Cities,Woodridge,Rankin,Locally-controlled,No Roadway Feature,No traffic control,70 km/h,Sealed - Dry,Clear,Daylight,Curved - view open,Level,600,Vehs On Path: Other,21: Other,W,1,0,0,0,1,0,1,0,0,0,0,0
225034,225034,Fatal,2001,April,Sunday,4,Hit object,Single Vehicle,152.665717699471,-25.6171607043133,Teddington Rd,,,Teddington,Fraser Coast Region,4650,Maryborough,Wide Bay Burnett,North Coast,Southern,Southern Queensland,Maryborough Region - South,Maryborough,Wide Bay,Inner Regional,Maryborough,Wide Bay,Locally-controlled,No Roadway Feature,No traffic control,80 - 90 km/h,Sealed - Dry,Clear,Darkness - Not lighted,Straight,Crest,700,Off Path-Straight: Other,21: Other,S,1,1,0,0,2,1,0,0,0,0,0,0
225035,225035,Fatal,2001,April,Wednesday,13,Hit pedestrian,Hit pedestrian,152.937405852772,-27.5401714957294,Mukine St,,,Jindalee,Brisbane City,4074,Mount Ommaney,South Brisbane,Brisbane,SEQ South,Metropolitan,Jindalee - Mount Ommaney,Centenary,Brisbane - West,Major Cities,Mount Ommaney,Oxley,Locally-controlled,No Roadway Feature,No traffic control,0 - 50 km/h,Sealed - Dry,Clear,Daylight,Straight,Level,000,Pedn: Hit Other,21: Other,N,1,0,0,0,1,1,0,0,0,0,1,0
225036,225036,Fatal,2001,April,Sunday,13,Hit object,Single Vehicle,146.066523133075,-18.3560188402516,Bruce Hwy,,Bruce Highway (Ingham - Innisfail),Damper Creek,Cassowary Coast Region,4849,Cardwell,Far North,Far Northern,Northern,North Queensland,Tully,Innisfail - Cassowary Coast,Cairns,Remote,Hinchinbrook,Kennedy,State-controlled,Bridge/Causeway,No traffic control,100 - 110 km/h,Sealed - Dry,Clear,Daylight,Straight,Dip,705,Off Path-Straight: Out Of Control On Cway,17: Out of Control on Straight,N,2,2,0,0,4,1,0,0,0,0,0,0
225037,225037,Fatal,2001,April,Monday,14,Head-on,Multi-Vehicle,152.847207960498,-26.3882124055526,Bruce Hwy,,Cooroy - Gympie Road,Pomona,Noosa Shire,4568,Pomona,Sunshine Coast,North Coast,SEQ North,North Coast,Noosa Hinterland,Noosa Hinterland,Sunshine Coast,Inner Regional,Noosa,Wide Bay,State-controlled,No Roadway Feature,No traffic control,100 - 110 km/h,Sealed - Wet,Clear,Daylight,Curved - view open,Grade,201,Vehs Opposite Approach: Head On,02: Head-on,E,1,0,0,0,1,3,0,1,0,0,0,0
225041,225041,Fatal,2001,April,Tuesday,8,Angle,Multi-Vehicle,152.846147056037,-27.2810507215671,Kriesch Rd,Mt Samson Rd,,Samsonvale,Moreton Bay Region,4520,Dayboro,Moreton,North Coast,SEQ North,North Coast,Dayboro,The Hills District,Moreton Bay - South,Inner Regional,Pine Rivers,Dickson,Locally-controlled,Intersection - T-Junction,Give way sign,100 - 110 km/h,Sealed - Dry,Clear,Daylight,Straight,Level,104,Vehs Adjacent Approach: Thru-Right,01: Intersection: Adjacent Approach,N,1,0,0,0,1,1,0,1,0,0,0,0
225660,225660,Fatal,2005,April,Saturday,0,Hit object,Single Vehicle,146.227778014797,-18.8833579323701,Bruce Hwy,,Bruce Highway (Townsville - Ingham),Coolbie,Hinchinbrook Shire,4850,Rollingstone,Townsville,Northern,Northern,North Queensland,Ingham Region,Charters Towers - Ayr - Ingham,Townsville,Outer Regional,Hinchinbrook,Kennedy,State-controlled,No Roadway Feature,No traffic control,100 - 110 km/h,Sealed - Dry,Clear,Darkness - Not lighted,Curved - view open,Grade,804,Off Path-Curve: Off Cway Lt Bend Hit Obj,19: Off Carriageway on Curve Hit Object,N,1,0,0,0,1,1,0,0,0,0,0,0
225926,225926,Fatal,2004,November,Sunday,14,Head-on,Multi-Vehicle,148.598325694543,-20.7120243446424,Bruce Hwy,,Bruce Highway (Mackay - Proserpine),Bloomsbury,Mackay Region,4799,Calen,Mackay,Central,Central,Central Queensland,Seaforth - Calen,Mackay,Mackay - Isaac - Whitsunday,Outer Regional,Whitsunday,Dawson,State-controlled,No Roadway Feature,No traffic control,100 - 110 km/h,Sealed - Dry,Clear,Daylight,Straight,Level,201,Vehs Opposite Approach: Head On,02: Head-on,N,1,0,1,0,2,1,0,1,0,0,0,0
226071,226071,Fatal,2005,April,Sunday,4,Hit pedestrian,Hit pedestrian,153.248936344442,-27.7657860058649,Pacific Hwy,,Pacific Highway (Pacific Motorway),Ormeau,Gold Coast City,4208,Coomera,Gold Coast,South Eastern,SEQ South,South Coast,Ormeau - Yatala,Ormeau - Oxenford,Gold Coast,Major Cities,Coomera,Forde,State-controlled,No Roadway Feature,No traffic control,100 - 110 km/h,Sealed - Wet,Raining,Darkness - Not lighted,Straight,Level,001,Pedn: Near Side Vehicle Hit From Right,12: Pedestrian,N,1,2,0,0,3,2,0,0,0,0,1,0
226086,226086,Fatal,2005,April,Sunday,4,Hit object,Single Vehicle,146.604821422062,-19.222342333915,Mckinnon Rd,Pope Rd,,Yabulu,Townsville City,4818,Deeragun,Townsville,Northern,Northern,North Queensland,Northern Beaches,Townsville,Townsville,Outer Regional,Hinchinbrook,Herbert,Locally-controlled,Intersection - T-Junction,Give way sign,100 - 110 km/h,Unsealed - Dry,Clear,Darkness - Not lighted,Curved - view open,Level,803,Off Path-Curve: Off Cway Rt Bend Hit Obj,19: Off Carriageway on Curve Hit Object,N,1,0,1,0,2,1,0,0,0,0,0,0
226269,226269,Fatal,2005,May,Tuesday,15,Angle,Multi-Vehicle,152.936258846516,-26.4683473710854,Eumundi - Kenilworth Rd,Eumundi - Kenilworth Rd,Eumundi - Kenilworth Road,Eerwah Vale,Sunshine Coast Region,4562,Eumundi,Sunshine Coast,North Coast,SEQ North,North Coast,Eumundi - Yandina,Nambour,Sunshine Coast,Inner Regional,Nicklin,Fairfax,State-controlled,Intersection - T-Junction,Give way sign,80 - 90 km/h,Sealed - Dry,Clear,Daylight,Curved - view open,Level,104,Vehs Adjacent Approach: Thru-Right,01: Intersection: Adjacent Approach,E,1,0,0,0,1,1,0,1,0,0,0,0
226272,226272,Fatal,2005,June,Saturday,3,Hit object,Single Vehicle,151.556756284778,-26.7159685358501,Bunya Hwy,,Bunya Highway (Dalby - Kingaroy),Boyneside,South Burnett Region,4610,Kumbia,Darling Downs,Southern,Southern,Southern Queensland,Kingaroy Region - South,Burnett,Wide Bay,Outer Regional,Nanango,Maranoa,State-controlled,No Roadway Feature,No traffic control,100 - 110 km/h,Sealed - Dry,Clear,Darkness - Not lighted,Straight,Level,704,Off Path-Straight: Right Off Cway Hit Obj,16: Off Carriageway on Straight Hit Object,E,1,0,0,0,1,1,0,0,0,0,0,0
226953,226953,Fatal,2005,March,Sunday,22,Overturned,Single Vehicle,140.389310544959,-22.025923272395,Osborne Rd,,,Selwyn,Cloncurry Shire,4823,Dajarra,Mount Isa,Northern,Northern,North Queensland,Mount Isa Region,Outback - North,Queensland - Outback,Very Remote,Traeger,Kennedy,Locally-controlled,No Roadway Feature,No traffic control,100 - 110 km/h,Sealed - Dry,Clear,Darkness - Not lighted,Curved - view open,Crest,802,Off Path-Curve: Off Cway Left Bend,18: Off Carriageway on Curve,W,1,1,0,0,2,1,0,0,0,0,0,0
227135,227135,Fatal,2005,January,Wednesday,5,Rear-end,Multi-Vehicle,152.849384151212,-26.3887352467736,Bruce Hwy,,Cooroy - Gympie Road,Pomona,Noosa Shire,4568,Pomona,Sunshine Coast,North Coast,SEQ North,North Coast,Noosa Hinterland,Noosa Hinterland,Sunshine Coast,Inner Regional,Noosa,Wide Bay,State-controlled,No Roadway Feature,No traffic control,100 - 110 km/h,Sealed - Dry,Clear,Daylight,Curved - view open,Crest,301,Vehs Same Direction: Rear End,04: Rear-end,S,1,2,0,0,3,2,0,0,0,0,0,1
227165,227165,Fatal,2004,December,Thursday,19,Hit object,Single Vehicle,152.921152663637,-27.6186893957235,Mica St,,,Carole Park,Ipswich City,4300,Goodna,Ipswich,Southern,SEQ South,Metropolitan,Carole Park,Springfield - Redbank,Ipswich,Major Cities,Jordan,Oxley,Locally-controlled,No Roadway Feature,No traffic control,60 km/h,Sealed - Dry,Clear,Darkness - Not lighted,Straight,Level,700,Off Path-Straight: Other,21: Other,N,1,0,0,0,1,1,0,0,0,0,0,0
227247,227247,Fatal,2004,December,Thursday,1,Sideswipe,Multi-Vehicle,153.276971887387,-27.9295369709938,Oxenford - Coomera Gorge Rd,,Oxenford - Coomera Gorge Road,Maudsland,Gold Coast City,4210,Nerang,Gold Coast,South Eastern,SEQ South,South Coast,Oxenford - Maudsland,Ormeau - Oxenford,Gold Coast,Major Cities,Theodore,Wright,State-controlled,No Roadway Feature,No traffic control,80 - 90 km/h,Sealed - Dry,Clear,Darkness - Not lighted,Curved - view obscured,Grade,201,Vehs Opposite Approach: Head On,02: Head-on,S,1,2,0,0,3,2,0,0,0,0,0,0
227301,227301,Fatal,2005,February,Saturday,23,Hit pedestrian,Hit pedestrian,151.962470436586,-27.5456680781113,Prospect St,,,North Toowoomba,Toowoomba Region,4350,Toowoomba,Darling Downs,Southern,Southern,Southern Queensland,North Toowoomba - Harlaxton,Toowoomba,Toowoomba,Inner Regional,Toowoomba North,Groom,Locally-controlled,No Roadway Feature,No traffic control,0 - 50 km/h,Sealed - Dry,Clear,Darkness - Not lighted,Straight,Grade,002,Pedn: Hit Emerging Behind Vehicle,12: Pedestrian,N,1,0,0,0,1,1,0,0,0,0,1,0
227302,227302,Fatal,2005,February,Saturday,19,Head-on,Multi-Vehicle,145.466919379893,-17.6272936846929,Kennedy Hwy,,Kennedy Highway (Ravenshoe - Mount Garnet),Ravenshoe,Tablelands Region,4888,Ravenshoe,Far North,Far Northern,Northern,North Queensland,Herberton,Tablelands (east) - Kuranda,Cairns,Outer Regional,Hill,Kennedy,State-controlled,No Roadway Feature,No traffic control,100 - 110 km/h,Sealed - Dry,Clear,Darkness - Not lighted,Straight,Level,201,Vehs Opposite Approach: Head On,02: Head-on,E,1,0,0,1,2,1,1,0,0,0,0,0
227310,227310,Fatal,2005,February,Saturday,2,Hit object,Single Vehicle,151.342081804514,-26.9890344758061,Bunya Hwy,,Bunya Highway (Dalby - Kingaroy),Kaimkillenbun,Western Downs Region,4406,Bell,South West,Southern,Southern,Southern Queensland,Wambo,Darling Downs - East,Darling Downs - Maranoa,Outer Regional,Warrego,Maranoa,State-controlled,No Roadway Feature,No traffic control,100 - 110 km/h,Sealed - Dry,Clear,Darkness - Not lighted,Straight,Level,700,Off Path-Straight: Other,21: Other,S,1,1,0,0,2,0,0,1,0,0,0,0
227696,227696,Fatal,2004,September,Wednesday,16,Hit parked vehicle,Single Vehicle,153.130768541599,-26.7169722636035,Balyata St,,,Warana,Sunshine Coast Region,4575,Kawana Waters,Sunshine Coast,North Coast,SEQ North,North Coast,Parrearra - Warana,Caloundra,Sunshine Coast,Major Cities,Kawana,Fisher,Locally-controlled,No Roadway Feature,No traffic control,0 - 50 km/h,Sealed - Dry,Clear,Daylight,Straight,Level,601,Vehs On Path: Parked,10: Hit Parked Vehicle,S,1,0,0,0,1,2,0,0,0,0,0,0
228021,228021,Fatal,2004,October,Friday,16,Hit pedestrian,Hit pedestrian,153.426530705715,-28.0480071961301,Markeri St,,,Mermaid Waters,Gold Coast City,4218,Broadbeach,Gold Coast,South Eastern,SEQ South,South Coast,Mermaid Waters,Broadbeach - Burleigh,Gold Coast,Major Cities,Mermaid Beach,Moncrieff,Locally-controlled,No Roadway Feature,No traffic control,0 - 50 km/h,Sealed - Dry,Clear,Daylight,Straight,Level,002,Pedn: Hit Emerging Behind Vehicle,12: Pedestrian,W,1,0,0,0,1,1,0,0,0,0,1,0
228162,228162,Fatal,2004,December,Saturday,17,Hit object,Single Vehicle,152.945080721605,-27.0162848433449,Beerburrum Rd,,Beerburrum Road,Elimbah,Moreton Bay Region,4516,Caboolture,Moreton,North Coast,SEQ North,North Coast,Elimbah,Caboolture,Moreton Bay - North,Major Cities,Glass House,Longman,State-controlled,No Roadway Feature,No traffic control,80 - 90 km/h,Sealed - Dry,Clear,Daylight,Curved - view obscured,Level,800,Off Path-Curve: Other,21: Other,S,1,2,0,0,3,1,0,0,0,0,0,0
228341,228341,Fatal,2006,November,Wednesday,7,Hit pedestrian,Hit pedestrian,152.770602254408,-27.6228373597491,Griffith Rd,Tower St,,Eastern Heights,Ipswich City,4305,Ipswich,Ipswich,Southern,SEQ South,Metropolitan,Ipswich - East,Ipswich Inner,Ipswich,Major Cities,Ipswich,Blair,Locally-controlled,Intersection - T-Junction,No traffic control,0 - 50 km/h,Sealed - Dry,Clear,Daylight,Straight,Grade,000,Pedn: Hit Other,21: Other,W,1,0,0,0,1,0,0,0,0,0,1,1
228421,228421,Fatal,2004,November,Thursday,11,Angle,Multi-Vehicle,151.912670556247,-27.5932489366997,Canning St,Gore Hwy,Toowoomba - Athol Road,Drayton,Toowoomba Region,4350,Drayton,Darling Downs,Southern,Southern,Southern Queensland,Drayton - Harristown,Toowoomba,Toowoomba,Inner Regional,Condamine,Groom,State-controlled,Intersection - Cross,No traffic control,60 km/h,Sealed - Dry,Clear,Daylight,Straight,Grade,202,Vehs Opposite Approach: Thru-Right,03: Opposing Vehicles Turning,W,1,0,0,0,1,1,1,0,0,0,0,0
228428,228428,Fatal,2004,November,Thursday,14,Head-on,Multi-Vehicle,150.472908367489,-23.4106246639416,Capricorn Hwy,,Capricorn Highway (Rockhampton - Duaringa),Fairy Bower,Rockhampton Region,4700,Gracemere,Capricornia,Central,Central,Central Queensland,Rockhampton - West,Rockhampton,Central Queensland,Inner Regional,Rockhampton,Capricornia,State-controlled,No Roadway Feature,No traffic control,100 - 110 km/h,Sealed - Dry,Clear,Daylight,Curved - view open,Level,201,Vehs Opposite Approach: Head On,02: Head-on,E,1,0,0,0,1,1,0,0,1,0,0,0
228431,228431,Fatal,2005,February,Wednesday,6,Hit object,Single Vehicle,152.988598486755,-27.4648429392606,Hebe St,Western Arterial Rd,Western Arterial Road (Toowong - Everton Park),Bardon,Brisbane City,4065,The Gap,North Brisbane,Brisbane,SEQ North,Metropolitan,Bardon,Brisbane Inner - West,Brisbane Inner City,Major Cities,Maiwar,Brisbane,State-controlled,Intersection - Roundabout,Give way sign,60 km/h,Sealed - Dry,Clear,Daylight,Curved - view open,Level,808,Off Path-Curve: Mounts Traffic Island,19: Off Carriageway on Curve Hit Object,S,1,0,0,0,1,0,0,0,0,1,0,0