_id,Crash_Ref_Number,Crash_Severity,Crash_Year,Crash_Month,Crash_Day_Of_Week,Crash_Hour,Crash_Nature,Crash_Type,Crash_Longitude,Crash_Latitude,Crash_Street,Crash_Street_Intersecting,State_Road_Name,Loc_Suburb,Loc_Local_Government_Area,Loc_Post_Code,Loc_Police_Division,Loc_Police_District,Loc_Police_Region,Loc_Queensland_Transport_Region,Loc_Main_Roads_Region,Loc_ABS_Statistical_Area_2,Loc_ABS_Statistical_Area_3,Loc_ABS_Statistical_Area_4,Loc_ABS_Remoteness,Loc_State_Electorate,Loc_Federal_Electorate,Crash_Controlling_Authority,Crash_Roadway_Feature,Crash_Traffic_Control,Crash_Speed_Limit,Crash_Road_Surface_Condition,Crash_Atmospheric_Condition,Crash_Lighting_Condition,Crash_Road_Horiz_Align,Crash_Road_Vert_Align,Crash_DCA_Code,Crash_DCA_Description,Crash_DCA_Group_Description,DCA_Key_Approach_Dir,Count_Casualty_Fatality,Count_Casualty_Hospitalised,Count_Casualty_MedicallyTreated,Count_Casualty_MinorInjury,Count_Casualty_Total,Count_Unit_Car,Count_Unit_Motorcycle_Moped,Count_Unit_Truck,Count_Unit_Bus,Count_Unit_Bicycle,Count_Unit_Pedestrian,Count_Unit_Other
237978,237978,Fatal,2018,May,Wednesday,10,Hit object,Single Vehicle,151.312691268691,-27.0486102755245,Bunya Hwy,,Bunya Highway (Dalby - Kingaroy),Dalby,Western Downs Region,4405,Bell,South West,Southern,Southern,Southern Queensland,Wambo,Darling Downs - East,Darling Downs - Maranoa,Inner Regional,Warrego,Maranoa,State-controlled,No Roadway Feature,No traffic control,100 - 110 km/h,Sealed - Dry,Clear,Daylight,Straight,Level,703,Off Path-Straight: Left Off Cway Hit Obj,16: Off Carriageway on Straight Hit Object,S,1,1,0,0,2,1,0,0,0,0,0,0
237979,237979,Fatal,2018,May,Sunday,1,Hit pedestrian,Hit pedestrian,152.429229416017,-24.8300763646219,Bargara Rd,,Bundaberg - Bargara Road,Qunaba,Bundaberg Region,4670,Bargara,Wide Bay Burnett,North Coast,Southern,Southern Queensland,Bargara - Burnett Heads,Bundaberg,Wide Bay,Inner Regional,Burnett,Hinkler,State-controlled,No Roadway Feature,No traffic control,80 - 90 km/h,Sealed - Dry,Clear,Darkness - Not lighted,Straight,Grade,004,Pedn: Play; Work; Stand; Lie On Cway,12: Pedestrian,S,1,0,0,0,1,1,0,0,0,0,1,0
237980,237980,Fatal,2018,May,Tuesday,9,Angle,Multi-Vehicle,153.103200011075,-27.5862994537335,Levington Rd,Logan Rd,Logan Sub-Arterial Road,Eight Mile Plains,Brisbane City,4113,Upper Mount Gravatt,South Brisbane,Brisbane,SEQ South,Metropolitan,Eight Mile Plains,Mt Gravatt,Brisbane - South,Major Cities,Toohey,Moreton,State-controlled,Intersection - Cross,Operating traffic lights,80 - 90 km/h,Sealed - Dry,Clear,Daylight,Curved - view open,Level,300,Vehs Same Direction: Other,21: Other,W,1,1,0,0,2,3,0,0,0,0,0,0
237981,237981,Fatal,2018,May,Sunday,15,Hit object,Single Vehicle,153.295902949918,-27.9015354756936,Tamborine - Oxenford Rd,,Tamborine - Oxenford Road,Oxenford,Gold Coast City,4210,Coomera,Gold Coast,South Eastern,SEQ South,South Coast,Oxenford - Maudsland,Ormeau - Oxenford,Gold Coast,Major Cities,Theodore,Wright,State-controlled,No Roadway Feature,No traffic control,60 km/h,Sealed - Dry,Clear,Daylight,Curved - view obscured,Dip,201,Vehs Opposite Approach: Head On,02: Head-on,W,1,3,0,3,7,2,0,0,0,0,0,0
238255,238255,Fatal,2020,November,Friday,19,Fall from vehicle,Single Vehicle,153.103845123173,-26.6946494467132,Karawatha Dr,,,Mountain Creek,Sunshine Coast Region,4557,Maroochydore,Sunshine Coast,North Coast,SEQ North,North Coast,Mountain Creek,Buderim,Sunshine Coast,Major Cities,Buderim,Fairfax,Locally-controlled,No Roadway Feature,No traffic control,60 km/h,Sealed - Dry,Clear,Darkness - Lighted,Curved - view open,Level,804,Off Path-Curve: Off Cway Lt Bend Hit Obj,19: Off Carriageway on Curve Hit Object,,1,0,0,0,1,0,1,0,0,0,0,0
238353,238353,Fatal,2020,July,Thursday,11,Hit object,Single Vehicle,152.316679419523,-24.8915273541237,Twyford St,,,Avoca,Bundaberg Region,4670,Bundaberg,Wide Bay Burnett,North Coast,Southern,Southern Queensland,Millbank - Avoca,Bundaberg,Wide Bay,Inner Regional,Bundaberg,Hinkler,Locally-controlled,No Roadway Feature,No traffic control,0 - 50 km/h,Sealed - Dry,Clear,Daylight,Straight,Level,405,Vehs Manoeuvring: Rev Into Fixed Object,21: Other,,1,0,0,0,1,1,0,0,0,0,0,0
238522,238522,Fatal,2018,May,Wednesday,10,Angle,Multi-Vehicle,152.57920202104,-27.9605064044513,Boonah - Fassifern Rd,Cunningham Hwy,Cunningham Highway (Ipswich - Warwick),Fassifern,Scenic Rim Region,4309,Kalbar,Ipswich,Southern,SEQ South,South Coast,Boonah,Ipswich Hinterland,Ipswich,Inner Regional,Scenic Rim,Wright,State-controlled,Intersection - T-Junction,Give way sign,100 - 110 km/h,Sealed - Dry,Clear,Daylight,Curved - view open,Crest,104,Vehs Adjacent Approach: Thru-Right,01: Intersection: Adjacent Approach,S,1,1,1,0,3,1,0,1,0,0,0,0
238525,238525,Fatal,2018,June,Sunday,11,Fall from vehicle,Single Vehicle,152.618617140405,-26.9641034004749,Neurum Rd,,,Villeneuve,Somerset Region,4514,Kilcoy,Moreton,North Coast,SEQ North,North Coast,Kilcoy,Caboolture Hinterland,Moreton Bay - North,Inner Regional,Nanango,Blair,Locally-controlled,No Roadway Feature,No traffic control,80 - 90 km/h,Sealed - Dry,Clear,Daylight,Curved - view open,Grade,803,Off Path-Curve: Off Cway Rt Bend Hit Obj,19: Off Carriageway on Curve Hit Object,,1,0,0,0,1,0,1,0,0,0,0,0
238526,238526,Fatal,2018,June,Sunday,16,Angle,Multi-Vehicle,152.591936338892,-25.3486613848458,Bruce Hwy,Gympie St,Bruce Highway (Maryborough - Gin Gin),Torbanlea,Fraser Coast Region,4662,Howard,Wide Bay Burnett,North Coast,Southern,Southern Queensland,Burrum - Fraser,Maryborough,Wide Bay,Inner Regional,Maryborough,Hinkler,State-controlled,Intersection - Cross,Give way sign,60 km/h,Sealed - Wet,Clear,Dawn/Dusk,Straight,Level,104,Vehs Adjacent Approach: Thru-Right,01: Intersection: Adjacent Approach,E,1,0,0,0,1,1,0,1,0,0,0,0
238529,238529,Fatal,2018,June,Saturday,7,Hit object,Single Vehicle,150.423397746779,-23.535149165512,Four Mile Rd,,,Bouldercombe,Rockhampton Region,4702,Gracemere,Capricornia,Central,Central,Central Queensland,Bouldercombe,Rockhampton,Central Queensland,Inner Regional,Mirani,Flynn,Locally-controlled,No Roadway Feature,No traffic control,100 - 110 km/h,Sealed - Dry,Clear,Daylight,Straight,Grade,705,Off Path-Straight: Out Of Control On Cway,17: Out of Control on Straight,S,1,0,0,0,1,0,1,0,0,0,0,0
238530,238530,Fatal,2018,June,Saturday,19,Hit object,Single Vehicle,152.619845246756,-26.0917283936139,Harvey Siding Rd,,,Curra,Gympie Region,4570,Gympie,Wide Bay Burnett,North Coast,Southern,Southern Queensland,Gympie Region,Gympie - Cooloola,Wide Bay,Inner Regional,Gympie,Wide Bay,Locally-controlled,No Roadway Feature,No traffic control,100 - 110 km/h,Sealed - Dry,Clear,Darkness - Not lighted,Curved - view open,Level,803,Off Path-Curve: Off Cway Rt Bend Hit Obj,19: Off Carriageway on Curve Hit Object,N,2,0,0,0,2,1,0,0,0,0,0,0
238531,238531,Fatal,2018,June,Sunday,10,Hit pedestrian,Hit pedestrian,153.088921057364,-27.2321114494929,Edmund St,,,Kippa-ring,Moreton Bay Region,4021,Redcliffe,Moreton,North Coast,SEQ North,North Coast,Rothwell - Kippa-ring,Redcliffe,Moreton Bay - North,Major Cities,Redcliffe,Petrie,Locally-controlled,No Roadway Feature,No traffic control,0 - 50 km/h,Sealed - Dry,Clear,Daylight,Straight,Level,004,Pedn: Play; Work; Stand; Lie On Cway,12: Pedestrian,E,1,0,0,0,1,1,0,0,0,0,1,0
238532,238532,Fatal,2018,June,Tuesday,8,Hit object,Single Vehicle,152.716257187615,-26.4967009064061,Moy Pocket Rd,,,Brooloo,Gympie Region,4570,Imbil,Wide Bay Burnett,North Coast,Southern,Southern Queensland,Gympie Region,Gympie - Cooloola,Wide Bay,Inner Regional,Gympie,Wide Bay,Locally-controlled,No Roadway Feature,No traffic control,70 km/h,Sealed - Wet,Clear,Daylight,Curved - view open,Dip,804,Off Path-Curve: Off Cway Lt Bend Hit Obj,19: Off Carriageway on Curve Hit Object,N,1,0,2,0,3,1,0,0,0,0,0,0
238533,238533,Fatal,2018,June,Wednesday,16,Head-on,Multi-Vehicle,151.787168522897,-24.4301670992657,Tableland Rd,,Bundaberg - Miriam Vale Road,Taunton,Gladstone Region,4674,Rosedale,Capricornia,Central,Central,Central Queensland,Agnes Water - Miriam Vale,Gladstone,Central Queensland,Outer Regional,Burnett,Flynn,State-controlled,No Roadway Feature,No traffic control,100 - 110 km/h,Sealed - Wet,Clear,Daylight,Straight,Level,201,Vehs Opposite Approach: Head On,02: Head-on,S,1,1,0,0,2,2,0,0,0,0,0,0
238535,238535,Fatal,2018,July,Monday,11,Hit object,Single Vehicle,152.444246024857,-28.0492973918698,Cunningham Hwy,,Cunningham Highway (Ipswich - Warwick),Tarome,Scenic Rim Region,4309,Boonah,Ipswich,Southern,SEQ South,South Coast,Boonah,Ipswich Hinterland,Ipswich,Inner Regional,Scenic Rim,Wright,State-controlled,No Roadway Feature,No traffic control,80 - 90 km/h,Sealed - Dry,Clear,Daylight,Straight,Level,901,Pass & Misc: Fell In/From Vehicle,21: Other,N,1,0,0,0,1,0,0,1,0,0,0,0
238539,238539,Fatal,2018,July,Saturday,0,Hit object,Single Vehicle,147.629224088646,-22.595918922297,Kenlogan Rd,,,Clermont,Isaac Region,4721,Clermont,Mackay,Central,Central,Central Queensland,Clermont,Bowen Basin - North,Mackay - Isaac - Whitsunday,Remote,Burdekin,Capricornia,Locally-controlled,No Roadway Feature,No traffic control,100 - 110 km/h,Sealed - Dry,Clear,Darkness - Not lighted,Curved - view open,Level,805,Off Path-Curve: Out Of Control On Cway,20: Out of Control on Curve,N,1,0,0,0,1,1,0,0,0,0,0,0
238541,238541,Fatal,2018,July,Wednesday,22,Hit object,Single Vehicle,146.66735945696,-19.2410868207221,Bruce Hwy,,North Townsville Road,Deeragun,Townsville City,4818,Deeragun,Townsville,Northern,Northern,North Queensland,Deeragun,Townsville,Townsville,Outer Regional,Hinchinbrook,Herbert,State-controlled,No Roadway Feature,No traffic control,80 - 90 km/h,Sealed - Dry,Clear,Darkness - Not lighted,Straight,Grade,703,Off Path-Straight: Left Off Cway Hit Obj,16: Off Carriageway on Straight Hit Object,W,1,0,0,0,1,0,1,0,0,0,0,0
238543,238543,Fatal,2018,July,Sunday,10,Angle,Multi-Vehicle,152.998420063398,-27.2605534406278,Dohles Rocks Rd,Gallipoli Wy,,Kallangur,Moreton Bay Region,4503,Petrie,Moreton,North Coast,SEQ North,North Coast,Dakabin - Kallangur,North Lakes,Moreton Bay - South,Major Cities,Murrumba,Dickson,Locally-controlled,Intersection - Cross,Operating traffic lights,70 km/h,Sealed - Dry,Clear,Daylight,Straight,Level,202,Vehs Opposite Approach: Thru-Right,03: Opposing Vehicles Turning,W,1,0,0,0,1,1,1,0,0,0,0,0
238545,238545,Fatal,2018,July,Thursday,21,Overturned,Single Vehicle,145.779007688753,-17.0860867379415,Cairns Rd,,,Gordonvale,Cairns Region,4865,Gordonvale,Far North,Far Northern,Northern,North Queensland,Gordonvale - Trinity,Cairns - South,Cairns,Outer Regional,Mulgrave,Kennedy,Locally-controlled,No Roadway Feature,No traffic control,60 km/h,Sealed - Dry,Clear,Darkness - Lighted,Curved - view open,Level,805,Off Path-Curve: Out Of Control On Cway,20: Out of Control on Curve,,1,0,0,0,1,1,0,0,0,0,0,0
238546,238546,Fatal,2018,July,Saturday,6,Hit object,Single Vehicle,150.380487334994,-27.3475751923443,Taylors Rd,,,Tara,Western Downs Region,4421,Tara,South West,Southern,Southern,Southern Queensland,Tara,Darling Downs (west) - Maranoa,Darling Downs - Maranoa,Outer Regional,Warrego,Maranoa,Locally-controlled,No Roadway Feature,No traffic control,80 - 90 km/h,Unsealed - Dry,Clear,Daylight,Straight,Level,703,Off Path-Straight: Left Off Cway Hit Obj,16: Off Carriageway on Straight Hit Object,W,1,1,0,0,2,1,0,0,0,0,0,0
238547,238547,Fatal,2018,July,Tuesday,7,Hit object,Single Vehicle,153.20001306592,-27.0711014594162,Arcadia Ave,First Ave,,Woorim,Moreton Bay Region,4507,Bribie Island,Moreton,North Coast,SEQ North,North Coast,Bribie Island,Bribie - Beachmere,Moreton Bay - North,Inner Regional,Pumicestone,Longman,Locally-controlled,Intersection - Roundabout,Give way sign,0 - 50 km/h,Sealed - Dry,Clear,Daylight,Straight,Level,708,Off Path-Straight: Mounts Traffic Island,16: Off Carriageway on Straight Hit Object,N,1,0,0,0,1,1,0,0,0,0,0,0
238548,238548,Fatal,2018,August,Sunday,18,Hit pedestrian,Hit pedestrian,152.411844418505,-24.8229733628613,Burnett Heads Rd,,Bundaberg - Port Road,Rubyanna,Bundaberg Region,4670,Bargara,Wide Bay Burnett,North Coast,Southern,Southern Queensland,Bargara - Burnett Heads,Bundaberg,Wide Bay,Inner Regional,Burnett,Hinkler,State-controlled,No Roadway Feature,No traffic control,100 - 110 km/h,Sealed - Dry,Clear,Darkness - Not lighted,Straight,Level,005,Pedn: Hit Walking With Traffic,12: Pedestrian,N,1,0,0,0,1,1,0,0,0,0,1,0
238549,238549,Fatal,2018,August,Friday,14,Sideswipe,Multi-Vehicle,153.041066037452,-27.4305594462541,Albion Overpass,Hudson Rd,,Albion,Brisbane City,4010,Hendra,North Brisbane,Brisbane,SEQ North,Metropolitan,Albion,Brisbane Inner - North,Brisbane Inner City,Major Cities,Clayfield,Brisbane,Locally-controlled,Intersection - Cross,Operating traffic lights,60 km/h,Sealed - Dry,Clear,Daylight,Straight,Level,309,Vehs Same Direction: Left Turn S/Swipe,06: Parallel Lanes Turning,N,1,0,0,0,1,0,0,1,0,1,0,0
238550,238550,Fatal,2018,August,Tuesday,12,Head-on,Multi-Vehicle,150.561242321969,-27.2887912081979,Surat Developmental Rd,,Surat Developmental Road (Tara - Dalby),Goranba,Western Downs Region,4421,Tara,South West,Southern,Southern,Southern Queensland,Tara,Darling Downs (west) - Maranoa,Darling Downs - Maranoa,Outer Regional,Warrego,Maranoa,State-controlled,No Roadway Feature,No traffic control,100 - 110 km/h,Sealed - Dry,Clear,Daylight,Straight,Level,201,Vehs Opposite Approach: Head On,02: Head-on,W,2,1,0,0,3,2,0,0,0,0,0,0
238553,238553,Fatal,2018,August,Monday,17,Angle,Multi-Vehicle,153.027246028487,-27.5133324455207,Lagonda St,Venner Rd,,Annerley,Brisbane City,4103,Annerley,South Brisbane,Brisbane,SEQ South,Metropolitan,Annerley,Holland Park - Yeronga,Brisbane - South,Major Cities,Miller,Moreton,Locally-controlled,Intersection - Cross,Stop sign,60 km/h,Sealed - Dry,Clear,Dawn/Dusk,Straight,Level,101,Vehs Adjacent Approach: Thru-Thru,01: Intersection: Adjacent Approach,S,1,2,1,0,4,2,0,0,0,0,1,0
238554,238554,Fatal,2018,August,Tuesday,14,Head-on,Multi-Vehicle,148.185094969277,-20.015747576049,Bruce Hwy,,Bruce Highway (Bowen - Ayr),Bowen,Whitsunday Region,4805,Bowen,Mackay,Central,Central,Central Queensland,Collinsville,Bowen Basin - North,Mackay - Isaac - Whitsunday,Outer Regional,Burdekin,Dawson,State-controlled,No Roadway Feature,No traffic control,100 - 110 km/h,Sealed - Dry,Clear,Daylight,Straight,Level,501,Vehs Overtaking: Head On,02: Head-on,S,3,0,0,0,3,2,0,1,0,0,0,0
238555,238555,Fatal,2018,August,Wednesday,14,Hit pedestrian,Hit pedestrian,153.469372900575,-28.1360814951929,Guineas Creek Rd,,,Elanora,Gold Coast City,4221,Palm Beach,Gold Coast,South Eastern,SEQ South,South Coast,Elanora,Coolangatta,Gold Coast,Major Cities,Currumbin,Mcpherson,Locally-controlled,No Roadway Feature,No traffic control,0 - 50 km/h,Sealed - Dry,Clear,Daylight,Straight,Level,002,Pedn: Hit Emerging Behind Vehicle,12: Pedestrian,N,1,0,0,0,1,1,0,0,0,0,1,0
238556,238556,Fatal,2018,August,Monday,11,Hit object,Single Vehicle,145.473175694102,-17.274005718123,Atherton - Herberton Rd,,Atherton - Herberton Road,Atherton,Tablelands Region,4883,Atherton,Far North,Far Northern,Northern,North Queensland,Atherton,Tablelands (east) - Kuranda,Cairns,Outer Regional,Hill,Kennedy,State-controlled,No Roadway Feature,No traffic control,60 km/h,Sealed - Dry,Clear,Daylight,Curved - view open,Level,803,Off Path-Curve: Off Cway Rt Bend Hit Obj,19: Off Carriageway on Curve Hit Object,S,1,0,0,0,1,1,0,0,0,0,0,0
238557,238557,Fatal,2018,August,Tuesday,13,Hit object,Single Vehicle,142.998860290879,-25.5865476260304,Diamantina Development Rd,,Diamantina Developmental Road (Quilpie - Windorah),Windorah,Barcoo Shire,4481,Windorah,Capricornia,Central,Central,Central Queensland,Far Central West,Outback - South,Queensland - Outback,Very Remote,Gregory,Maranoa,State-controlled,No Roadway Feature,No traffic control,100 - 110 km/h,Sealed - Dry,Clear,Daylight,Straight,Level,500,Vehs Overtaking: Other,21: Other,W,1,2,0,0,3,2,0,0,0,0,0,0
238558,238558,Fatal,2018,August,Thursday,15,Hit object,Single Vehicle,153.057787132707,-26.6563484417743,Main Rd,,,Kuluin,Sunshine Coast Region,4558,Maroochydore,Sunshine Coast,North Coast,SEQ North,North Coast,Maroochydore - Kuluin,Maroochy,Sunshine Coast,Major Cities,Ninderry,Fairfax,Locally-controlled,No Roadway Feature,No traffic control,0 - 50 km/h,Sealed - Dry,Clear,Daylight,Curved - view obscured,Level,502,Vehs Overtaking: Out Of Control,15: Off Carriageway on Straight,S,1,0,0,0,1,0,1,0,0,0,0,0
238559,238559,Fatal,2018,September,Thursday,7,Head-on,Multi-Vehicle,145.538818713428,-16.9613157200216,Kennedy Hwy,,Kennedy Highway (Cairns - Mareeba),Mareeba,Mareeba Shire,4880,Mareeba,Far North,Far Northern,Northern,North Queensland,Mareeba,Tablelands (east) - Kuranda,Cairns,Outer Regional,Cook,Kennedy,State-controlled,No Roadway Feature,No traffic control,100 - 110 km/h,Sealed - Dry,Clear,Daylight,Straight,Level,201,Vehs Opposite Approach: Head On,02: Head-on,E,2,0,0,0,2,0,0,2,0,0,0,0
238560,238560,Fatal,2018,September,Monday,4,Hit object,Single Vehicle,152.81663311593,-26.9936314203452,D'Aguilar Hwy,,D'Aguilar Highway (Caboolture - Kilcoy),Bracalba,Moreton Bay Region,4512,Woodford,Moreton,North Coast,SEQ North,North Coast,Woodford - Daguilar,Caboolture Hinterland,Moreton Bay - North,Inner Regional,Glass House,Longman,State-controlled,No Roadway Feature,No traffic control,80 - 90 km/h,Sealed - Dry,Clear,Darkness - Not lighted,Curved - view open,Grade,803,Off Path-Curve: Off Cway Rt Bend Hit Obj,19: Off Carriageway on Curve Hit Object,S,1,0,0,0,1,1,0,0,0,0,0,0
238740,238740,Fatal,2020,January,Friday,15,Hit object,Single Vehicle,148.625652195068,-20.5437669854777,Bruce Hwy,,Bruce Highway (Mackay - Proserpine),Lethebrook,Whitsunday Region,4800,Proserpine,Mackay,Central,Central,Central Queensland,Proserpine,Whitsunday,Mackay - Isaac - Whitsunday,Outer Regional,Whitsunday,Dawson,State-controlled,No Roadway Feature,No traffic control,100 - 110 km/h,Sealed - Wet,Raining,Daylight,Curved - view open,Level,804,Off Path-Curve: Off Cway Lt Bend Hit Obj,19: Off Carriageway on Curve Hit Object,N,1,0,0,0,1,1,0,0,0,0,0,0
238824,238824,Fatal,2020,March,Tuesday,0,Hit object,Single Vehicle,146.633360452851,-19.3210148188674,Hervey Range Rd,,Hervey Range Developmental Road (Townsville - Battery),Alice River,Townsville City,4817,Kirwan,Townsville,Northern,Northern,North Queensland,Bohle Plains,Townsville,Townsville,Outer Regional,Hinchinbrook,Herbert,State-controlled,No Roadway Feature,No traffic control,100 - 110 km/h,Sealed - Dry,Clear,Darkness - Not lighted,Straight,Level,703,Off Path-Straight: Left Off Cway Hit Obj,16: Off Carriageway on Straight Hit Object,W,1,0,0,0,1,1,0,0,0,0,0,0
238883,238883,Fatal,2020,November,Tuesday,12,Hit object,Single Vehicle,152.605536664767,-27.5386508317339,Marburg Rd,,,Marburg,Somerset Region,4346,Marburg,Ipswich,Southern,SEQ North,North Coast,Lowood,Ipswich Hinterland,Ipswich,Inner Regional,Lockyer,Blair,Locally-controlled,No Roadway Feature,No traffic control,100 - 110 km/h,Sealed - Dry,Clear,Daylight,Straight,Level,703,Off Path-Straight: Left Off Cway Hit Obj,16: Off Carriageway on Straight Hit Object,,1,0,0,0,1,1,0,0,0,0,0,0
238958,238958,Fatal,2017,February,Friday,5,Rear-end,Multi-Vehicle,152.951681037315,-27.507771437902,Moggill Rd,,Moggill Sub-Arterial Road,Chapel Hill,Brisbane City,4069,Indooroopilly,North Brisbane,Brisbane,SEQ North,Metropolitan,Chapel Hill,Kenmore - Brookfield - Moggill,Brisbane - West,Major Cities,Moggill,Ryan,State-controlled,No Roadway Feature,No traffic control,60 km/h,Sealed - Dry,Clear,Darkness - Lighted,Straight,Grade,301,Vehs Same Direction: Rear End,04: Rear-end,E,1,0,0,0,1,1,0,0,0,1,0,0
239068,239068,Fatal,2020,December,Saturday,11,Hit pedestrian,Hit pedestrian,145.533938712748,-16.9744577197938,Kennedy Hwy,,Kennedy Highway (Cairns - Mareeba),Mareeba,Mareeba Shire,4880,Mareeba,Far North,Far Northern,Northern,North Queensland,Mareeba,Tablelands (east) - Kuranda,Cairns,Outer Regional,Cook,Kennedy,State-controlled,No Roadway Feature,No traffic control,100 - 110 km/h,Sealed - Dry,Clear,Daylight,Curved - view open,Level,004,Pedn: Play; Work; Stand; Lie On Cway,12: Pedestrian,N,1,0,2,0,3,1,0,0,0,0,1,0
239089,239089,Fatal,2018,October,Saturday,14,Angle,Multi-Vehicle,152.948530093553,-27.0618794340527,Beerburrum Rd,,Beerburrum Road,Caboolture,Moreton Bay Region,4510,Caboolture,Moreton,North Coast,SEQ North,North Coast,Caboolture,Caboolture,Moreton Bay - North,Major Cities,Pumicestone,Longman,State-controlled,No Roadway Feature,No traffic control,80 - 90 km/h,Sealed - Wet,Raining,Daylight,Straight,Level,308,Vehs Same Direction: Right Turn S/Swipe,06: Parallel Lanes Turning,N,1,1,0,0,2,2,0,0,0,0,0,0
239092,239092,Fatal,2018,November,Saturday,0,Hit object,Single Vehicle,147.410349368211,-19.6441678805972,Mcdowell Rd,,,Home Hill,Burdekin Shire,4806,Home Hill,Townsville,Northern,Northern,North Queensland,Burdekin,Charters Towers - Ayr - Ingham,Townsville,Outer Regional,Burdekin,Dawson,Locally-controlled,No Roadway Feature,No traffic control,0 - 50 km/h,Sealed - Dry,Clear,Darkness - Not lighted,Straight,Level,400,Vehs Manoeuvring: Other,21: Other,N,1,0,0,0,1,0,1,0,0,0,0,0
239093,239093,Fatal,2018,November,Saturday,18,Overturned,Single Vehicle,143.293408121067,-12.7994365386552,Lockhart River Mission Rd,,,Lockhart River,Cook Shire,4892,Lockhart River,Far North,Far Northern,Northern,North Queensland,Cape York,Far North,Queensland - Outback,Very Remote,Cook,Leichhardt,Locally-controlled,Forestry/National Park Road,No traffic control,80 - 90 km/h,Unsealed - Dry,Clear,Darkness - Not lighted,Curved - view obscured,Crest,805,Off Path-Curve: Out Of Control On Cway,20: Out of Control on Curve,S,1,0,0,0,1,1,0,0,0,0,0,0
239095,239095,Fatal,2018,November,Sunday,15,Angle,Multi-Vehicle,153.086958993239,-27.7406074533153,Chambers Flat Rd,,,Chambers Flat,Logan City,4133,Crestmead,Logan,South Eastern,SEQ South,South Coast,Chambers Flat - Logan Reserve,Browns Plains,Logan - Beaudesert,Major Cities,Logan,Forde,Locally-controlled,No Roadway Feature,No traffic control,80 - 90 km/h,Sealed - Dry,Clear,Daylight,Curved - view open,Level,506,Vehs Overtaking: Overtake-Right Turn,09: Overtaking Same Direction,U,1,0,0,0,1,0,1,1,0,0,0,0
239096,239096,Fatal,2018,November,Monday,18,Hit object,Single Vehicle,146.787652446977,-19.2557348298332,Bundock St,,North Ward Road,West End,Townsville City,4810,Townsville,Townsville,Northern,Northern,North Queensland,Garbutt - West End,Townsville,Townsville,Outer Regional,Townsville,Herbert,State-controlled,No Roadway Feature,No traffic control,60 km/h,Sealed - Dry,Clear,Daylight,Straight,Level,607,Vehs On Path: Temporary Object On Cway,21: Other,S,1,0,0,0,1,0,1,0,0,0,0,0
239097,239097,Fatal,2018,November,Saturday,15,Fall from vehicle,Single Vehicle,151.861143164925,-27.4267433304479,Yalangur - Lilyvale Rd,,,Gowrie Little Plain,Toowoomba Region,4352,Goombungee,Darling Downs,Southern,Southern,Southern Queensland,Jondaryan,Darling Downs - East,Darling Downs - Maranoa,Inner Regional,Condamine,Groom,Locally-controlled,No Roadway Feature,No traffic control,100 - 110 km/h,Sealed - Dry,Clear,Daylight,Curved - view obscured,Level,803,Off Path-Curve: Off Cway Rt Bend Hit Obj,19: Off Carriageway on Curve Hit Object,W,1,0,0,0,1,0,1,0,0,0,0,0
239098,239098,Fatal,2018,December,Sunday,8,Hit object,Single Vehicle,145.198920828701,-15.6792856856096,Mulligan Hwy,,Mulligan Highway (Lakeland - Cooktown),Lakeland,Cook Shire,4871,Cooktown,Far North,Far Northern,Northern,North Queensland,Cape York,Far North,Queensland - Outback,Remote,Cook,Leichhardt,State-controlled,No Roadway Feature,No traffic control,100 - 110 km/h,Sealed - Dry,Clear,Daylight,Curved - view open,Level,803,Off Path-Curve: Off Cway Rt Bend Hit Obj,19: Off Carriageway on Curve Hit Object,E,1,0,0,0,1,1,0,0,0,0,0,0
239099,239099,Fatal,2018,December,Monday,8,Overturned,Single Vehicle,147.421518200627,-21.5483828974174,Glen Avon Rd,,,Mount Coolon,Whitsunday Region,4804,Collinsville,Mackay,Central,Central,Central Queensland,Collinsville,Bowen Basin - North,Mackay - Isaac - Whitsunday,Remote,Burdekin,Capricornia,Locally-controlled,No Roadway Feature,No traffic control,100 - 110 km/h,Unsealed - Dry,Clear,Daylight,Straight,Level,702,Off Path-Straight: Right Off Cway,15: Off Carriageway on Straight,N,1,0,0,0,1,0,0,1,0,0,0,0
239100,239100,Fatal,2018,December,Friday,19,Overturned,Single Vehicle,142.734452022283,-14.855028523305,Strathgordon Rd,,,Yarraden,Cook Shire,4892,Coen,Far North,Far Northern,Northern,North Queensland,Cape York,Far North,Queensland - Outback,Very Remote,Cook,Leichhardt,Locally-controlled,No Roadway Feature,No traffic control,100 - 110 km/h,Unsealed - Wet,Clear,Dawn/Dusk,Straight,Level,701,Off Path-Straight: Left Off Cway,15: Off Carriageway on Straight,W,1,0,0,0,1,2,0,0,0,0,0,0
239101,239101,Fatal,2018,December,Wednesday,15,Head-on,Multi-Vehicle,152.230404107193,-27.5727013672406,Gatton - Clifton Rd,Gatton - Helidon Rd,Gatton - Helidon Road,Lower Tenthill,Lockyer Valley Region,4343,Gatton,Darling Downs,Southern,SEQ South,Southern Queensland,Lockyer Valley - West,Toowoomba,Toowoomba,Inner Regional,Lockyer,Wright,State-controlled,Intersection - T-Junction,No traffic control,100 - 110 km/h,Sealed - Dry,Clear,Daylight,Straight,Level,201,Vehs Opposite Approach: Head On,02: Head-on,E,1,2,0,0,3,2,0,0,0,0,0,0