_id,Crash_Ref_Number,Crash_Severity,Crash_Year,Crash_Month,Crash_Day_Of_Week,Crash_Hour,Crash_Nature,Crash_Type,Crash_Longitude,Crash_Latitude,Crash_Street,Crash_Street_Intersecting,State_Road_Name,Loc_Suburb,Loc_Local_Government_Area,Loc_Post_Code,Loc_Police_Division,Loc_Police_District,Loc_Police_Region,Loc_Queensland_Transport_Region,Loc_Main_Roads_Region,Loc_ABS_Statistical_Area_2,Loc_ABS_Statistical_Area_3,Loc_ABS_Statistical_Area_4,Loc_ABS_Remoteness,Loc_State_Electorate,Loc_Federal_Electorate,Crash_Controlling_Authority,Crash_Roadway_Feature,Crash_Traffic_Control,Crash_Speed_Limit,Crash_Road_Surface_Condition,Crash_Atmospheric_Condition,Crash_Lighting_Condition,Crash_Road_Horiz_Align,Crash_Road_Vert_Align,Crash_DCA_Code,Crash_DCA_Description,Crash_DCA_Group_Description,DCA_Key_Approach_Dir,Count_Casualty_Fatality,Count_Casualty_Hospitalised,Count_Casualty_MedicallyTreated,Count_Casualty_MinorInjury,Count_Casualty_Total,Count_Unit_Car,Count_Unit_Motorcycle_Moped,Count_Unit_Truck,Count_Unit_Bus,Count_Unit_Bicycle,Count_Unit_Pedestrian,Count_Unit_Other
239102,239102,Fatal,2018,December,Tuesday,17,Head-on,Multi-Vehicle,147.906897304788,-19.9432969221367,Bruce Hwy,,Bruce Highway (Bowen - Ayr),Guthalungra,Whitsunday Region,4805,Bowen,Mackay,Central,Central,Central Queensland,Collinsville,Bowen Basin - North,Mackay - Isaac - Whitsunday,Outer Regional,Burdekin,Dawson,State-controlled,No Roadway Feature,No traffic control,100 - 110 km/h,Sealed - Dry,Clear,Darkness - Not lighted,Straight,Level,201,Vehs Opposite Approach: Head On,02: Head-on,W,1,0,0,0,1,1,0,1,0,0,0,0
239107,239107,Fatal,2018,December,Saturday,11,Angle,Multi-Vehicle,151.665414514,-24.609262289146,Bruce Hwy,,Bruce Highway (Gin Gin - Benaraby),Gindoran,Gladstone Region,4676,Miriam Vale,Capricornia,Central,Central,Central Queensland,Agnes Water - Miriam Vale,Gladstone,Central Queensland,Outer Regional,Burnett,Flynn,State-controlled,No Roadway Feature,No traffic control,100 - 110 km/h,Sealed - Dry,Clear,Daylight,Straight,Grade,201,Vehs Opposite Approach: Head On,02: Head-on,S,1,2,0,1,4,3,0,0,0,0,0,0
239108,239108,Fatal,2018,December,Monday,18,Hit object,Single Vehicle,152.908925019928,-27.6824164350035,Sinnathamby Blvd,,,Springfield Central,Ipswich City,4300,Springfield,Ipswich,Southern,SEQ South,Metropolitan,Springfield Lakes,Springfield - Redbank,Ipswich,Major Cities,Jordan,Blair,Locally-controlled,No Roadway Feature,No traffic control,60 km/h,Sealed - Dry,Clear,Darkness - Lighted,Curved - view open,Level,808,Off Path-Curve: Mounts Traffic Island,19: Off Carriageway on Curve Hit Object,,1,0,0,0,1,0,1,0,0,0,0,0
239109,239109,Fatal,2018,December,Monday,20,Hit object,Single Vehicle,152.924505145303,-26.665869428492,Blackall Range Rd,,,West Woombye,Sunshine Coast Region,4559,Palmwoods,Sunshine Coast,North Coast,SEQ North,North Coast,Palmwoods,Sunshine Coast Hinterland,Sunshine Coast,Inner Regional,Nicklin,Fisher,Locally-controlled,No Roadway Feature,No traffic control,80 - 90 km/h,Sealed - Dry,Clear,Darkness - Not lighted,Curved - view open,Level,804,Off Path-Curve: Off Cway Lt Bend Hit Obj,19: Off Carriageway on Curve Hit Object,,1,0,0,0,1,1,0,0,0,0,0,0
239115,239115,Fatal,2019,February,Saturday,6,Angle,Multi-Vehicle,153.433976899995,-28.1705864918505,Currumbin Creek Rd,Tallebudgera Connection Rd,Currumbin Creek Road,Currumbin Valley,Gold Coast City,4223,Coolangatta,Gold Coast,South Eastern,SEQ South,South Coast,Currumbin Valley - Tallebudgera,Mudgeeraba - Tallebudgera,Gold Coast,Major Cities,Currumbin,Mcpherson,State-controlled,Intersection - T-Junction,Stop sign,80 - 90 km/h,Sealed - Dry,Clear,Daylight,Curved - view open,Crest,104,Vehs Adjacent Approach: Thru-Right,01: Intersection: Adjacent Approach,S,1,2,0,0,3,2,0,0,0,0,0,0
239118,239118,Fatal,2019,February,Thursday,6,Sideswipe,Multi-Vehicle,151.236282392252,-23.873578793737,Dawson Hwy,,Dawson Highway (Gladstone - Biloela),Clinton,Gladstone Region,4680,Gladstone,Capricornia,Central,Central,Central Queensland,Clinton - New Auckland,Gladstone,Central Queensland,Inner Regional,Gladstone,Flynn,State-controlled,No Roadway Feature,No traffic control,60 km/h,Sealed - Dry,Clear,Daylight,Curved - view open,Level,400,Vehs Manoeuvring: Other,21: Other,E,1,0,0,0,1,1,1,0,0,0,0,0
239119,239119,Fatal,2019,February,Thursday,10,Fall from vehicle,Single Vehicle,151.716626496629,-24.7192072949121,Stockbridge Rd,,,Lowmead,Gladstone Region,4676,Miriam Vale,Capricornia,Central,Central,Central Queensland,Agnes Water - Miriam Vale,Gladstone,Central Queensland,Outer Regional,Burnett,Flynn,Locally-controlled,No Roadway Feature,No traffic control,0 - 50 km/h,Unsealed - Dry,Clear,Daylight,Straight,Grade,901,Pass & Misc: Fell In/From Vehicle,21: Other,N,1,0,0,0,1,1,0,0,0,0,0,0
239120,239120,Fatal,2019,March,Friday,9,Angle,Multi-Vehicle,153.305081981618,-27.646604474617,Cleveland - Redland Bay Rd,Serpentine Creek Rd,Cleveland - Redland Bay Road,Redland Bay,Redland City,4165,Redland Bay,South Brisbane,Brisbane,SEQ South,Metropolitan,Redland Bay,Cleveland - Stradbroke,Brisbane - East,Major Cities,Redlands,Bowman,State-controlled,Intersection - T-Junction,Give way sign,80 - 90 km/h,Sealed - Dry,Clear,Daylight,Curved - view open,Level,104,Vehs Adjacent Approach: Thru-Right,01: Intersection: Adjacent Approach,S,1,1,0,0,2,2,0,0,0,0,0,0
239121,239121,Fatal,2019,March,Saturday,18,Hit object,Single Vehicle,151.934086057835,-28.242527343836,Washpool Rd,,,Leslie Dam,Southern Downs Region,4370,Warwick,Darling Downs,Southern,Southern,Southern Queensland,Southern Downs - West,Granite Belt,Darling Downs - Maranoa,Inner Regional,Southern Downs,Maranoa,Locally-controlled,No Roadway Feature,No traffic control,100 - 110 km/h,Unsealed - Dry,Clear,Darkness - Not lighted,Straight,Level,703,Off Path-Straight: Left Off Cway Hit Obj,16: Off Carriageway on Straight Hit Object,,1,1,1,0,3,1,0,0,0,0,0,0
239122,239122,Fatal,2019,March,Thursday,21,Hit object,Single Vehicle,145.607627662143,-17.5805937301034,Old Palmerston Hwy,,Beatrice Way,Beatrice,Tablelands Region,4886,Millaa Millaa,Far North,Far Northern,Northern,North Queensland,Malanda - Yungaburra,Tablelands (east) - Kuranda,Cairns,Outer Regional,Hill,Kennedy,State-controlled,No Roadway Feature,No traffic control,80 - 90 km/h,Sealed - Dry,Clear,Darkness - Not lighted,Curved - view open,Dip,804,Off Path-Curve: Off Cway Lt Bend Hit Obj,19: Off Carriageway on Curve Hit Object,S,1,0,0,0,1,1,0,0,0,0,0,0
239123,239123,Fatal,2019,March,Tuesday,16,Head-on,Multi-Vehicle,140.240474308868,-20.7458186371526,Barkly Hwy,,Barkly Highway (Cloncurry - Mount Isa),Cloncurry,Cloncurry Shire,4824,Cloncurry,Mount Isa,Northern,Northern,North Queensland,Mount Isa Region,Outback - North,Queensland - Outback,Very Remote,Traeger,Kennedy,State-controlled,No Roadway Feature,No traffic control,100 - 110 km/h,Sealed - Dry,Clear,Daylight,Straight,Level,201,Vehs Opposite Approach: Head On,02: Head-on,N,1,1,0,0,2,1,0,1,0,0,0,0
239159,239159,Fatal,2020,November,Monday,2,Hit object,Single Vehicle,152.441031162872,-26.9332173827511,D'Aguilar Hwy,,D'Aguilar Highway (Kilcoy - Yarraman),Harlin,Somerset Region,4306,Moore,Moreton,North Coast,SEQ North,North Coast,Kilcoy,Caboolture Hinterland,Moreton Bay - North,Inner Regional,Nanango,Blair,State-controlled,No Roadway Feature,No traffic control,100 - 110 km/h,Sealed - Dry,Clear,Darkness - Lighted,Curved - view open,Grade,803,Off Path-Curve: Off Cway Rt Bend Hit Obj,19: Off Carriageway on Curve Hit Object,W,1,1,0,0,2,1,0,0,0,0,0,0
239386,239386,Fatal,2020,September,Friday,21,Hit object,Single Vehicle,151.244070434349,-25.6716892581208,Mundubbera - Durong Rd,,Mundubbera - Durong Road,Derri Derra,North Burnett Region,4626,Mundubbera,Wide Bay Burnett,North Coast,Southern,Southern Queensland,Gayndah - Mundubbera,Burnett,Wide Bay,Outer Regional,Callide,Flynn,State-controlled,Bridge/Causeway,Give way sign,100 - 110 km/h,Sealed - Dry,Clear,Darkness - Not lighted,Curved - view open,Dip,804,Off Path-Curve: Off Cway Lt Bend Hit Obj,19: Off Carriageway on Curve Hit Object,N,1,0,0,0,1,1,0,0,0,0,0,0
239524,239524,Fatal,2017,August,Friday,11,Head-on,Multi-Vehicle,153.093230139683,-26.5709404446546,David Low Way,,Maroochydore - Noosa Road,Mount Coolum,Sunshine Coast Region,4573,Coolum,Sunshine Coast,North Coast,SEQ North,North Coast,Coolum Beach,Maroochy,Sunshine Coast,Major Cities,Maroochydore,Fairfax,State-controlled,No Roadway Feature,No traffic control,70 km/h,Sealed - Dry,Clear,Daylight,Curved - view open,Level,201,Vehs Opposite Approach: Head On,02: Head-on,N,1,2,0,0,3,2,0,0,0,0,0,0
239633,239633,Fatal,2020,May,Wednesday,13,Angle,Multi-Vehicle,146.759001447139,-19.2789588278834,Duckworth St,,Douglas - Garbutt Road,Garbutt,Townsville City,4814,Townsville,Townsville,Northern,Northern,North Queensland,Garbutt - West End,Townsville,Townsville,Outer Regional,Townsville,Herbert,State-controlled,No Roadway Feature,No traffic control,70 km/h,Sealed - Dry,Clear,Daylight,Straight,Level,408,Vehs Manoeuvring: Entering From Footway,08: Vehicle Leaving Driveway,N,1,0,0,0,1,0,0,1,0,1,0,0
239658,239658,Fatal,2019,March,Sunday,9,Angle,Multi-Vehicle,150.608561760813,-23.245925179842,Artillery Rd,Yeppoon Rd,Rockhampton - Yeppoon Road,Ironpot,Livingstone Shire,4610,Yeppoon,Capricornia,Central,Central,Central Queensland,Rockhampton Region - East,Rockhampton,Central Queensland,Inner Regional,Keppel,Capricornia,State-controlled,Intersection - Cross,Give way sign,100 - 110 km/h,Sealed - Dry,Clear,Daylight,Straight,Level,101,Vehs Adjacent Approach: Thru-Thru,01: Intersection: Adjacent Approach,W,1,6,0,0,7,2,0,0,0,0,0,0
239660,239660,Fatal,2019,March,Saturday,1,Overturned,Single Vehicle,145.695309638639,-17.8120987382241,Cardstone Rd,,,Cardstone,Cassowary Coast Region,4854,Tully,Far North,Far Northern,Northern,North Queensland,Tully,Innisfail - Cassowary Coast,Cairns,Remote,Hinchinbrook,Kennedy,Locally-controlled,No Roadway Feature,No traffic control,100 - 110 km/h,Sealed - Dry,Clear,Darkness - Not lighted,Curved - view open,Grade,800,Off Path-Curve: Other,21: Other,W,4,0,0,0,4,1,0,0,0,0,0,0
239663,239663,Fatal,2019,April,Friday,5,Fall from vehicle,Single Vehicle,153.064860032458,-27.4499274487984,Apollo Rd,Lytton Rd,,Bulimba,Brisbane City,4171,Morningside,South Brisbane,Brisbane,SEQ South,Metropolitan,Balmoral,Brisbane Inner - East,Brisbane Inner City,Major Cities,Bulimba,Griffith,Locally-controlled,Intersection - Cross,Operating traffic lights,60 km/h,Sealed - Wet,Raining,Darkness - Lighted,Curved - view open,Dip,805,Off Path-Curve: Out Of Control On Cway,20: Out of Control on Curve,E,1,0,0,0,1,1,1,0,0,0,0,0
239665,239665,Fatal,2019,April,Saturday,9,Angle,Multi-Vehicle,153.092924996062,-27.7133034537007,Chambers Flat Rd,Isla St,,Park Ridge,Logan City,4125,Crestmead,Logan,South Eastern,SEQ South,South Coast,Boronia Heights - Park Ridge,Browns Plains,Logan - Beaudesert,Major Cities,Logan,Forde,Locally-controlled,Intersection - T-Junction,No traffic control,80 - 90 km/h,Sealed - Dry,Clear,Daylight,Straight,Level,506,Vehs Overtaking: Overtake-Right Turn,09: Overtaking Same Direction,,1,0,1,0,2,1,1,0,0,0,0,0
239666,239666,Fatal,2019,April,Tuesday,8,Hit object,Single Vehicle,152.200536031437,-27.3350925764638,Esk - Hampton Rd,,Esk - Hampton Road,Redbank Creek,Somerset Region,4312,Esk,Ipswich,Southern,SEQ North,North Coast,Esk,Ipswich Hinterland,Ipswich,Inner Regional,Nanango,Blair,State-controlled,No Roadway Feature,No traffic control,100 - 110 km/h,Sealed - Dry,Clear,Daylight,Curved - view open,Level,803,Off Path-Curve: Off Cway Rt Bend Hit Obj,19: Off Carriageway on Curve Hit Object,E,1,0,0,0,1,0,0,1,0,0,0,0
239671,239671,Fatal,2019,May,Tuesday,15,Hit object,Single Vehicle,152.336364423349,-24.8428753556463,Batchlers Rd,,,Gooburrum,Bundaberg Region,4670,Bundaberg,Wide Bay Burnett,North Coast,Southern,Southern Queensland,Bundaberg North - Gooburrum,Bundaberg,Wide Bay,Inner Regional,Burnett,Flynn,Locally-controlled,No Roadway Feature,No traffic control,100 - 110 km/h,Unsealed - Dry,Clear,Daylight,Straight,Level,703,Off Path-Straight: Left Off Cway Hit Obj,16: Off Carriageway on Straight Hit Object,E,1,0,0,0,1,1,0,0,0,0,0,0
239672,239672,Fatal,2019,May,Wednesday,11,Angle,Multi-Vehicle,151.707921277108,-26.6211303094354,Benair Rd,Reedy Creek Rd,,Benair,South Burnett Region,4610,Kumbia,Darling Downs,Southern,Southern,Southern Queensland,Kingaroy Region - South,Burnett,Wide Bay,Inner Regional,Nanango,Maranoa,Locally-controlled,Intersection - Cross,Stop sign,100 - 110 km/h,Sealed - Dry,Clear,Daylight,Straight,Level,101,Vehs Adjacent Approach: Thru-Thru,01: Intersection: Adjacent Approach,,1,0,0,0,1,1,0,1,0,0,0,0
239675,239675,Fatal,2019,June,Sunday,8,Head-on,Multi-Vehicle,152.229721419514,-24.9626613462395,Isis Hwy,,Isis Highway (Bundaberg - Childers),South Bingera,Bundaberg Region,4670,Bundaberg,Wide Bay Burnett,North Coast,Southern,Southern Queensland,Bundaberg Region - South,Bundaberg,Wide Bay,Inner Regional,Burnett,Hinkler,State-controlled,No Roadway Feature,No traffic control,100 - 110 km/h,Sealed - Dry,Clear,Daylight,Curved - view open,Grade,201,Vehs Opposite Approach: Head On,02: Head-on,S,3,2,0,0,5,3,0,0,0,0,0,0
239677,239677,Fatal,2019,June,Thursday,10,Hit object,Single Vehicle,151.053252346586,-26.6124652479177,Nudley Forest Rd,,,Jinghi,Western Downs Region,4410,Jandowae,South West,Southern,Southern,Southern Queensland,Wambo,Darling Downs - East,Darling Downs - Maranoa,Outer Regional,Callide,Maranoa,Locally-controlled,No Roadway Feature,No traffic control,100 - 110 km/h,Unsealed - Dry,Clear,Daylight,Straight,Level,804,Off Path-Curve: Off Cway Lt Bend Hit Obj,19: Off Carriageway on Curve Hit Object,W,1,1,0,0,2,1,0,0,0,0,0,0
239679,239679,Fatal,2019,June,Sunday,3,Hit object,Single Vehicle,146.785136446544,-19.2631548297073,Percy St,,North Ward Road,West End,Townsville City,4810,Townsville,Townsville,Northern,Northern,North Queensland,Garbutt - West End,Townsville,Townsville,Outer Regional,Townsville,Herbert,State-controlled,No Roadway Feature,No traffic control,60 km/h,Sealed - Dry,Clear,Darkness - Lighted,Curved - view open,Level,803,Off Path-Curve: Off Cway Rt Bend Hit Obj,19: Off Carriageway on Curve Hit Object,S,1,0,0,0,1,1,0,0,0,0,0,0
239681,239681,Fatal,2019,June,Monday,12,Hit parked vehicle,Single Vehicle,152.993151789319,-27.3134159295186,Gympie Rd,,Brisbane - Woodford Road,Strathpine,Moreton Bay Region,4500,Petrie,Moreton,North Coast,SEQ North,North Coast,Strathpine - Brendale,Strathpine,Moreton Bay - South,Major Cities,Pine Rivers,Dickson,State-controlled,No Roadway Feature,No traffic control,70 km/h,Sealed - Dry,Clear,Daylight,Straight,Level,900,Pass & Misc: Other,21: Other,E,1,0,0,0,1,1,1,1,0,0,0,0
239682,239682,Fatal,2019,June,Thursday,3,Hit animal,Other,150.620923744751,-23.3866001821273,Emu Park Rd,,Rockhampton - Emu Park Road,Nankin,Livingstone Shire,4701,Lakes Creek,Capricornia,Central,Central,Central Queensland,Rockhampton Region - East,Rockhampton,Central Queensland,Outer Regional,Keppel,Capricornia,State-controlled,No Roadway Feature,No traffic control,100 - 110 km/h,Sealed - Wet,Raining,Darkness - Not lighted,Straight,Level,609,Pass & Misc: Hit Animal,14: Hit Animal,S,1,0,0,0,1,1,0,0,0,0,0,0
239685,239685,Fatal,2019,July,Thursday,12,Hit object,Single Vehicle,152.961808155616,-26.5514812313082,Bruce Hwy,,Bruce Highway (Brisbane - Gympie),Yandina,Sunshine Coast Region,4561,Nambour,Sunshine Coast,North Coast,SEQ North,North Coast,Eumundi - Yandina,Nambour,Sunshine Coast,Inner Regional,Nicklin,Fairfax,State-controlled,No Roadway Feature,No traffic control,100 - 110 km/h,Sealed - Dry,Clear,Daylight,Curved - view open,Level,305,Vehs Same Direction: Lane Side Swipe,05: Lane Change,S,1,0,0,0,1,0,1,1,0,0,0,0
239692,239692,Fatal,2019,August,Saturday,22,Hit object,Single Vehicle,152.967356019487,-27.6357494404815,Johnson Rd,,,Forest Lake,Brisbane City,4078,Inala,South Brisbane,Brisbane,SEQ South,Metropolitan,Forest Lake - Doolandella,Forest Lake - Oxley,Ipswich,Major Cities,Jordan,Oxley,Locally-controlled,No Roadway Feature,No traffic control,80 - 90 km/h,Sealed - Dry,Clear,Darkness - Lighted,Curved - view open,Crest,803,Off Path-Curve: Off Cway Rt Bend Hit Obj,19: Off Carriageway on Curve Hit Object,W,1,0,0,0,1,1,0,0,0,0,0,0
239693,239693,Fatal,2019,August,Sunday,17,Overturned,Single Vehicle,145.100775862336,-15.2908926755976,Aerodrome Rd,,,Hope Vale,Hope Vale Aboriginal Shire,4895,Hope Vale,Far North,Far Northern,Northern,North Queensland,Cape York,Far North,Queensland - Outback,Remote,Cook,Leichhardt,Locally-controlled,No Roadway Feature,No traffic control,100 - 110 km/h,Unsealed - Dry,Clear,Dawn/Dusk,Straight,Level,703,Off Path-Straight: Left Off Cway Hit Obj,16: Off Carriageway on Straight Hit Object,,1,0,0,0,1,1,0,0,0,0,0,0
239694,239694,Fatal,2019,August,Monday,14,Hit object,Single Vehicle,152.360917165919,-26.9774503752586,Brisbane Valley Hwy,,Brisbane Valley Highway (Ipswich - Harlin),Harlin,Somerset Region,4306,Toogoolawah,Ipswich,Southern,SEQ North,North Coast,Kilcoy,Caboolture Hinterland,Moreton Bay - North,Inner Regional,Nanango,Blair,State-controlled,Bridge/Causeway,No traffic control,80 - 90 km/h,Sealed - Dry,Clear,Daylight,Straight,Level,703,Off Path-Straight: Left Off Cway Hit Obj,16: Off Carriageway on Straight Hit Object,S,1,0,0,0,1,0,0,1,0,0,0,0
239701,239701,Fatal,2020,November,Sunday,16,Head-on,Multi-Vehicle,153.334126960768,-27.7847084786551,Pimpama - Jacobs Well Rd,,,Norwell,Gold Coast City,4208,Coomera,Gold Coast,South Eastern,SEQ South,South Coast,Jacobs Well - Alberton,Ormeau - Oxenford,Gold Coast,Major Cities,Coomera,Fadden,Locally-controlled,No Roadway Feature,No traffic control,80 - 90 km/h,Sealed - Dry,Clear,Daylight,Curved - view obscured,Level,501,Vehs Overtaking: Head On,02: Head-on,,1,1,0,0,2,1,1,0,0,0,0,0
239741,239741,Fatal,2021,August,Sunday,14,Hit object,Single Vehicle,150.396568743057,-23.5933301635802,Razorback Rd,,,Moongan,Rockhampton Region,4714,Mount Morgan,Capricornia,Central,Central,Central Queensland,Mount Morgan,Rockhampton,Central Queensland,Inner Regional,Mirani,Flynn,Locally-controlled,No Roadway Feature,No traffic control,80 - 90 km/h,Sealed - Dry,Clear,Daylight,Curved - view open,Grade,803,Off Path-Curve: Off Cway Rt Bend Hit Obj,19: Off Carriageway on Curve Hit Object,N,1,0,0,0,1,1,0,0,0,0,0,0
239749,239749,Fatal,2021,August,Tuesday,3,Hit pedestrian,Hit pedestrian,153.437337913862,-28.0608684913333,Gold Coast Hwy,,Gold Coast Highway (Broadbeach - Coolangatta),Miami,Gold Coast City,4220,Broadbeach,Gold Coast,South Eastern,SEQ South,South Coast,Mermaid Waters,Broadbeach - Burleigh,Gold Coast,Major Cities,Mermaid Beach,Moncrieff,State-controlled,No Roadway Feature,No traffic control,60 km/h,Sealed - Dry,Clear,Darkness - Not lighted,Curved - view open,Level,005,Pedn: Hit Walking With Traffic,12: Pedestrian,S,1,0,0,0,1,1,0,0,0,0,1,0
239963,239963,Fatal,2020,August,Sunday,17,Angle,Multi-Vehicle,153.302170957154,-27.8398954758448,Rifle Range Rd,,,Pimpama,Gold Coast City,4209,Coomera,Gold Coast,South Eastern,SEQ South,South Coast,Pimpama,Ormeau - Oxenford,Gold Coast,Major Cities,Coomera,Forde,Locally-controlled,No Roadway Feature,No traffic control,60 km/h,Sealed - Dry,Clear,Darkness - Not lighted,Curved - view open,Grade,201,Vehs Opposite Approach: Head On,02: Head-on,N,3,1,0,0,4,2,0,0,0,0,0,0
240062,240062,Fatal,2017,September,Sunday,17,Hit object,Single Vehicle,146.055026623321,-17.7007957628565,Cowley Beach Rd,,,Cowley,Cassowary Coast Region,4871,Mourilyan,Far North,Far Northern,Northern,North Queensland,Johnstone,Innisfail - Cassowary Coast,Cairns,Outer Regional,Hill,Kennedy,Locally-controlled,No Roadway Feature,No traffic control,80 - 90 km/h,Sealed - Dry,Clear,Daylight,Curved - view obscured,Crest,805,Off Path-Curve: Out Of Control On Cway,20: Out of Control on Curve,N,1,2,0,0,3,1,0,0,0,0,0,0
240220,240220,Fatal,2019,August,Friday,14,Hit object,Single Vehicle,152.867566238967,-25.9510024170622,Kelly Tree Rd,,,Toolara Forest,Gympie Region,4570,Tin Can Bay,Wide Bay Burnett,North Coast,Southern,Southern Queensland,Cooloola,Gympie - Cooloola,Wide Bay,Inner Regional,Gympie,Wide Bay,Locally-controlled,Forestry/National Park Road,No traffic control,100 - 110 km/h,Unsealed - Dry,Clear,Daylight,Straight,Level,703,Off Path-Straight: Left Off Cway Hit Obj,16: Off Carriageway on Straight Hit Object,W,1,0,0,0,1,1,0,0,0,0,0,0
240222,240222,Fatal,2019,September,Wednesday,0,Angle,Multi-Vehicle,153.023222046563,-27.3734164440102,Gympie Rd,Webster Rd,Gympie Arterial Road,Aspley,Brisbane City,4034,Carseldine,North Brisbane,Brisbane,SEQ North,Metropolitan,Aspley,Chermside,Brisbane - North,Major Cities,Aspley,Lilley,State-controlled,Intersection - Cross,Operating traffic lights,70 km/h,Sealed - Dry,Clear,Darkness - Lighted,Curved - view open,Grade,101,Vehs Adjacent Approach: Thru-Thru,01: Intersection: Adjacent Approach,N,1,1,0,0,2,1,0,1,0,0,0,0
240223,240223,Fatal,2019,September,Wednesday,8,Angle,Multi-Vehicle,153.012515026533,-27.5413564442637,Ipswich Rd,,,Moorooka,Brisbane City,4105,Moorooka,South Brisbane,Brisbane,SEQ South,Metropolitan,Moorooka,Nathan,Brisbane - South,Major Cities,Toohey,Moreton,Locally-controlled,Intersection - Interchange,No traffic control,60 km/h,Sealed - Dry,Clear,Daylight,Curved - view open,Grade,408,Vehs Manoeuvring: Entering From Footway,08: Vehicle Leaving Driveway,W,1,0,0,0,1,1,0,0,0,1,0,0
240224,240224,Fatal,2019,September,Wednesday,13,Rear-end,Multi-Vehicle,149.519186363597,-27.9497971210836,Moonie Hwy,,Moonie Highway (Dalby - St George),Flinton,Western Downs Region,4422,Meandarra,South West,Southern,Southern,Southern Queensland,Tara,Darling Downs (west) - Maranoa,Darling Downs - Maranoa,Remote,Warrego,Maranoa,State-controlled,No Roadway Feature,No traffic control,100 - 110 km/h,Sealed - Dry,Clear,Daylight,Straight,Grade,301,Vehs Same Direction: Rear End,04: Rear-end,W,1,2,0,0,3,0,3,0,0,0,0,0
240227,240227,Fatal,2019,September,Tuesday,12,Fall from vehicle,Single Vehicle,151.758724015628,-28.7487643309662,Murphys Crossing Rd,,,Nundubbermere,Southern Downs Region,4380,Stanthorpe,Darling Downs,Southern,Southern,Southern Queensland,Stanthorpe Region,Granite Belt,Darling Downs - Maranoa,Outer Regional,Southern Downs,Maranoa,Locally-controlled,No Roadway Feature,No traffic control,100 - 110 km/h,Sealed - Dry,Clear,Daylight,Straight,Crest,701,Off Path-Straight: Left Off Cway,15: Off Carriageway on Straight,N,1,0,0,0,1,0,1,0,0,0,0,0
240230,240230,Fatal,2019,September,Tuesday,13,Head-on,Multi-Vehicle,151.335166172812,-27.8425872838707,Gore Hwy,,Gore Highway (Toowoomba - Millmerran),Yandilla,Toowoomba Region,4352,Millmerran,Darling Downs,Southern,Southern,Southern Queensland,Millmerran,Darling Downs - East,Darling Downs - Maranoa,Inner Regional,Southern Downs,Maranoa,State-controlled,No Roadway Feature,No traffic control,100 - 110 km/h,Sealed - Dry,Clear,Daylight,Straight,Level,201,Vehs Opposite Approach: Head On,02: Head-on,S,1,0,0,0,1,1,0,1,0,0,0,0
240232,240232,Fatal,2019,September,Sunday,21,Overturned,Single Vehicle,152.950476104889,-26.9693674335113,Beerburrum Rd,,Beerburrum Road,Elimbah,Moreton Bay Region,4516,Caboolture,Moreton,North Coast,SEQ North,North Coast,Elimbah,Caboolture,Moreton Bay - North,Major Cities,Glass House,Longman,State-controlled,No Roadway Feature,No traffic control,100 - 110 km/h,Sealed - Dry,Clear,Darkness - Not lighted,Curved - view obscured,Crest,804,Off Path-Curve: Off Cway Lt Bend Hit Obj,19: Off Carriageway on Curve Hit Object,S,1,0,0,0,1,1,0,0,0,0,0,0
240235,240235,Fatal,2019,October,Sunday,11,Hit object,Single Vehicle,152.933749152465,-26.6002954288916,Image Flat Rd,,,Image Flat,Sunshine Coast Region,4560,Nambour,Sunshine Coast,North Coast,SEQ North,North Coast,Nambour,Nambour,Sunshine Coast,Inner Regional,Nicklin,Fairfax,Locally-controlled,No Roadway Feature,No traffic control,80 - 90 km/h,Sealed - Dry,Clear,Daylight,Curved - view open,Level,804,Off Path-Curve: Off Cway Lt Bend Hit Obj,19: Off Carriageway on Curve Hit Object,,1,0,0,0,1,1,0,0,0,0,0,0
240238,240238,Fatal,2019,October,Wednesday,7,Hit object,Single Vehicle,149.14061390131,-23.1545380503283,Fitzroy Developmental Rd,,Fitzroy Developmental Road (Dingo - Mount Flora),Bingegang,Central Highlands Region,4702,Duaringa,Capricornia,Central,Central,Central Queensland,Central Highlands - East,Central Highlands (qld),Central Queensland,Remote,Gregory,Flynn,State-controlled,No Roadway Feature,No traffic control,100 - 110 km/h,Sealed - Dry,Clear,Daylight,Straight,Level,900,Pass & Misc: Other,21: Other,U,1,0,0,0,1,2,0,0,0,0,0,0
240239,240239,Fatal,2019,October,Wednesday,15,Angle,Multi-Vehicle,153.034230009354,-27.6586554473689,Precinct St,,,Parkinson,Brisbane City,4115,Calamvale,South Brisbane,Brisbane,SEQ South,Metropolitan,Parkinson - Drewvale,Rocklea - Acacia Ridge,Brisbane - South,Major Cities,Algester,Rankin,Locally-controlled,No Roadway Feature,No traffic control,0 - 50 km/h,Sealed - Dry,Clear,Daylight,Straight,Level,202,Vehs Opposite Approach: Thru-Right,03: Opposing Vehicles Turning,E,1,0,0,0,1,1,1,0,0,0,0,0