_id,Crash_Ref_Number,Crash_Severity,Crash_Year,Crash_Month,Crash_Day_Of_Week,Crash_Hour,Crash_Nature,Crash_Type,Crash_Longitude,Crash_Latitude,Crash_Street,Crash_Street_Intersecting,State_Road_Name,Loc_Suburb,Loc_Local_Government_Area,Loc_Post_Code,Loc_Police_Division,Loc_Police_District,Loc_Police_Region,Loc_Queensland_Transport_Region,Loc_Main_Roads_Region,Loc_ABS_Statistical_Area_2,Loc_ABS_Statistical_Area_3,Loc_ABS_Statistical_Area_4,Loc_ABS_Remoteness,Loc_State_Electorate,Loc_Federal_Electorate,Crash_Controlling_Authority,Crash_Roadway_Feature,Crash_Traffic_Control,Crash_Speed_Limit,Crash_Road_Surface_Condition,Crash_Atmospheric_Condition,Crash_Lighting_Condition,Crash_Road_Horiz_Align,Crash_Road_Vert_Align,Crash_DCA_Code,Crash_DCA_Description,Crash_DCA_Group_Description,DCA_Key_Approach_Dir,Count_Casualty_Fatality,Count_Casualty_Hospitalised,Count_Casualty_MedicallyTreated,Count_Casualty_MinorInjury,Count_Casualty_Total,Count_Unit_Car,Count_Unit_Motorcycle_Moped,Count_Unit_Truck,Count_Unit_Bus,Count_Unit_Bicycle,Count_Unit_Pedestrian,Count_Unit_Other
243768,243768,Fatal,2018,March,Sunday,18,Hit pedestrian,Hit pedestrian,151.267349257303,-27.1877096723827,Drayton St,,Warrego Highway (Toowoomba - Dalby),Dalby,Western Downs Region,4405,Dalby,South West,Southern,Southern,Southern Queensland,Wambo,Darling Downs - East,Darling Downs - Maranoa,Inner Regional,Warrego,Maranoa,State-controlled,No Roadway Feature,No traffic control,60 km/h,Sealed - Dry,Clear,Darkness - Not lighted,Straight,Level,003,Pedn: Far Side Vehicle Hit From Left,12: Pedestrian,E,1,0,0,0,1,1,0,0,0,0,1,0
243821,243821,Fatal,2022,April,Friday,0,Hit object,Single Vehicle,153.109243122624,-26.694570447256,Sunshine Mwy,,Sunshine Motorway (Mooloolaba - Peregian),Mountain Creek,Sunshine Coast Region,4557,Maroochydore,Sunshine Coast,North Coast,SEQ North,North Coast,Mountain Creek,Buderim,Sunshine Coast,Major Cities,Buderim,Fairfax,State-controlled,Intersection - Interchange,No traffic control,60 km/h,Sealed - Dry,Clear,Darkness - Lighted,Curved - view open,Level,804,Off Path-Curve: Off Cway Lt Bend Hit Obj,19: Off Carriageway on Curve Hit Object,N,1,0,0,0,1,1,0,0,0,0,0,0
243908,243908,Fatal,2019,November,Monday,4,Overturned,Single Vehicle,152.759572048774,-27.5815214193274,Warrego Hwy,,Warrego Highway (Ipswich - Toowoomba),North Ipswich,Ipswich City,4305,Karana Downs,Ipswich,Southern,SEQ South,Metropolitan,Ipswich - North,Ipswich Inner,Ipswich,Major Cities,Ipswich West,Blair,State-controlled,No Roadway Feature,No traffic control,100 - 110 km/h,Sealed - Dry,Smoke/Dust,Dawn/Dusk,Curved - view open,Level,804,Off Path-Curve: Off Cway Lt Bend Hit Obj,19: Off Carriageway on Curve Hit Object,E,1,0,0,0,1,1,0,0,0,0,0,0
243914,243914,Fatal,2019,December,Tuesday,15,Hit object,Single Vehicle,148.939344096181,-21.3282090181789,Peak Downs Hwy,,Peak Downs Highway (Nebo - Mackay),Eton,Mackay Region,4741,Eton,Mackay,Central,Central,Central Queensland,Walkerston - Eton,Mackay,Mackay - Isaac - Whitsunday,Outer Regional,Mirani,Capricornia,State-controlled,No Roadway Feature,No traffic control,80 - 90 km/h,Sealed - Dry,Clear,Daylight,Straight,Level,704,Off Path-Straight: Right Off Cway Hit Obj,16: Off Carriageway on Straight Hit Object,W,1,0,0,0,1,1,0,0,0,0,0,0
243986,243986,Fatal,2018,September,Sunday,0,Hit object,Single Vehicle,151.582537406384,-25.6207758895131,Gayndah - Mundubbera Rd,,,Mount Debateable,North Burnett Region,4625,Gayndah,Wide Bay Burnett,North Coast,Southern,Southern Queensland,Gayndah - Mundubbera,Burnett,Wide Bay,Outer Regional,Callide,Flynn,Locally-controlled,No Roadway Feature,No traffic control,100 - 110 km/h,Sealed - Wet,Clear,Darkness - Not lighted,Straight,Grade,703,Off Path-Straight: Left Off Cway Hit Obj,16: Off Carriageway on Straight Hit Object,W,1,0,0,0,1,1,0,0,0,0,0,0
244154,244154,Fatal,2021,February,Friday,14,Head-on,Multi-Vehicle,152.363402416866,-24.876182358559,Boundary St,Walker St,Bundaberg - Port Road,Kepnock,Bundaberg Region,4670,Bundaberg,Wide Bay Burnett,North Coast,Southern,Southern Queensland,Ashfield - Kepnock,Bundaberg,Wide Bay,Inner Regional,Bundaberg,Hinkler,State-controlled,Intersection - Cross,Operating traffic lights,60 km/h,Sealed - Dry,Clear,Daylight,Straight,Level,202,Vehs Opposite Approach: Thru-Right,03: Opposing Vehicles Turning,N,1,0,0,0,1,1,1,0,0,0,0,0
244215,244215,Fatal,2021,April,Sunday,7,Hit animal,Other,151.854812451283,-24.9993863103838,Gin Gin - Mt Perry Rd,,Gin Gin - Mount Perry Road,Moolboolaman,Bundaberg Region,4671,Gin Gin,Wide Bay Burnett,North Coast,Southern,Southern Queensland,Gin Gin,Burnett,Wide Bay,Outer Regional,Callide,Flynn,State-controlled,No Roadway Feature,No traffic control,100 - 110 km/h,Sealed - Dry,Clear,Daylight,Straight,Grade,609,Pass & Misc: Hit Animal,14: Hit Animal,W,1,0,0,0,1,0,1,0,0,0,0,0
244237,244237,Fatal,2020,April,Tuesday,21,Hit object,Single Vehicle,153.018972663894,-27.5963072893455,Learoyd Rd,,,Willawong,Brisbane City,4110,Acacia Ridge,South Brisbane,Brisbane,SEQ South,Metropolitan,Pallara - Willawong,Rocklea - Acacia Ridge,Brisbane - South,Major Cities,Algester,Moreton,Locally-controlled,No Roadway Feature,No traffic control,70 km/h,Sealed - Dry,Clear,Darkness - Lighted,Straight,Level,703,Off Path-Straight: Left Off Cway Hit Obj,16: Off Carriageway on Straight Hit Object,W,1,0,0,0,1,1,0,0,0,0,0,0
244257,244257,Fatal,2021,October,Tuesday,4,Hit object,Single Vehicle,153.218247997884,-27.5925404653929,West Mt Cotton Rd,,,Sheldon,Redland City,4157,Redland Bay,South Brisbane,Brisbane,SEQ South,Metropolitan,Sheldon - Mount Cotton,Cleveland - Stradbroke,Brisbane - East,Major Cities,Springwood,Bowman,Locally-controlled,No Roadway Feature,No traffic control,0 - 50 km/h,Sealed - Wet,Raining,Darkness - Not lighted,Curved - view open,Level,803,Off Path-Curve: Off Cway Rt Bend Hit Obj,19: Off Carriageway on Curve Hit Object,S,1,0,0,0,1,1,0,0,0,0,0,0
244573,244573,Fatal,2020,April,Saturday,7,Hit object,Single Vehicle,153.133516994426,-27.6915764576184,Kingston Rd,,Brisbane - Beenleigh Road,Waterford West,Logan City,4133,Logan Central,Logan,South Eastern,SEQ South,South Coast,Waterford West,Loganlea - Carbrook,Logan - Beaudesert,Major Cities,Waterford,Forde,State-controlled,No Roadway Feature,No traffic control,70 km/h,Sealed - Dry,Clear,Daylight,Straight,Level,703,Off Path-Straight: Left Off Cway Hit Obj,16: Off Carriageway on Straight Hit Object,E,1,0,0,0,1,1,0,0,0,0,0,0
244740,244740,Fatal,2020,October,Friday,8,Fall from vehicle,Single Vehicle,142.668341164629,-12.5468474997983,Telegraph Rd,,,Wenlock,Cook Shire,4874,Lockhart River,Far North,Far Northern,Northern,North Queensland,Cape York,Far North,Queensland - Outback,Very Remote,Cook,Leichhardt,Locally-controlled,No Roadway Feature,No traffic control,80 - 90 km/h,Unsealed - Dry,Clear,Daylight,Straight,Dip,705,Off Path-Straight: Out Of Control On Cway,17: Out of Control on Straight,N,1,0,0,0,1,0,1,0,0,0,0,0
244871,244871,Fatal,2020,August,Monday,20,Overturned,Single Vehicle,146.353371715357,-20.0324016041905,Flinders Hwy,,Flinders Highway (Townsville - Charters Towers),Broughton,Charters Towers Region,4820,Charters Towers,Townsville,Northern,Northern,North Queensland,Dalrymple,Charters Towers - Ayr - Ingham,Townsville,Outer Regional,Traeger,Kennedy,State-controlled,No Roadway Feature,No traffic control,100 - 110 km/h,Sealed - Dry,Clear,Darkness - Not lighted,Straight,Dip,705,Off Path-Straight: Out Of Control On Cway,17: Out of Control on Straight,S,1,2,1,0,4,1,0,0,0,0,0,0
244898,244898,Fatal,2017,July,Thursday,17,Hit parked vehicle,Single Vehicle,153.0793431461,-26.5308224429361,School Rd,,,Coolum Beach,Sunshine Coast Region,4573,Coolum,Sunshine Coast,North Coast,SEQ North,North Coast,Coolum Beach,Maroochy,Sunshine Coast,Major Cities,Ninderry,Fairfax,Locally-controlled,No Roadway Feature,No traffic control,0 - 50 km/h,Sealed - Dry,Clear,Dawn/Dusk,Straight,Level,000,Pedn: Hit Other,21: Other,S,1,0,0,0,1,1,0,1,0,0,1,0
244941,244941,Fatal,2022,February,Sunday,3,Hit object,Single Vehicle,152.966558035851,-27.5066854393829,Witton Rd,,,Indooroopilly,Brisbane City,4068,Indooroopilly,North Brisbane,Brisbane,SEQ North,Metropolitan,Indooroopilly,Sherwood - Indooroopilly,Brisbane - West,Major Cities,Maiwar,Ryan,Locally-controlled,No Roadway Feature,No traffic control,60 km/h,Sealed - Wet,Raining,Darkness - Lighted,Straight,Grade,607,Vehs On Path: Temporary Object On Cway,21: Other,,1,0,0,0,1,1,0,0,0,0,0,0
244942,244942,Fatal,2022,February,Monday,3,Hit object,Single Vehicle,153.44267589929,-28.1686224927225,Currumbin Creek Rd,,Currumbin Creek Road,Currumbin Valley,Gold Coast City,4223,Coolangatta,Gold Coast,South Eastern,SEQ South,South Coast,Currumbin Valley - Tallebudgera,Mudgeeraba - Tallebudgera,Gold Coast,Major Cities,Currumbin,Mcpherson,State-controlled,No Roadway Feature,No traffic control,60 km/h,Sealed - Wet,Raining,Darkness - Not lighted,Curved - view open,Level,607,Vehs On Path: Temporary Object On Cway,21: Other,E,1,0,0,0,1,1,0,0,0,0,0,0
244951,244951,Fatal,2021,March,Wednesday,14,Rear-end,Multi-Vehicle,152.976933082635,-27.1252454374003,Bruce Hwy,,Bruce Highway (Brisbane - Gympie),Morayfield,Moreton Bay Region,4506,Burpengary,Moreton,North Coast,SEQ North,North Coast,Morayfield - East,Caboolture,Moreton Bay - North,Major Cities,Morayfield,Longman,State-controlled,Intersection - Interchange,No traffic control,60 km/h,Sealed - Wet,Raining,Daylight,Curved - view open,Level,400,Vehs Manoeuvring: Other,21: Other,N,2,5,0,0,7,2,0,0,0,0,0,0
245004,245004,Fatal,2017,September,Friday,6,Rear-end,Multi-Vehicle,153.336759940662,-27.9387694801346,Pacific Hwy,,Pacific Highway (Pacific Motorway),Helensvale,Gold Coast City,4212,Nerang,Gold Coast,South Eastern,SEQ South,South Coast,Helensvale,Ormeau - Oxenford,Gold Coast,Major Cities,Gaven,Fadden,State-controlled,No Roadway Feature,No traffic control,100 - 110 km/h,Sealed - Dry,Clear,Daylight,Straight,Level,301,Vehs Same Direction: Rear End,04: Rear-end,S,1,1,0,0,2,2,0,0,0,0,1,0
245026,245026,Fatal,2020,July,Wednesday,4,Hit object,Single Vehicle,152.407359089037,-27.5642723844461,Warrego Hwy,,Warrego Highway (Ipswich - Toowoomba),Glenore Grove,Lockyer Valley Region,4342,Laidley,Darling Downs,Southern,SEQ South,Southern Queensland,Lockyer Valley - East,Ipswich Hinterland,Ipswich,Inner Regional,Lockyer,Wright,State-controlled,No Roadway Feature,No traffic control,100 - 110 km/h,Sealed - Dry,Clear,Darkness - Not lighted,Curved - view open,Level,804,Off Path-Curve: Off Cway Lt Bend Hit Obj,19: Off Carriageway on Curve Hit Object,E,1,0,0,0,1,1,0,0,0,0,0,0
245033,245033,Fatal,2020,August,Saturday,3,Hit pedestrian,Hit pedestrian,152.311099418312,-24.9064093537012,Isis Hwy,,Isis Highway (Bundaberg - Childers),Kensington,Bundaberg Region,4670,Bundaberg,Wide Bay Burnett,North Coast,Southern,Southern Queensland,Branyan - Kensington,Bundaberg,Wide Bay,Inner Regional,Bundaberg,Hinkler,State-controlled,No Roadway Feature,No traffic control,80 - 90 km/h,Sealed - Dry,Clear,Darkness - Not lighted,Straight,Level,004,Pedn: Play; Work; Stand; Lie On Cway,12: Pedestrian,U,1,0,0,0,1,1,0,0,0,0,1,0
245239,245239,Fatal,2023,February,Saturday,13,Angle,Multi-Vehicle,152.991534068213,-27.2280184396794,Alma Rd,Old Gympie Rd,,Dakabin,Moreton Bay Region,4503,Petrie,Moreton,North Coast,SEQ North,North Coast,Dakabin - Kallangur,North Lakes,Moreton Bay - South,Major Cities,Murrumba,Longman,Locally-controlled,Intersection - Cross,Operating traffic lights,70 km/h,Sealed - Dry,Clear,Daylight,Straight,Level,101,Vehs Adjacent Approach: Thru-Thru,01: Intersection: Adjacent Approach,,1,1,0,0,2,3,1,0,0,0,0,0
245258,245258,Fatal,2020,July,Saturday,10,Fall from vehicle,Single Vehicle,144.614297733557,-17.5001366619502,Almaden - Gingerella Rd,,,Barwidgi,Mareeba Shire,4872,Chillagoe,Far North,Far Northern,Northern,North Queensland,Tablelands,Far North,Queensland - Outback,Very Remote,Cook,Kennedy,Locally-controlled,No Roadway Feature,No traffic control,80 - 90 km/h,Unsealed - Dry,Clear,Daylight,Straight,Level,705,Off Path-Straight: Out Of Control On Cway,17: Out of Control on Straight,S,1,0,0,0,1,0,1,0,0,0,0,0
245456,245456,Fatal,2019,June,Monday,14,Rear-end,Multi-Vehicle,146.92819642615,-19.3820308414766,Allendale Dr,Bentley Dr,Bruce Highway (Ayr - Townsville),Alligator Creek,Townsville City,4816,Stuart,Townsville,Northern,Northern,North Queensland,Townsville - South,Townsville,Townsville,Outer Regional,Burdekin,Dawson,State-controlled,Intersection - Cross,No traffic control,100 - 110 km/h,Sealed - Dry,Clear,Daylight,Straight,Level,303,Vehs Same Direction: Right Rear,04: Rear-end,S,1,5,0,0,6,2,0,1,0,0,0,0
245498,245498,Fatal,2022,February,Monday,16,Hit object,Single Vehicle,152.88177817952,-26.4243424222899,Lawnville Rd,,,Cooroy,Noosa Shire,4563,Cooroy,Sunshine Coast,North Coast,SEQ North,North Coast,Noosa Hinterland,Noosa Hinterland,Sunshine Coast,Inner Regional,Nicklin,Wide Bay,Locally-controlled,No Roadway Feature,No traffic control,60 km/h,Sealed - Wet,Clear,Daylight,Curved - view open,Grade,803,Off Path-Curve: Off Cway Rt Bend Hit Obj,19: Off Carriageway on Curve Hit Object,,1,0,0,0,1,0,1,0,0,0,0,0
245548,245548,Fatal,2020,February,Tuesday,4,Angle,Multi-Vehicle,149.404963002045,-21.9032110624846,Bruce Hwy,Karloo Rd,Bruce Highway (St Lawrence - Mackay),Carmila,Isaac Region,4739,Carmila,Mackay,Central,Central,Central Queensland,Broadsound - Nebo,Bowen Basin - North,Mackay - Isaac - Whitsunday,Outer Regional,Mirani,Capricornia,State-controlled,Intersection - T-Junction,No traffic control,100 - 110 km/h,Sealed - Wet,Raining,Darkness - Not lighted,Curved - view open,Level,408,Vehs Manoeuvring: Entering From Footway,08: Vehicle Leaving Driveway,N,2,2,0,0,4,1,0,1,0,0,0,0
245580,245580,Fatal,2018,May,Monday,18,Hit object,Single Vehicle,147.263854372561,-19.7205248699269,Ayr - Dalbeg Rd,,Ayr - Dalbeg Road,Mona Park,Burdekin Shire,4807,Clare,Townsville,Northern,Northern,North Queensland,Burdekin,Charters Towers - Ayr - Ingham,Townsville,Outer Regional,Burdekin,Dawson,State-controlled,No Roadway Feature,No traffic control,100 - 110 km/h,Sealed - Dry,Clear,Darkness - Not lighted,Straight,Level,704,Off Path-Straight: Right Off Cway Hit Obj,16: Off Carriageway on Straight Hit Object,N,1,0,0,0,1,1,0,0,0,0,0,0
245585,245585,Fatal,2017,January,Sunday,0,Hit pedestrian,Hit pedestrian,145.748474698557,-16.982927734904,Paradise Cl,,,White Rock,Cairns Region,4868,Edmonton,Far North,Far Northern,Northern,North Queensland,White Rock,Cairns - South,Cairns,Outer Regional,Mulgrave,Leichhardt,Locally-controlled,No Roadway Feature,No traffic control,0 - 50 km/h,Sealed - Dry,Clear,Darkness - Not lighted,Straight,Level,004,Pedn: Play; Work; Stand; Lie On Cway,12: Pedestrian,E,1,0,0,0,1,1,0,0,0,0,1,0
245596,245596,Fatal,2017,January,Monday,3,Hit pedestrian,Hit pedestrian,152.977633090195,-27.0642104369852,Bruce Hwy,,Bruce Highway (Brisbane - Gympie),Caboolture,Moreton Bay Region,4510,Caboolture,Moreton,North Coast,SEQ North,North Coast,Caboolture,Caboolture,Moreton Bay - North,Major Cities,Pumicestone,Longman,State-controlled,No Roadway Feature,No traffic control,100 - 110 km/h,Sealed - Dry,Clear,Darkness - Not lighted,Straight,Level,003,Pedn: Far Side Vehicle Hit From Left,12: Pedestrian,S,1,0,0,0,1,2,0,0,0,0,1,0
245601,245601,Fatal,2017,January,Wednesday,19,Angle,Multi-Vehicle,152.29157942924,-24.8289783511657,Booloongie Rd,Rosedale Rd,Bundaberg - Miriam Vale Road,Oakwood,Bundaberg Region,4670,Bundaberg,Wide Bay Burnett,North Coast,Southern,Southern Queensland,Bundaberg North - Gooburrum,Bundaberg,Wide Bay,Inner Regional,Burnett,Flynn,State-controlled,Intersection - T-Junction,Give way sign,100 - 110 km/h,Sealed - Dry,Clear,Darkness - Not lighted,Curved - view open,Level,104,Vehs Adjacent Approach: Thru-Right,01: Intersection: Adjacent Approach,E,1,0,0,0,1,1,1,0,0,0,0,0
245602,245602,Fatal,2017,January,Friday,1,Hit object,Single Vehicle,152.137244235306,-26.5968809504624,River Rd,,,Bullcamp,South Burnett Region,4615,Nanango,Darling Downs,Southern,Southern,Southern Queensland,Nanango,Burnett,Wide Bay,Inner Regional,Nanango,Maranoa,Locally-controlled,No Roadway Feature,No traffic control,100 - 110 km/h,Sealed - Dry,Clear,Darkness - Not lighted,Curved - view obscured,Dip,805,Off Path-Curve: Out Of Control On Cway,20: Out of Control on Curve,S,1,0,0,0,1,1,0,0,0,0,0,0
245604,245604,Fatal,2017,January,Friday,19,Sideswipe,Multi-Vehicle,153.136663121016,-26.6847424499399,Gulai St,Pacific Blvd,,Buddina,Sunshine Coast Region,4575,Kawana Waters,Sunshine Coast,North Coast,SEQ North,North Coast,Buddina - Minyama,Caloundra,Sunshine Coast,Major Cities,Kawana,Fisher,Locally-controlled,No Roadway Feature,No traffic control,0 - 50 km/h,Sealed - Dry,Clear,Dawn/Dusk,Curved - view open,Level,500,Vehs Overtaking: Other,21: Other,,1,2,0,0,3,2,0,0,0,0,0,0
245609,245609,Fatal,2017,January,Tuesday,22,Hit object,Single Vehicle,153.1810089808,-27.7580954629347,Stubbin St,,,Belivah,Logan City,4207,Beenleigh,Logan,South Eastern,SEQ South,South Coast,Wolffdene - Bahrs Scrub,Beenleigh,Logan - Beaudesert,Major Cities,Logan,Forde,Locally-controlled,No Roadway Feature,No traffic control,0 - 50 km/h,Sealed - Dry,Clear,Darkness - Lighted,Curved - view open,Grade,804,Off Path-Curve: Off Cway Lt Bend Hit Obj,19: Off Carriageway on Curve Hit Object,E,1,0,0,0,1,0,1,0,0,0,0,0
245611,245611,Fatal,2017,January,Thursday,15,Angle,Multi-Vehicle,153.031542037878,-27.4352644453349,Legeyt St,Lutwyche Rd,,Windsor,Brisbane City,4030,Stafford,North Brisbane,Brisbane,SEQ North,Metropolitan,Windsor,Brisbane Inner - North,Brisbane Inner City,Major Cities,Clayfield,Brisbane,Locally-controlled,Intersection - Cross,Operating traffic lights,60 km/h,Sealed - Dry,Clear,Daylight,Straight,Level,202,Vehs Opposite Approach: Thru-Right,03: Opposing Vehicles Turning,S,1,2,0,0,3,2,0,0,0,0,0,0
245618,245618,Fatal,2017,January,Monday,18,Hit object,Single Vehicle,152.714238317431,-25.4282173975837,Churchill Mine Rd,,,Walliebum,Fraser Coast Region,4655,Hervey Bay,Wide Bay Burnett,North Coast,Southern,Southern Queensland,Burrum - Fraser,Maryborough,Wide Bay,Inner Regional,Maryborough,Hinkler,Locally-controlled,No Roadway Feature,No traffic control,70 km/h,Unsealed - Dry,Clear,Dawn/Dusk,Curved - view open,Level,804,Off Path-Curve: Off Cway Lt Bend Hit Obj,19: Off Carriageway on Curve Hit Object,S,1,0,0,0,1,1,0,0,0,0,0,0
245619,245619,Fatal,2017,January,Saturday,6,Head-on,Multi-Vehicle,149.142649084922,-21.2738930348549,Bruce Hwy,,Bruce Highway (St Lawrence - Mackay),Balberra,Mackay Region,4740,Sarina,Mackay,Central,Central,Central Queensland,Walkerston - Eton,Mackay,Mackay - Isaac - Whitsunday,Outer Regional,Mirani,Capricornia,State-controlled,No Roadway Feature,No traffic control,100 - 110 km/h,Sealed - Dry,Clear,Dawn/Dusk,Curved - view open,Level,201,Vehs Opposite Approach: Head On,02: Head-on,S,1,1,0,0,2,1,1,0,0,0,0,0
245620,245620,Fatal,2017,January,Tuesday,12,Angle,Multi-Vehicle,146.726436445484,-19.3276198258592,The Ring Rd,,Bruce Highway (Townsville - Ingham),Condon,Townsville City,4815,Kirwan,Townsville,Northern,Northern,North Queensland,Condon - Rasmussen,Townsville,Townsville,Outer Regional,Thuringowa,Herbert,State-controlled,No Roadway Feature,No traffic control,100 - 110 km/h,Sealed - Wet,Clear,Daylight,Curved - view open,Crest,300,Vehs Same Direction: Other,21: Other,E,1,0,1,0,2,1,0,1,0,0,0,0
245670,245670,Fatal,2018,May,Monday,16,Head-on,Multi-Vehicle,151.996950325346,-25.9599953318082,Burnett Hwy,,Burnett Highway (Goomeri - Gayndah),Booubyjan,Gympie Region,4601,Goomeri,Wide Bay Burnett,North Coast,Southern,Southern Queensland,Kilkivan,Gympie - Cooloola,Wide Bay,Outer Regional,Nanango,Wide Bay,State-controlled,No Roadway Feature,No traffic control,100 - 110 km/h,Sealed - Wet,Clear,Daylight,Curved - view open,Grade,201,Vehs Opposite Approach: Head On,02: Head-on,S,1,0,0,0,1,1,0,2,0,0,0,0
246159,246159,Fatal,2019,April,Wednesday,7,Sideswipe,Multi-Vehicle,148.52114681243,-24.6393670106849,Carnarvon Hwy,,Carnarvon Highway (Injune - Rolleston),Consuelo,Central Highlands Region,4702,Rolleston,Capricornia,Central,Central,Central Queensland,Central Highlands - West,Central Highlands (qld),Central Queensland,Remote,Gregory,Flynn,State-controlled,No Roadway Feature,No traffic control,100 - 110 km/h,Sealed - Dry,Clear,Daylight,Straight,Level,500,Vehs Overtaking: Other,21: Other,S,2,0,0,1,3,1,0,1,0,0,0,0
246380,246380,Fatal,2021,May,Thursday,12,Hit object,Single Vehicle,152.885075136704,-26.7683174253719,Grandview Rd,Landsborough - Maleny Rd,Landsborough - Maleny Road,Maleny,Sunshine Coast Region,4552,Maleny,Sunshine Coast,North Coast,SEQ North,North Coast,Caloundra Hinterland,Sunshine Coast Hinterland,Sunshine Coast,Inner Regional,Glass House,Fisher,State-controlled,Intersection - T-Junction,Stop sign,80 - 90 km/h,Sealed - Dry,Clear,Daylight,Curved - view open,Crest,106,Vehs Adjacent Approach: Left-Right,01: Intersection: Adjacent Approach,E,1,0,1,0,2,2,0,0,0,0,0,0
246514,246514,Fatal,2021,May,Thursday,10,Hit object,Single Vehicle,145.01563768898,-17.747166690807,Kennedy Hwy,,Kennedy Highway (Mount Garnet - The Lynd),Mount Garnet,Tablelands Region,4872,Mount Garnet,Far North,Far Northern,Northern,North Queensland,Herberton,Tablelands (east) - Kuranda,Cairns,Remote,Hill,Kennedy,State-controlled,No Roadway Feature,No traffic control,100 - 110 km/h,Sealed - Dry,Clear,Daylight,Straight,Level,704,Off Path-Straight: Right Off Cway Hit Obj,16: Off Carriageway on Straight Hit Object,N,1,0,0,0,1,1,0,0,0,0,0,0
246520,246520,Fatal,2021,June,Thursday,7,Rear-end,Multi-Vehicle,153.336524940812,-27.9378074801032,Pacific Hwy,,Pacific Highway (Pacific Motorway),Helensvale,Gold Coast City,4212,Nerang,Gold Coast,South Eastern,SEQ South,South Coast,Helensvale,Ormeau - Oxenford,Gold Coast,Major Cities,Bonney,Fadden,State-controlled,No Roadway Feature,No traffic control,100 - 110 km/h,Sealed - Dry,Clear,Daylight,Straight,Level,307,Vehs Same Direction: Lane Change Left,05: Lane Change,E,1,0,0,0,1,2,1,0,0,0,0,0
246682,246682,Fatal,2021,January,Friday,11,Angle,Multi-Vehicle,151.737731304525,-26.3617113102032,Chinchilla - Wondai Rd,Cushnie Rd,Chinchilla - Wondai Road,Cushnie,South Burnett Region,4608,Wondai,Darling Downs,Southern,Southern,Southern Queensland,Kingaroy Region - North,Burnett,Wide Bay,Outer Regional,Nanango,Flynn,State-controlled,Intersection - Cross,Give way sign,100 - 110 km/h,Sealed - Dry,Clear,Daylight,Straight,Level,101,Vehs Adjacent Approach: Thru-Thru,01: Intersection: Adjacent Approach,S,1,3,0,0,4,2,0,0,0,0,0,0
246748,246748,Fatal,2021,September,Wednesday,15,Hit object,Single Vehicle,153.046237052086,-27.3100624458195,Gateway Arterial Rd,,Redcliffe Sub-Arterial Road,Brighton,Brisbane City,4017,Sandgate,North Brisbane,Brisbane,SEQ North,Metropolitan,Brighton (qld),Sandgate,Brisbane - North,Major Cities,Sandgate,Lilley,State-controlled,Intersection - Interchange,No traffic control,60 km/h,Sealed - Dry,Clear,Daylight,Curved - view open,Grade,804,Off Path-Curve: Off Cway Lt Bend Hit Obj,19: Off Carriageway on Curve Hit Object,S,1,0,0,0,1,0,1,0,0,0,0,0
246787,246787,Fatal,2020,June,Friday,22,Hit object,Single Vehicle,152.994717018301,-27.6217194431128,Ritchie Rd,,,Pallara,Brisbane City,4110,Inala,South Brisbane,Brisbane,SEQ South,Metropolitan,Pallara - Willawong,Rocklea - Acacia Ridge,Brisbane - South,Major Cities,Algester,Oxley,Locally-controlled,No Roadway Feature,No traffic control,70 km/h,Sealed - Dry,Clear,Darkness - Not lighted,Curved - view open,Level,803,Off Path-Curve: Off Cway Rt Bend Hit Obj,19: Off Carriageway on Curve Hit Object,,1,2,0,0,3,1,0,0,0,0,0,0
246788,246788,Fatal,2021,April,Wednesday,23,Overturned,Single Vehicle,145.844257437141,-20.2497767692632,Flinders Hwy,,Flinders Highway (Charters Towers - Hughenden),Campaspe,Charters Towers Region,4820,Charters Towers,Townsville,Northern,Northern,North Queensland,Dalrymple,Charters Towers - Ayr - Ingham,Townsville,Very Remote,Traeger,Kennedy,State-controlled,No Roadway Feature,No traffic control,100 - 110 km/h,Sealed - Wet,Raining,Darkness - Not lighted,Straight,Level,702,Off Path-Straight: Right Off Cway,15: Off Carriageway on Straight,E,1,0,0,0,1,1,0,0,0,0,0,0
246789,246789,Fatal,2022,April,Sunday,15,Sideswipe,Multi-Vehicle,151.945899249365,-26.6458433323913,D'Aguilar Hwy,,D'Aguilar Highway (Yarraman - Kingaroy),Barker Creek Flat,South Burnett Region,4615,Nanango,Darling Downs,Southern,Southern,Southern Queensland,Nanango,Burnett,Wide Bay,Inner Regional,Nanango,Maranoa,State-controlled,No Roadway Feature,No traffic control,100 - 110 km/h,Sealed - Dry,Clear,Daylight,Curved - view open,Level,305,Vehs Same Direction: Lane Side Swipe,05: Lane Change,E,2,1,0,0,3,2,0,0,0,0,0,0
246827,246827,Fatal,2021,July,Friday,14,Head-on,Multi-Vehicle,148.692831161463,-20.8471769935905,Bruce Hwy,,Bruce Highway (Mackay - Proserpine),Yalboroo,Mackay Region,4741,Calen,Mackay,Central,Central,Central Queensland,Seaforth - Calen,Mackay,Mackay - Isaac - Whitsunday,Outer Regional,Whitsunday,Dawson,State-controlled,No Roadway Feature,No traffic control,100 - 110 km/h,Sealed - Dry,Clear,Daylight,Straight,Level,201,Vehs Opposite Approach: Head On,02: Head-on,N,1,2,0,1,4,3,0,0,0,0,0,0