_id,Crash_Ref_Number,Crash_Severity,Crash_Year,Crash_Month,Crash_Day_Of_Week,Crash_Hour,Crash_Nature,Crash_Type,Crash_Longitude,Crash_Latitude,Crash_Street,Crash_Street_Intersecting,State_Road_Name,Loc_Suburb,Loc_Local_Government_Area,Loc_Post_Code,Loc_Police_Division,Loc_Police_District,Loc_Police_Region,Loc_Queensland_Transport_Region,Loc_Main_Roads_Region,Loc_ABS_Statistical_Area_2,Loc_ABS_Statistical_Area_3,Loc_ABS_Statistical_Area_4,Loc_ABS_Remoteness,Loc_State_Electorate,Loc_Federal_Electorate,Crash_Controlling_Authority,Crash_Roadway_Feature,Crash_Traffic_Control,Crash_Speed_Limit,Crash_Road_Surface_Condition,Crash_Atmospheric_Condition,Crash_Lighting_Condition,Crash_Road_Horiz_Align,Crash_Road_Vert_Align,Crash_DCA_Code,Crash_DCA_Description,Crash_DCA_Group_Description,DCA_Key_Approach_Dir,Count_Casualty_Fatality,Count_Casualty_Hospitalised,Count_Casualty_MedicallyTreated,Count_Casualty_MinorInjury,Count_Casualty_Total,Count_Unit_Car,Count_Unit_Motorcycle_Moped,Count_Unit_Truck,Count_Unit_Bus,Count_Unit_Bicycle,Count_Unit_Pedestrian,Count_Unit_Other
247908,247908,Fatal,2021,July,Thursday,10,Angle,Multi-Vehicle,151.577727183662,-27.5272093042477,Jondaryan - Mt Tyson Rd,Toowoomba - Cecil Plains Rd,Toowoomba - Cecil Plains Road,Mount Tyson,Toowoomba Region,4356,Jondaryan,Darling Downs,Southern,Southern,Southern Queensland,Jondaryan,Darling Downs - East,Darling Downs - Maranoa,Inner Regional,Condamine,Groom,State-controlled,Intersection - Cross,Give way sign,100 - 110 km/h,Sealed - Dry,Clear,Daylight,Straight,Level,101,Vehs Adjacent Approach: Thru-Thru,01: Intersection: Adjacent Approach,S,2,5,0,0,7,1,0,0,0,0,0,1
247927,247927,Fatal,2020,July,Tuesday,17,Overturned,Single Vehicle,153.321808970611,-27.7184154768815,Marks Rd,,,Woongoolba,Gold Coast City,4207,Coomera,Gold Coast,South Eastern,SEQ South,South Coast,Jacobs Well - Alberton,Ormeau - Oxenford,Gold Coast,Inner Regional,Coomera,Fadden,Locally-controlled,No Roadway Feature,No traffic control,60 km/h,Sealed - Dry,Clear,Daylight,Curved - view open,Level,801,Off Path-Curve: Off Cway Right Bend,18: Off Carriageway on Curve,N,1,0,0,0,1,1,0,0,0,0,0,0
247957,247957,Fatal,2023,June,Wednesday,23,Fall from vehicle,Single Vehicle,153.106142112491,-26.7782774476129,Allamanda Ave,Sunset Dr,,Little Mountain,Sunshine Coast Region,4551,Caloundra,Sunshine Coast,North Coast,SEQ North,North Coast,Caloundra - West,Caloundra,Sunshine Coast,Major Cities,Kawana,Fisher,Locally-controlled,Intersection - T-Junction,No traffic control,60 km/h,Sealed - Dry,Clear,Darkness - Lighted,Curved - view open,Grade,805,Off Path-Curve: Out Of Control On Cway,20: Out of Control on Curve,W,1,0,0,0,1,1,1,0,0,0,0,0
248006,248006,Fatal,2023,February,Wednesday,18,Head-on,Multi-Vehicle,148.588711186796,-20.6636859834425,Bruce Hwy,,Bruce Highway (Mackay - Proserpine),Bloomsbury,Mackay Region,4799,Proserpine,Mackay,Central,Central,Central Queensland,Seaforth - Calen,Mackay,Mackay - Isaac - Whitsunday,Outer Regional,Whitsunday,Dawson,State-controlled,No Roadway Feature,No traffic control,100 - 110 km/h,Sealed - Wet,Clear,Daylight,Curved - view open,Level,201,Vehs Opposite Approach: Head On,02: Head-on,S,1,0,1,0,2,1,0,1,0,0,0,0
248012,248012,Fatal,2006,September,Thursday,21,Hit object,Single Vehicle,146.788907946259,-19.2512437808893,North Ward Rd,,North Ward Road,Belgian Gardens,Townsville City,4810,Townsville,Townsville,Northern,Northern,North Queensland,Belgian Gardens - Pallarenda,Townsville,Townsville,Outer Regional,Townsville,Herbert,State-controlled,No Roadway Feature,No traffic control,60 km/h,Sealed - Dry,Clear,Darkness - Lighted,Curved - view open,Level,804,Off Path-Curve: Off Cway Lt Bend Hit Obj,19: Off Carriageway on Curve Hit Object,S,1,1,1,0,3,1,0,0,0,0,0,0
248013,248013,Fatal,2006,May,Saturday,16,Hit object,Single Vehicle,153.210153732319,-27.7370910607145,Cramer Blvd,,,Mount Warren Park,Logan City,4207,Beenleigh,Logan,South Eastern,SEQ South,South Coast,Mount Warren Park,Beenleigh,Logan - Beaudesert,Major Cities,Macalister,Forde,Locally-controlled,No Roadway Feature,No traffic control,0 - 50 km/h,Sealed - Dry,Clear,Daylight,Curved - view open,Level,804,Off Path-Curve: Off Cway Lt Bend Hit Obj,19: Off Carriageway on Curve Hit Object,N,1,0,1,0,2,1,0,0,0,0,0,0
248080,248080,Fatal,2001,February,Thursday,12,Rear-end,Multi-Vehicle,148.990588534349,-28.3504801980248,Barwon Hwy,Lower Daymar Rd,Barwon Highway (Talwood - Nindigully),Weengallon,Goondiwindi Region,4497,Thallon,South West,Southern,Southern,Southern Queensland,Inglewood - Waggamba,Darling Downs (west) - Maranoa,Darling Downs - Maranoa,Remote,Southern Downs,Maranoa,State-controlled,Intersection - T-Junction,No traffic control,100 - 110 km/h,Sealed - Wet,Raining,Daylight,Straight,Level,301,Vehs Same Direction: Rear End,04: Rear-end,W,1,0,0,0,1,1,0,1,0,0,0,0
248081,248081,Fatal,2001,February,Friday,14,Rear-end,Multi-Vehicle,152.509204086672,-27.5508208723367,Warrego Hwy,,Warrego Highway (Ipswich - Toowoomba),Prenzlau,Somerset Region,4311,Marburg,Ipswich,Southern,SEQ North,North Coast,Lowood,Ipswich Hinterland,Ipswich,Inner Regional,Lockyer,Blair,State-controlled,No Roadway Feature,No traffic control,100 - 110 km/h,Sealed - Wet,Raining,Daylight,Curved - view open,Grade,404,Vehs Manoeuvring: Reversing,10: Hit Parked Vehicle,W,1,1,0,0,2,2,0,0,0,0,0,0
248134,248134,Fatal,2001,February,Sunday,9,Hit pedestrian,Hit pedestrian,145.775113721274,-16.9252671442914,Sheridan St,Spence St,,Cairns City,Cairns Region,4870,Cairns,Far North,Far Northern,Northern,North Queensland,Cairns City,Cairns - South,Cairns,Outer Regional,Cairns,Leichhardt,Locally-controlled,Intersection - Cross,Operating traffic lights,60 km/h,Sealed - Dry,Clear,Daylight,Straight,Level,001,Pedn: Near Side Vehicle Hit From Right,12: Pedestrian,S,1,0,0,0,1,0,0,1,0,0,1,0
248256,248256,Fatal,2007,March,Friday,9,Angle,Multi-Vehicle,153.516201766718,-28.1644753162027,Gold Coast Hwy,Terminal Dr,Gold Coast Highway (Broadbeach - Coolangatta),Bilinga,Gold Coast City,4225,Coolangatta,Gold Coast,South Eastern,SEQ South,South Coast,Currumbin - Tugun,Coolangatta,Gold Coast,Major Cities,Currumbin,Mcpherson,State-controlled,Intersection - Cross,Operating traffic lights,80 - 90 km/h,Sealed - Dry,Clear,Daylight,Straight,Level,104,Vehs Adjacent Approach: Thru-Right,01: Intersection: Adjacent Approach,N,1,0,1,0,2,4,0,0,0,0,0,0
248269,248269,Fatal,2012,April,Monday,12,Angle,Multi-Vehicle,153.266206804392,-27.5402294108348,Bay St,Cleveland - Redland Bay Rd,Cleveland - Redland Bay Road,Cleveland,Redland City,4163,Cleveland,South Brisbane,Brisbane,SEQ South,Metropolitan,Cleveland,Cleveland - Stradbroke,Brisbane - East,Major Cities,Oodgeroo,Bowman,State-controlled,Intersection - Cross,Give way sign,60 km/h,Sealed - Dry,Clear,Daylight,Straight,Level,101,Vehs Adjacent Approach: Thru-Thru,01: Intersection: Adjacent Approach,E,1,1,7,3,12,1,0,0,1,0,0,0
248270,248270,Fatal,2012,May,Tuesday,19,Hit pedestrian,Hit pedestrian,152.692311446553,-27.6655562923166,Cunningham Hwy,,Cunningham Highway (Ipswich - Warwick),Willowbank,Ipswich City,4306,Yamanto,Ipswich,Southern,SEQ South,Metropolitan,Rosewood,Ipswich Hinterland,Ipswich,Major Cities,Scenic Rim,Blair,State-controlled,No Roadway Feature,No traffic control,80 - 90 km/h,Sealed - Dry,Clear,Darkness - Not lighted,Straight,Level,001,Pedn: Near Side Vehicle Hit From Right,12: Pedestrian,W,1,0,0,0,1,1,0,0,0,0,1,0
248271,248271,Fatal,2012,May,Tuesday,21,Head-on,Multi-Vehicle,150.797694018643,-26.8481961332616,Warrego Hwy,,Warrego Highway (Dalby - Miles),Brigalow,Western Downs Region,4412,Chinchilla,South West,Southern,Southern,Southern Queensland,Chinchilla,Darling Downs (west) - Maranoa,Darling Downs - Maranoa,Outer Regional,Callide,Maranoa,State-controlled,No Roadway Feature,No traffic control,100 - 110 km/h,Sealed - Dry,Clear,Darkness - Not lighted,Straight,Level,201,Vehs Opposite Approach: Head On,02: Head-on,W,1,1,0,0,2,1,1,0,0,0,0,0
248278,248278,Fatal,2012,May,Friday,14,Head-on,Multi-Vehicle,151.479780302166,-24.1855670961183,Bruce Hwy,,Bruce Highway (Gin Gin - Benaraby),Bororen,Gladstone Region,4678,Miriam Vale,Capricornia,Central,Central,Central Queensland,Agnes Water - Miriam Vale,Gladstone,Central Queensland,Outer Regional,Burnett,Flynn,State-controlled,No Roadway Feature,No traffic control,100 - 110 km/h,Sealed - Dry,Clear,Daylight,Straight,Level,201,Vehs Opposite Approach: Head On,02: Head-on,S,1,1,0,0,2,3,0,1,0,0,0,0
248279,248279,Fatal,2012,May,Sunday,1,Hit pedestrian,Hit pedestrian,144.195300865409,-20.8429807384905,Flinders Hwy,,Flinders Highway (Hughenden - Richmond),Hughenden,Flinders Shire,4821,Hughenden,Townsville,Northern,Northern,North Queensland,Northern Highlands,Outback - North,Queensland - Outback,Very Remote,Traeger,Kennedy,State-controlled,No Roadway Feature,No traffic control,60 km/h,Sealed - Dry,Clear,Darkness - Lighted,Straight,Dip,004,Pedn: Play; Work; Stand; Lie On Cway,12: Pedestrian,W,1,0,0,0,1,0,0,1,0,0,1,0
248368,248368,Fatal,2016,May,Tuesday,20,Hit pedestrian,Hit pedestrian,152.972907022749,-27.6051624407963,Shelduck St,,,Inala,Brisbane City,4077,Inala,South Brisbane,Brisbane,SEQ South,Metropolitan,Inala - Richlands,Forest Lake - Oxley,Ipswich,Major Cities,Inala,Oxley,Locally-controlled,No Roadway Feature,No traffic control,60 km/h,Sealed - Dry,Clear,Darkness - Lighted,Straight,Grade,005,Pedn: Hit Walking With Traffic,12: Pedestrian,S,1,0,0,0,1,0,0,0,0,0,1,1
248813,248813,Fatal,2012,April,Monday,15,Angle,Multi-Vehicle,152.86144824935,-27.5848251194943,Moggill Sub-Arterial Rd,,Moggill Sub-Arterial Road,Moggill,Brisbane City,4070,Indooroopilly,North Brisbane,Brisbane,SEQ North,Metropolitan,Bellbowrie - Moggill,Kenmore - Brookfield - Moggill,Brisbane - West,Major Cities,Moggill,Ryan,State-controlled,No Roadway Feature,No traffic control,80 - 90 km/h,Sealed - Dry,Clear,Daylight,Straight,Level,207,Vehs Opposite Approach: U-Turn,07: U-turn,S,1,0,0,0,1,1,1,0,0,0,0,0
248816,248816,Fatal,2012,May,Tuesday,18,Angle,Multi-Vehicle,152.3603994599,-24.8698080512135,George St,,,Bundaberg South,Bundaberg Region,4670,Bundaberg,Wide Bay Burnett,North Coast,Southern,Southern Queensland,Bundaberg,Bundaberg,Wide Bay,Inner Regional,Bundaberg,Hinkler,Locally-controlled,No Roadway Feature,No traffic control,60 km/h,Sealed - Dry,Clear,Darkness - Not lighted,Straight,Level,408,Vehs Manoeuvring: Entering From Footway,08: Vehicle Leaving Driveway,E,1,0,0,0,1,2,0,0,0,0,0,0
248820,248820,Fatal,2012,May,Wednesday,15,Hit pedestrian,Hit pedestrian,153.211726881622,-27.7098825936592,Fryar Rd,Logan St,,Eagleby,Logan City,4207,Beenleigh,Logan,South Eastern,SEQ South,South Coast,Eagleby,Beenleigh,Logan - Beaudesert,Major Cities,Macalister,Forde,Locally-controlled,Intersection - Cross,Operating traffic lights,60 km/h,Sealed - Dry,Clear,Daylight,Straight,Level,001,Pedn: Near Side Vehicle Hit From Right,12: Pedestrian,E,1,0,0,0,1,0,0,1,0,0,1,0
248821,248821,Fatal,2012,May,Thursday,14,Head-on,Multi-Vehicle,152.929356683135,-27.6314926266448,Blue Gum Dr,,,Camira,Ipswich City,4300,Goodna,Ipswich,Southern,SEQ South,Metropolitan,Camira - Gailes,Springfield - Redbank,Ipswich,Major Cities,Jordan,Oxley,Locally-controlled,No Roadway Feature,No traffic control,0 - 50 km/h,Sealed - Dry,Clear,Daylight,Curved - view obscured,Level,201,Vehs Opposite Approach: Head On,02: Head-on,W,1,0,0,0,1,0,1,1,0,0,0,0
248822,248822,Fatal,2012,May,Friday,10,Hit pedestrian,Hit pedestrian,153.042637426418,-27.4453419135289,Breakfast Ck Rd,Jordan Tce,,Newstead,Brisbane City,4006,Fortitude Valley,North Brisbane,Brisbane,SEQ North,Metropolitan,Newstead - Bowen Hills,Brisbane Inner - North,Brisbane Inner City,Major Cities,Mcconnel,Brisbane,Locally-controlled,Intersection - T-Junction,Operating traffic lights,60 km/h,Sealed - Dry,Clear,Daylight,Curved - view open,Grade,002,Pedn: Hit Emerging Behind Vehicle,12: Pedestrian,N,1,1,0,0,2,0,0,1,0,0,1,0
248823,248823,Fatal,2012,May,Saturday,22,Hit object,Single Vehicle,153.07328519212,-26.5356654273657,Sunshine Mwy,Yandina - Coolum Rd,Yandina - Coolum Road,Coolum Beach,Sunshine Coast Region,4573,Coolum,Sunshine Coast,North Coast,SEQ North,North Coast,Eumundi - Yandina,Nambour,Sunshine Coast,Inner Regional,Ninderry,Fairfax,State-controlled,Intersection - Roundabout,Give way sign,60 km/h,Sealed - Dry,Clear,Darkness - Lighted,Curved - view open,Level,805,Off Path-Curve: Out Of Control On Cway,20: Out of Control on Curve,N,2,2,0,0,4,1,0,0,0,0,0,0
248825,248825,Fatal,2012,May,Monday,8,Angle,Multi-Vehicle,151.176849465706,-24.018824842401,Dawson Hwy,,Dawson Highway (Gladstone - Biloela),Calliope,Gladstone Region,4680,Calliope,Capricornia,Central,Central,Central Queensland,Gladstone Hinterland,Gladstone,Central Queensland,Inner Regional,Callide,Flynn,State-controlled,No Roadway Feature,No traffic control,100 - 110 km/h,Sealed - Dry,Clear,Daylight,Straight,Level,506,Vehs Overtaking: Overtake-Right Turn,09: Overtaking Same Direction,W,1,0,0,0,1,1,1,0,0,0,0,0
248826,248826,Fatal,2012,May,Monday,13,Hit object,Single Vehicle,148.421699751036,-20.3579526091587,Crystal Brook Rd,,Crystal Brook Road,Crystal Brook,Whitsunday Region,4800,Proserpine,Mackay,Central,Central,Central Queensland,Proserpine,Whitsunday,Mackay - Isaac - Whitsunday,Outer Regional,Whitsunday,Dawson,State-controlled,No Roadway Feature,No traffic control,100 - 110 km/h,Sealed - Dry,Clear,Daylight,Curved - view open,Level,803,Off Path-Curve: Off Cway Rt Bend Hit Obj,19: Off Carriageway on Curve Hit Object,W,1,0,0,0,1,0,1,0,0,0,0,0
248827,248827,Fatal,2012,May,Monday,13,Hit object,Single Vehicle,152.682206859333,-27.3067059944825,Mount Glorious Rd,,Mount Glorious Road,Dundas,Somerset Region,4306,Esk,Ipswich,Southern,SEQ North,North Coast,Esk,Ipswich Hinterland,Ipswich,Inner Regional,Nanango,Blair,State-controlled,No Roadway Feature,No traffic control,80 - 90 km/h,Sealed - Dry,Clear,Daylight,Curved - view obscured,Grade,502,Vehs Overtaking: Out Of Control,15: Off Carriageway on Straight,W,1,0,0,0,1,0,1,0,0,0,0,0
248954,248954,Fatal,2012,May,Monday,7,Angle,Multi-Vehicle,153.042825542683,-27.4589338876553,James St,Kent St,,New Farm,Brisbane City,4005,Fortitude Valley,North Brisbane,Brisbane,SEQ North,Metropolitan,New Farm,Brisbane Inner,Brisbane Inner City,Major Cities,Mcconnel,Brisbane,Locally-controlled,Intersection - Roundabout,Give way sign,60 km/h,Sealed - Dry,Clear,Daylight,Straight,Crest,102,Vehs Adjacent Approach: Right-Thru,01: Intersection: Adjacent Approach,E,1,0,0,0,1,0,0,1,0,1,0,0
248956,248956,Fatal,2012,May,Tuesday,6,Angle,Multi-Vehicle,152.966334208797,-26.8122272538462,Steve Irwin Way,Landsborough - Maleny Rd,Glass House Mountains Road,Landsborough,Sunshine Coast Region,4550,Beerwah,Sunshine Coast,North Coast,SEQ North,North Coast,Landsborough,Sunshine Coast Hinterland,Sunshine Coast,Inner Regional,Caloundra,Fisher,State-controlled,Intersection - Cross,Stop sign,80 - 90 km/h,Sealed - Dry,Clear,Daylight,Curved - view open,Level,104,Vehs Adjacent Approach: Thru-Right,01: Intersection: Adjacent Approach,N,1,1,0,0,2,1,1,0,0,0,0,0
249069,249069,Fatal,2012,May,Tuesday,10,Angle,Multi-Vehicle,147.423087617532,-19.6641946567545,Fourteenth Ave,Fourth St,,Home Hill,Burdekin Shire,4806,Home Hill,Townsville,Northern,Northern,North Queensland,Burdekin,Charters Towers - Ayr - Ingham,Townsville,Outer Regional,Burdekin,Dawson,Locally-controlled,Intersection - Cross,No traffic control,0 - 50 km/h,Sealed - Dry,Clear,Daylight,Straight,Level,101,Vehs Adjacent Approach: Thru-Thru,01: Intersection: Adjacent Approach,W,1,0,0,0,1,2,0,0,0,0,0,0
249073,249073,Fatal,2012,May,Wednesday,5,Hit object,Single Vehicle,153.411666852574,-28.1465654903877,Goolabah Dr,,,Tallebudgera,Gold Coast City,4228,Palm Beach,Gold Coast,South Eastern,SEQ South,South Coast,Currumbin Valley - Tallebudgera,Mudgeeraba - Tallebudgera,Gold Coast,Major Cities,Currumbin,Mcpherson,Locally-controlled,No Roadway Feature,No traffic control,60 km/h,Sealed - Dry,Clear,Dawn/Dusk,Curved - view open,Grade,804,Off Path-Curve: Off Cway Lt Bend Hit Obj,19: Off Carriageway on Curve Hit Object,N,1,0,0,0,1,1,0,0,0,0,0,0
249078,249078,Fatal,2012,May,Friday,15,Hit object,Single Vehicle,145.322625359209,-16.6628427615091,Mulligan Hwy,,Mulligan Highway (Mount Molloy - Lakeland),Mount Molloy,Mareeba Shire,4871,Mount Molloy,Far North,Far Northern,Northern,North Queensland,Tablelands,Far North,Queensland - Outback,Outer Regional,Cook,Kennedy,State-controlled,No Roadway Feature,No traffic control,80 - 90 km/h,Sealed - Dry,Clear,Daylight,Straight,Grade,704,Off Path-Straight: Right Off Cway Hit Obj,16: Off Carriageway on Straight Hit Object,S,1,1,0,0,2,1,0,0,0,0,0,0
249287,249287,Fatal,2008,August,Monday,14,Hit pedestrian,Hit pedestrian,151.947453468457,-27.5602130467815,Clifford St,Margaret St,,Toowoomba City,Toowoomba Region,4350,Toowoomba,Darling Downs,Southern,Southern,Southern Queensland,Toowoomba - Central,Toowoomba,Toowoomba,Inner Regional,Toowoomba North,Groom,Locally-controlled,Intersection - Cross,Operating traffic lights,60 km/h,Sealed - Dry,Clear,Daylight,Straight,Grade,004,Pedn: Play; Work; Stand; Lie On Cway,12: Pedestrian,N,1,1,0,0,2,0,0,1,0,0,1,0
249465,249465,Fatal,2008,January,Wednesday,7,Overturned,Single Vehicle,152.135028911146,-27.5514227338152,Warrego Hwy,,Warrego Highway (Ipswich - Toowoomba),Helidon,Lockyer Valley Region,4344,Helidon,Darling Downs,Southern,SEQ South,Southern Queensland,Lockyer Valley - West,Toowoomba,Toowoomba,Inner Regional,Lockyer,Wright,State-controlled,No Roadway Feature,No traffic control,100 - 110 km/h,Sealed - Dry,Clear,Daylight,Curved - view open,Grade,805,Off Path-Curve: Out Of Control On Cway,20: Out of Control on Curve,W,1,1,0,0,2,1,0,0,0,0,0,0
249466,249466,Fatal,2008,January,Wednesday,10,Rear-end,Multi-Vehicle,152.611648926463,-26.1422576272114,Bruce Hwy,,Gympie - Curra Road,Chatsworth,Gympie Region,4570,Gympie,Wide Bay Burnett,North Coast,Southern,Southern Queensland,Gympie Region,Gympie - Cooloola,Wide Bay,Inner Regional,Gympie,Wide Bay,State-controlled,No Roadway Feature,No traffic control,100 - 110 km/h,Sealed - Wet,Raining,Daylight,Straight,Grade,303,Vehs Same Direction: Right Rear,04: Rear-end,N,1,1,1,0,3,3,0,0,0,0,0,0
249650,249650,Fatal,2007,August,Friday,15,Hit pedestrian,Hit pedestrian,151.632175852094,-27.7164808548941,Briggs St,Pittsworth - Felton Rd,Pittsworth - Felton Road,Pittsworth,Toowoomba Region,4356,Pittsworth,Darling Downs,Southern,Southern,Southern Queensland,Pittsworth,Darling Downs - East,Darling Downs - Maranoa,Inner Regional,Condamine,Groom,State-controlled,Intersection - T-Junction,No traffic control,0 - 50 km/h,Sealed - Dry,Clear,Daylight,Straight,Level,001,Pedn: Near Side Vehicle Hit From Right,12: Pedestrian,N,1,0,0,0,1,1,0,0,0,0,1,0
249701,249701,Fatal,2008,February,Wednesday,19,Hit object,Single Vehicle,153.248455962559,-27.6792583661343,Beenleigh - Redland Bay Rd,,Beenleigh - Redland Bay Road,Carbrook,Logan City,4130,Loganholme,Logan,South Eastern,SEQ South,South Coast,Cornubia - Carbrook,Loganlea - Carbrook,Logan - Beaudesert,Major Cities,Macalister,Forde,State-controlled,No Roadway Feature,No traffic control,80 - 90 km/h,Sealed - Dry,Clear,Darkness - Not lighted,Curved - view open,Level,803,Off Path-Curve: Off Cway Rt Bend Hit Obj,19: Off Carriageway on Curve Hit Object,E,1,0,0,0,1,1,0,0,0,0,0,0
249841,249841,Fatal,2008,January,Wednesday,12,Overturned,Single Vehicle,141.495897388312,-19.8355374760231,Taldora Rd,,,Taldora,Mckinlay Shire,4823,Julia Creek,Mount Isa,Northern,Northern,North Queensland,Northern Highlands,Outback - North,Queensland - Outback,Very Remote,Traeger,Kennedy,Locally-controlled,No Roadway Feature,No traffic control,100 - 110 km/h,Unsealed - Wet,Raining,Daylight,Straight,Level,705,Off Path-Straight: Out Of Control On Cway,17: Out of Control on Straight,N,1,0,0,0,1,1,0,0,0,0,0,0
249906,249906,Fatal,2008,March,Wednesday,22,Hit object,Single Vehicle,152.968652823925,-26.3085308370439,Boreen Point - Tewantin Rd,,Boreen Point - Tewantin Road,Ringtail Creek,Noosa Shire,4565,Noosa Heads,Sunshine Coast,North Coast,SEQ North,North Coast,Noosa Hinterland,Noosa Hinterland,Sunshine Coast,Inner Regional,Noosa,Wide Bay,State-controlled,No Roadway Feature,No traffic control,100 - 110 km/h,Sealed - Dry,Clear,Darkness - Lighted,Straight,Grade,703,Off Path-Straight: Left Off Cway Hit Obj,16: Off Carriageway on Straight Hit Object,N,3,0,0,0,3,1,0,0,0,0,0,0
249976,249976,Fatal,2007,December,Tuesday,10,Rear-end,Multi-Vehicle,153.080472120218,-27.4227608861535,Gateway Arterial Rd,,Southern Cross Way,Hendra,Brisbane City,4011,Hendra,North Brisbane,Brisbane,SEQ North,Metropolitan,Brisbane Airport,Nundah,Brisbane - North,Major Cities,Clayfield,Lilley,State-controlled,No Roadway Feature,No traffic control,80 - 90 km/h,Sealed - Dry,Clear,Daylight,Straight,Level,301,Vehs Same Direction: Rear End,04: Rear-end,S,1,1,0,0,2,2,0,0,0,0,0,0
249982,249982,Fatal,2009,February,Saturday,22,Hit pedestrian,Hit pedestrian,152.743995713051,-27.6007719179322,Albion St,,,Brassall,Ipswich City,4305,Karana Downs,Ipswich,Southern,SEQ South,Metropolitan,Brassall,Ipswich Inner,Ipswich,Major Cities,Ipswich West,Blair,Locally-controlled,No Roadway Feature,No traffic control,60 km/h,Sealed - Dry,Clear,Darkness - Lighted,Straight,Level,004,Pedn: Play; Work; Stand; Lie On Cway,12: Pedestrian,S,1,0,0,0,1,1,0,0,0,0,1,0
250053,250053,Fatal,2008,June,Wednesday,16,Angle,Multi-Vehicle,146.275904378171,-20.0952286720566,Aberdeen Rd,Bluff Rd,,Millchester,Charters Towers Region,4820,Charters Towers,Townsville,Northern,Northern,North Queensland,Charters Towers,Charters Towers - Ayr - Ingham,Townsville,Outer Regional,Traeger,Kennedy,Locally-controlled,Intersection - Cross,Stop sign,60 km/h,Sealed - Dry,Clear,Daylight,Straight,Crest,101,Vehs Adjacent Approach: Thru-Thru,01: Intersection: Adjacent Approach,N,1,0,0,1,2,1,1,0,0,0,0,0
250054,250054,Fatal,2008,April,Monday,21,Hit object,Single Vehicle,153.113596352364,-27.5199771302567,Greendale Way,,,Carindale,Brisbane City,4152,Carina,South Brisbane,Brisbane,SEQ South,Metropolitan,Carindale,Carindale,Brisbane - South,Major Cities,Chatsworth,Bonner,Locally-controlled,No Roadway Feature,No traffic control,0 - 50 km/h,Sealed - Dry,Clear,Darkness - Lighted,Curved - view open,Grade,803,Off Path-Curve: Off Cway Rt Bend Hit Obj,19: Off Carriageway on Curve Hit Object,W,1,0,0,0,1,1,0,0,0,0,0,0
250919,250919,Fatal,2003,September,Wednesday,20,Head-on,Multi-Vehicle,153.019472297954,-27.5479278460137,Beaudesert Rd,,,Rocklea,Brisbane City,4106,Moorooka,South Brisbane,Brisbane,SEQ South,Metropolitan,Rocklea - Acacia Ridge,Rocklea - Acacia Ridge,Brisbane - South,Major Cities,Toohey,Moreton,Locally-controlled,No Roadway Feature,No traffic control,70 km/h,Sealed - Dry,Clear,Darkness - Lighted,Curved - view open,Grade,201,Vehs Opposite Approach: Head On,02: Head-on,S,1,0,1,0,2,2,0,0,0,0,0,0
250923,250923,Fatal,2003,September,Thursday,17,Angle,Multi-Vehicle,145.634336943509,-17.3029005476101,Lakes Dr,Russell Rd,,Lake Eacham,Tablelands Region,4884,Yungaburra,Far North,Far Northern,Northern,North Queensland,Malanda - Yungaburra,Tablelands (east) - Kuranda,Cairns,Outer Regional,Hill,Kennedy,Locally-controlled,Intersection - Cross,Give way sign,80 - 90 km/h,Sealed - Dry,Clear,Dawn/Dusk,Straight,Level,104,Vehs Adjacent Approach: Thru-Right,01: Intersection: Adjacent Approach,W,1,1,0,0,2,2,0,0,0,0,0,0
250924,250924,Fatal,2003,September,Thursday,22,Head-on,Multi-Vehicle,152.530566413719,-27.394374374204,West Rd,,,Coominya,Somerset Region,4311,Lowood,Ipswich,Southern,SEQ North,North Coast,Lowood,Ipswich Hinterland,Ipswich,Inner Regional,Nanango,Blair,Locally-controlled,No Roadway Feature,No traffic control,100 - 110 km/h,Sealed - Dry,Clear,Darkness - Not lighted,Straight,Crest,501,Vehs Overtaking: Head On,02: Head-on,E,2,1,0,0,3,2,0,0,0,0,0,0
251258,251258,Fatal,2003,July,Monday,8,Hit pedestrian,Hit pedestrian,153.106631086431,-26.409068816705,Hill St,Maroochydore - Noosa Rd,,Sunshine Beach,Noosa Shire,4567,Noosa Heads,Sunshine Coast,North Coast,SEQ North,North Coast,Sunshine Beach,Noosa,Sunshine Coast,Major Cities,Noosa,Wide Bay,Locally-controlled,Intersection - Roundabout,Give way sign,60 km/h,Sealed - Wet,Raining,Daylight,Curved - view open,Grade,001,Pedn: Near Side Vehicle Hit From Right,12: Pedestrian,S,1,0,0,0,1,0,0,1,0,0,1,0
251298,251298,Fatal,2003,July,Wednesday,16,Overturned,Single Vehicle,152.938524534301,-25.9474792611198,Tin Can Bay Rd,,Tin Can Bay Road,Wallu,Gympie Region,4570,Tin Can Bay,Wide Bay Burnett,North Coast,Southern,Southern Queensland,Cooloola,Gympie - Cooloola,Wide Bay,Inner Regional,Gympie,Wide Bay,State-controlled,No Roadway Feature,No traffic control,100 - 110 km/h,Sealed - Dry,Clear,Daylight,Curved - view obscured,Grade,802,Off Path-Curve: Off Cway Left Bend,18: Off Carriageway on Curve,E,1,2,0,0,3,1,0,0,0,0,0,0
251299,251299,Fatal,2003,June,Sunday,1,Hit object,Single Vehicle,152.943970076261,-27.3078388885486,Kremzow Rd,,,Warner,Moreton Bay Region,4500,Albany Creek,North Brisbane,Brisbane,SEQ North,North Coast,Cashmere,The Hills District,Moreton Bay - South,Major Cities,Pine Rivers,Dickson,Locally-controlled,No Roadway Feature,No traffic control,80 - 90 km/h,Sealed - Dry,Clear,Darkness - Lighted,Curved - view open,Grade,804,Off Path-Curve: Off Cway Lt Bend Hit Obj,19: Off Carriageway on Curve Hit Object,W,1,0,0,0,1,1,0,0,0,0,0,0