_id,Crash_Ref_Number,Crash_Severity,Crash_Year,Crash_Month,Crash_Day_Of_Week,Crash_Hour,Crash_Nature,Crash_Type,Crash_Longitude,Crash_Latitude,Crash_Street,Crash_Street_Intersecting,State_Road_Name,Loc_Suburb,Loc_Local_Government_Area,Loc_Post_Code,Loc_Police_Division,Loc_Police_District,Loc_Police_Region,Loc_Queensland_Transport_Region,Loc_Main_Roads_Region,Loc_ABS_Statistical_Area_2,Loc_ABS_Statistical_Area_3,Loc_ABS_Statistical_Area_4,Loc_ABS_Remoteness,Loc_State_Electorate,Loc_Federal_Electorate,Crash_Controlling_Authority,Crash_Roadway_Feature,Crash_Traffic_Control,Crash_Speed_Limit,Crash_Road_Surface_Condition,Crash_Atmospheric_Condition,Crash_Lighting_Condition,Crash_Road_Horiz_Align,Crash_Road_Vert_Align,Crash_DCA_Code,Crash_DCA_Description,Crash_DCA_Group_Description,DCA_Key_Approach_Dir,Count_Casualty_Fatality,Count_Casualty_Hospitalised,Count_Casualty_MedicallyTreated,Count_Casualty_MinorInjury,Count_Casualty_Total,Count_Unit_Car,Count_Unit_Motorcycle_Moped,Count_Unit_Truck,Count_Unit_Bus,Count_Unit_Bicycle,Count_Unit_Pedestrian,Count_Unit_Other
251303,251303,Fatal,2003,July,Thursday,16,Angle,Multi-Vehicle,153.141538165765,-27.4300182193614,Port Of Brisbane Rd,,Port Of Brisbane Road,Lytton,Brisbane City,4178,Wynnum,South Brisbane,Brisbane,SEQ South,Metropolitan,Brisbane Port - Lytton,Wynnum - Manly,Brisbane - East,Major Cities,Lytton,Bonner,State-controlled,No Roadway Feature,No traffic control,80 - 90 km/h,Sealed - Dry,Clear,Daylight,Straight,Level,308,Vehs Same Direction: Right Turn S/Swipe,06: Parallel Lanes Turning,E,1,0,0,0,1,1,0,1,0,0,0,0
251304,251304,Fatal,2003,July,Friday,19,Head-on,Multi-Vehicle,146.006289527812,-17.8127422843128,Bruce Hwy,,Bruce Highway (Ingham - Innisfail),El Arish,Cassowary Coast Region,4855,El Arish,Far North,Far Northern,Northern,North Queensland,Johnstone,Innisfail - Cassowary Coast,Cairns,Outer Regional,Hill,Kennedy,State-controlled,No Roadway Feature,No traffic control,100 - 110 km/h,Sealed - Dry,Clear,Dawn/Dusk,Straight,Level,201,Vehs Opposite Approach: Head On,02: Head-on,N,1,2,0,0,3,1,0,0,0,0,0,1
251326,251326,Fatal,2006,September,Tuesday,20,Head-on,Multi-Vehicle,140.25834863888,-20.7366909159333,Barkly Hwy,,Barkly Highway (Cloncurry - Mount Isa),Cloncurry,Cloncurry Shire,4824,Cloncurry,Mount Isa,Northern,Northern,North Queensland,Mount Isa Region,Outback - North,Queensland - Outback,Very Remote,Traeger,Kennedy,State-controlled,No Roadway Feature,No traffic control,100 - 110 km/h,Sealed - Dry,Clear,Darkness - Not lighted,Curved - view open,Level,201,Vehs Opposite Approach: Head On,02: Head-on,W,2,1,0,0,3,1,0,1,0,0,0,0
251375,251375,Fatal,2003,September,Saturday,14,Hit object,Single Vehicle,151.046322478117,-27.1355839734182,Daandine - Nandi Rd,,,Ranges Bridge,Western Downs Region,4405,Dalby,South West,Southern,Southern,Southern Queensland,Wambo,Darling Downs - East,Darling Downs - Maranoa,Outer Regional,Warrego,Maranoa,Locally-controlled,No Roadway Feature,No traffic control,100 - 110 km/h,Unsealed - Dry,Clear,Daylight,Curved - view open,Level,804,Off Path-Curve: Off Cway Lt Bend Hit Obj,19: Off Carriageway on Curve Hit Object,N,1,0,0,0,1,1,0,0,0,0,0,0
251376,251376,Fatal,2003,September,Saturday,18,Hit object,Single Vehicle,152.954233690355,-26.5356433824231,Bunya Rd,,,Bridges,Sunshine Coast Region,4561,Nambour,Sunshine Coast,North Coast,SEQ North,North Coast,Eumundi - Yandina,Nambour,Sunshine Coast,Inner Regional,Nicklin,Fairfax,Locally-controlled,No Roadway Feature,No traffic control,80 - 90 km/h,Sealed - Dry,Clear,Darkness - Not lighted,Curved - view open,Level,804,Off Path-Curve: Off Cway Lt Bend Hit Obj,19: Off Carriageway on Curve Hit Object,N,1,0,0,0,1,0,1,0,0,0,0,0
251377,251377,Fatal,2003,September,Sunday,2,Hit object,Single Vehicle,153.121358625337,-26.8148460284374,Esplanade,,,Golden Beach,Sunshine Coast Region,4551,Caloundra,Sunshine Coast,North Coast,SEQ North,North Coast,Golden Beach - Pelican Waters,Caloundra,Sunshine Coast,Major Cities,Caloundra,Fisher,Locally-controlled,No Roadway Feature,No traffic control,60 km/h,Sealed - Dry,Clear,Darkness - Lighted,Straight,Level,704,Off Path-Straight: Right Off Cway Hit Obj,16: Off Carriageway on Straight Hit Object,S,1,0,0,0,1,1,0,0,0,0,0,0
251484,251484,Fatal,2006,January,Friday,14,Hit object,Single Vehicle,150.644114365576,-23.2089916087619,Rockhampton - Yeppoon Rd,,Rockhampton - Yeppoon Road,Mulara,Livingstone Shire,4703,Yeppoon,Capricornia,Central,Central,Central Queensland,Rockhampton Region - North,Rockhampton,Central Queensland,Inner Regional,Keppel,Capricornia,State-controlled,No Roadway Feature,No traffic control,100 - 110 km/h,Sealed - Dry,Clear,Daylight,Straight,Level,704,Off Path-Straight: Right Off Cway Hit Obj,16: Off Carriageway on Straight Hit Object,E,1,0,0,0,1,1,0,0,0,0,0,0
251523,251523,Fatal,2004,March,Sunday,18,Hit pedestrian,Hit pedestrian,153.002675687514,-27.4944268249059,Sir Fred Schonell Dr,,,St Lucia,Brisbane City,4067,Indooroopilly,North Brisbane,Brisbane,SEQ North,Metropolitan,St Lucia,Sherwood - Indooroopilly,Brisbane - West,Major Cities,Maiwar,Ryan,Locally-controlled,No Roadway Feature,No traffic control,60 km/h,Sealed - Dry,Clear,Darkness - Lighted,Straight,Level,003,Pedn: Far Side Vehicle Hit From Left,12: Pedestrian,W,1,0,0,0,1,1,0,0,0,0,1,0
251548,251548,Fatal,2003,November,Tuesday,15,Angle,Multi-Vehicle,145.93292496894,-17.9511075182432,Bruce Hwy,,,Silky Oak,Cassowary Coast Region,4854,Tully,Far North,Far Northern,Northern,North Queensland,Tully,Innisfail - Cassowary Coast,Cairns,Outer Regional,Hinchinbrook,Kennedy,State-controlled,No Roadway Feature,No traffic control,80 - 90 km/h,Sealed - Dry,Clear,Daylight,Straight,Level,207,Vehs Opposite Approach: U-Turn,07: U-turn,N,2,1,0,0,3,2,0,0,0,0,0,0
251551,251551,Fatal,2003,November,Wednesday,0,Hit pedestrian,Hit pedestrian,152.971356610971,-26.6133377487595,Nambour Connection Rd,,Nambour Connection Road,Nambour,Sunshine Coast Region,4560,Nambour,Sunshine Coast,North Coast,SEQ North,North Coast,Nambour,Nambour,Sunshine Coast,Major Cities,Nicklin,Fairfax,State-controlled,No Roadway Feature,No traffic control,80 - 90 km/h,Sealed - Dry,Clear,Darkness - Not lighted,Straight,Grade,004,Pedn: Play; Work; Stand; Lie On Cway,12: Pedestrian,N,1,0,0,0,1,0,0,1,0,0,1,0
251555,251555,Fatal,2003,November,Sunday,1,Hit pedestrian,Hit pedestrian,153.10728359787,-26.6781921679277,Palm Dr,,,Mooloolaba,Sunshine Coast Region,4557,Maroochydore,Sunshine Coast,North Coast,SEQ North,North Coast,Mooloolaba - Alexandra Headland,Maroochy,Sunshine Coast,Major Cities,Maroochydore,Fisher,Locally-controlled,No Roadway Feature,No traffic control,0 - 50 km/h,Sealed - Dry,Clear,Darkness - Not lighted,Straight,Level,004,Pedn: Play; Work; Stand; Lie On Cway,12: Pedestrian,S,1,0,0,0,1,1,0,0,0,0,1,0
251706,251706,Fatal,2003,November,Sunday,20,Overturned,Single Vehicle,150.394453220619,-23.6087369135172,Razorback Rd,,,Moongan,Rockhampton Region,4714,Mount Morgan,Capricornia,Central,Central,Central Queensland,Mount Morgan,Rockhampton,Central Queensland,Inner Regional,Mirani,Flynn,Locally-controlled,No Roadway Feature,No traffic control,80 - 90 km/h,Sealed - Dry,Clear,Darkness - Not lighted,Curved - view open,Dip,801,Off Path-Curve: Off Cway Right Bend,18: Off Carriageway on Curve,N,1,0,0,0,1,1,0,0,0,0,0,0
251763,251763,Fatal,2004,January,Thursday,15,Collision - miscellaneous,Other,151.585084849788,-24.8721047436797,Gaeta Rd,,,Gaeta,Bundaberg Region,4671,Gin Gin,Wide Bay Burnett,North Coast,Southern,Southern Queensland,Gin Gin,Burnett,Wide Bay,Outer Regional,Callide,Flynn,Locally-controlled,No Roadway Feature,No traffic control,100 - 110 km/h,Unsealed - Wet,Raining,Daylight,Curved - view open,Dip,600,Vehs On Path: Other,21: Other,S,1,0,0,0,1,1,0,0,0,0,0,0
251792,251792,Fatal,2004,February,Sunday,9,Head-on,Multi-Vehicle,153.298325523259,-28.0366719360006,Hinze Dam Rd,,Hinze Dam Road,Gilston,Gold Coast City,4211,Nerang,Gold Coast,South Eastern,SEQ South,South Coast,Nerang - Mount Nathan,Nerang,Gold Coast,Major Cities,Mudgeeraba,Wright,State-controlled,No Roadway Feature,No traffic control,60 km/h,Sealed - Dry,Clear,Daylight,Curved - view obscured,Crest,201,Vehs Opposite Approach: Head On,02: Head-on,E,1,0,0,0,1,0,1,0,1,0,0,0
252112,252112,Fatal,2003,July,Tuesday,19,Hit object,Single Vehicle,153.290074846315,-27.6147097538428,Gordon Rd,,,Redland Bay,Redland City,4165,Redland Bay,South Brisbane,Brisbane,SEQ South,Metropolitan,Redland Bay,Cleveland - Stradbroke,Brisbane - East,Major Cities,Redlands,Bowman,Locally-controlled,No Roadway Feature,No traffic control,60 km/h,Sealed - Dry,Clear,Darkness - Not lighted,Curved - view open,Level,800,Off Path-Curve: Other,21: Other,E,1,1,0,0,2,1,0,0,0,0,0,0
252118,252118,Fatal,2003,July,Sunday,7,Hit object,Single Vehicle,148.669528790042,-21.1271358200147,Owens Creek Rd,,,Owens Creek,Mackay Region,4741,Finch Hatton,Mackay,Central,Central,Central Queensland,Pioneer Valley,Mackay,Mackay - Isaac - Whitsunday,Outer Regional,Mirani,Capricornia,Locally-controlled,No Roadway Feature,No traffic control,80 - 90 km/h,Sealed - Dry,Clear,Daylight,Curved - view open,Level,804,Off Path-Curve: Off Cway Lt Bend Hit Obj,19: Off Carriageway on Curve Hit Object,E,1,0,0,0,1,0,1,0,0,0,0,0
252119,252119,Fatal,2003,July,Saturday,5,Overturned,Single Vehicle,142.366441617036,-10.9714987711323,Bamaga Rd,,,Injinoo,Northern Peninsula Area Region,4876,Bamaga,Far North,Far Northern,Northern,North Queensland,Northern Peninsula,Far North,Queensland - Outback,Very Remote,Cook,Leichhardt,Locally-controlled,No Roadway Feature,No traffic control,80 - 90 km/h,Unknown,Unknown,Daylight,Straight,Level,705,Off Path-Straight: Out Of Control On Cway,17: Out of Control on Straight,S,1,0,0,0,1,1,0,0,0,0,0,0
252159,252159,Fatal,2003,September,Friday,2,Hit object,Single Vehicle,152.95077985904,-27.478944099584,Sir Samuel Griffith Dr,,,Mount Coot-tha,Brisbane City,4066,Indooroopilly,North Brisbane,Brisbane,SEQ North,Metropolitan,Mount Coot-tha,The Gap - Enoggera,Brisbane - West,Major Cities,Maiwar,Ryan,Locally-controlled,No Roadway Feature,No traffic control,0 - 50 km/h,Sealed - Dry,Clear,Darkness - Not lighted,Curved - view open,Grade,800,Off Path-Curve: Other,21: Other,W,1,0,0,0,1,0,1,0,0,0,0,0
252541,252541,Fatal,2003,July,Sunday,14,Hit object,Single Vehicle,151.242012701989,-23.9980858222968,Bruce Hwy,,Bruce Highway (Benaraby - Rockhampton),Calliope,Gladstone Region,4680,Calliope,Capricornia,Central,Central,Central Queensland,Gladstone Hinterland,Gladstone,Central Queensland,Inner Regional,Callide,Flynn,State-controlled,No Roadway Feature,No traffic control,100 - 110 km/h,Sealed - Dry,Clear,Daylight,Straight,Level,703,Off Path-Straight: Left Off Cway Hit Obj,16: Off Carriageway on Straight Hit Object,S,1,0,0,0,1,1,0,0,0,0,0,0
252543,252543,Fatal,2003,August,Friday,6,Hit pedestrian,Hit pedestrian,148.81267025058,-21.1266449348974,Mirani - Mt Ossa Rd,,Mirani - Mount Ossa Road,Mount Martin,Mackay Region,4754,Mirani,Mackay,Central,Central,Central Queensland,Pioneer Valley,Mackay,Mackay - Isaac - Whitsunday,Outer Regional,Mirani,Capricornia,State-controlled,No Roadway Feature,No traffic control,100 - 110 km/h,Sealed - Dry,Clear,Daylight,Straight,Level,005,Pedn: Hit Walking With Traffic,12: Pedestrian,N,1,0,0,0,1,1,0,0,0,0,1,0
252705,252705,Fatal,2006,January,Friday,14,Angle,Multi-Vehicle,153.013859831801,-27.3635887549929,Albany Creek Sub-Arterial Rd,,Albany Creek Sub-Arterial Road,Aspley,Brisbane City,4034,Carseldine,North Brisbane,Brisbane,SEQ North,Metropolitan,Aspley,Chermside,Brisbane - North,Major Cities,Aspley,Petrie,State-controlled,No Roadway Feature,Operating traffic lights,60 km/h,Sealed - Wet,Raining,Daylight,Straight,Level,207,Vehs Opposite Approach: U-Turn,07: U-turn,W,1,0,0,0,1,2,0,0,0,0,0,0
252739,252739,Fatal,2006,January,Thursday,17,Hit object,Single Vehicle,145.099793399356,-15.6938542119968,Mulligan Hwy,,,Lakeland,Cook Shire,4871,Cooktown,Far North,Far Northern,Northern,North Queensland,Cape York,Far North,Queensland - Outback,Remote,Cook,Leichhardt,State-controlled,No Roadway Feature,No traffic control,100 - 110 km/h,Sealed - Wet,Raining,Daylight,Straight,Level,703,Off Path-Straight: Left Off Cway Hit Obj,16: Off Carriageway on Straight Hit Object,W,1,0,0,0,1,1,0,0,0,0,0,0
252836,252836,Fatal,2003,September,Saturday,0,Hit object,Single Vehicle,152.95969001457,-26.7310945305331,Palmwoods - Mooloolah Rd,,Palmwoods - Mooloolah Road,Eudlo,Sunshine Coast Region,4554,Beerwah,Sunshine Coast,North Coast,SEQ North,North Coast,Palmwoods,Sunshine Coast Hinterland,Sunshine Coast,Inner Regional,Glass House,Fisher,State-controlled,No Roadway Feature,No traffic control,100 - 110 km/h,Unsealed - Dry,Clear,Darkness - Not lighted,Straight,Grade,700,Off Path-Straight: Other,21: Other,N,1,0,0,0,1,0,0,0,0,1,0,0
252919,252919,Fatal,2003,August,Saturday,9,Angle,Multi-Vehicle,153.082208859151,-27.4930059298838,Arrol St,Old Cleveland Rd,,Camp Hill,Brisbane City,4152,Carina,South Brisbane,Brisbane,SEQ South,Metropolitan,Camp Hill,Carindale,Brisbane - South,Major Cities,Chatsworth,Griffith,Locally-controlled,Intersection - T-Junction,No traffic control,60 km/h,Sealed - Dry,Clear,Daylight,Straight,Level,107,Vehs Adjacent Approach: Thru-Left,01: Intersection: Adjacent Approach,E,1,0,0,1,2,1,1,0,0,0,0,0
252989,252989,Fatal,2003,October,Monday,8,Angle,Multi-Vehicle,152.962127233833,-26.8636892248355,Steve Irwin Way,Roys Rd,Glass House Mountains Road,Beerwah,Sunshine Coast Region,4519,Beerwah,Sunshine Coast,North Coast,SEQ North,North Coast,Beerwah,Sunshine Coast Hinterland,Sunshine Coast,Inner Regional,Caloundra,Fisher,State-controlled,Intersection - Cross,Stop sign,80 - 90 km/h,Sealed - Dry,Clear,Daylight,Straight,Level,101,Vehs Adjacent Approach: Thru-Thru,01: Intersection: Adjacent Approach,S,1,0,2,1,4,2,0,0,0,0,0,0
252994,252994,Fatal,2003,October,Wednesday,12,Hit object,Single Vehicle,153.017977355707,-27.7408044653845,Glenwood Rd,Greenhill Rd,,Munruben,Logan City,4125,Jimboomba,Logan,South Eastern,SEQ South,South Coast,Munruben - Park Ridge South,Browns Plains,Logan - Beaudesert,Major Cities,Logan,Wright,Locally-controlled,Intersection - T-Junction,No traffic control,0 - 50 km/h,Sealed - Wet,Raining,Daylight,Straight,Grade,703,Off Path-Straight: Left Off Cway Hit Obj,16: Off Carriageway on Straight Hit Object,S,1,0,0,0,1,1,0,0,0,0,0,0
252999,252999,Fatal,2003,October,Friday,3,Hit object,Single Vehicle,149.245432311038,-21.383042906497,Sarina - Coast Rd,,Sarina - Coast Road,Sarina,Mackay Region,4737,Sarina,Mackay,Central,Central,Central Queensland,Sarina,Mackay,Mackay - Isaac - Whitsunday,Outer Regional,Mirani,Capricornia,State-controlled,No Roadway Feature,No traffic control,100 - 110 km/h,Sealed - Wet,Raining,Darkness - Not lighted,Straight,Grade,703,Off Path-Straight: Left Off Cway Hit Obj,16: Off Carriageway on Straight Hit Object,W,1,0,0,0,1,1,0,0,0,0,0,0
253000,253000,Fatal,2003,October,Sunday,5,Hit object,Single Vehicle,151.981439331039,-27.6074057014223,Flagstone Creek Rd,,,Middle Ridge,Toowoomba Region,4350,Toowoomba,Darling Downs,Southern,Southern,Southern Queensland,Middle Ridge,Toowoomba,Toowoomba,Inner Regional,Toowoomba South,Groom,Locally-controlled,No Roadway Feature,No traffic control,60 km/h,Sealed - Dry,Clear,Dawn/Dusk,Curved - view obscured,Grade,800,Off Path-Curve: Other,21: Other,W,1,0,0,0,1,1,0,0,0,0,0,0
253055,253055,Fatal,2003,November,Friday,23,Hit object,Single Vehicle,151.295140341098,-24.9214829028144,Mcleods Rd,Yarrol Rd,,Ventnor,North Burnett Region,4630,Monto,Wide Bay Burnett,North Coast,Southern,Southern Queensland,Monto - Eidsvold,Burnett,Wide Bay,Outer Regional,Callide,Flynn,Locally-controlled,Intersection - T-Junction,No traffic control,100 - 110 km/h,Unsealed - Dry,Clear,Darkness - Not lighted,Curved - view obscured,Crest,804,Off Path-Curve: Off Cway Lt Bend Hit Obj,19: Off Carriageway on Curve Hit Object,W,1,2,0,0,3,1,0,0,0,0,0,0
253056,253056,Fatal,2003,November,Saturday,0,Hit object,Single Vehicle,152.937608735806,-27.2849639917309,Oxford St,,,Joyner,Moreton Bay Region,4500,Petrie,Moreton,North Coast,SEQ North,North Coast,Cashmere,The Hills District,Moreton Bay - South,Major Cities,Kurwongbah,Dickson,Locally-controlled,No Roadway Feature,No traffic control,60 km/h,Sealed - Dry,Clear,Darkness - Not lighted,Straight,Level,700,Off Path-Straight: Other,21: Other,W,1,1,2,0,4,1,0,0,0,0,0,0
253057,253057,Fatal,2003,November,Saturday,3,Head-on,Multi-Vehicle,152.153385487169,-28.0812373767488,Cunningham Hwy,,Cunningham Highway (Ipswich - Warwick),Clintonvale,Southern Downs Region,4370,Yangan,Darling Downs,Southern,Southern,Southern Queensland,Southern Downs - East,Granite Belt,Darling Downs - Maranoa,Inner Regional,Southern Downs,Maranoa,State-controlled,No Roadway Feature,No traffic control,100 - 110 km/h,Sealed - Wet,Raining,Darkness - Not lighted,Curved - view open,Level,201,Vehs Opposite Approach: Head On,02: Head-on,E,2,1,0,0,3,1,0,2,0,0,0,0
253058,253058,Fatal,2003,November,Saturday,21,Hit parked vehicle,Single Vehicle,153.058976541386,-27.4871441595012,Temple St,,,Coorparoo,Brisbane City,4151,Coorparoo,South Brisbane,Brisbane,SEQ South,Metropolitan,Coorparoo,Holland Park - Yeronga,Brisbane - South,Major Cities,Greenslopes,Griffith,Locally-controlled,No Roadway Feature,No traffic control,60 km/h,Sealed - Wet,Clear,Darkness - Not lighted,Straight,Level,601,Vehs On Path: Parked,10: Hit Parked Vehicle,W,1,1,0,0,2,3,0,0,0,0,0,0
253059,253059,Fatal,2003,November,Saturday,12,Hit pedestrian,Hit pedestrian,153.017556097891,-26.6239281464753,Petrie Creek Rd,,,Rosemount,Sunshine Coast Region,4560,Nambour,Sunshine Coast,North Coast,SEQ North,North Coast,Diddillibah - Rosemount,Nambour,Sunshine Coast,Major Cities,Ninderry,Fairfax,Locally-controlled,No Roadway Feature,No traffic control,80 - 90 km/h,Sealed - Dry,Clear,Daylight,Curved - view obscured,Level,001,Pedn: Near Side Vehicle Hit From Right,12: Pedestrian,E,1,0,0,0,1,2,0,0,0,0,1,0
253060,253060,Fatal,2003,November,Saturday,15,Hit object,Single Vehicle,153.095688396494,-27.3839499393775,Gateway Arterial Rd,,Gateway Arterial Road (Gateway Motorway - North),Banyo,Brisbane City,4014,Hendra,North Brisbane,Brisbane,SEQ North,Metropolitan,Nudgee - Banyo,Nundah,Brisbane - North,Major Cities,Nudgee,Lilley,State-controlled,No Roadway Feature,No traffic control,80 - 90 km/h,Sealed - Dry,Clear,Daylight,Straight,Level,201,Vehs Opposite Approach: Head On,02: Head-on,N,1,1,0,0,2,2,0,0,0,0,0,0
253061,253061,Fatal,2003,November,Sunday,15,Hit object,Single Vehicle,150.487242877131,-23.5433589053298,Burnett Hwy,,Burnett Highway (Mount Morgan - Rockhampton),Bouldercombe,Rockhampton Region,4702,Gracemere,Capricornia,Central,Central,Central Queensland,Bouldercombe,Rockhampton,Central Queensland,Inner Regional,Mirani,Flynn,State-controlled,No Roadway Feature,No traffic control,80 - 90 km/h,Sealed - Dry,Clear,Daylight,Curved - view open,Level,805,Off Path-Curve: Out Of Control On Cway,20: Out of Control on Curve,N,1,0,2,0,3,1,0,0,0,0,0,0
253062,253062,Fatal,2003,November,Sunday,15,Sideswipe,Multi-Vehicle,153.036383527331,-27.7122323410074,Mt Lindesay Hwy,,Mount Lindesay Highway (Brisbane - Beaudesert),Park Ridge,Logan City,4124,Browns Plains,Logan,South Eastern,SEQ South,South Coast,Boronia Heights - Park Ridge,Browns Plains,Logan - Beaudesert,Major Cities,Logan,Forde,State-controlled,No Roadway Feature,No traffic control,80 - 90 km/h,Sealed - Dry,Clear,Daylight,Curved - view open,Level,201,Vehs Opposite Approach: Head On,02: Head-on,S,1,2,0,0,3,3,0,0,0,0,0,0
253338,253338,Fatal,2003,August,Friday,1,Overturned,Single Vehicle,150.614603168834,-23.3911437535916,Rockhampton - Emu Park Rd,,Rockhampton - Emu Park Road,Nankin,Livingstone Shire,4701,Lakes Creek,Capricornia,Central,Central,Central Queensland,Rockhampton Region - East,Rockhampton,Central Queensland,Outer Regional,Keppel,Capricornia,State-controlled,No Roadway Feature,No traffic control,100 - 110 km/h,Sealed - Dry,Clear,Darkness - Not lighted,Curved - view open,Level,805,Off Path-Curve: Out Of Control On Cway,20: Out of Control on Curve,N,1,0,0,0,1,1,0,0,0,0,0,0
253339,253339,Fatal,2003,August,Friday,8,Angle,Multi-Vehicle,153.330039326843,-28.0128974960339,Armstrong Wy,Tristania Wy,,Highland Park,Gold Coast City,4211,Nerang,Gold Coast,South Eastern,SEQ South,South Coast,Highland Park,Nerang,Gold Coast,Major Cities,Gaven,Moncrieff,Locally-controlled,Intersection - T-Junction,No traffic control,0 - 50 km/h,Sealed - Dry,Clear,Daylight,Straight,Crest,104,Vehs Adjacent Approach: Thru-Right,01: Intersection: Adjacent Approach,S,1,0,0,0,1,0,0,0,0,1,0,1
253340,253340,Fatal,2003,August,Saturday,7,Angle,Multi-Vehicle,153.086213096399,-27.3293322209913,Allpass Pde,Jetty St,,Shorncliffe,Brisbane City,4017,Sandgate,North Brisbane,Brisbane,SEQ North,Metropolitan,Sandgate - Shorncliffe,Sandgate,Brisbane - North,Major Cities,Sandgate,Lilley,Locally-controlled,Intersection - T-Junction,No traffic control,0 - 50 km/h,Sealed - Dry,Clear,Daylight,Straight,Crest,202,Vehs Opposite Approach: Thru-Right,03: Opposing Vehicles Turning,E,1,0,0,0,1,1,0,0,0,1,0,0
253389,253389,Fatal,2003,October,Saturday,13,Sideswipe,Multi-Vehicle,153.34812673515,-27.9951387347326,Nerang - Broadbeach Rd,,Nerang - Broadbeach Road,Nerang,Gold Coast City,4211,Nerang,Gold Coast,South Eastern,SEQ South,South Coast,Nerang - Mount Nathan,Nerang,Gold Coast,Major Cities,Gaven,Moncrieff,State-controlled,No Roadway Feature,No traffic control,60 km/h,Sealed - Dry,Clear,Daylight,Straight,Grade,300,Vehs Same Direction: Other,21: Other,E,1,0,0,0,1,1,1,0,0,0,0,0
253392,253392,Fatal,2003,October,Thursday,0,Rear-end,Multi-Vehicle,152.977533112622,-27.0448769708215,Bruce Hwy,,Bruce Highway (Brisbane - Gympie),Caboolture,Moreton Bay Region,4510,Caboolture,Moreton,North Coast,SEQ North,North Coast,Caboolture,Caboolture,Moreton Bay - North,Major Cities,Pumicestone,Longman,State-controlled,No Roadway Feature,No traffic control,0 - 50 km/h,Sealed - Dry,Clear,Darkness - Not lighted,Straight,Level,301,Vehs Same Direction: Rear End,04: Rear-end,N,1,0,0,0,1,1,0,1,0,0,0,0
253393,253393,Fatal,2003,October,Thursday,7,Head-on,Multi-Vehicle,152.967866294493,-27.0460500648625,Pumicestone Rd,,,Caboolture,Moreton Bay Region,4510,Caboolture,Moreton,North Coast,SEQ North,North Coast,Caboolture,Caboolture,Moreton Bay - North,Major Cities,Pumicestone,Longman,Locally-controlled,No Roadway Feature,No traffic control,80 - 90 km/h,Sealed - Dry,Clear,Daylight,Curved - view open,Level,201,Vehs Opposite Approach: Head On,02: Head-on,S,1,0,0,0,1,1,0,1,0,0,0,0
253396,253396,Fatal,2003,October,Sunday,2,Hit object,Single Vehicle,153.114832987209,-27.5990073900054,South East Arterial Rd,,Pacific Highway (Pacific Motorway),Rochedale South,Logan City,4123,Springwood,Logan,South Eastern,SEQ South,South Coast,Rochedale South - Priestdale,Springwood - Kingston,Logan - Beaudesert,Major Cities,Springwood,Rankin,State-controlled,No Roadway Feature,No traffic control,100 - 110 km/h,Sealed - Dry,Clear,Darkness - Lighted,Straight,Grade,703,Off Path-Straight: Left Off Cway Hit Obj,16: Off Carriageway on Straight Hit Object,S,1,0,0,0,1,1,0,0,0,0,0,0
253397,253397,Fatal,2003,October,Sunday,2,Hit pedestrian,Hit pedestrian,152.697764461813,-26.2321423984504,Bruce Hwy,,Cooroy - Gympie Road,Glanmire,Gympie Region,4570,Gympie,Wide Bay Burnett,North Coast,Southern,Southern Queensland,Gympie - North,Gympie - Cooloola,Wide Bay,Inner Regional,Gympie,Wide Bay,State-controlled,No Roadway Feature,No traffic control,100 - 110 km/h,Sealed - Wet,Raining,Darkness - Not lighted,Curved - view open,Level,004,Pedn: Play; Work; Stand; Lie On Cway,12: Pedestrian,N,1,0,0,0,1,1,0,1,0,0,1,0
253398,253398,Fatal,2003,October,Saturday,18,Hit object,Single Vehicle,153.454492632068,-27.0641562792047,Eastern Beach Rd,,,Moreton Island,Brisbane City,4025,Wynnum,South Brisbane,Brisbane,SEQ North,Metropolitan,Scarborough - Newport - Moreton Island,Redcliffe,Moreton Bay - North,Remote,Redcliffe,Bonner,Locally-controlled,No Roadway Feature,No traffic control,60 km/h,Unsealed - Wet,Clear,Darkness - Not lighted,Straight,Level,607,Vehs On Path: Temporary Object On Cway,21: Other,N,1,0,2,0,3,1,0,0,0,0,0,0
253399,253399,Fatal,2003,October,Saturday,1,Rear-end,Multi-Vehicle,153.117132933376,-26.6980294370783,Sunshine Mwy,,Nicklin Way,Minyama,Sunshine Coast Region,4575,Kawana Waters,Sunshine Coast,North Coast,SEQ North,North Coast,Buddina - Minyama,Caloundra,Sunshine Coast,Major Cities,Kawana,Fisher,State-controlled,Bridge/Causeway,No traffic control,80 - 90 km/h,Sealed - Dry,Clear,Darkness - Lighted,Straight,Level,608,Vehs On Path: Accident Or Broken Down,10: Hit Parked Vehicle,N,1,0,0,0,1,2,0,0,0,0,1,0
253402,253402,Fatal,2003,October,Monday,15,Head-on,Multi-Vehicle,152.435481775591,-24.8456408383619,Windermere Rd,,,Windermere,Bundaberg Region,4670,Bargara,Wide Bay Burnett,North Coast,Southern,Southern Queensland,Bargara - Burnett Heads,Bundaberg,Wide Bay,Inner Regional,Burnett,Hinkler,Locally-controlled,No Roadway Feature,No traffic control,100 - 110 km/h,Sealed - Dry,Clear,Daylight,Curved - view open,Level,201,Vehs Opposite Approach: Head On,02: Head-on,E,1,0,0,0,1,2,0,0,0,0,0,0