_id,Crash_Ref_Number,Crash_Severity,Crash_Year,Crash_Month,Crash_Day_Of_Week,Crash_Hour,Crash_Nature,Crash_Type,Crash_Longitude,Crash_Latitude,Crash_Street,Crash_Street_Intersecting,State_Road_Name,Loc_Suburb,Loc_Local_Government_Area,Loc_Post_Code,Loc_Police_Division,Loc_Police_District,Loc_Police_Region,Loc_Queensland_Transport_Region,Loc_Main_Roads_Region,Loc_ABS_Statistical_Area_2,Loc_ABS_Statistical_Area_3,Loc_ABS_Statistical_Area_4,Loc_ABS_Remoteness,Loc_State_Electorate,Loc_Federal_Electorate,Crash_Controlling_Authority,Crash_Roadway_Feature,Crash_Traffic_Control,Crash_Speed_Limit,Crash_Road_Surface_Condition,Crash_Atmospheric_Condition,Crash_Lighting_Condition,Crash_Road_Horiz_Align,Crash_Road_Vert_Align,Crash_DCA_Code,Crash_DCA_Description,Crash_DCA_Group_Description,DCA_Key_Approach_Dir,Count_Casualty_Fatality,Count_Casualty_Hospitalised,Count_Casualty_MedicallyTreated,Count_Casualty_MinorInjury,Count_Casualty_Total,Count_Unit_Car,Count_Unit_Motorcycle_Moped,Count_Unit_Truck,Count_Unit_Bus,Count_Unit_Bicycle,Count_Unit_Pedestrian,Count_Unit_Other
260695,260695,Fatal,2012,June,Friday,8,Hit object,Single Vehicle,151.932788079092,-25.0398637211876,Saint Kilda Rd,,,St Kilda,Bundaberg Region,4671,Gin Gin,Wide Bay Burnett,North Coast,Southern,Southern Queensland,Gin Gin,Burnett,Wide Bay,Outer Regional,Callide,Flynn,Locally-controlled,No Roadway Feature,No traffic control,80 - 90 km/h,Sealed - Dry,Clear,Daylight,Straight,Crest,703,Off Path-Straight: Left Off Cway Hit Obj,16: Off Carriageway on Straight Hit Object,S,1,0,0,0,1,1,0,0,0,0,0,0
260696,260696,Fatal,2012,June,Sunday,23,Overturned,Single Vehicle,151.936806555886,-26.5400622466737,Hillsdale Rd,,,Booie,South Burnett Region,4610,Kingaroy,Darling Downs,Southern,Southern,Southern Queensland,Kingaroy Region - South,Burnett,Wide Bay,Inner Regional,Nanango,Maranoa,Locally-controlled,No Roadway Feature,No traffic control,100 - 110 km/h,Sealed - Dry,Clear,Darkness - Not lighted,Curved - view open,Grade,805,Off Path-Curve: Out Of Control On Cway,20: Out of Control on Curve,W,1,2,0,0,3,1,0,0,0,0,0,0
261138,261138,Fatal,2017,November,Friday,22,Overturned,Single Vehicle,148.377417159222,-21.1416439701371,Mt Barker Rd,,,Eungella Dam,Mackay Region,4757,Finch Hatton,Mackay,Central,Central,Central Queensland,Eungella Hinterland,Mackay,Mackay - Isaac - Whitsunday,Outer Regional,Burdekin,Capricornia,Locally-controlled,No Roadway Feature,No traffic control,100 - 110 km/h,Unsealed - Dry,Clear,Darkness - Not lighted,Curved - view open,Grade,803,Off Path-Curve: Off Cway Rt Bend Hit Obj,19: Off Carriageway on Curve Hit Object,S,1,0,2,0,3,1,0,0,0,0,0,0
261181,261181,Fatal,2020,July,Monday,14,Hit object,Single Vehicle,149.817876599063,-25.473067127542,Leichhardt Hwy,,Leichhardt Highway (Westwood - Taroom),Ghinghinda,Banana Shire,4420,Taroom,South West,Southern,Central,Central Queensland,Banana,Biloela,Central Queensland,Remote,Callide,Flynn,State-controlled,No Roadway Feature,No traffic control,100 - 110 km/h,Sealed - Dry,Clear,Daylight,Straight,Grade,703,Off Path-Straight: Left Off Cway Hit Obj,16: Off Carriageway on Straight Hit Object,S,1,0,0,0,1,0,0,1,0,0,0,0
261214,261214,Fatal,2020,August,Tuesday,19,Hit object,Single Vehicle,152.961081062344,-27.3006154372041,Old North Rd,,,Bray Park,Moreton Bay Region,4500,Petrie,Moreton,North Coast,SEQ North,North Coast,Bray Park,Strathpine,Moreton Bay - South,Major Cities,Pine Rivers,Dickson,Locally-controlled,No Roadway Feature,No traffic control,70 km/h,Sealed - Dry,Clear,Darkness - Lighted,Curved - view open,Level,803,Off Path-Curve: Off Cway Rt Bend Hit Obj,19: Off Carriageway on Curve Hit Object,,1,1,0,0,2,1,0,0,0,0,0,0
261256,261256,Fatal,2020,August,Sunday,9,Sideswipe,Multi-Vehicle,152.993320070243,-27.210323439718,Boundary Rd,Bruce Hwy Ramp Hc,Bruce Highway (Brisbane - Gympie),Narangba,Moreton Bay Region,4504,Deception Bay,Moreton,North Coast,SEQ North,North Coast,Deception Bay,Narangba - Burpengary,Moreton Bay - North,Major Cities,Bancroft,Petrie,State-controlled,Intersection - Interchange,Operating traffic lights,60 km/h,Sealed - Dry,Clear,Daylight,Curved - view open,Grade,104,Vehs Adjacent Approach: Thru-Right,01: Intersection: Adjacent Approach,E,1,0,0,0,1,1,1,0,0,0,0,0
261324,261324,Fatal,2019,July,Sunday,10,Head-on,Multi-Vehicle,147.015466418754,-19.3937938481845,Bruce Hwy,,Bruce Highway (Ayr - Townsville),Mount Elliot,Townsville City,4816,Giru,Townsville,Northern,Northern,North Queensland,Townsville - South,Townsville,Townsville,Outer Regional,Burdekin,Kennedy,State-controlled,No Roadway Feature,No traffic control,100 - 110 km/h,Sealed - Dry,Clear,Daylight,Curved - view obscured,Crest,201,Vehs Opposite Approach: Head On,02: Head-on,S,1,4,0,0,5,3,0,0,0,0,0,0
261428,261428,Fatal,2020,April,Wednesday,18,Hit parked vehicle,Single Vehicle,152.941478743062,-27.0797695074894,Diamond St,,,Caboolture,Moreton Bay Region,4510,Caboolture,Moreton,North Coast,SEQ North,North Coast,Caboolture,Caboolture,Moreton Bay - North,Major Cities,Morayfield,Longman,Locally-controlled,No Roadway Feature,No traffic control,0 - 50 km/h,Sealed - Dry,Clear,Darkness - Lighted,Straight,Level,200,Vehs Opposite Approach: Other,21: Other,,1,0,0,0,1,1,1,0,0,0,0,0
261477,261477,Fatal,2022,November,Sunday,8,Angle,Multi-Vehicle,152.043868373619,-25.5092453326902,Caroline St,George St,Isis Highway (Biggenden - Coalstoun Lakes),Biggenden,North Burnett Region,4621,Biggenden,Wide Bay Burnett,North Coast,Southern,Southern Queensland,Gayndah - Mundubbera,Burnett,Wide Bay,Outer Regional,Callide,Flynn,State-controlled,Intersection - Cross,Give way sign,60 km/h,Sealed - Dry,Clear,Daylight,Straight,Grade,101,Vehs Adjacent Approach: Thru-Thru,01: Intersection: Adjacent Approach,E,1,0,1,0,2,2,0,0,0,0,0,0
261611,261611,Fatal,2021,August,Sunday,5,Head-on,Multi-Vehicle,148.773542090693,-21.5280270060042,Peak Downs Hwy,,Peak Downs Highway (Nebo - Mackay),Epsom,Isaac Region,4741,Nebo,Mackay,Central,Central,Central Queensland,Broadsound - Nebo,Bowen Basin - North,Mackay - Isaac - Whitsunday,Outer Regional,Burdekin,Capricornia,State-controlled,No Roadway Feature,No traffic control,100 - 110 km/h,Sealed - Dry,Fog,Darkness - Not lighted,Straight,Level,201,Vehs Opposite Approach: Head On,02: Head-on,E,1,1,0,0,2,1,0,1,0,0,0,0
261613,261613,Fatal,2023,September,Saturday,9,Fall from vehicle,Single Vehicle,152.314576173058,-26.9589433705857,Emu Creek Rd,,,Colinton,Somerset Region,4306,Moore,Moreton,North Coast,SEQ North,North Coast,Kilcoy,Caboolture Hinterland,Moreton Bay - North,Outer Regional,Nanango,Blair,Locally-controlled,No Roadway Feature,No traffic control,100 - 110 km/h,Sealed - Dry,Clear,Daylight,Curved - view obscured,Level,802,Off Path-Curve: Off Cway Left Bend,18: Off Carriageway on Curve,,1,0,0,0,1,0,1,0,0,0,0,0
261640,261640,Fatal,2024,June,Thursday,18,Head-on,Multi-Vehicle,152.998602073182,-27.1824174400261,Deception Bay Rd,,Deception Bay Road,Deception Bay,Moreton Bay Region,4508,Deception Bay,Moreton,North Coast,SEQ North,North Coast,Deception Bay,Narangba - Burpengary,Moreton Bay - North,Major Cities,Bancroft,Petrie,State-controlled,No Roadway Feature,No traffic control,70 km/h,Sealed - Dry,Clear,Darkness - Not lighted,Straight,Dip,201,Vehs Opposite Approach: Head On,02: Head-on,E,1,0,0,0,1,1,1,0,0,0,0,0
261890,261890,Fatal,2019,July,Friday,7,Hit object,Single Vehicle,141.13331375725,-21.1537084876679,Landsborough Hwy,,Landsborough Highway (Kynuna - Cloncurry),Mckinlay,Mckinlay Shire,4823,Mckinlay,Mount Isa,Northern,Northern,North Queensland,Northern Highlands,Outback - North,Queensland - Outback,Very Remote,Traeger,Kennedy,State-controlled,No Roadway Feature,No traffic control,100 - 110 km/h,Sealed - Dry,Clear,Dawn/Dusk,Curved - view open,Level,803,Off Path-Curve: Off Cway Rt Bend Hit Obj,19: Off Carriageway on Curve Hit Object,N,2,1,0,0,3,1,0,0,0,0,0,0
261920,261920,Fatal,2021,June,Monday,15,Angle,Multi-Vehicle,153.213069001559,-27.5680654646759,Henderson Rd,Mt Cotton Rd,Redland Bay Road,Capalaba,Redland City,4157,Capalaba,South Brisbane,Brisbane,SEQ South,Metropolitan,Capalaba,Capalaba,Brisbane - East,Major Cities,Capalaba,Bowman,State-controlled,Intersection - T-Junction,No traffic control,60 km/h,Sealed - Dry,Clear,Daylight,Curved - view open,Level,202,Vehs Opposite Approach: Thru-Right,03: Opposing Vehicles Turning,E,1,2,0,0,3,1,1,0,0,0,0,0
262000,262000,Fatal,2022,January,Sunday,8,Head-on,Multi-Vehicle,151.416998228521,-27.2956452872603,Warrego Hwy,,Warrego Highway (Toowoomba - Dalby),Bowenville,Toowoomba Region,4404,Dalby,South West,Southern,Southern,Southern Queensland,Jondaryan,Darling Downs - East,Darling Downs - Maranoa,Inner Regional,Condamine,Groom,State-controlled,No Roadway Feature,No traffic control,100 - 110 km/h,Sealed - Dry,Clear,Daylight,Straight,Level,201,Vehs Opposite Approach: Head On,02: Head-on,E,2,0,0,0,2,1,0,1,0,0,0,0
262044,262044,Fatal,2022,January,Friday,23,Hit object,Single Vehicle,153.095961025799,-27.476221452135,Creek Rd,,,Cannon Hill,Brisbane City,4170,Carina,South Brisbane,Brisbane,SEQ South,Metropolitan,Cannon Hill,Carindale,Brisbane - South,Major Cities,Bulimba,Bonner,Locally-controlled,No Roadway Feature,No traffic control,60 km/h,Sealed - Dry,Clear,Darkness - Lighted,Curved - view open,Crest,804,Off Path-Curve: Off Cway Lt Bend Hit Obj,19: Off Carriageway on Curve Hit Object,,1,0,0,0,1,1,0,0,0,0,0,0
262067,262067,Fatal,2018,July,Friday,15,Hit object,Single Vehicle,152.036172074878,-27.4690501236086,Murphys Creek Rd,,Murphy'S Creek Road,Murphys Creek,Lockyer Valley Region,4352,Helidon,Darling Downs,Southern,SEQ South,Southern Queensland,Lockyer Valley - West,Toowoomba,Toowoomba,Inner Regional,Lockyer,Wright,State-controlled,No Roadway Feature,No traffic control,100 - 110 km/h,Sealed - Dry,Raining,Daylight,Curved - view open,Level,803,Off Path-Curve: Off Cway Rt Bend Hit Obj,19: Off Carriageway on Curve Hit Object,W,1,1,0,0,2,0,0,1,0,0,0,0
262068,262068,Fatal,2018,July,Sunday,1,Hit object,Single Vehicle,152.461271082838,-27.5671783897557,Summerholm Rd,Warrego Hwy,Warrego Highway (Ipswich - Toowoomba),Hatton Vale,Lockyer Valley Region,4341,Laidley,Darling Downs,Southern,SEQ South,Southern Queensland,Lockyer Valley - East,Ipswich Hinterland,Ipswich,Inner Regional,Lockyer,Wright,State-controlled,Intersection - T-Junction,No traffic control,100 - 110 km/h,Sealed - Dry,Clear,Darkness - Not lighted,Curved - view open,Crest,808,Off Path-Curve: Mounts Traffic Island,19: Off Carriageway on Curve Hit Object,E,1,0,0,0,1,0,1,1,0,0,0,0
262073,262073,Fatal,2021,November,Thursday,22,Hit object,Single Vehicle,149.263230940727,-22.6470250565575,Marlborough - Sarina Rd,,Marlborough - Sarina Road,Clarke Creek,Isaac Region,4705,Saint Lawrence,Mackay,Central,Central,Central Queensland,Broadsound - Nebo,Bowen Basin - North,Mackay - Isaac - Whitsunday,Remote,Mirani,Capricornia,State-controlled,Bridge/Causeway,No traffic control,80 - 90 km/h,Sealed - Wet,Raining,Darkness - Not lighted,Straight,Level,704,Off Path-Straight: Right Off Cway Hit Obj,16: Off Carriageway on Straight Hit Object,N,3,2,0,0,5,1,0,0,0,0,0,0
262103,262103,Fatal,2019,July,Thursday,16,Sideswipe,Multi-Vehicle,152.579962064976,-27.6075194017529,Rosewood - Marburg Rd,,Rosewood - Marburg Road,Tallegalla,Ipswich City,4340,Rosewood,Ipswich,Southern,SEQ South,Metropolitan,Rosewood,Ipswich Hinterland,Ipswich,Inner Regional,Ipswich West,Blair,State-controlled,No Roadway Feature,No traffic control,80 - 90 km/h,Sealed - Dry,Clear,Daylight,Curved - view obscured,Grade,201,Vehs Opposite Approach: Head On,02: Head-on,N,1,0,0,0,1,1,1,0,0,0,0,0
262147,262147,Fatal,2021,February,Wednesday,0,Hit object,Single Vehicle,151.071933855562,-23.8346182271529,Gladstone - Mt Larcom Rd,,Gladstone - Mount Larcom Road,Aldoga,Gladstone Region,4694,Mount Larcom,Capricornia,Central,Central,Central Queensland,Gladstone Hinterland,Gladstone,Central Queensland,Outer Regional,Gladstone,Flynn,State-controlled,No Roadway Feature,No traffic control,100 - 110 km/h,Sealed - Dry,Clear,Darkness - Not lighted,Curved - view open,Level,803,Off Path-Curve: Off Cway Rt Bend Hit Obj,19: Off Carriageway on Curve Hit Object,E,1,0,0,0,1,0,1,0,0,0,0,0
262153,262153,Fatal,2022,June,Tuesday,15,Sideswipe,Multi-Vehicle,150.946011671423,-23.7947012152027,Bruce Hwy,,Bruce Highway (Benaraby - Rockhampton),Machine Creek,Gladstone Region,4695,Mount Larcom,Capricornia,Central,Central,Central Queensland,Gladstone Hinterland,Gladstone,Central Queensland,Outer Regional,Gladstone,Flynn,State-controlled,No Roadway Feature,No traffic control,100 - 110 km/h,Sealed - Dry,Clear,Daylight,Straight,Level,201,Vehs Opposite Approach: Head On,02: Head-on,S,1,0,0,0,1,1,0,1,0,0,0,0
262159,262159,Fatal,2023,June,Friday,23,Head-on,Multi-Vehicle,152.996386993572,-27.8156004448071,Cusack La,,,Riverbend,Logan City,4280,Jimboomba,Logan,South Eastern,SEQ South,South Coast,Jimboomba,Jimboomba,Logan - Beaudesert,Inner Regional,Logan,Wright,Locally-controlled,No Roadway Feature,No traffic control,80 - 90 km/h,Sealed - Dry,Clear,Darkness - Lighted,Curved - view open,Level,201,Vehs Opposite Approach: Head On,02: Head-on,W,1,0,1,0,2,1,1,0,0,0,0,0
262186,262186,Fatal,2021,October,Saturday,16,Hit object,Single Vehicle,153.142411021002,-27.4747604568033,Currigee Cct,Tuleen Cl,,Tingalpa,Brisbane City,4173,Wynnum,South Brisbane,Brisbane,SEQ South,Metropolitan,Tingalpa,Wynnum - Manly,Brisbane - East,Major Cities,Lytton,Bonner,Locally-controlled,Intersection - T-Junction,No traffic control,0 - 50 km/h,Sealed - Dry,Clear,Daylight,Curved - view open,Dip,803,Off Path-Curve: Off Cway Rt Bend Hit Obj,19: Off Carriageway on Curve Hit Object,,1,1,0,0,2,1,0,0,0,0,0,0
262250,262250,Fatal,2023,January,Friday,16,Angle,Multi-Vehicle,145.430830713761,-17.0480717132624,Kennedy Hwy,,Kennedy Highway (Mareeba - Ravenshoe),Mareeba,Mareeba Shire,4880,Mareeba,Far North,Far Northern,Northern,North Queensland,Mareeba,Tablelands (east) - Kuranda,Cairns,Outer Regional,Cook,Kennedy,State-controlled,No Roadway Feature,No traffic control,100 - 110 km/h,Sealed - Dry,Clear,Daylight,Straight,Level,202,Vehs Opposite Approach: Thru-Right,03: Opposing Vehicles Turning,N,1,0,0,0,1,1,1,0,0,0,0,0
262252,262252,Fatal,2023,February,Saturday,23,Hit object,Single Vehicle,152.721433997175,-28.0256844190319,Wimmers Hill Rd,,,Milford,Scenic Rim Region,4310,Boonah,Ipswich,Southern,SEQ South,South Coast,Boonah,Ipswich Hinterland,Ipswich,Inner Regional,Scenic Rim,Wright,Locally-controlled,No Roadway Feature,No traffic control,100 - 110 km/h,Sealed - Dry,Clear,Darkness - Not lighted,Curved - view obscured,Grade,804,Off Path-Curve: Off Cway Lt Bend Hit Obj,19: Off Carriageway on Curve Hit Object,,1,3,0,0,4,1,0,0,0,0,0,0
262267,262267,Fatal,2021,November,Monday,18,Head-on,Multi-Vehicle,153.167805972042,-27.8379264622298,Plunkett Rd,,,Cedar Creek,Logan City,4207,Logan Village Yarrabilba,Logan,South Eastern,SEQ South,South Coast,Jimboomba,Jimboomba,Logan - Beaudesert,Major Cities,Logan,Wright,Locally-controlled,No Roadway Feature,No traffic control,80 - 90 km/h,Sealed - Wet,Clear,Dawn/Dusk,Straight,Dip,201,Vehs Opposite Approach: Head On,02: Head-on,S,1,4,0,0,5,2,0,0,0,0,0,0
262311,262311,Fatal,2023,February,Saturday,7,Angle,Multi-Vehicle,152.632222078882,-27.4501664056717,Fielding Rd,Forest Hill - Fernvale Rd,Forest Hill - Fernvale Road,Fernvale,Somerset Region,4306,Lowood,Ipswich,Southern,SEQ North,North Coast,Lowood,Ipswich Hinterland,Ipswich,Inner Regional,Lockyer,Blair,State-controlled,Intersection - Cross,Give way sign,100 - 110 km/h,Sealed - Dry,Clear,Daylight,Curved - view open,Level,101,Vehs Adjacent Approach: Thru-Thru,01: Intersection: Adjacent Approach,N,1,1,1,0,3,2,0,0,0,0,0,0
262410,262410,Fatal,2019,December,Saturday,22,Hit pedestrian,Hit pedestrian,152.468831518377,-27.5642833774752,Warrego Hwy,,Warrego Highway (Ipswich - Toowoomba),Hatton Vale,Lockyer Valley Region,4341,Laidley,Darling Downs,Southern,SEQ South,Southern Queensland,Lockyer Valley - East,Ipswich Hinterland,Ipswich,Inner Regional,Lockyer,Wright,State-controlled,No Roadway Feature,No traffic control,100 - 110 km/h,Sealed - Dry,Clear,Darkness - Not lighted,Straight,Level,006,Pedn: Hit Facing Traffic,12: Pedestrian,W,1,0,0,0,1,0,0,0,0,0,1,1
262447,262447,Fatal,2018,July,Tuesday,11,Hit object,Single Vehicle,143.6690180117,-14.2327065738355,Unnamed Rd,,,Yarraden,Cook Shire,4892,Laura,Far North,Far Northern,Northern,North Queensland,Cape York,Far North,Queensland - Outback,Very Remote,Cook,Leichhardt,Locally-controlled,No Roadway Feature,No traffic control,100 - 110 km/h,Unsealed - Dry,Clear,Daylight,Curved - view open,Level,804,Off Path-Curve: Off Cway Lt Bend Hit Obj,19: Off Carriageway on Curve Hit Object,,1,0,0,0,1,0,1,0,0,0,0,0
262449,262449,Fatal,2022,March,Sunday,7,Hit object,Single Vehicle,149.224544652348,-21.5416361440509,Bruce Hwy,,Bruce Highway (St Lawrence - Mackay),Koumala,Mackay Region,4738,Sarina,Mackay,Central,Central,Central Queensland,Sarina,Mackay,Mackay - Isaac - Whitsunday,Outer Regional,Mirani,Capricornia,State-controlled,Bridge/Causeway,No traffic control,100 - 110 km/h,Sealed - Wet,Raining,Daylight,Straight,Level,201,Vehs Opposite Approach: Head On,02: Head-on,S,1,0,0,0,1,1,0,1,0,0,0,0
262453,262453,Fatal,2023,April,Friday,23,Hit object,Single Vehicle,152.81072704429,-27.5731834243485,Junction Rd,,,Karalee,Ipswich City,4306,Karana Downs,Ipswich,Southern,SEQ South,Metropolitan,Karalee - Barellan Point,Ipswich Inner,Ipswich,Major Cities,Ipswich West,Blair,Locally-controlled,No Roadway Feature,No traffic control,60 km/h,Sealed - Dry,Clear,Darkness - Lighted,Curved - view open,Grade,804,Off Path-Curve: Off Cway Lt Bend Hit Obj,19: Off Carriageway on Curve Hit Object,E,1,0,0,0,1,1,0,0,0,0,0,0
262500,262500,Fatal,2021,August,Monday,10,Overturned,Single Vehicle,151.942530114732,-27.7685483409444,New England Hwy,,New England Highway (Toowoomba - Warwick),East Greenmount,Toowoomba Region,4359,Cambooya,Darling Downs,Southern,Southern,Southern Queensland,Clifton - Greenmount,Granite Belt,Darling Downs - Maranoa,Inner Regional,Condamine,Groom,State-controlled,No Roadway Feature,No traffic control,100 - 110 km/h,Sealed - Dry,Clear,Daylight,Curved - view open,Grade,805,Off Path-Curve: Out Of Control On Cway,20: Out of Control on Curve,S,1,0,0,0,1,0,0,1,0,0,0,0
262533,262533,Fatal,2021,October,Friday,14,Hit pedestrian,Hit pedestrian,152.916067298679,-25.4204124176026,River Heads Rd,,,River Heads,Fraser Coast Region,4655,Hervey Bay,Wide Bay Burnett,North Coast,Southern,Southern Queensland,Booral - River Heads,Hervey Bay,Wide Bay,Inner Regional,Hervey Bay,Hinkler,Locally-controlled,No Roadway Feature,No traffic control,60 km/h,Sealed - Dry,Clear,Daylight,Straight,Grade,003,Pedn: Far Side Vehicle Hit From Left,12: Pedestrian,,1,0,0,0,1,1,0,0,0,0,1,0
262762,262762,Fatal,2024,February,Friday,9,Head-on,Multi-Vehicle,152.741889030974,-27.7389454188112,Ipswich - Boonah Rd,,Ipswich - Boonah Road,Goolman,Ipswich City,4306,Harrisville,Ipswich,Southern,SEQ South,Metropolitan,Rosewood,Ipswich Hinterland,Ipswich,Inner Regional,Scenic Rim,Blair,State-controlled,No Roadway Feature,No traffic control,100 - 110 km/h,Sealed - Wet,Raining,Daylight,Curved - view open,Level,201,Vehs Opposite Approach: Head On,02: Head-on,N,1,0,0,1,2,3,0,0,0,0,0,0
262788,262788,Fatal,2024,February,Monday,7,Head-on,Multi-Vehicle,150.402245743781,-23.5816141639937,Razorback Rd,,,Bouldercombe,Rockhampton Region,4702,Gracemere,Capricornia,Central,Central,Central Queensland,Bouldercombe,Rockhampton,Central Queensland,Inner Regional,Mirani,Flynn,Locally-controlled,No Roadway Feature,No traffic control,80 - 90 km/h,Sealed - Dry,Clear,Daylight,Curved - view obscured,Grade,400,Vehs Manoeuvring: Other,21: Other,N,1,2,0,0,3,2,0,0,0,0,0,0
262805,262805,Fatal,2024,March,Thursday,15,Overturned,Single Vehicle,152.252103109307,-27.5362263690647,Warrego Hwy,,Warrego Highway (Ipswich - Toowoomba),Gatton,Lockyer Valley Region,4343,Gatton,Darling Downs,Southern,SEQ South,Southern Queensland,Gatton,Toowoomba,Toowoomba,Inner Regional,Lockyer,Wright,State-controlled,No Roadway Feature,No traffic control,100 - 110 km/h,Sealed - Dry,Clear,Daylight,Straight,Level,701,Off Path-Straight: Left Off Cway,15: Off Carriageway on Straight,W,1,1,0,0,2,1,0,0,0,0,0,0
262822,262822,Fatal,2021,May,Friday,16,Overturned,Single Vehicle,148.144477958796,-23.4938659706905,Baker St,,,Emerald,Central Highlands Region,4720,Emerald,Capricornia,Central,Central,Central Queensland,Central Highlands - West,Central Highlands (qld),Central Queensland,Outer Regional,Gregory,Flynn,Locally-controlled,No Roadway Feature,No traffic control,100 - 110 km/h,Unsealed - Dry,Clear,Dawn/Dusk,Straight,Level,701,Off Path-Straight: Left Off Cway,15: Off Carriageway on Straight,,1,0,1,2,4,1,0,0,0,0,0,0
262918,262918,Fatal,2023,March,Thursday,7,Hit object,Single Vehicle,145.760992700624,-16.9454477354668,Lyons St,Ray Jones Rd,Bruce Highway (Innisfail - Cairns),Portsmith,Cairns Region,4870,Cairns,Far North,Far Northern,Northern,North Queensland,Westcourt - Bungalow,Cairns - South,Cairns,Outer Regional,Cairns,Leichhardt,State-controlled,Intersection - Cross,Operating traffic lights,80 - 90 km/h,Sealed - Dry,Clear,Daylight,Straight,Level,101,Vehs Adjacent Approach: Thru-Thru,01: Intersection: Adjacent Approach,N,1,0,0,0,1,1,1,0,0,0,0,0
263076,263076,Fatal,2022,October,Sunday,20,Angle,Multi-Vehicle,152.999894042818,-27.422966442062,Railway St,South Pine Rd,,Alderley,Brisbane City,4051,Stafford,North Brisbane,Brisbane,SEQ North,Metropolitan,Alderley,Brisbane Inner - North,Brisbane Inner City,Major Cities,Stafford,Brisbane,Locally-controlled,Intersection - T-Junction,No traffic control,60 km/h,Sealed - Dry,Clear,Darkness - Lighted,Straight,Grade,202,Vehs Opposite Approach: Thru-Right,03: Opposing Vehicles Turning,S,1,0,0,0,1,1,1,0,0,0,0,0
263126,263126,Fatal,2022,March,Monday,21,Hit object,Single Vehicle,145.414635829484,-16.1916281978168,Bloomfield Rd,,,Diwan,Douglas Shire,4873,Mossman,Far North,Far Northern,Northern,North Queensland,Daintree,Port Douglas - Daintree,Cairns,Remote,Cook,Leichhardt,Locally-controlled,No Roadway Feature,No traffic control,60 km/h,Sealed - Dry,Clear,Darkness - Not lighted,Curved - view open,Crest,805,Off Path-Curve: Out Of Control On Cway,20: Out of Control on Curve,S,1,0,0,0,1,1,0,0,0,0,0,0
263179,263179,Fatal,2024,April,Sunday,8,Hit object,Single Vehicle,151.706055485671,-24.8240762947631,Bruce Hwy,,Bruce Highway (Gin Gin - Benaraby),Kolonga,Bundaberg Region,4671,Gin Gin,Wide Bay Burnett,North Coast,Southern,Southern Queensland,Gin Gin,Burnett,Wide Bay,Outer Regional,Callide,Flynn,State-controlled,No Roadway Feature,No traffic control,100 - 110 km/h,Sealed - Wet,Raining,Daylight,Curved - view open,Level,804,Off Path-Curve: Off Cway Lt Bend Hit Obj,19: Off Carriageway on Curve Hit Object,S,1,0,0,0,1,1,0,0,0,0,0,0
263227,263227,Fatal,2019,May,Sunday,22,Hit object,Single Vehicle,152.946173062925,-27.3086444357754,Kremzow Rd,,,Warner,Moreton Bay Region,4500,Albany Creek,North Brisbane,Brisbane,SEQ North,North Coast,Cashmere,The Hills District,Moreton Bay - South,Major Cities,Pine Rivers,Dickson,Locally-controlled,No Roadway Feature,No traffic control,80 - 90 km/h,Sealed - Dry,Clear,Darkness - Not lighted,Straight,Dip,704,Off Path-Straight: Right Off Cway Hit Obj,16: Off Carriageway on Straight Hit Object,W,1,0,0,0,1,1,0,0,0,0,0,0
263228,263228,Fatal,2020,August,Wednesday,15,Hit object,Single Vehicle,145.679727717241,-16.793682728446,Captain Cook Hwy,,Captain Cook Highway (Cairns - Mossman),Kewarra Beach,Cairns Region,4879,Smithfield,Far North,Far Northern,Northern,North Queensland,Clifton Beach - Kewarra Beach,Cairns - North,Cairns,Outer Regional,Barron River,Leichhardt,State-controlled,No Roadway Feature,No traffic control,80 - 90 km/h,Sealed - Dry,Clear,Daylight,Curved - view open,Level,804,Off Path-Curve: Off Cway Lt Bend Hit Obj,19: Off Carriageway on Curve Hit Object,S,1,0,0,0,1,1,0,0,0,0,0,0
263277,263277,Fatal,2013,May,Tuesday,9,Head-on,Multi-Vehicle,145.808872677839,-17.112409268279,Bruce Hwy,,Bruce Highway (Innisfail - Cairns),Aloomba,Cairns Region,4871,Gordonvale,Far North,Far Northern,Northern,North Queensland,Babinda,Innisfail - Cassowary Coast,Cairns,Outer Regional,Mulgrave,Kennedy,State-controlled,No Roadway Feature,No traffic control,100 - 110 km/h,Sealed - Dry,Clear,Daylight,Straight,Level,201,Vehs Opposite Approach: Head On,02: Head-on,S,1,0,0,0,1,1,0,1,0,0,0,0
263279,263279,Fatal,2013,May,Thursday,6,Hit object,Single Vehicle,152.23643187089,-28.2994778485172,Tannymorel Rd,,,Tannymorel,Southern Downs Region,4372,Killarney,Darling Downs,Southern,Southern,Southern Queensland,Southern Downs - East,Granite Belt,Darling Downs - Maranoa,Inner Regional,Southern Downs,Maranoa,Locally-controlled,No Roadway Feature,No traffic control,80 - 90 km/h,Sealed - Dry,Clear,Daylight,Straight,Level,703,Off Path-Straight: Left Off Cway Hit Obj,16: Off Carriageway on Straight Hit Object,N,1,0,0,0,1,1,0,0,0,0,0,0