_id,Crash_Ref_Number,Crash_Severity,Crash_Year,Crash_Month,Crash_Day_Of_Week,Crash_Hour,Crash_Nature,Crash_Type,Crash_Longitude,Crash_Latitude,Crash_Street,Crash_Street_Intersecting,State_Road_Name,Loc_Suburb,Loc_Local_Government_Area,Loc_Post_Code,Loc_Police_Division,Loc_Police_District,Loc_Police_Region,Loc_Queensland_Transport_Region,Loc_Main_Roads_Region,Loc_ABS_Statistical_Area_2,Loc_ABS_Statistical_Area_3,Loc_ABS_Statistical_Area_4,Loc_ABS_Remoteness,Loc_State_Electorate,Loc_Federal_Electorate,Crash_Controlling_Authority,Crash_Roadway_Feature,Crash_Traffic_Control,Crash_Speed_Limit,Crash_Road_Surface_Condition,Crash_Atmospheric_Condition,Crash_Lighting_Condition,Crash_Road_Horiz_Align,Crash_Road_Vert_Align,Crash_DCA_Code,Crash_DCA_Description,Crash_DCA_Group_Description,DCA_Key_Approach_Dir,Count_Casualty_Fatality,Count_Casualty_Hospitalised,Count_Casualty_MedicallyTreated,Count_Casualty_MinorInjury,Count_Casualty_Total,Count_Unit_Car,Count_Unit_Motorcycle_Moped,Count_Unit_Truck,Count_Unit_Bus,Count_Unit_Bicycle,Count_Unit_Pedestrian,Count_Unit_Other
263280,263280,Fatal,2013,May,Thursday,15,Head-on,Multi-Vehicle,153.273116800037,-28.0055236181996,Clagiraba Rd,,,Mount Nathan,Gold Coast City,4211,Nerang,Gold Coast,South Eastern,SEQ South,South Coast,Nerang - Mount Nathan,Nerang,Gold Coast,Major Cities,Mudgeeraba,Wright,Locally-controlled,No Roadway Feature,No traffic control,60 km/h,Sealed - Dry,Clear,Daylight,Curved - view open,Grade,201,Vehs Opposite Approach: Head On,02: Head-on,E,1,0,0,0,1,1,1,0,0,0,0,0
263281,263281,Fatal,2013,May,Wednesday,12,Angle,Multi-Vehicle,150.461348577904,-23.4259733260268,Old Capricorn Hwy,Reservoir St,,Gracemere,Rockhampton Region,4702,Gracemere,Capricornia,Central,Central,Central Queensland,Gracemere,Rockhampton,Central Queensland,Inner Regional,Rockhampton,Flynn,Locally-controlled,Intersection - T-Junction,No traffic control,60 km/h,Sealed - Dry,Clear,Daylight,Curved - view open,Dip,406,Vehs Manoeuvring: Leaving Driveway,08: Vehicle Leaving Driveway,W,1,1,0,0,2,1,0,0,1,0,0,0
263282,263282,Fatal,2013,May,Friday,3,Hit object,Single Vehicle,148.593575199299,-20.406530075673,Bruce Hwy,,Bruce Highway (Mackay - Proserpine),Proserpine,Whitsunday Region,4800,Proserpine,Mackay,Central,Central,Central Queensland,Proserpine,Whitsunday,Mackay - Isaac - Whitsunday,Outer Regional,Whitsunday,Dawson,State-controlled,No Roadway Feature,No traffic control,100 - 110 km/h,Sealed - Dry,Clear,Darkness - Lighted,Curved - view open,Level,804,Off Path-Curve: Off Cway Lt Bend Hit Obj,19: Off Carriageway on Curve Hit Object,N,1,0,0,0,1,0,1,0,0,0,0,0
263283,263283,Fatal,2013,May,Friday,21,Hit object,Single Vehicle,153.349648659641,-28.0132920020298,Ancona St,Ancona St,,Carrara,Gold Coast City,4211,Nerang,Gold Coast,South Eastern,SEQ South,South Coast,Carrara,Nerang,Gold Coast,Major Cities,Gaven,Moncrieff,Locally-controlled,Intersection - Roundabout,Give way sign,0 - 50 km/h,Sealed - Wet,Raining,Darkness - Lighted,Straight,Dip,708,Off Path-Straight: Mounts Traffic Island,16: Off Carriageway on Straight Hit Object,W,1,2,0,0,3,1,0,0,0,0,0,0
263284,263284,Fatal,2013,May,Saturday,23,Hit pedestrian,Hit pedestrian,150.388618354988,-23.3069529445023,Rockhampton - Ridgelands Rd,,Rockhampton - Ridgelands Road,Alton Downs,Rockhampton Region,4702,Rockhampton,Capricornia,Central,Central,Central Queensland,Rockhampton Region - West,Rockhampton,Central Queensland,Inner Regional,Mirani,Flynn,State-controlled,No Roadway Feature,No traffic control,80 - 90 km/h,Sealed - Dry,Clear,Darkness - Not lighted,Straight,Level,004,Pedn: Play; Work; Stand; Lie On Cway,12: Pedestrian,E,1,0,0,0,1,1,0,0,0,0,1,0
263285,263285,Fatal,2013,May,Saturday,22,Hit pedestrian,Hit pedestrian,150.840625504953,-26.559097258903,V Bells Rd,,,Fairyland,Western Downs Region,4413,Chinchilla,South West,Southern,Southern,Southern Queensland,Chinchilla,Darling Downs (west) - Maranoa,Darling Downs - Maranoa,Outer Regional,Callide,Maranoa,Locally-controlled,No Roadway Feature,No traffic control,100 - 110 km/h,Unsealed - Dry,Clear,Darkness - Not lighted,Straight,Level,005,Pedn: Hit Walking With Traffic,12: Pedestrian,W,1,0,0,0,1,1,0,0,0,0,1,0
263286,263286,Fatal,2013,May,Saturday,10,Hit object,Single Vehicle,152.252267033988,-24.8802801397585,Bundaberg - Gin Gin Rd,,Bundaberg - Gin Gin Road,Sharon,Bundaberg Region,4670,South Kolan,Wide Bay Burnett,North Coast,Southern,Southern Queensland,Bundaberg Region - North,Bundaberg,Wide Bay,Inner Regional,Burnett,Flynn,State-controlled,No Roadway Feature,No traffic control,100 - 110 km/h,Sealed - Dry,Clear,Daylight,Straight,Level,703,Off Path-Straight: Left Off Cway Hit Obj,16: Off Carriageway on Straight Hit Object,N,1,0,2,0,3,1,0,0,0,0,0,0
263374,263374,Fatal,2020,March,Friday,10,Angle,Multi-Vehicle,146.262317380093,-20.5486768018487,Gregory Developmental Rd,,Gregory Developmental Road (Belyando Crossing - Charters Towers),Campaspe,Charters Towers Region,4820,Charters Towers,Townsville,Northern,Northern,North Queensland,Dalrymple,Charters Towers - Ayr - Ingham,Townsville,Very Remote,Traeger,Kennedy,State-controlled,No Roadway Feature,No traffic control,100 - 110 km/h,Sealed - Dry,Clear,Daylight,Straight,Crest,408,Vehs Manoeuvring: Entering From Footway,08: Vehicle Leaving Driveway,N,1,0,0,0,1,0,0,1,0,0,0,1
263488,263488,Fatal,2016,August,Monday,5,Head-on,Multi-Vehicle,152.97064797455,-27.9875764435779,Beaudesert - Boonah Rd,,Beaudesert - Boonah Road,Beaudesert,Scenic Rim Region,4285,Beaudesert,Logan,South Eastern,SEQ South,South Coast,Beaudesert,Beaudesert,Logan - Beaudesert,Inner Regional,Scenic Rim,Wright,State-controlled,No Roadway Feature,No traffic control,80 - 90 km/h,Sealed - Dry,Fog,Darkness - Not lighted,Curved - view open,Level,201,Vehs Opposite Approach: Head On,02: Head-on,N,1,0,0,0,1,1,0,1,0,0,0,0
263696,263696,Fatal,2013,June,Tuesday,14,Fall from vehicle,Single Vehicle,152.556179990844,-27.225330951389,Wivenhoe - Somerset Rd,,Wivenhoe - Somerset Road,Bryden,Somerset Region,4312,Esk,Ipswich,Southern,SEQ North,North Coast,Esk,Ipswich Hinterland,Ipswich,Inner Regional,Nanango,Blair,State-controlled,No Roadway Feature,No traffic control,100 - 110 km/h,Sealed - Dry,Clear,Daylight,Straight,Level,703,Off Path-Straight: Left Off Cway Hit Obj,16: Off Carriageway on Straight Hit Object,N,1,0,0,0,1,0,1,0,0,0,0,0
263697,263697,Fatal,2013,June,Wednesday,17,Hit pedestrian,Hit pedestrian,153.039894720288,-27.5990567724677,Hellawell Rd,Mt Lindesay Art. Rd,Mount Lindesay Arterial Road,Acacia Ridge,Brisbane City,4110,Acacia Ridge,South Brisbane,Brisbane,SEQ South,Metropolitan,Sunnybank Hills,Sunnybank,Brisbane - South,Major Cities,Stretton,Moreton,State-controlled,Intersection - Cross,Operating traffic lights,80 - 90 km/h,Sealed - Dry,Clear,Darkness - Lighted,Straight,Grade,001,Pedn: Near Side Vehicle Hit From Right,12: Pedestrian,N,1,0,0,0,1,1,0,0,0,0,1,0
263698,263698,Fatal,2013,June,Saturday,16,Overturned,Single Vehicle,149.285473904953,-26.5961914644134,Warrego Hwy,,Warrego Highway (Miles - Roma),Wallumbilla North,Maranoa Region,4428,Wallumbilla,South West,Southern,Southern,Southern Queensland,Roma Region,Darling Downs (west) - Maranoa,Darling Downs - Maranoa,Remote,Warrego,Maranoa,State-controlled,No Roadway Feature,No traffic control,100 - 110 km/h,Sealed - Dry,Clear,Daylight,Straight,Dip,705,Off Path-Straight: Out Of Control On Cway,17: Out of Control on Straight,W,1,1,0,0,2,1,0,0,0,0,0,0
263699,263699,Fatal,2013,June,Sunday,11,Fall from vehicle,Single Vehicle,151.61232301828,-24.1197364420943,Turkey Beach Rd,,,Rodds Bay,Gladstone Region,4678,Miriam Vale,Capricornia,Central,Central,Central Queensland,Agnes Water - Miriam Vale,Gladstone,Central Queensland,Outer Regional,Burnett,Flynn,Locally-controlled,No Roadway Feature,No traffic control,100 - 110 km/h,Sealed - Dry,Clear,Daylight,Curved - view obscured,Level,804,Off Path-Curve: Off Cway Lt Bend Hit Obj,19: Off Carriageway on Curve Hit Object,W,1,0,0,0,1,0,1,0,0,0,0,0
264046,264046,Fatal,2021,March,Sunday,16,Hit object,Single Vehicle,150.529946325764,-27.2853072053364,Surat Developmental Rd,,Surat Developmental Road (Tara - Dalby),Tara,Western Downs Region,4421,Tara,South West,Southern,Southern,Southern Queensland,Tara,Darling Downs (west) - Maranoa,Darling Downs - Maranoa,Outer Regional,Warrego,Maranoa,State-controlled,No Roadway Feature,No traffic control,100 - 110 km/h,Sealed - Dry,Clear,Daylight,Straight,Level,703,Off Path-Straight: Left Off Cway Hit Obj,16: Off Carriageway on Straight Hit Object,E,1,0,0,0,1,1,0,0,0,0,0,0
264291,264291,Fatal,2022,March,Thursday,16,Head-on,Multi-Vehicle,150.945745643951,-24.0471402172555,Dawson Hwy,,Dawson Highway (Gladstone - Biloela),Mount Alma,Gladstone Region,4680,Calliope,Capricornia,Central,Central,Central Queensland,Gladstone Hinterland,Gladstone,Central Queensland,Outer Regional,Callide,Flynn,State-controlled,No Roadway Feature,No traffic control,100 - 110 km/h,Sealed - Dry,Clear,Daylight,Curved - view open,Level,201,Vehs Opposite Approach: Head On,02: Head-on,N,1,1,0,0,2,2,0,0,0,0,0,0
264292,264292,Fatal,2022,May,Friday,16,Head-on,Multi-Vehicle,150.614479744693,-23.3925731815922,Emu Park Rd,,Rockhampton - Emu Park Road,Nankin,Livingstone Shire,4701,Lakes Creek,Capricornia,Central,Central,Central Queensland,Rockhampton Region - East,Rockhampton,Central Queensland,Outer Regional,Keppel,Capricornia,State-controlled,No Roadway Feature,No traffic control,100 - 110 km/h,Sealed - Wet,Raining,Dawn/Dusk,Curved - view open,Grade,201,Vehs Opposite Approach: Head On,02: Head-on,S,1,0,0,0,1,2,0,1,0,0,0,0
264706,264706,Fatal,2016,September,Monday,14,Head-on,Multi-Vehicle,152.986525066631,-27.244865439311,Ann St,,,Kallangur,Moreton Bay Region,4503,Petrie,Moreton,North Coast,SEQ North,North Coast,Dakabin - Kallangur,North Lakes,Moreton Bay - South,Major Cities,Murrumba,Longman,Locally-controlled,No Roadway Feature,No traffic control,60 km/h,Sealed - Dry,Clear,Daylight,Straight,Level,201,Vehs Opposite Approach: Head On,02: Head-on,E,1,0,1,0,2,2,1,0,0,0,0,0
265010,265010,Fatal,2016,December,Friday,12,Rear-end,Multi-Vehicle,152.997537137277,-26.6696704358335,Bruce Hwy,,Bruce Highway (Brisbane - Gympie),Woombye,Sunshine Coast Region,4559,Nambour,Sunshine Coast,North Coast,SEQ North,North Coast,Diddillibah - Rosemount,Nambour,Sunshine Coast,Major Cities,Nicklin,Fairfax,State-controlled,No Roadway Feature,No traffic control,100 - 110 km/h,Sealed - Dry,Clear,Daylight,Straight,Level,300,Vehs Same Direction: Other,21: Other,N,1,1,0,0,2,1,0,1,0,0,0,0
265089,265089,Fatal,2013,May,Wednesday,15,Head-on,Multi-Vehicle,152.570334612758,-27.4484154535486,Clarendon Rd,,,Lowood,Somerset Region,4311,Lowood,Ipswich,Southern,SEQ North,North Coast,Lowood,Ipswich Hinterland,Ipswich,Inner Regional,Lockyer,Blair,Locally-controlled,No Roadway Feature,No traffic control,100 - 110 km/h,Sealed - Dry,Clear,Daylight,Straight,Grade,201,Vehs Opposite Approach: Head On,02: Head-on,E,1,1,0,0,2,2,0,0,0,0,0,0
265098,265098,Fatal,2013,May,Thursday,19,Hit pedestrian,Hit pedestrian,152.41553531247,-27.2364769186583,Down St,,,Esk,Somerset Region,4312,Esk,Ipswich,Southern,SEQ North,North Coast,Esk,Ipswich Hinterland,Ipswich,Inner Regional,Nanango,Blair,Locally-controlled,No Roadway Feature,No traffic control,60 km/h,Sealed - Dry,Clear,Darkness - Not lighted,Straight,Grade,906,Pass & Misc: Parked Car Ran Away,21: Other,E,1,0,0,0,1,1,0,0,0,0,1,0
265099,265099,Fatal,2013,May,Saturday,11,Hit object,Single Vehicle,147.657112428578,-23.5919336876304,Capricorn Hwy,,Capricorn Highway (Emerald - Alpha),Lochington,Central Highlands Region,4724,Anakie,Capricornia,Central,Central,Central Queensland,Central Highlands - West,Central Highlands (qld),Central Queensland,Remote,Gregory,Flynn,State-controlled,No Roadway Feature,No traffic control,100 - 110 km/h,Sealed - Dry,Clear,Daylight,Straight,Dip,704,Off Path-Straight: Right Off Cway Hit Obj,16: Off Carriageway on Straight Hit Object,E,1,0,0,0,1,1,0,0,0,0,0,0
265100,265100,Fatal,2013,May,Saturday,7,Hit object,Single Vehicle,153.206024075532,-27.723263620188,Beenleigh Connection Rd,Buna St,Beenleigh Connection Road,Beenleigh,Logan City,4207,Beenleigh,Logan,South Eastern,SEQ South,South Coast,Beenleigh,Beenleigh,Logan - Beaudesert,Major Cities,Macalister,Forde,State-controlled,Intersection - Cross,No traffic control,60 km/h,Sealed - Dry,Clear,Daylight,Straight,Grade,201,Vehs Opposite Approach: Head On,02: Head-on,W,1,4,0,0,5,2,0,0,0,0,0,0
265101,265101,Fatal,2013,May,Sunday,15,Overturned,Single Vehicle,144.727984456087,-16.2270416376478,Mulligan Hwy,,Mulligan Highway (Mount Molloy - Lakeland),Lakeland,Cook Shire,4871,Cooktown,Far North,Far Northern,Northern,North Queensland,Cape York,Far North,Queensland - Outback,Remote,Cook,Leichhardt,State-controlled,No Roadway Feature,No traffic control,100 - 110 km/h,Sealed - Dry,Clear,Daylight,Straight,Grade,705,Off Path-Straight: Out Of Control On Cway,17: Out of Control on Straight,S,1,1,0,0,2,1,0,0,0,0,0,0
265102,265102,Fatal,2013,May,Sunday,17,Hit object,Single Vehicle,152.807639609385,-27.3992828216677,Mount Nebo Rd,,,Highvale,Moreton Bay Region,4520,Ferny Grove,North Brisbane,Brisbane,SEQ North,North Coast,Samford Valley,The Hills District,Moreton Bay - South,Inner Regional,Pine Rivers,Dickson,Locally-controlled,No Roadway Feature,No traffic control,70 km/h,Sealed - Dry,Clear,Dawn/Dusk,Straight,Dip,704,Off Path-Straight: Right Off Cway Hit Obj,16: Off Carriageway on Straight Hit Object,E,1,0,0,0,1,1,0,0,0,0,0,0
265345,265345,Fatal,2012,February,Wednesday,16,Hit pedestrian,Hit pedestrian,153.445945715875,-28.0766052953349,Sixth Ave,,,Burleigh Heads,Gold Coast City,4220,Palm Beach,Gold Coast,South Eastern,SEQ South,South Coast,Burleigh Heads,Broadbeach - Burleigh,Gold Coast,Major Cities,Burleigh,Mcpherson,Locally-controlled,No Roadway Feature,No traffic control,0 - 50 km/h,Sealed - Dry,Clear,Daylight,Straight,Level,000,Pedn: Hit Other,21: Other,N,1,0,0,0,1,1,0,0,0,0,1,0
265654,265654,Fatal,2012,February,Friday,12,Hit object,Single Vehicle,148.787193884464,-26.5624247110585,Miscamble St,,,Roma,Maranoa Region,4455,Roma,South West,Southern,Southern,Southern Queensland,Roma,Darling Downs (west) - Maranoa,Darling Downs - Maranoa,Outer Regional,Warrego,Maranoa,Locally-controlled,Bridge/Causeway,No traffic control,0 - 50 km/h,Sealed - Wet,Raining,Daylight,Straight,Dip,607,Vehs On Path: Temporary Object On Cway,21: Other,W,1,0,0,0,1,1,0,0,0,0,0,0
265711,265711,Fatal,2012,January,Tuesday,14,Head-on,Multi-Vehicle,152.974366623394,-26.9853050620302,Bruce Hwy Off Ramp,Steve Irwin Way,Glass House Mountains Road,Elimbah,Moreton Bay Region,4516,Beerwah,Sunshine Coast,North Coast,SEQ North,North Coast,Elimbah,Caboolture,Moreton Bay - North,Major Cities,Glass House,Longman,State-controlled,Intersection - Interchange,Give way sign,100 - 110 km/h,Sealed - Dry,Clear,Daylight,Curved - view open,Level,201,Vehs Opposite Approach: Head On,02: Head-on,W,1,2,0,0,3,2,0,0,0,0,0,0
265736,265736,Fatal,2012,February,Wednesday,1,Hit object,Single Vehicle,152.873606027455,-25.2909656773106,Honiton St,Maryborough - Hervey Bay Rd,Maryborough - Hervey Bay Road,Torquay,Fraser Coast Region,4655,Hervey Bay,Wide Bay Burnett,North Coast,Southern,Southern Queensland,Torquay - Scarness - Kawungan,Hervey Bay,Wide Bay,Inner Regional,Hervey Bay,Hinkler,State-controlled,Intersection - Cross,No traffic control,60 km/h,Sealed - Wet,Clear,Darkness - Lighted,Curved - view open,Level,805,Off Path-Curve: Out Of Control On Cway,20: Out of Control on Curve,E,1,1,1,0,3,1,0,0,0,0,0,0
265743,265743,Fatal,2012,February,Friday,19,Hit object,Single Vehicle,153.421170512574,-28.1230704481723,Old Coach Rd,,,Tallebudgera Valley,Gold Coast City,4228,Robina,Gold Coast,South Eastern,SEQ South,South Coast,Currumbin Valley - Tallebudgera,Mudgeeraba - Tallebudgera,Gold Coast,Major Cities,Mudgeeraba,Mcpherson,Locally-controlled,No Roadway Feature,No traffic control,60 km/h,Sealed - Wet,Raining,Darkness - Not lighted,Curved - view obscured,Grade,804,Off Path-Curve: Off Cway Lt Bend Hit Obj,19: Off Carriageway on Curve Hit Object,S,1,4,0,0,5,1,0,0,0,0,0,0
265744,265744,Fatal,2012,February,Saturday,23,Hit object,Single Vehicle,148.593571668916,-20.3351331340691,Laurina Dr,,,Strathdickie,Whitsunday Region,4800,Proserpine,Mackay,Central,Central,Central Queensland,Proserpine,Whitsunday,Mackay - Isaac - Whitsunday,Outer Regional,Whitsunday,Dawson,Locally-controlled,No Roadway Feature,No traffic control,0 - 50 km/h,Sealed - Wet,Raining,Darkness - Not lighted,Straight,Crest,704,Off Path-Straight: Right Off Cway Hit Obj,16: Off Carriageway on Straight Hit Object,E,1,0,0,0,1,1,0,0,0,0,0,0
265830,265830,Fatal,2012,February,Sunday,21,Head-on,Multi-Vehicle,145.759473990562,-17.0393339871623,Bruce Hwy,,Bruce Highway (Innisfail - Cairns),Wrights Creek,Cairns Region,4869,Edmonton,Far North,Far Northern,Northern,North Queensland,Gordonvale - Trinity,Cairns - South,Cairns,Outer Regional,Mulgrave,Kennedy,State-controlled,No Roadway Feature,No traffic control,80 - 90 km/h,Sealed - Dry,Clear,Darkness - Not lighted,Curved - view open,Level,201,Vehs Opposite Approach: Head On,02: Head-on,S,1,3,0,0,4,2,0,0,0,0,0,0
265834,265834,Fatal,2012,February,Wednesday,7,Head-on,Multi-Vehicle,149.363937129265,-21.742376146624,Bruce Hwy,,Bruce Highway (St Lawrence - Mackay),Ilbilbie,Isaac Region,4738,Carmila,Mackay,Central,Central,Central Queensland,Broadsound - Nebo,Bowen Basin - North,Mackay - Isaac - Whitsunday,Outer Regional,Mirani,Capricornia,State-controlled,No Roadway Feature,No traffic control,100 - 110 km/h,Sealed - Wet,Raining,Daylight,Curved - view open,Grade,201,Vehs Opposite Approach: Head On,02: Head-on,S,1,0,1,0,2,0,0,2,0,0,0,0
265838,265838,Fatal,2012,February,Thursday,7,Sideswipe,Multi-Vehicle,150.47786932907,-23.4103655263867,Capricorn Hwy,,Capricorn Highway (Rockhampton - Duaringa),Fairy Bower,Rockhampton Region,4700,Gracemere,Capricornia,Central,Central,Central Queensland,Rockhampton - West,Rockhampton,Central Queensland,Inner Regional,Rockhampton,Capricornia,State-controlled,Merge Lane,No traffic control,100 - 110 km/h,Sealed - Dry,Clear,Daylight,Straight,Level,201,Vehs Opposite Approach: Head On,02: Head-on,W,1,1,0,0,2,2,0,0,0,0,0,0
265839,265839,Fatal,2012,February,Sunday,15,Angle,Multi-Vehicle,152.831812934122,-27.2364969027857,Kobble Ck Rd,Mt Samson Rd,,Armstrong Creek,Moreton Bay Region,4520,Dayboro,Moreton,North Coast,SEQ North,North Coast,Dayboro,The Hills District,Moreton Bay - South,Inner Regional,Pine Rivers,Dickson,Locally-controlled,Intersection - Cross,Stop sign,100 - 110 km/h,Sealed - Dry,Clear,Daylight,Curved - view open,Grade,104,Vehs Adjacent Approach: Thru-Right,01: Intersection: Adjacent Approach,E,1,0,1,0,2,1,1,0,0,0,0,0
265840,265840,Fatal,2012,February,Friday,15,Hit object,Single Vehicle,153.040986208466,-27.990364351656,Beaudesert - Nerang Rd,,Beaudesert - Nerang Road,Tabragalba,Scenic Rim Region,4285,Beaudesert,Logan,South Eastern,SEQ South,South Coast,Beaudesert,Beaudesert,Logan - Beaudesert,Inner Regional,Scenic Rim,Wright,State-controlled,No Roadway Feature,No traffic control,100 - 110 km/h,Sealed - Dry,Clear,Daylight,Straight,Level,705,Off Path-Straight: Out Of Control On Cway,17: Out of Control on Straight,W,1,0,0,0,1,0,1,0,0,0,0,0
265900,265900,Fatal,2012,January,Monday,7,Head-on,Multi-Vehicle,152.98360943283,-27.9191018903394,Mt Lindesay Hwy,,Mount Lindesay Highway (Brisbane - Beaudesert),Veresdale,Scenic Rim Region,4285,Beaudesert,Logan,South Eastern,SEQ South,South Coast,Beaudesert,Beaudesert,Logan - Beaudesert,Inner Regional,Scenic Rim,Wright,State-controlled,No Roadway Feature,No traffic control,100 - 110 km/h,Sealed - Wet,Clear,Daylight,Straight,Level,201,Vehs Opposite Approach: Head On,02: Head-on,N,1,1,0,0,2,2,0,0,0,0,0,0
265906,265906,Fatal,2012,February,Wednesday,17,Hit object,Single Vehicle,153.01061217065,-27.5974640245156,Learoyd Rd,,,Willawong,Brisbane City,4110,Inala,South Brisbane,Brisbane,SEQ South,Metropolitan,Pallara - Willawong,Rocklea - Acacia Ridge,Brisbane - South,Major Cities,Algester,Moreton,Locally-controlled,No Roadway Feature,No traffic control,80 - 90 km/h,Sealed - Dry,Clear,Daylight,Curved - view open,Level,201,Vehs Opposite Approach: Head On,02: Head-on,W,1,0,0,0,1,2,0,0,0,0,0,0
265915,265915,Fatal,2012,February,Friday,13,Head-on,Multi-Vehicle,146.137101483925,-18.7497836926727,Bruce Hwy,,Bruce Highway (Townsville - Ingham),Helens Hill,Hinchinbrook Shire,4850,Ingham,Townsville,Northern,Northern,North Queensland,Ingham Region,Charters Towers - Ayr - Ingham,Townsville,Outer Regional,Hinchinbrook,Kennedy,State-controlled,No Roadway Feature,No traffic control,100 - 110 km/h,Sealed - Wet,Raining,Daylight,Curved - view open,Level,201,Vehs Opposite Approach: Head On,02: Head-on,N,1,0,0,1,2,2,0,0,0,0,0,0
265941,265941,Fatal,2013,November,Sunday,18,Head-on,Multi-Vehicle,152.995009122072,-27.329722403834,Linkfield Connection Rd,,Linkfield Connection Road,Brendale,Moreton Bay Region,4500,Albany Creek,North Brisbane,Brisbane,SEQ North,North Coast,Strathpine - Brendale,Strathpine,Moreton Bay - South,Major Cities,Everton,Dickson,State-controlled,Bridge/Causeway,No traffic control,80 - 90 km/h,Sealed - Wet,Clear,Dawn/Dusk,Straight,Level,201,Vehs Opposite Approach: Head On,02: Head-on,W,1,1,1,0,3,3,0,0,0,0,0,0
266087,266087,Fatal,2013,November,Friday,19,Hit object,Single Vehicle,147.723396522509,-23.4943171180646,Anakie - Sapphire Rd,,Anakie - Sapphire Road,The Gemfields,Central Highlands Region,4702,Anakie,Capricornia,Central,Central,Central Queensland,Central Highlands - West,Central Highlands (qld),Central Queensland,Remote,Gregory,Flynn,State-controlled,No Roadway Feature,No traffic control,100 - 110 km/h,Sealed - Wet,Clear,Darkness - Not lighted,Curved - view open,Level,803,Off Path-Curve: Off Cway Rt Bend Hit Obj,19: Off Carriageway on Curve Hit Object,N,1,0,0,0,1,1,0,0,0,0,0,0
266088,266088,Fatal,2013,November,Friday,22,Hit object,Single Vehicle,152.956816849691,-27.7064974169836,Backwater Rd,,,Greenbank,Logan City,4124,Jimboomba,Logan,South Eastern,SEQ South,South Coast,Greenbank,Jimboomba,Logan - Beaudesert,Major Cities,Jordan,Wright,Locally-controlled,No Roadway Feature,No traffic control,60 km/h,Sealed - Dry,Clear,Darkness - Not lighted,Straight,Crest,705,Off Path-Straight: Out Of Control On Cway,17: Out of Control on Straight,S,1,1,0,0,2,1,0,0,0,0,0,0
266089,266089,Fatal,2013,November,Friday,12,Hit object,Single Vehicle,148.371789688626,-21.9043377330442,Peak Downs Hwy,,Peak Downs Highway (Clermont - Nebo),Coppabella,Isaac Region,4741,Moranbah,Mackay,Central,Central,Central Queensland,Broadsound - Nebo,Bowen Basin - North,Mackay - Isaac - Whitsunday,Outer Regional,Burdekin,Capricornia,State-controlled,No Roadway Feature,No traffic control,100 - 110 km/h,Sealed - Wet,Raining,Daylight,Straight,Grade,201,Vehs Opposite Approach: Head On,02: Head-on,W,2,2,0,0,4,1,0,1,0,0,0,0
266090,266090,Fatal,2013,November,Friday,23,Hit animal,Other,153.299174508347,-27.9187485141608,Kopps Rd,,,Oxenford,Gold Coast City,4210,Coomera,Gold Coast,South Eastern,SEQ South,South Coast,Oxenford - Maudsland,Ormeau - Oxenford,Gold Coast,Major Cities,Theodore,Wright,Locally-controlled,No Roadway Feature,No traffic control,60 km/h,Sealed - Dry,Clear,Darkness - Not lighted,Curved - view obscured,Grade,609,Pass & Misc: Hit Animal,14: Hit Animal,W,2,0,0,0,2,1,0,0,0,0,0,1
266091,266091,Fatal,2013,November,Saturday,7,Hit object,Single Vehicle,148.503439832157,-24.4357762455849,Dawson Hwy,,Dawson Highway (Rolleston - Springsure),Albinia,Central Highlands Region,4722,Rolleston,Capricornia,Central,Central,Central Queensland,Central Highlands - West,Central Highlands (qld),Central Queensland,Remote,Gregory,Flynn,State-controlled,No Roadway Feature,No traffic control,100 - 110 km/h,Sealed - Dry,Clear,Daylight,Straight,Level,703,Off Path-Straight: Left Off Cway Hit Obj,16: Off Carriageway on Straight Hit Object,E,1,0,2,0,3,1,0,0,0,0,0,0
266209,266209,Fatal,2016,August,Tuesday,15,Head-on,Multi-Vehicle,151.607486461555,-25.1183772878053,Bania Rd,,,Mount Perry,North Burnett Region,4671,Mount Perry,Wide Bay Burnett,North Coast,Southern,Southern Queensland,Monto - Eidsvold,Burnett,Wide Bay,Outer Regional,Callide,Flynn,Locally-controlled,No Roadway Feature,No traffic control,100 - 110 km/h,Sealed - Dry,Clear,Daylight,Curved - view open,Level,201,Vehs Opposite Approach: Head On,02: Head-on,W,1,0,0,0,1,1,0,1,0,0,0,0
266220,266220,Fatal,2021,June,Wednesday,8,Overturned,Single Vehicle,150.306788296654,-27.758732188943,Moonie Hwy,,Moonie Highway (Dalby - St George),Moonie,Western Downs Region,4406,Tara,South West,Southern,Southern,Southern Queensland,Tara,Darling Downs (west) - Maranoa,Darling Downs - Maranoa,Outer Regional,Warrego,Maranoa,State-controlled,No Roadway Feature,No traffic control,100 - 110 km/h,Sealed - Dry,Clear,Daylight,Curved - view open,Level,803,Off Path-Curve: Off Cway Rt Bend Hit Obj,19: Off Carriageway on Curve Hit Object,N,1,1,0,2,4,1,0,0,0,0,0,0
266304,266304,Fatal,2013,December,Wednesday,10,Hit pedestrian,Hit pedestrian,153.035994872898,-27.4867939281895,Ipswich Rd,,,Woolloongabba,Brisbane City,4102,Dutton Park,South Brisbane,Brisbane,SEQ South,Metropolitan,Woolloongabba,Holland Park - Yeronga,Brisbane - South,Major Cities,South Brisbane,Griffith,Locally-controlled,No Roadway Feature,No traffic control,60 km/h,Sealed - Dry,Clear,Daylight,Straight,Level,003,Pedn: Far Side Vehicle Hit From Left,12: Pedestrian,N,1,0,0,0,1,1,0,0,0,0,1,0