_id,Crash_Ref_Number,Crash_Severity,Crash_Year,Crash_Month,Crash_Day_Of_Week,Crash_Hour,Crash_Nature,Crash_Type,Crash_Longitude,Crash_Latitude,Crash_Street,Crash_Street_Intersecting,State_Road_Name,Loc_Suburb,Loc_Local_Government_Area,Loc_Post_Code,Loc_Police_Division,Loc_Police_District,Loc_Police_Region,Loc_Queensland_Transport_Region,Loc_Main_Roads_Region,Loc_ABS_Statistical_Area_2,Loc_ABS_Statistical_Area_3,Loc_ABS_Statistical_Area_4,Loc_ABS_Remoteness,Loc_State_Electorate,Loc_Federal_Electorate,Crash_Controlling_Authority,Crash_Roadway_Feature,Crash_Traffic_Control,Crash_Speed_Limit,Crash_Road_Surface_Condition,Crash_Atmospheric_Condition,Crash_Lighting_Condition,Crash_Road_Horiz_Align,Crash_Road_Vert_Align,Crash_DCA_Code,Crash_DCA_Description,Crash_DCA_Group_Description,DCA_Key_Approach_Dir,Count_Casualty_Fatality,Count_Casualty_Hospitalised,Count_Casualty_MedicallyTreated,Count_Casualty_MinorInjury,Count_Casualty_Total,Count_Unit_Car,Count_Unit_Motorcycle_Moped,Count_Unit_Truck,Count_Unit_Bus,Count_Unit_Bicycle,Count_Unit_Pedestrian,Count_Unit_Other
268735,268735,Fatal,2024,April,Tuesday,13,Head-on,Multi-Vehicle,147.490487352996,-19.7508168877257,Bruce Hwy,Wallace Rd,Bruce Highway (Bowen - Ayr),Inkerman,Burdekin Shire,4806,Home Hill,Townsville,Northern,Northern,North Queensland,Burdekin,Charters Towers - Ayr - Ingham,Townsville,Outer Regional,Burdekin,Dawson,State-controlled,No Roadway Feature,No traffic control,100 - 110 km/h,Sealed - Dry,Clear,Daylight,Straight,Level,201,Vehs Opposite Approach: Head On,02: Head-on,S,1,1,0,0,2,2,0,0,0,0,0,0
268865,268865,Fatal,2021,July,Friday,22,Sideswipe,Multi-Vehicle,153.085405057413,-27.2346844491595,Snook St,,Clontarf - Anzac Avenue Road,Clontarf,Moreton Bay Region,4019,Redcliffe,Moreton,North Coast,SEQ North,North Coast,Clontarf,Redcliffe,Moreton Bay - North,Major Cities,Redcliffe,Petrie,State-controlled,No Roadway Feature,No traffic control,70 km/h,Sealed - Dry,Clear,Darkness - Lighted,Straight,Grade,306,Vehs Same Direction: Lane Change Right,05: Lane Change,N,2,1,0,1,4,3,0,0,0,0,0,0
268868,268868,Fatal,2021,March,Saturday,14,Fall from vehicle,Single Vehicle,145.406334686733,-17.4298717148184,Longlands Gap - Herberton Rd,,Longlands Gap - Herberton Road,Wondecla,Tablelands Region,4887,Herberton,Far North,Far Northern,Northern,North Queensland,Herberton,Tablelands (east) - Kuranda,Cairns,Outer Regional,Hill,Kennedy,State-controlled,No Roadway Feature,No traffic control,100 - 110 km/h,Sealed - Dry,Clear,Daylight,Straight,Grade,408,Vehs Manoeuvring: Entering From Footway,08: Vehicle Leaving Driveway,W,1,0,0,0,1,1,1,0,0,0,0,0
268893,268893,Fatal,2021,September,Saturday,11,Hit object,Single Vehicle,152.988739093466,-27.0286824378155,Simpson Rd,,,Elimbah,Moreton Bay Region,4516,Caboolture,Moreton,North Coast,SEQ North,North Coast,Elimbah,Caboolture,Moreton Bay - North,Major Cities,Pumicestone,Longman,Locally-controlled,Forestry/National Park Road,No traffic control,0 - 50 km/h,Unsealed - Wet,Clear,Daylight,Curved - view open,Level,803,Off Path-Curve: Off Cway Rt Bend Hit Obj,19: Off Carriageway on Curve Hit Object,E,1,0,0,0,1,0,1,0,0,0,0,0
268936,268936,Fatal,2019,November,Monday,18,Rear-end,Multi-Vehicle,153.145878324063,-27.6446105284945,Pacific Hwy Ramp Dd,,Pacific Highway (Pacific Motorway),Slacks Creek,Logan City,4127,Springwood,Logan,South Eastern,SEQ South,South Coast,Slacks Creek,Springwood - Kingston,Logan - Beaudesert,Major Cities,Waterford,Rankin,State-controlled,No Roadway Feature,No traffic control,60 km/h,Sealed - Dry,Clear,Daylight,Straight,Level,303,Vehs Same Direction: Right Rear,04: Rear-end,W,2,0,0,1,3,6,0,0,0,0,0,0
268984,268984,Fatal,2021,October,Saturday,17,Head-on,Multi-Vehicle,153.086854993314,-27.7401064533009,Chambers Flat Rd,,,Chambers Flat,Logan City,4133,Crestmead,Logan,South Eastern,SEQ South,South Coast,Chambers Flat - Logan Reserve,Browns Plains,Logan - Beaudesert,Major Cities,Logan,Forde,Locally-controlled,No Roadway Feature,No traffic control,70 km/h,Sealed - Dry,Clear,Daylight,Curved - view open,Level,201,Vehs Opposite Approach: Head On,02: Head-on,,1,4,0,0,5,2,0,0,0,0,0,0
269010,269010,Fatal,2023,January,Friday,2,Hit object,Single Vehicle,152.67292027645,-25.8022053965241,Talegalla Dr,,,Talegalla Weir,Fraser Coast Region,4650,Tiaro,Wide Bay Burnett,North Coast,Southern,Southern Queensland,Maryborough Region - South,Maryborough,Wide Bay,Inner Regional,Gympie,Wide Bay,Locally-controlled,No Roadway Feature,No traffic control,100 - 110 km/h,Sealed - Dry,Clear,Darkness - Not lighted,Curved - view open,Grade,803,Off Path-Curve: Off Cway Rt Bend Hit Obj,19: Off Carriageway on Curve Hit Object,,1,0,0,0,1,0,1,0,0,0,0,0
269011,269011,Fatal,2023,January,Wednesday,19,Rear-end,Multi-Vehicle,151.246585636913,-23.8590342435775,Dawson Hwy,,Dawson Highway (Gladstone - Biloela),West Gladstone,Gladstone Region,4680,Gladstone,Capricornia,Central,Central,Central Queensland,West Gladstone,Gladstone,Central Queensland,Inner Regional,Gladstone,Flynn,State-controlled,No Roadway Feature,No traffic control,60 km/h,Sealed - Dry,Clear,Darkness - Lighted,Straight,Crest,406,Vehs Manoeuvring: Leaving Driveway,08: Vehicle Leaving Driveway,E,1,0,0,0,1,1,1,0,0,0,0,0
269126,269126,Fatal,2024,January,Tuesday,22,Overturned,Single Vehicle,146.21365841287,-20.1946387953574,Gregory Developmental Rd,,Gregory Developmental Road (Belyando Crossing - Charters Towers),Seventy Mile,Charters Towers Region,4820,Charters Towers,Townsville,Northern,Northern,North Queensland,Dalrymple,Charters Towers - Ayr - Ingham,Townsville,Remote,Traeger,Kennedy,State-controlled,No Roadway Feature,No traffic control,100 - 110 km/h,Sealed - Dry,Clear,Darkness - Not lighted,Straight,Level,705,Off Path-Straight: Out Of Control On Cway,17: Out of Control on Straight,S,1,0,1,0,2,1,0,0,0,0,0,0
269127,269127,Fatal,2023,May,Monday,5,Head-on,Multi-Vehicle,151.160942626343,-24.0263602369847,Tableland Rd,,Gladstone - Monto Road,Calliope,Gladstone Region,4680,Calliope,Capricornia,Central,Central,Central Queensland,Gladstone Hinterland,Gladstone,Central Queensland,Inner Regional,Callide,Flynn,State-controlled,No Roadway Feature,No traffic control,100 - 110 km/h,Sealed - Dry,Clear,Dawn/Dusk,Curved - view obscured,Crest,201,Vehs Opposite Approach: Head On,02: Head-on,S,1,1,0,0,2,2,0,0,0,0,0,0
269151,269151,Fatal,2021,July,Thursday,7,Head-on,Multi-Vehicle,151.093955183844,-27.9761662624217,Gore Hwy,,Gore Highway (Millmerran - Goondiwindi),Millmerran Downs,Toowoomba Region,4357,Millmerran,Darling Downs,Southern,Southern,Southern Queensland,Millmerran,Darling Downs - East,Darling Downs - Maranoa,Outer Regional,Southern Downs,Maranoa,State-controlled,No Roadway Feature,No traffic control,100 - 110 km/h,Sealed - Dry,Clear,Daylight,Straight,Level,201,Vehs Opposite Approach: Head On,02: Head-on,N,3,2,1,0,6,1,0,1,0,0,0,0
269302,269302,Fatal,2022,June,Wednesday,12,Hit object,Single Vehicle,153.077336989827,-27.7756704526232,Mollenhagen Rd,Stockleigh Rd,,Stockleigh,Logan City,4280,Jimboomba,Logan,South Eastern,SEQ South,South Coast,Logan Village,Jimboomba,Logan - Beaudesert,Inner Regional,Logan,Wright,Locally-controlled,Intersection - T-Junction,No traffic control,80 - 90 km/h,Sealed - Dry,Clear,Daylight,Curved - view open,Level,804,Off Path-Curve: Off Cway Lt Bend Hit Obj,19: Off Carriageway on Curve Hit Object,,2,2,0,0,4,1,0,0,0,0,0,0
269319,269319,Fatal,2022,June,Friday,14,Hit object,Single Vehicle,153.211020985646,-27.6946274654675,Herses Rd,,,Eagleby,Logan City,4207,Beenleigh,Logan,South Eastern,SEQ South,South Coast,Eagleby,Beenleigh,Logan - Beaudesert,Major Cities,Macalister,Forde,Locally-controlled,No Roadway Feature,No traffic control,60 km/h,Sealed - Dry,Clear,Daylight,Straight,Level,704,Off Path-Straight: Right Off Cway Hit Obj,16: Off Carriageway on Straight Hit Object,W,1,1,0,0,2,1,0,0,0,0,0,0
269379,269379,Fatal,2023,February,Wednesday,15,Hit pedestrian,Hit pedestrian,152.741915230259,-26.1260744059745,Grimley Rd,Tin Can Bay Rd,Tin Can Bay Road,Canina,Gympie Region,4570,Gympie,Wide Bay Burnett,North Coast,Southern,Southern Queensland,Gympie Region,Gympie - Cooloola,Wide Bay,Inner Regional,Gympie,Wide Bay,State-controlled,Intersection - T-Junction,No traffic control,100 - 110 km/h,Sealed - Dry,Clear,Daylight,Straight,Grade,009,Pedn: Hit While Boarding/Alighting,12: Pedestrian,S,1,0,0,0,1,1,0,0,0,0,1,0
269380,269380,Fatal,2023,February,Thursday,6,Fall from vehicle,Single Vehicle,152.938225031875,-27.5624744369874,Bronze St,,,Sumner,Brisbane City,4074,Mount Ommaney,South Brisbane,Brisbane,SEQ South,Metropolitan,Darra - Sumner,Forest Lake - Oxley,Ipswich,Major Cities,Mount Ommaney,Oxley,Locally-controlled,No Roadway Feature,No traffic control,0 - 50 km/h,Sealed - Dry,Clear,Daylight,Straight,Grade,900,Pass & Misc: Other,21: Other,N,1,0,0,0,1,2,1,0,0,0,0,0
269417,269417,Fatal,2021,October,Thursday,18,Angle,Multi-Vehicle,151.958872138949,-27.5541543408319,Hume St,Logie St,,Toowoomba City,Toowoomba Region,4350,Toowoomba,Darling Downs,Southern,Southern,Southern Queensland,Toowoomba - East,Toowoomba,Toowoomba,Inner Regional,Toowoomba North,Groom,Locally-controlled,Intersection - T-Junction,Stop sign,60 km/h,Sealed - Dry,Clear,Dawn/Dusk,Straight,Level,104,Vehs Adjacent Approach: Thru-Right,01: Intersection: Adjacent Approach,,1,0,0,0,1,1,1,0,0,0,0,0
269421,269421,Fatal,2023,March,Friday,5,Hit object,Single Vehicle,151.751855161941,-27.5502723209745,Toowoomba - Cecil Plains Rd,,Toowoomba - Cecil Plains Road,Biddeston,Toowoomba Region,4401,Oakey,Darling Downs,Southern,Southern,Southern Queensland,Jondaryan,Darling Downs - East,Darling Downs - Maranoa,Inner Regional,Condamine,Groom,State-controlled,No Roadway Feature,No traffic control,100 - 110 km/h,Sealed - Dry,Clear,Dawn/Dusk,Curved - view open,Level,804,Off Path-Curve: Off Cway Lt Bend Hit Obj,19: Off Carriageway on Curve Hit Object,W,1,0,0,0,1,1,0,0,0,0,0,0
269446,269446,Fatal,2024,May,Tuesday,2,Angle,Multi-Vehicle,152.934465028453,-27.592858436851,Boundary Rd,Progress Rd,,Wacol,Brisbane City,4076,Mount Ommaney,South Brisbane,Brisbane,SEQ South,Metropolitan,Wacol,Forest Lake - Oxley,Ipswich,Major Cities,Inala,Oxley,Locally-controlled,Intersection - Cross,Operating traffic lights,70 km/h,Sealed - Dry,Clear,Darkness - Lighted,Straight,Crest,202,Vehs Opposite Approach: Thru-Right,03: Opposing Vehicles Turning,E,1,0,2,0,3,2,0,0,0,0,0,0
269493,269493,Fatal,2023,November,Wednesday,9,Hit object,Single Vehicle,143.522598747205,-18.3756925998571,Forsayth Rd,,Forsayth Road,Georgetown,Etheridge Shire,4871,Georgetown,Far North,Far Northern,Northern,North Queensland,Croydon - Etheridge,Far North,Queensland - Outback,Very Remote,Traeger,Kennedy,State-controlled,No Roadway Feature,No traffic control,100 - 110 km/h,Sealed - Dry,Clear,Daylight,Straight,Level,703,Off Path-Straight: Left Off Cway Hit Obj,16: Off Carriageway on Straight Hit Object,N,1,0,0,0,1,1,0,0,0,0,0,0
269523,269523,Fatal,2023,September,Sunday,17,Hit pedestrian,Hit pedestrian,153.043149138488,-26.622013440029,David Low Way,,Maroochydore - Noosa Road,Bli Bli,Sunshine Coast Region,4560,Nambour,Sunshine Coast,North Coast,SEQ North,North Coast,Bli Bli,Nambour,Sunshine Coast,Major Cities,Ninderry,Fairfax,State-controlled,No Roadway Feature,Operating traffic lights,60 km/h,Sealed - Dry,Clear,Daylight,Curved - view open,Level,001,Pedn: Near Side Vehicle Hit From Right,12: Pedestrian,W,1,0,0,0,1,1,0,0,0,0,1,0
269524,269524,Fatal,2024,January,Thursday,12,Hit pedestrian,Hit pedestrian,152.783555040224,-27.6290714220858,Robertson Rd,,,Raceview,Ipswich City,4305,Ipswich,Ipswich,Southern,SEQ South,Metropolitan,Ipswich - East,Ipswich Inner,Ipswich,Major Cities,Ipswich,Blair,Locally-controlled,Median Opening,No traffic control,60 km/h,Sealed - Dry,Clear,Daylight,Straight,Level,001,Pedn: Near Side Vehicle Hit From Right,12: Pedestrian,,1,0,1,0,2,1,0,0,0,0,1,0
269528,269528,Fatal,2024,March,Friday,17,Hit object,Single Vehicle,153.025822034481,-27.4670554450121,Edward St,,,Brisbane City,Brisbane City,4000,Brisbane City,North Brisbane,Brisbane,SEQ North,Metropolitan,Brisbane City,Brisbane Inner,Brisbane Inner City,Major Cities,Mcconnel,Brisbane,Locally-controlled,No Roadway Feature,No traffic control,0 - 50 km/h,Sealed - Dry,Clear,Daylight,Straight,Grade,008,Pedn: On Ftway Hit By Vehicle On Ftway,12: Pedestrian,E,1,1,1,1,4,0,0,0,1,0,1,0
269589,269589,Fatal,2021,October,Sunday,16,Head-on,Multi-Vehicle,146.884097431131,-19.3611968379732,Bruce Hwy,,Bruce Highway (Ayr - Townsville),Julago,Townsville City,4816,Stuart,Townsville,Northern,Northern,North Queensland,Townsville - South,Townsville,Townsville,Outer Regional,Burdekin,Dawson,State-controlled,No Roadway Feature,No traffic control,100 - 110 km/h,Sealed - Dry,Clear,Daylight,Straight,Grade,201,Vehs Opposite Approach: Head On,02: Head-on,E,2,4,0,0,6,3,0,0,0,0,0,0
269625,269625,Fatal,2020,December,Thursday,17,Hit object,Single Vehicle,146.329523414897,-20.0603738026797,Mafeking Rd,,,Broughton,Charters Towers Region,4820,Charters Towers,Townsville,Northern,Northern,North Queensland,Dalrymple,Charters Towers - Ayr - Ingham,Townsville,Outer Regional,Traeger,Kennedy,Locally-controlled,No Roadway Feature,No traffic control,100 - 110 km/h,Unsealed - Dry,Clear,Daylight,Curved - view open,Crest,803,Off Path-Curve: Off Cway Rt Bend Hit Obj,19: Off Carriageway on Curve Hit Object,,1,0,0,0,1,1,0,0,0,0,0,0
269650,269650,Fatal,2022,December,Thursday,12,Hit pedestrian,Hit pedestrian,152.980338022344,-27.602013441516,Skylark St,,,Inala,Brisbane City,4077,Inala,South Brisbane,Brisbane,SEQ South,Metropolitan,Inala - Richlands,Forest Lake - Oxley,Ipswich,Major Cities,Inala,Oxley,Locally-controlled,No Roadway Feature,No traffic control,0 - 50 km/h,Sealed - Dry,Clear,Daylight,Straight,Level,003,Pedn: Far Side Vehicle Hit From Left,12: Pedestrian,S,1,0,0,0,1,1,0,0,0,0,1,0
269682,269682,Fatal,2023,February,Thursday,20,Head-on,Multi-Vehicle,152.590629278245,-25.8553283888238,Bruce Hwy,,Bruce Highway (Gympie - Maryborough),Gootchie,Fraser Coast Region,4650,Tiaro,Wide Bay Burnett,North Coast,Southern,Southern Queensland,Maryborough Region - South,Maryborough,Wide Bay,Inner Regional,Gympie,Wide Bay,State-controlled,No Roadway Feature,No traffic control,80 - 90 km/h,Sealed - Dry,Clear,Darkness - Not lighted,Straight,Level,201,Vehs Opposite Approach: Head On,02: Head-on,S,1,0,0,0,1,1,0,1,0,0,0,0
269683,269683,Fatal,2023,March,Saturday,0,Fall from vehicle,Single Vehicle,153.094488000977,-27.6732824535426,Second Ave,,,Marsden,Logan City,4132,Crestmead,Logan,South Eastern,SEQ South,South Coast,Marsden,Browns Plains,Logan - Beaudesert,Major Cities,Woodridge,Rankin,Locally-controlled,No Roadway Feature,No traffic control,60 km/h,Sealed - Wet,Clear,Darkness - Lighted,Straight,Level,301,Vehs Same Direction: Rear End,04: Rear-end,S,1,0,0,0,1,2,1,0,0,0,0,0
269684,269684,Fatal,2023,March,Saturday,20,Overturned,Single Vehicle,152.263818189809,-26.8648713648903,Rohlmanns Rd,,,Linville,Somerset Region,4306,Moore,Moreton,North Coast,SEQ North,North Coast,Kilcoy,Caboolture Hinterland,Moreton Bay - North,Outer Regional,Nanango,Blair,Locally-controlled,No Roadway Feature,No traffic control,100 - 110 km/h,Unsealed - Wet,Raining,Darkness - Not lighted,Curved - view open,Grade,400,Vehs Manoeuvring: Other,21: Other,N,1,0,0,0,1,1,0,0,0,0,0,0
269685,269685,Fatal,2023,March,Monday,13,Hit object,Single Vehicle,152.939310029689,-27.5789004372256,Ipswich Mwy,,Cunningham Arterial Road (Ipswich Motorway),Wacol,Brisbane City,4076,Mount Ommaney,South Brisbane,Brisbane,SEQ South,Metropolitan,Wacol,Forest Lake - Oxley,Ipswich,Major Cities,Mount Ommaney,Oxley,State-controlled,No Roadway Feature,No traffic control,100 - 110 km/h,Sealed - Dry,Clear,Daylight,Straight,Level,703,Off Path-Straight: Left Off Cway Hit Obj,16: Off Carriageway on Straight Hit Object,N,1,0,0,0,1,1,0,0,0,0,0,0
269686,269686,Fatal,2023,March,Tuesday,12,Hit object,Single Vehicle,150.146954446872,-26.567765165316,Leichhardt Hwy,,Leichhardt Highway (Taroom - Miles),Dalwogon,Western Downs Region,4415,Miles,South West,Southern,Southern,Southern Queensland,Miles - Wandoan,Darling Downs (west) - Maranoa,Darling Downs - Maranoa,Outer Regional,Callide,Maranoa,State-controlled,No Roadway Feature,No traffic control,100 - 110 km/h,Sealed - Dry,Clear,Daylight,Curved - view open,Grade,804,Off Path-Curve: Off Cway Lt Bend Hit Obj,19: Off Carriageway on Curve Hit Object,S,1,0,0,0,1,1,0,0,0,0,0,0
269688,269688,Fatal,2023,April,Wednesday,19,Hit object,Single Vehicle,152.9476380958,-27.0446284338262,Beerburrum Rd,,Beerburrum Road,Caboolture,Moreton Bay Region,4510,Caboolture,Moreton,North Coast,SEQ North,North Coast,Caboolture,Caboolture,Moreton Bay - North,Major Cities,Pumicestone,Longman,State-controlled,No Roadway Feature,No traffic control,100 - 110 km/h,Sealed - Dry,Clear,Darkness - Not lighted,Straight,Level,703,Off Path-Straight: Left Off Cway Hit Obj,16: Off Carriageway on Straight Hit Object,S,1,0,0,0,1,1,0,0,0,0,0,0
269689,269689,Fatal,2023,April,Wednesday,14,Angle,Multi-Vehicle,148.715728213828,-20.2675509905939,Proserpine - Shute Harbour Rd,Waterson Wy,Proserpine - Shute Harbour Road,Airlie Beach,Whitsunday Region,4802,Whitsunday,Mackay,Central,Central,Central Queensland,Airlie - Whitsundays,Whitsunday,Mackay - Isaac - Whitsunday,Outer Regional,Whitsunday,Dawson,State-controlled,Intersection - Roundabout,Give way sign,0 - 50 km/h,Sealed - Dry,Clear,Daylight,Curved - view open,Grade,308,Vehs Same Direction: Right Turn S/Swipe,06: Parallel Lanes Turning,N,1,1,0,0,2,0,1,0,0,0,0,1
269690,269690,Fatal,2023,April,Thursday,9,Sideswipe,Multi-Vehicle,152.913349151529,-26.6248814270492,Nambour - Mapleton Rd,,Nambour - Mapleton Road,Burnside,Sunshine Coast Region,4560,Nambour,Sunshine Coast,North Coast,SEQ North,North Coast,Nambour,Nambour,Sunshine Coast,Inner Regional,Nicklin,Fairfax,State-controlled,No Roadway Feature,No traffic control,80 - 90 km/h,Sealed - Dry,Clear,Daylight,Curved - view obscured,Grade,201,Vehs Opposite Approach: Head On,02: Head-on,E,1,0,0,0,1,1,1,0,0,0,0,0
269691,269691,Fatal,2023,April,Sunday,22,Rear-end,Multi-Vehicle,152.709600307888,-25.5113443977994,Saltwater Creek Rd,,Maryborough - Hervey Bay Road,Maryborough,Fraser Coast Region,4650,Maryborough,Wide Bay Burnett,North Coast,Southern,Southern Queensland,Maryborough (qld),Maryborough,Wide Bay,Inner Regional,Maryborough,Wide Bay,State-controlled,No Roadway Feature,No traffic control,80 - 90 km/h,Sealed - Dry,Clear,Darkness - Not lighted,Straight,Level,301,Vehs Same Direction: Rear End,04: Rear-end,U,3,1,1,0,5,3,0,0,0,0,0,0
269692,269692,Fatal,2023,May,Monday,11,Sideswipe,Multi-Vehicle,151.267358112143,-28.4158912819842,Stanthorpe - Inglewood Rd,,Stanthorpe - Inglewood Road,Coolmunda,Goondiwindi Region,4387,Inglewood,Darling Downs,Southern,Southern,Southern Queensland,Inglewood - Waggamba,Darling Downs (west) - Maranoa,Darling Downs - Maranoa,Outer Regional,Southern Downs,Maranoa,State-controlled,No Roadway Feature,No traffic control,100 - 110 km/h,Sealed - Dry,Clear,Daylight,Straight,Level,504,Vehs Overtaking: Cutting In,05: Lane Change,N,1,0,0,0,1,2,0,0,0,0,0,0
269693,269693,Fatal,2023,May,Sunday,6,Hit object,Single Vehicle,152.480921348942,-25.3551223739742,Duckinwilla Rd,,,Cherwell,Fraser Coast Region,4660,Howard,Wide Bay Burnett,North Coast,Southern,Southern Queensland,Burrum - Fraser,Maryborough,Wide Bay,Inner Regional,Maryborough,Hinkler,Locally-controlled,No Roadway Feature,No traffic control,100 - 110 km/h,Unsealed - Wet,Raining,Dawn/Dusk,Curved - view open,Level,803,Off Path-Curve: Off Cway Rt Bend Hit Obj,19: Off Carriageway on Curve Hit Object,N,1,0,0,0,1,1,0,0,0,0,0,0
269694,269694,Fatal,2023,May,Saturday,20,Hit object,Single Vehicle,145.517154936015,-26.6485857975708,Diamantina Development Rd,,Diamantina Developmental Road (Charleville - Quilpie),Cooladdi,Murweh Shire,4479,Charleville,South West,Southern,Southern,Southern Queensland,Charleville,Outback - South,Queensland - Outback,Very Remote,Warrego,Maranoa,State-controlled,No Roadway Feature,No traffic control,100 - 110 km/h,Sealed - Dry,Clear,Darkness - Not lighted,Straight,Level,703,Off Path-Straight: Left Off Cway Hit Obj,16: Off Carriageway on Straight Hit Object,W,1,0,0,0,1,1,0,0,0,0,0,0
269695,269695,Fatal,2023,May,Saturday,3,Hit pedestrian,Hit pedestrian,149.48556098108,-22.0470160706121,Bruce Hwy,,Bruce Highway (St Lawrence - Mackay),Clairview,Isaac Region,4741,Carmila,Mackay,Central,Central,Central Queensland,Broadsound - Nebo,Bowen Basin - North,Mackay - Isaac - Whitsunday,Remote,Mirani,Capricornia,State-controlled,No Roadway Feature,No traffic control,100 - 110 km/h,Sealed - Dry,Fog,Darkness - Not lighted,Straight,Level,005,Pedn: Hit Walking With Traffic,12: Pedestrian,N,1,0,0,0,1,0,0,1,0,0,1,0
269696,269696,Fatal,2023,May,Tuesday,5,Hit object,Single Vehicle,152.859806262908,-25.7607694147503,Maryborough - Cooloola Rd,,Maryborough - Cooloola Road,Tuan Forest,Fraser Coast Region,4650,Maryborough,Wide Bay Burnett,North Coast,Southern,Southern Queensland,Maryborough Region - South,Maryborough,Wide Bay,Inner Regional,Maryborough,Wide Bay,State-controlled,No Roadway Feature,No traffic control,100 - 110 km/h,Sealed - Dry,Clear,Darkness - Not lighted,Straight,Dip,703,Off Path-Straight: Left Off Cway Hit Obj,16: Off Carriageway on Straight Hit Object,N,1,0,0,0,1,1,0,0,0,0,0,0
269697,269697,Fatal,2023,May,Wednesday,15,Angle,Multi-Vehicle,153.042160050187,-27.3285914455568,Denham St,Phillips St,,Bracken Ridge,Brisbane City,4017,Sandgate,North Brisbane,Brisbane,SEQ North,Metropolitan,Bracken Ridge,Sandgate,Brisbane - North,Major Cities,Sandgate,Petrie,Locally-controlled,Intersection - T-Junction,Stop sign,60 km/h,Sealed - Dry,Clear,Daylight,Straight,Level,104,Vehs Adjacent Approach: Thru-Right,01: Intersection: Adjacent Approach,,1,1,0,0,2,1,1,0,0,0,0,0
269698,269698,Fatal,2023,May,Sunday,18,Head-on,Multi-Vehicle,153.077280968978,-27.9394334539049,Beaudesert - Beenleigh Rd,,Beaudesert - Beenleigh Road,Birnam,Scenic Rim Region,4285,Beaudesert,Logan,South Eastern,SEQ South,South Coast,Beaudesert,Beaudesert,Logan - Beaudesert,Inner Regional,Scenic Rim,Wright,State-controlled,No Roadway Feature,No traffic control,100 - 110 km/h,Sealed - Dry,Clear,Darkness - Not lighted,Straight,Crest,501,Vehs Overtaking: Head On,02: Head-on,S,2,0,0,0,2,2,0,1,0,0,0,0
269699,269699,Fatal,2023,June,Monday,3,Hit animal,Other,145.769207493394,-19.6130867586246,Gregory Developmental Rd,,Gregory Developmental Road (Charters Towers - The Lynd),Basalt,Charters Towers Region,4820,Greenvale,Townsville,Northern,Northern,North Queensland,Dalrymple,Charters Towers - Ayr - Ingham,Townsville,Remote,Traeger,Kennedy,State-controlled,No Roadway Feature,No traffic control,100 - 110 km/h,Sealed - Dry,Clear,Darkness - Not lighted,Straight,Grade,609,Pass & Misc: Hit Animal,14: Hit Animal,N,1,0,0,0,1,1,0,0,0,0,0,0
269700,269700,Fatal,2023,June,Tuesday,15,Hit object,Single Vehicle,141.048427961992,-17.668306455148,Macnamara St,,,Normanton,Carpentaria Shire,4890,Karumba,Mount Isa,Northern,Northern,North Queensland,Carpentaria,Outback - North,Queensland - Outback,Very Remote,Traeger,Kennedy,Locally-controlled,Intersection - Cross,No traffic control,100 - 110 km/h,Unsealed - Dry,Clear,Dawn/Dusk,Straight,Dip,600,Vehs On Path: Other,21: Other,,1,0,0,0,1,0,1,0,0,0,0,0
269701,269701,Fatal,2023,June,Saturday,13,Fall from vehicle,Single Vehicle,153.001653070235,-27.2033404404981,Boundary Rd,,,Narangba,Moreton Bay Region,4504,Deception Bay,Moreton,North Coast,SEQ North,North Coast,Deception Bay,Narangba - Burpengary,Moreton Bay - North,Major Cities,Bancroft,Petrie,Locally-controlled,No Roadway Feature,No traffic control,0 - 50 km/h,Sealed - Dry,Clear,Daylight,Curved - view open,Level,201,Vehs Opposite Approach: Head On,02: Head-on,,1,0,1,0,2,1,1,0,0,0,0,0
269702,269702,Fatal,2023,June,Wednesday,5,Rear-end,Multi-Vehicle,151.897932148186,-27.5325403348078,Bridge St,Nugent Pinch Rd,Toowoomba Connection Road,Torrington,Toowoomba Region,4350,Toowoomba,Darling Downs,Southern,Southern,Southern Queensland,Toowoomba - West,Toowoomba,Toowoomba,Inner Regional,Condamine,Groom,State-controlled,Intersection - T-Junction,Operating traffic lights,70 km/h,Sealed - Dry,Clear,Darkness - Lighted,Curved - view open,Grade,301,Vehs Same Direction: Rear End,04: Rear-end,W,1,0,0,0,1,0,1,1,0,0,0,0
269703,269703,Fatal,2023,June,Friday,15,Hit object,Single Vehicle,146.865645451739,-19.1304658346323,Horseshoe Bay Rd,,,Horseshoe Bay,Townsville City,4819,Magnetic Island,Townsville,Northern,Northern,North Queensland,Magnetic Island,Townsville,Townsville,Outer Regional,Townsville,Herbert,Locally-controlled,No Roadway Feature,No traffic control,60 km/h,Sealed - Dry,Clear,Daylight,Straight,Grade,703,Off Path-Straight: Left Off Cway Hit Obj,16: Off Carriageway on Straight Hit Object,S,1,0,0,0,1,0,1,0,0,0,0,0
269704,269704,Fatal,2023,June,Monday,10,Hit pedestrian,Hit pedestrian,153.034501067569,-27.1968464437428,George St,,,Deception Bay,Moreton Bay Region,4508,Deception Bay,Moreton,North Coast,SEQ North,North Coast,Deception Bay,Narangba - Burpengary,Moreton Bay - North,Major Cities,Bancroft,Petrie,Locally-controlled,No Roadway Feature,No traffic control,0 - 50 km/h,Sealed - Dry,Clear,Daylight,Straight,Level,000,Pedn: Hit Other,21: Other,U,1,0,0,0,1,1,0,0,0,0,1,0