_id,Crash_Ref_Number,Crash_Severity,Crash_Year,Crash_Month,Crash_Day_Of_Week,Crash_Hour,Crash_Nature,Crash_Type,Crash_Longitude,Crash_Latitude,Crash_Street,Crash_Street_Intersecting,State_Road_Name,Loc_Suburb,Loc_Local_Government_Area,Loc_Post_Code,Loc_Police_Division,Loc_Police_District,Loc_Police_Region,Loc_Queensland_Transport_Region,Loc_Main_Roads_Region,Loc_ABS_Statistical_Area_2,Loc_ABS_Statistical_Area_3,Loc_ABS_Statistical_Area_4,Loc_ABS_Remoteness,Loc_State_Electorate,Loc_Federal_Electorate,Crash_Controlling_Authority,Crash_Roadway_Feature,Crash_Traffic_Control,Crash_Speed_Limit,Crash_Road_Surface_Condition,Crash_Atmospheric_Condition,Crash_Lighting_Condition,Crash_Road_Horiz_Align,Crash_Road_Vert_Align,Crash_DCA_Code,Crash_DCA_Description,Crash_DCA_Group_Description,DCA_Key_Approach_Dir,Count_Casualty_Fatality,Count_Casualty_Hospitalised,Count_Casualty_MedicallyTreated,Count_Casualty_MinorInjury,Count_Casualty_Total,Count_Unit_Car,Count_Unit_Motorcycle_Moped,Count_Unit_Truck,Count_Unit_Bus,Count_Unit_Bicycle,Count_Unit_Pedestrian,Count_Unit_Other
269842,269842,Fatal,2018,August,Sunday,17,Overturned,Single Vehicle,148.839087478629,-27.5898510604248,Carnarvon Hwy,,Carnarvon Highway (St George - Surat),Wellesley,Maranoa Region,4417,Saint George,South West,Southern,Southern,Southern Queensland,Roma Region,Darling Downs (west) - Maranoa,Darling Downs - Maranoa,Remote,Warrego,Maranoa,State-controlled,No Roadway Feature,No traffic control,100 - 110 km/h,Sealed - Dry,Clear,Dawn/Dusk,Straight,Level,502,Vehs Overtaking: Out Of Control,15: Off Carriageway on Straight,S,1,5,0,0,6,1,0,0,0,0,0,0
269843,269843,Fatal,2018,August,Monday,16,Hit pedestrian,Hit pedestrian,153.138444461698,-27.0528108440561,Seabreeze Ave,Seaside Dr,,Banksia Beach,Moreton Bay Region,4507,Bribie Island,Moreton,North Coast,SEQ North,North Coast,Bribie Island,Bribie - Beachmere,Moreton Bay - North,Inner Regional,Pumicestone,Longman,Locally-controlled,Intersection - Roundabout,No traffic control,0 - 50 km/h,Sealed - Dry,Clear,Daylight,Straight,Level,000,Pedn: Hit Other,21: Other,N,1,0,0,0,1,1,0,0,0,0,1,0
270198,270198,Fatal,2016,March,Sunday,15,Head-on,Multi-Vehicle,152.768642316488,-25.3919244026861,Maryborough - Hervey Bay Rd,,Maryborough - Hervey Bay Road,Susan River,Fraser Coast Region,4655,Hervey Bay,Wide Bay Burnett,North Coast,Southern,Southern Queensland,Burrum - Fraser,Maryborough,Wide Bay,Inner Regional,Maryborough,Hinkler,State-controlled,No Roadway Feature,No traffic control,100 - 110 km/h,Sealed - Dry,Clear,Daylight,Curved - view open,Level,201,Vehs Opposite Approach: Head On,02: Head-on,S,1,2,0,0,3,2,0,0,0,0,0,0
270417,270417,Fatal,2016,July,Thursday,18,Hit object,Single Vehicle,151.998586196801,-27.0390973405869,Pierce Ck Rd,,,Emu Creek,Toowoomba Region,4355,Cooyar,Darling Downs,Southern,Southern,Southern Queensland,Crows Nest - Rosalie,Darling Downs - East,Darling Downs - Maranoa,Inner Regional,Nanango,Maranoa,Locally-controlled,No Roadway Feature,No traffic control,80 - 90 km/h,Unsealed - Dry,Clear,Darkness - Not lighted,Curved - view open,Dip,804,Off Path-Curve: Off Cway Lt Bend Hit Obj,19: Off Carriageway on Curve Hit Object,N,1,0,0,0,1,1,0,0,0,0,0,0
270418,270418,Fatal,2016,July,Thursday,18,Overturned,Single Vehicle,142.078907850618,-18.3536765154805,Claraville - Croydon Rd,,,Croydon,Croydon Shire,4871,Croydon,Far North,Far Northern,Northern,North Queensland,Croydon - Etheridge,Far North,Queensland - Outback,Very Remote,Traeger,Kennedy,Locally-controlled,No Roadway Feature,No traffic control,100 - 110 km/h,Sealed - Wet,Raining,Darkness - Not lighted,Straight,Level,705,Off Path-Straight: Out Of Control On Cway,17: Out of Control on Straight,S,1,1,0,0,2,1,0,0,0,0,0,0
270422,270422,Fatal,2016,July,Monday,14,Hit object,Single Vehicle,151.575798122514,-28.0398493080784,Toowoomba - Karara Rd,,Toowoomba - Karara Road,Leyburn,Southern Downs Region,4365,Leyburn,Darling Downs,Southern,Southern,Southern Queensland,Southern Downs - West,Granite Belt,Darling Downs - Maranoa,Inner Regional,Southern Downs,Maranoa,State-controlled,No Roadway Feature,No traffic control,100 - 110 km/h,Sealed - Dry,Clear,Daylight,Curved - view open,Level,803,Off Path-Curve: Off Cway Rt Bend Hit Obj,19: Off Carriageway on Curve Hit Object,S,1,0,0,0,1,0,1,0,0,0,0,0
270487,270487,Fatal,2013,July,Thursday,8,Overturned,Single Vehicle,140.89902867888,-23.668123716434,Springvale Rd,,,Diamantina Lakes,Diamantina Shire,4735,Bedourie,Mount Isa,Northern,Central,Central Queensland,Far Central West,Outback - South,Queensland - Outback,Very Remote,Gregory,Maranoa,Locally-controlled,No Roadway Feature,No traffic control,100 - 110 km/h,Unsealed - Dry,Clear,Daylight,Curved - view open,Level,805,Off Path-Curve: Out Of Control On Cway,20: Out of Control on Curve,N,1,0,0,0,1,1,0,0,0,0,0,0
270982,270982,Fatal,2013,August,Monday,10,Angle,Multi-Vehicle,152.067873215571,-28.1228047957958,Cunningham Hwy,New England Hwy,Cunningham Highway (Ipswich - Warwick),Glengallan,Southern Downs Region,4370,Warwick,Darling Downs,Southern,Southern,Southern Queensland,Southern Downs - East,Granite Belt,Darling Downs - Maranoa,Inner Regional,Southern Downs,Maranoa,State-controlled,Intersection - T-Junction,Stop sign,80 - 90 km/h,Sealed - Dry,Clear,Daylight,Curved - view open,Grade,104,Vehs Adjacent Approach: Thru-Right,01: Intersection: Adjacent Approach,E,2,0,0,0,2,1,0,1,0,0,0,0
270983,270983,Fatal,2013,August,Friday,13,Hit object,Single Vehicle,152.961857146283,-27.1328069769504,Burpengary - Caboolture Rd,Paradise Rd,Burpengary - Caboolture Road,Burpengary,Moreton Bay Region,4505,Burpengary,Moreton,North Coast,SEQ North,North Coast,Burpengary,Narangba - Burpengary,Moreton Bay - North,Major Cities,Kurwongbah,Longman,State-controlled,Intersection - T-Junction,No traffic control,70 km/h,Sealed - Dry,Clear,Daylight,Straight,Level,201,Vehs Opposite Approach: Head On,02: Head-on,N,1,1,0,0,2,2,0,0,0,0,0,0
270984,270984,Fatal,2013,August,Tuesday,1,Hit object,Single Vehicle,151.525309140482,-28.2698304590931,Cunningham Hwy,,Cunningham Highway (Warwick - Inglewood),Karara,Southern Downs Region,4352,Leyburn,Darling Downs,Southern,Southern,Southern Queensland,Southern Downs - West,Granite Belt,Darling Downs - Maranoa,Outer Regional,Southern Downs,Maranoa,State-controlled,No Roadway Feature,No traffic control,100 - 110 km/h,Sealed - Dry,Clear,Darkness - Not lighted,Curved - view obscured,Level,803,Off Path-Curve: Off Cway Rt Bend Hit Obj,19: Off Carriageway on Curve Hit Object,E,1,1,0,0,2,1,0,0,0,0,0,0
271081,271081,Fatal,2016,December,Tuesday,21,Hit pedestrian,Hit pedestrian,153.023333070841,-27.1801984424895,Thompson St,,,Deception Bay,Moreton Bay Region,4508,Deception Bay,Moreton,North Coast,SEQ North,North Coast,Deception Bay,Narangba - Burpengary,Moreton Bay - North,Major Cities,Bancroft,Petrie,Locally-controlled,No Roadway Feature,No traffic control,0 - 50 km/h,Sealed - Dry,Clear,Darkness - Not lighted,Straight,Level,004,Pedn: Play; Work; Stand; Lie On Cway,12: Pedestrian,W,1,0,0,0,1,1,0,0,0,0,1,0
271227,271227,Fatal,2013,August,Friday,12,Angle,Multi-Vehicle,151.829423160573,-27.4166181213316,Kelvinhaugh - Yalangur Rd,Kingsthorpe - Haden Rd,,Yalangur,Toowoomba Region,4352,Goombungee,Darling Downs,Southern,Southern,Southern Queensland,Jondaryan,Darling Downs - East,Darling Downs - Maranoa,Inner Regional,Condamine,Groom,Locally-controlled,Intersection - Cross,Stop sign,100 - 110 km/h,Sealed - Dry,Clear,Daylight,Straight,Grade,101,Vehs Adjacent Approach: Thru-Thru,01: Intersection: Adjacent Approach,S,2,1,0,0,3,2,0,0,0,0,0,0
271228,271228,Fatal,2013,August,Sunday,2,Overturned,Single Vehicle,153.067750382506,-28.1704241037566,Duck Ck Rd,,,Kerry,Scenic Rim Region,4285,Canungra,Logan,South Eastern,SEQ South,South Coast,Beaudesert,Beaudesert,Logan - Beaudesert,Inner Regional,Scenic Rim,Wright,Locally-controlled,No Roadway Feature,No traffic control,0 - 50 km/h,Unsealed - Wet,Clear,Darkness - Not lighted,Curved - view open,Grade,800,Off Path-Curve: Other,21: Other,S,1,1,0,0,2,1,0,0,0,0,0,0
271229,271229,Fatal,2013,August,Sunday,16,Overturned,Single Vehicle,145.345412467454,-24.4939531477494,Blackall - Adavale Rd,,Blackall - Adavale Road,Blackall,Blackall Tambo Region,4472,Blackall,Capricornia,Central,Central,Central Queensland,Barcaldine - Blackall,Outback - South,Queensland - Outback,Very Remote,Gregory,Maranoa,State-controlled,No Roadway Feature,No traffic control,100 - 110 km/h,Sealed - Dry,Clear,Daylight,Straight,Level,705,Off Path-Straight: Out Of Control On Cway,17: Out of Control on Straight,N,1,0,0,0,1,1,0,0,0,0,0,0
271230,271230,Fatal,2013,August,Friday,21,Hit object,Single Vehicle,153.162310550957,-27.5685760375522,Alperton Rd,,,Burbank,Brisbane City,4156,Capalaba,South Brisbane,Brisbane,SEQ South,Metropolitan,Rochedale - Burbank,Mt Gravatt,Brisbane - South,Major Cities,Mansfield,Bonner,Locally-controlled,No Roadway Feature,No traffic control,60 km/h,Sealed - Dry,Clear,Darkness - Not lighted,Straight,Grade,704,Off Path-Straight: Right Off Cway Hit Obj,16: Off Carriageway on Straight Hit Object,N,1,0,0,0,1,1,0,0,0,0,0,0
271231,271231,Fatal,2013,August,Sunday,20,Hit object,Single Vehicle,149.171847506529,-21.1082781769361,Beaconsfield Rd East,,,Andergrove,Mackay Region,4740,Mackay Northern Beaches,Mackay,Central,Central,Central Queensland,Andergrove - Beaconsfield,Mackay,Mackay - Isaac - Whitsunday,Inner Regional,Mackay,Dawson,Locally-controlled,No Roadway Feature,No traffic control,100 - 110 km/h,Sealed - Dry,Clear,Darkness - Lighted,Curved - view open,Level,803,Off Path-Curve: Off Cway Rt Bend Hit Obj,19: Off Carriageway on Curve Hit Object,W,1,0,0,0,1,0,1,0,0,0,0,0
271232,271232,Fatal,2013,August,Saturday,7,Hit object,Single Vehicle,153.027371064208,-27.4916799623622,Annerley Rd,Park Rd,,Dutton Park,Brisbane City,4102,Dutton Park,South Brisbane,Brisbane,SEQ South,Metropolitan,Woolloongabba,Holland Park - Yeronga,Brisbane - South,Major Cities,South Brisbane,Griffith,Locally-controlled,Intersection - T-Junction,Operating traffic lights,60 km/h,Sealed - Dry,Clear,Daylight,Straight,Level,305,Vehs Same Direction: Lane Side Swipe,05: Lane Change,S,1,0,0,0,1,0,0,1,0,1,0,0
271267,271267,Fatal,2013,August,Thursday,14,Overturned,Single Vehicle,151.763002954887,-25.0102436747033,Bowmans Rd,,,Moolboolaman,Bundaberg Region,4671,Gin Gin,Wide Bay Burnett,North Coast,Southern,Southern Queensland,Gin Gin,Burnett,Wide Bay,Outer Regional,Callide,Flynn,Locally-controlled,No Roadway Feature,No traffic control,60 km/h,Unsealed - Dry,Clear,Daylight,Curved - view obscured,Grade,802,Off Path-Curve: Off Cway Left Bend,18: Off Carriageway on Curve,W,1,0,0,0,1,0,0,0,0,0,0,1
271373,271373,Fatal,2014,June,Saturday,14,Angle,Multi-Vehicle,152.993622047838,-27.3884194411597,Rode Rd,Voigt St,,Mcdowall,Brisbane City,4053,Albany Creek,North Brisbane,Brisbane,SEQ North,Metropolitan,Mcdowall,Bald Hills - Everton Park,Brisbane - North,Major Cities,Aspley,Lilley,Locally-controlled,Intersection - T-Junction,Give way sign,60 km/h,Sealed - Dry,Clear,Daylight,Straight,Crest,104,Vehs Adjacent Approach: Thru-Right,01: Intersection: Adjacent Approach,E,1,0,0,0,1,1,1,0,0,0,0,0
271374,271374,Fatal,2014,June,Wednesday,11,Hit object,Single Vehicle,153.108985053733,-27.2440394516073,Baynes St,,,Margate,Moreton Bay Region,4019,Redcliffe,Moreton,North Coast,SEQ North,North Coast,Margate - Woody Point,Redcliffe,Moreton Bay - North,Major Cities,Redcliffe,Petrie,Locally-controlled,No Roadway Feature,No traffic control,0 - 50 km/h,Sealed - Dry,Clear,Daylight,Straight,Level,400,Vehs Manoeuvring: Other,21: Other,N,1,0,0,0,1,1,0,0,0,0,0,0
271375,271375,Fatal,2014,June,Tuesday,5,Collision - miscellaneous,Other,153.034521028767,-27.5049214461847,Ipswich Rd,,,Annerley,Brisbane City,4103,Annerley,South Brisbane,Brisbane,SEQ South,Metropolitan,Annerley,Holland Park - Yeronga,Brisbane - South,Major Cities,South Brisbane,Moreton,Locally-controlled,No Roadway Feature,No traffic control,60 km/h,Sealed - Dry,Clear,Darkness - Lighted,Straight,Grade,400,Vehs Manoeuvring: Other,21: Other,N,1,0,0,0,1,0,0,0,0,1,0,0
271376,271376,Fatal,2014,June,Thursday,9,Head-on,Multi-Vehicle,146.57990145718,-19.3160228148577,Hervey'S Range Developmental Rd,,Hervey Range Developmental Road (Townsville - Battery),Hervey Range,Townsville City,4817,Deeragun,Townsville,Northern,Northern,North Queensland,Northern Beaches,Townsville,Townsville,Outer Regional,Hinchinbrook,Herbert,State-controlled,No Roadway Feature,No traffic control,100 - 110 km/h,Sealed - Dry,Clear,Daylight,Straight,Level,201,Vehs Opposite Approach: Head On,02: Head-on,E,1,0,0,0,1,1,0,1,0,0,0,0
271377,271377,Fatal,2014,June,Friday,17,Rear-end,Multi-Vehicle,152.699474220942,-26.2378714026659,Bruce Hwy,,Cooroy - Gympie Road,Kybong,Gympie Region,4570,Gympie,Wide Bay Burnett,North Coast,Southern,Southern Queensland,Gympie Region,Gympie - Cooloola,Wide Bay,Inner Regional,Gympie,Wide Bay,State-controlled,No Roadway Feature,No traffic control,80 - 90 km/h,Sealed - Dry,Clear,Darkness - Not lighted,Straight,Level,303,Vehs Same Direction: Right Rear,04: Rear-end,S,1,0,0,0,1,2,0,1,0,0,0,0
271432,271432,Fatal,2016,November,Saturday,15,Hit object,Single Vehicle,152.251334107102,-27.554906369137,Old Toowoomba Rd,,,Gatton,Lockyer Valley Region,4343,Gatton,Darling Downs,Southern,SEQ South,Southern Queensland,Gatton,Toowoomba,Toowoomba,Inner Regional,Lockyer,Wright,Locally-controlled,No Roadway Feature,No traffic control,60 km/h,Sealed - Dry,Clear,Daylight,Straight,Level,703,Off Path-Straight: Left Off Cway Hit Obj,16: Off Carriageway on Straight Hit Object,E,1,0,0,0,1,1,0,0,0,0,0,0
271488,271488,Fatal,2016,December,Saturday,22,Hit object,Single Vehicle,153.036569136792,-26.6411194395212,Diddillibah Rd,,,Diddillibah,Sunshine Coast Region,4559,Maroochydore,Sunshine Coast,North Coast,SEQ North,North Coast,Diddillibah - Rosemount,Nambour,Sunshine Coast,Major Cities,Ninderry,Fairfax,Locally-controlled,No Roadway Feature,No traffic control,60 km/h,Sealed - Dry,Clear,Darkness - Not lighted,Curved - view open,Level,803,Off Path-Curve: Off Cway Rt Bend Hit Obj,19: Off Carriageway on Curve Hit Object,S,1,0,0,0,1,0,1,0,0,0,0,0
271491,271491,Fatal,2016,December,Sunday,9,Hit pedestrian,Hit pedestrian,153.072152021569,-27.5298544501634,Logan Rd,,,Mount Gravatt,Brisbane City,4122,Holland Park,South Brisbane,Brisbane,SEQ South,Metropolitan,Mount Gravatt,Mt Gravatt,Brisbane - South,Major Cities,Mansfield,Bonner,Locally-controlled,No Roadway Feature,No traffic control,60 km/h,Sealed - Dry,Clear,Daylight,Straight,Level,009,Pedn: Hit While Boarding/Alighting,12: Pedestrian,S,1,0,0,0,1,1,0,0,0,0,1,0
271492,271492,Fatal,2016,December,Sunday,13,Hit object,Single Vehicle,152.734978023983,-27.8006726186105,Ipswich - Boonah Rd,,Ipswich - Boonah Road,Peak Crossing,Scenic Rim Region,4306,Harrisville,Ipswich,Southern,SEQ South,South Coast,Boonah,Ipswich Hinterland,Ipswich,Inner Regional,Scenic Rim,Wright,State-controlled,No Roadway Feature,No traffic control,100 - 110 km/h,Sealed - Dry,Clear,Daylight,Curved - view open,Level,803,Off Path-Curve: Off Cway Rt Bend Hit Obj,19: Off Carriageway on Curve Hit Object,N,1,0,0,0,1,0,1,0,0,0,0,0
271917,271917,Fatal,2005,November,Monday,22,Rear-end,Multi-Vehicle,152.568105255811,-25.3268890843195,Bruce Hwy,,Bruce Highway (Maryborough - Gin Gin),Howard,Fraser Coast Region,4659,Howard,Wide Bay Burnett,North Coast,Southern,Southern Queensland,Burrum - Fraser,Maryborough,Wide Bay,Inner Regional,Maryborough,Hinkler,State-controlled,No Roadway Feature,No traffic control,100 - 110 km/h,Sealed - Dry,Clear,Darkness - Not lighted,Curved - view open,Level,301,Vehs Same Direction: Rear End,04: Rear-end,S,1,0,0,0,1,0,0,1,0,1,0,0
272166,272166,Fatal,2005,August,Friday,1,Head-on,Multi-Vehicle,145.628533159063,-16.705768006103,Captain Cook Hwy,,Captain Cook Highway (Cairns - Mossman),Wangetti,Douglas Shire,4877,Smithfield,Far North,Far Northern,Northern,North Queensland,Port Douglas,Port Douglas - Daintree,Cairns,Outer Regional,Cook,Leichhardt,State-controlled,No Roadway Feature,No traffic control,100 - 110 km/h,Sealed - Dry,Clear,Darkness - Not lighted,Curved - view obscured,Grade,201,Vehs Opposite Approach: Head On,02: Head-on,N,1,1,0,0,2,1,0,0,1,0,0,0
272248,272248,Fatal,2006,January,Monday,13,Hit object,Single Vehicle,153.104413317779,-27.6821250946115,Browns Plains Rd,,,Marsden,Logan City,4132,Crestmead,Logan,South Eastern,SEQ South,South Coast,Marsden,Browns Plains,Logan - Beaudesert,Major Cities,Woodridge,Rankin,Locally-controlled,Merge Lane,No traffic control,60 km/h,Sealed - Dry,Clear,Daylight,Straight,Grade,704,Off Path-Straight: Right Off Cway Hit Obj,16: Off Carriageway on Straight Hit Object,E,1,1,0,0,2,1,0,0,0,0,0,0
272280,272280,Fatal,2005,December,Tuesday,21,Hit object,Single Vehicle,153.070861534759,-27.4187018301548,Gerler Rd,Newmarket St,,Hendra,Brisbane City,4011,Hendra,North Brisbane,Brisbane,SEQ North,Metropolitan,Hendra,Brisbane Inner - North,Brisbane Inner City,Major Cities,Clayfield,Brisbane,Locally-controlled,Intersection - T-Junction,No traffic control,60 km/h,Sealed - Dry,Clear,Darkness - Lighted,Straight,Level,700,Off Path-Straight: Other,21: Other,N,1,0,0,0,1,1,0,0,0,0,0,0
272326,272326,Fatal,2006,January,Sunday,21,Hit object,Single Vehicle,146.283695405203,-18.5668219447593,Mona Rd,,,Halifax,Hinchinbrook Shire,4850,Halifax,Townsville,Northern,Northern,North Queensland,Ingham Region,Charters Towers - Ayr - Ingham,Townsville,Remote,Hinchinbrook,Kennedy,Locally-controlled,No Roadway Feature,No traffic control,80 - 90 km/h,Sealed - Dry,Clear,Darkness - Not lighted,Curved - view obscured,Level,803,Off Path-Curve: Off Cway Rt Bend Hit Obj,19: Off Carriageway on Curve Hit Object,S,1,0,1,0,2,1,0,0,0,0,0,0
272451,272451,Fatal,2005,September,Wednesday,8,Hit object,Single Vehicle,144.604323058826,-17.5055707933395,Almaden - Gingerella Rd,,,Barwidgi,Mareeba Shire,4872,Chillagoe,Far North,Far Northern,Northern,North Queensland,Tablelands,Far North,Queensland - Outback,Very Remote,Cook,Kennedy,Locally-controlled,No Roadway Feature,No traffic control,100 - 110 km/h,Unsealed - Dry,Clear,Daylight,Curved - view obscured,Level,803,Off Path-Curve: Off Cway Rt Bend Hit Obj,19: Off Carriageway on Curve Hit Object,N,1,0,0,1,2,1,0,0,0,0,0,0
272727,272727,Fatal,2005,December,Tuesday,8,Hit object,Single Vehicle,147.402684894416,-19.6020517826469,Old Ayr - Home Hill Rd,,,Mcdesme,Burdekin Shire,4807,Ayr,Townsville,Northern,Northern,North Queensland,Ayr,Charters Towers - Ayr - Ingham,Townsville,Outer Regional,Burdekin,Dawson,Locally-controlled,No Roadway Feature,No traffic control,80 - 90 km/h,Sealed - Dry,Clear,Daylight,Curved - view open,Level,804,Off Path-Curve: Off Cway Lt Bend Hit Obj,19: Off Carriageway on Curve Hit Object,N,1,0,0,0,1,1,0,0,0,0,0,0
272944,272944,Fatal,2005,September,Tuesday,11,Fall from vehicle,Single Vehicle,153.310562505148,-25.1118897897999,Seventy Five Mile Beach Rd,,,Fraser Island,Fraser Coast Region,4581,Fraser Island,Wide Bay Burnett,North Coast,Southern,Southern Queensland,Burrum - Fraser,Maryborough,Wide Bay,Remote,Hervey Bay,Wide Bay,Locally-controlled,No Roadway Feature,No traffic control,100 - 110 km/h,Unsealed - Wet,Clear,Daylight,Straight,Level,901,Pass & Misc: Fell In/From Vehicle,21: Other,N,1,0,0,0,1,1,0,0,0,0,0,0
273002,273002,Fatal,2005,December,Thursday,16,Collision - miscellaneous,Other,151.78884944261,-27.9670362317717,Ryeford - Pratten Rd,,Ryeford - Pratten Road,Sandy Camp,Toowoomba Region,4361,Clifton,Darling Downs,Southern,Southern,Southern Queensland,Clifton - Greenmount,Granite Belt,Darling Downs - Maranoa,Inner Regional,Condamine,Maranoa,State-controlled,No Roadway Feature,No traffic control,100 - 110 km/h,Sealed - Wet,Raining,Daylight,Straight,Level,600,Vehs On Path: Other,21: Other,S,1,0,0,0,1,1,0,0,0,0,0,0
273046,273046,Fatal,2005,October,Tuesday,8,Angle,Multi-Vehicle,153.049147439043,-27.529862394851,Marshall Rd,Marshall Rd Service Rd,,Tarragindi,Brisbane City,4121,Holland Park,South Brisbane,Brisbane,SEQ South,Metropolitan,Tarragindi,Nathan,Brisbane - South,Major Cities,Miller,Moreton,Locally-controlled,Intersection - T-Junction,No traffic control,60 km/h,Sealed - Dry,Clear,Daylight,Curved - view open,Grade,300,Vehs Same Direction: Other,21: Other,W,1,0,0,0,1,2,0,0,0,0,0,0
273054,273054,Fatal,2005,August,Friday,21,Hit object,Single Vehicle,152.953874230392,-26.5356399173871,Bunya Rd,Lees Rd,,Bridges,Sunshine Coast Region,4561,Nambour,Sunshine Coast,North Coast,SEQ North,North Coast,Eumundi - Yandina,Nambour,Sunshine Coast,Inner Regional,Nicklin,Fairfax,Locally-controlled,Intersection - T-Junction,No traffic control,100 - 110 km/h,Sealed - Dry,Clear,Darkness - Not lighted,Straight,Level,703,Off Path-Straight: Left Off Cway Hit Obj,16: Off Carriageway on Straight Hit Object,N,1,0,0,0,1,1,0,0,0,0,0,0
273129,273129,Fatal,2006,January,Friday,7,Hit object,Single Vehicle,148.708048426832,-22.8271827133528,Dysart - Middlemount Rd,,Dysart - Middlemount Road,Middlemount,Isaac Region,4746,Middlemount,Mackay,Central,Central,Central Queensland,Broadsound - Nebo,Bowen Basin - North,Mackay - Isaac - Whitsunday,Remote,Burdekin,Capricornia,State-controlled,No Roadway Feature,No traffic control,100 - 110 km/h,Sealed - Dry,Clear,Daylight,Straight,Level,703,Off Path-Straight: Left Off Cway Hit Obj,16: Off Carriageway on Straight Hit Object,N,1,0,0,0,1,1,0,0,0,0,0,0
273135,273135,Fatal,2006,January,Saturday,3,Overturned,Single Vehicle,149.461476770145,-28.5043106413737,Talwood - Mungindi Rd,,,South Talwood,Goondiwindi Region,4496,Talwood,Darling Downs,Southern,Southern,Southern Queensland,Inglewood - Waggamba,Darling Downs (west) - Maranoa,Darling Downs - Maranoa,Remote,Southern Downs,Maranoa,Locally-controlled,No Roadway Feature,No traffic control,100 - 110 km/h,Sealed - Wet,Raining,Darkness - Not lighted,Straight,Level,702,Off Path-Straight: Right Off Cway,15: Off Carriageway on Straight,S,1,0,0,0,1,1,0,0,0,0,0,0
273196,273196,Fatal,2006,February,Wednesday,11,Rear-end,Multi-Vehicle,152.699484414897,-26.2382255306697,Bruce Hwy,,Cooroy - Gympie Road,Kybong,Gympie Region,4570,Gympie,Wide Bay Burnett,North Coast,Southern,Southern Queensland,Gympie Region,Gympie - Cooloola,Wide Bay,Inner Regional,Gympie,Wide Bay,State-controlled,No Roadway Feature,No traffic control,100 - 110 km/h,Sealed - Dry,Clear,Daylight,Straight,Level,303,Vehs Same Direction: Right Rear,04: Rear-end,S,1,2,0,0,3,0,0,3,0,0,0,1
273262,273262,Fatal,2005,September,Wednesday,18,Hit pedestrian,Hit pedestrian,150.631502234823,-26.7461789822948,Barber St,Beutel St,,Chinchilla,Western Downs Region,4413,Chinchilla,South West,Southern,Southern,Southern Queensland,Chinchilla,Darling Downs (west) - Maranoa,Darling Downs - Maranoa,Outer Regional,Callide,Maranoa,Locally-controlled,Intersection - Cross,No traffic control,0 - 50 km/h,Sealed - Dry,Clear,Darkness - Lighted,Straight,Level,003,Pedn: Far Side Vehicle Hit From Left,12: Pedestrian,W,1,0,0,0,1,1,0,0,0,0,1,0
273296,273296,Fatal,2005,November,Wednesday,15,Head-on,Multi-Vehicle,152.578852265637,-27.9560470113819,Cunningham Hwy,,Cunningham Highway (Ipswich - Warwick),Frazerview,Scenic Rim Region,4309,Kalbar,Ipswich,Southern,SEQ South,South Coast,Boonah,Ipswich Hinterland,Ipswich,Inner Regional,Scenic Rim,Wright,State-controlled,Bridge/Causeway,No traffic control,100 - 110 km/h,Unknown,Unknown,Daylight,Straight,Level,201,Vehs Opposite Approach: Head On,02: Head-on,N,4,0,0,0,4,1,0,1,0,0,0,0
273299,273299,Fatal,2005,November,Friday,19,Head-on,Multi-Vehicle,152.663934639583,-26.1965002388148,Bruce Hwy,Hall La,Cooroy - Gympie Road,Gympie,Gympie Region,4570,Gympie,Wide Bay Burnett,North Coast,Southern,Southern Queensland,Gympie - North,Gympie - Cooloola,Wide Bay,Inner Regional,Gympie,Wide Bay,State-controlled,Intersection - T-Junction,No traffic control,60 km/h,Sealed - Dry,Clear,Darkness - Not lighted,Curved - view open,Grade,201,Vehs Opposite Approach: Head On,02: Head-on,S,1,0,2,0,3,2,0,0,0,0,0,0
273301,273301,Fatal,2005,November,Saturday,22,Fall from vehicle,Single Vehicle,150.969109400295,-27.9718173378374,Peacock Rd,,,The Pines,Toowoomba Region,4357,Millmerran,Darling Downs,Southern,Southern,Southern Queensland,Millmerran,Darling Downs - East,Darling Downs - Maranoa,Outer Regional,Southern Downs,Maranoa,Locally-controlled,No Roadway Feature,No traffic control,100 - 110 km/h,Unsealed - Dry,Clear,Darkness - Not lighted,Straight,Level,901,Pass & Misc: Fell In/From Vehicle,21: Other,S,1,0,0,0,1,0,0,0,0,0,0,1
273391,273391,Fatal,2005,November,Friday,22,Hit object,Single Vehicle,153.049140707424,-27.5979976273882,Hellawell Rd,,,Sunnybank Hills,Brisbane City,4109,Acacia Ridge,South Brisbane,Brisbane,SEQ South,Metropolitan,Sunnybank Hills,Sunnybank,Brisbane - South,Major Cities,Stretton,Moreton,Locally-controlled,No Roadway Feature,No traffic control,60 km/h,Sealed - Dry,Clear,Darkness - Lighted,Straight,Dip,502,Vehs Overtaking: Out Of Control,15: Off Carriageway on Straight,E,1,0,0,0,1,0,1,0,0,0,0,0