_id,Crash_Ref_Number,Crash_Severity,Crash_Year,Crash_Month,Crash_Day_Of_Week,Crash_Hour,Crash_Nature,Crash_Type,Crash_Longitude,Crash_Latitude,Crash_Street,Crash_Street_Intersecting,State_Road_Name,Loc_Suburb,Loc_Local_Government_Area,Loc_Post_Code,Loc_Police_Division,Loc_Police_District,Loc_Police_Region,Loc_Queensland_Transport_Region,Loc_Main_Roads_Region,Loc_ABS_Statistical_Area_2,Loc_ABS_Statistical_Area_3,Loc_ABS_Statistical_Area_4,Loc_ABS_Remoteness,Loc_State_Electorate,Loc_Federal_Electorate,Crash_Controlling_Authority,Crash_Roadway_Feature,Crash_Traffic_Control,Crash_Speed_Limit,Crash_Road_Surface_Condition,Crash_Atmospheric_Condition,Crash_Lighting_Condition,Crash_Road_Horiz_Align,Crash_Road_Vert_Align,Crash_DCA_Code,Crash_DCA_Description,Crash_DCA_Group_Description,DCA_Key_Approach_Dir,Count_Casualty_Fatality,Count_Casualty_Hospitalised,Count_Casualty_MedicallyTreated,Count_Casualty_MinorInjury,Count_Casualty_Total,Count_Unit_Car,Count_Unit_Motorcycle_Moped,Count_Unit_Truck,Count_Unit_Bus,Count_Unit_Bicycle,Count_Unit_Pedestrian,Count_Unit_Other
281458,281458,Fatal,2014,October,Sunday,0,Hit pedestrian,Hit pedestrian,151.862903150171,-27.5476543315683,Toowoomba - Cecil Plains Rd,,Toowoomba - Cecil Plains Road,Wellcamp,Toowoomba Region,4350,Toowoomba,Darling Downs,Southern,Southern,Southern Queensland,Toowoomba - West,Toowoomba,Toowoomba,Inner Regional,Condamine,Groom,State-controlled,No Roadway Feature,No traffic control,100 - 110 km/h,Sealed - Dry,Clear,Darkness - Not lighted,Straight,Level,005,Pedn: Hit Walking With Traffic,12: Pedestrian,E,1,0,0,0,1,1,0,0,0,0,1,0
281536,281536,Fatal,2016,November,Saturday,19,Overturned,Single Vehicle,147.578867278915,-20.5199069011026,Strathmore Rd,,,Springlands,Whitsunday Region,4804,Collinsville,Mackay,Central,Central,Central Queensland,Collinsville,Bowen Basin - North,Mackay - Isaac - Whitsunday,Remote,Burdekin,Capricornia,Locally-controlled,No Roadway Feature,No traffic control,100 - 110 km/h,Unsealed - Wet,Raining,Darkness - Not lighted,Curved - view open,Level,805,Off Path-Curve: Out Of Control On Cway,20: Out of Control on Curve,N,1,0,0,0,1,1,0,0,0,0,0,0
281678,281678,Fatal,2016,June,Saturday,7,Hit object,Single Vehicle,152.748800050144,-27.5798804182445,Warrego Hwy,,Warrego Highway (Ipswich - Toowoomba),Brassall,Ipswich City,4305,Karana Downs,Ipswich,Southern,SEQ South,Metropolitan,Brassall,Ipswich Inner,Ipswich,Major Cities,Ipswich West,Blair,State-controlled,No Roadway Feature,No traffic control,100 - 110 km/h,Sealed - Wet,Raining,Daylight,Curved - view open,Grade,201,Vehs Opposite Approach: Head On,02: Head-on,E,2,1,0,0,3,1,0,1,0,0,0,0
281679,281679,Fatal,2016,June,Saturday,22,Hit pedestrian,Hit pedestrian,146.722784448672,-19.2923838252888,Dalrymple Rd,,,Mount Louisa,Townsville City,4814,Townsville,Townsville,Northern,Northern,North Queensland,Mount Louisa,Townsville,Townsville,Outer Regional,Thuringowa,Herbert,Locally-controlled,No Roadway Feature,No traffic control,80 - 90 km/h,Sealed - Dry,Clear,Darkness - Lighted,Straight,Level,001,Pedn: Near Side Vehicle Hit From Right,12: Pedestrian,W,1,0,0,1,2,1,0,0,0,0,1,0
281680,281680,Fatal,2016,June,Sunday,19,Head-on,Multi-Vehicle,145.471798715626,-16.9884557155933,Kennedy Hwy,,Kennedy Highway (Cairns - Mareeba),Mareeba,Mareeba Shire,4880,Mareeba,Far North,Far Northern,Northern,North Queensland,Mareeba,Tablelands (east) - Kuranda,Cairns,Outer Regional,Cook,Kennedy,State-controlled,No Roadway Feature,No traffic control,100 - 110 km/h,Sealed - Dry,Clear,Darkness - Not lighted,Straight,Level,201,Vehs Opposite Approach: Head On,02: Head-on,S,1,1,0,0,2,2,0,0,0,0,0,0
281709,281709,Fatal,2014,September,Wednesday,11,Hit pedestrian,Hit pedestrian,149.183182094289,-21.1428620371885,Macalister St,Mackay - Slade Point Rd,Mackay - Slade Point Road,Mackay,Mackay Region,4740,Mackay,Mackay,Central,Central,Central Queensland,Mackay,Mackay,Mackay - Isaac - Whitsunday,Inner Regional,Mackay,Dawson,State-controlled,Intersection - Cross,Give way sign,60 km/h,Sealed - Dry,Clear,Daylight,Straight,Level,001,Pedn: Near Side Vehicle Hit From Right,12: Pedestrian,S,1,0,0,0,1,0,0,0,0,0,1,1
281710,281710,Fatal,2014,September,Friday,18,Fall from vehicle,Single Vehicle,148.859932117217,-21.1747622102447,Mirani - Eton Rd,,Mirani - Eton Road,Mirani,Mackay Region,4754,Mirani,Mackay,Central,Central,Central Queensland,Pioneer Valley,Mackay,Mackay - Isaac - Whitsunday,Outer Regional,Mirani,Capricornia,State-controlled,No Roadway Feature,No traffic control,100 - 110 km/h,Sealed - Dry,Fog,Darkness - Not lighted,Curved - view open,Level,805,Off Path-Curve: Out Of Control On Cway,20: Out of Control on Curve,S,1,0,0,0,1,0,1,0,0,0,0,0
281806,281806,Fatal,2017,May,Friday,19,Hit pedestrian,Hit pedestrian,152.97800603622,-27.4939874404294,Swann Rd,,,Taringa,Brisbane City,4068,Indooroopilly,North Brisbane,Brisbane,SEQ North,Metropolitan,Indooroopilly,Sherwood - Indooroopilly,Brisbane - West,Major Cities,Maiwar,Ryan,Locally-controlled,Bridge/Causeway,No traffic control,60 km/h,Sealed - Wet,Raining,Darkness - Lighted,Straight,Dip,004,Pedn: Play; Work; Stand; Lie On Cway,12: Pedestrian,,1,1,0,0,2,1,0,0,0,0,1,0
281816,281816,Fatal,2021,August,Monday,12,Hit object,Single Vehicle,146.376055840441,-19.7048467031066,Dotswood Rd,,,Dotswood,Charters Towers Region,4820,Ravenswood,Townsville,Northern,Northern,North Queensland,Dalrymple,Charters Towers - Ayr - Ingham,Townsville,Remote,Traeger,Kennedy,Locally-controlled,No Roadway Feature,No traffic control,100 - 110 km/h,Unsealed - Dry,Clear,Daylight,Curved - view open,Level,804,Off Path-Curve: Off Cway Lt Bend Hit Obj,19: Off Carriageway on Curve Hit Object,,2,0,0,0,2,0,0,1,0,0,0,0
281983,281983,Fatal,2014,October,Saturday,4,Hit pedestrian,Hit pedestrian,153.074270010898,-27.6123134510274,Compton Rd,,,Stretton,Brisbane City,4116,Calamvale,South Brisbane,Brisbane,SEQ South,Metropolitan,Calamvale - Stretton,Rocklea - Acacia Ridge,Brisbane - South,Major Cities,Stretton,Rankin,Locally-controlled,No Roadway Feature,No traffic control,70 km/h,Sealed - Dry,Clear,Darkness - Lighted,Straight,Crest,004,Pedn: Play; Work; Stand; Lie On Cway,12: Pedestrian,W,1,0,0,0,1,1,0,0,0,0,1,0
282048,282048,Fatal,2014,October,Tuesday,19,Overturned,Single Vehicle,149.688565896069,-22.7228456938019,Bruce Hwy,,Bruce Highway (Rockhampton - St Lawrence),Ogmore,Livingstone Shire,4706,Marlborough,Capricornia,Central,Central,Central Queensland,Rockhampton Region - North,Rockhampton,Central Queensland,Remote,Mirani,Capricornia,State-controlled,No Roadway Feature,No traffic control,80 - 90 km/h,Sealed - Dry,Clear,Darkness - Not lighted,Straight,Level,701,Off Path-Straight: Left Off Cway,15: Off Carriageway on Straight,N,1,0,0,0,1,0,0,1,0,0,0,0
282049,282049,Fatal,2014,October,Saturday,18,Hit object,Single Vehicle,151.903649306788,-26.1978093247522,Murgon - Gayndah Rd,,Murgon - Gayndah Road,Oakdale,South Burnett Region,4605,Murgon,Darling Downs,Southern,Southern,Southern Queensland,Kingaroy Region - North,Burnett,Wide Bay,Outer Regional,Nanango,Wide Bay,State-controlled,No Roadway Feature,No traffic control,100 - 110 km/h,Sealed - Dry,Clear,Dawn/Dusk,Curved - view open,Level,803,Off Path-Curve: Off Cway Rt Bend Hit Obj,19: Off Carriageway on Curve Hit Object,S,1,0,0,0,1,1,0,0,0,0,0,0
282356,282356,Fatal,2005,May,Thursday,12,Angle,Multi-Vehicle,152.992629163219,-27.2509524479711,Goodfellows Rd,School Rd,,Kallangur,Moreton Bay Region,4503,Petrie,Moreton,North Coast,SEQ North,North Coast,Dakabin - Kallangur,North Lakes,Moreton Bay - South,Major Cities,Murrumba,Dickson,Locally-controlled,Intersection - T-Junction,Give way sign,60 km/h,Sealed - Wet,Clear,Daylight,Straight,Level,104,Vehs Adjacent Approach: Thru-Right,01: Intersection: Adjacent Approach,S,1,0,0,0,1,1,0,1,0,0,0,0
282410,282410,Fatal,2005,November,Saturday,23,Head-on,Multi-Vehicle,152.96427305351,-27.4795801539399,Sir Samuel Griffith Dr,,,Mount Coot-tha,Brisbane City,4066,Indooroopilly,North Brisbane,Brisbane,SEQ North,Metropolitan,Mount Coot-tha,The Gap - Enoggera,Brisbane - West,Major Cities,Maiwar,Ryan,Locally-controlled,No Roadway Feature,No traffic control,0 - 50 km/h,Sealed - Dry,Clear,Darkness - Not lighted,Curved - view obscured,Grade,201,Vehs Opposite Approach: Head On,02: Head-on,N,1,1,0,0,2,2,0,0,0,0,0,0
282413,282413,Fatal,2005,September,Monday,1,Hit object,Single Vehicle,152.94029338426,-27.1912069542559,Pioneer Dr,,,Narangba,Moreton Bay Region,4504,Burpengary,Moreton,North Coast,SEQ North,North Coast,Narangba,Narangba - Burpengary,Moreton Bay - North,Major Cities,Kurwongbah,Longman,Locally-controlled,No Roadway Feature,No traffic control,0 - 50 km/h,Sealed - Dry,Clear,Darkness - Lighted,Curved - view open,Crest,803,Off Path-Curve: Off Cway Rt Bend Hit Obj,19: Off Carriageway on Curve Hit Object,E,1,0,0,0,1,0,1,0,0,0,0,0
282414,282414,Fatal,2005,December,Thursday,16,Overturned,Single Vehicle,152.970860881603,-27.6951391923006,Goodna - Oxley Creek Rd,,,Greenbank,Logan City,4124,Jimboomba,Logan,South Eastern,SEQ South,South Coast,Greenbank Military Camp,Browns Plains,Logan - Beaudesert,Major Cities,Jordan,Wright,Locally-controlled,No Roadway Feature,No traffic control,70 km/h,Sealed - Dry,Clear,Daylight,Curved - view open,Level,805,Off Path-Curve: Out Of Control On Cway,20: Out of Control on Curve,E,1,0,0,0,1,1,0,0,0,0,0,0
282459,282459,Fatal,2005,October,Monday,21,Head-on,Multi-Vehicle,150.667183129827,-23.1873742016786,Rockhampton - Yeppoon Rd,,Rockhampton - Yeppoon Road,Bondoola,Livingstone Shire,4703,Yeppoon,Capricornia,Central,Central,Central Queensland,Rockhampton Region - North,Rockhampton,Central Queensland,Inner Regional,Keppel,Capricornia,State-controlled,No Roadway Feature,No traffic control,100 - 110 km/h,Sealed - Wet,Raining,Darkness - Not lighted,Straight,Level,201,Vehs Opposite Approach: Head On,02: Head-on,E,2,1,0,0,3,2,0,0,0,0,0,0
282537,282537,Fatal,2005,July,Tuesday,14,Overturned,Single Vehicle,142.799910116791,-22.4837900119897,Winton - Jundah Rd,,,Opalton,Winton Shire,4735,Winton,Capricornia,Central,Central,Central Queensland,Far Central West,Outback - South,Queensland - Outback,Very Remote,Gregory,Maranoa,Locally-controlled,No Roadway Feature,No traffic control,100 - 110 km/h,Unsealed - Dry,Clear,Daylight,Curved - view open,Level,805,Off Path-Curve: Out Of Control On Cway,20: Out of Control on Curve,S,1,1,0,0,2,1,0,0,0,0,0,0
282582,282582,Fatal,2005,July,Saturday,17,Overturned,Single Vehicle,145.218762368716,-15.6771281149446,Shiptons Flat Rd,,,Rossville,Cook Shire,4895,Cooktown,Far North,Far Northern,Northern,North Queensland,Cape York,Far North,Queensland - Outback,Remote,Cook,Leichhardt,Locally-controlled,No Roadway Feature,No traffic control,80 - 90 km/h,Unsealed - Dry,Clear,Dawn/Dusk,Curved - view obscured,Grade,801,Off Path-Curve: Off Cway Right Bend,18: Off Carriageway on Curve,S,1,1,1,0,3,1,0,0,0,0,0,0
282587,282587,Fatal,2005,July,Saturday,20,Hit object,Single Vehicle,152.828938368433,-25.2689602606806,Charlton Esp,,,Point Vernon,Fraser Coast Region,4655,Hervey Bay,Wide Bay Burnett,North Coast,Southern,Southern Queensland,Point Vernon,Hervey Bay,Wide Bay,Inner Regional,Hervey Bay,Hinkler,Locally-controlled,No Roadway Feature,No traffic control,60 km/h,Sealed - Dry,Clear,Darkness - Not lighted,Curved - view open,Grade,803,Off Path-Curve: Off Cway Rt Bend Hit Obj,19: Off Carriageway on Curve Hit Object,N,1,1,2,0,4,1,0,0,0,0,0,0
282904,282904,Fatal,2006,March,Wednesday,9,Hit object,Single Vehicle,153.036210661068,-27.5960316180739,Bradman St,Mt Lindesay Art. Rd,Mount Lindesay Arterial Road,Acacia Ridge,Brisbane City,4110,Acacia Ridge,South Brisbane,Brisbane,SEQ South,Metropolitan,Rocklea - Acacia Ridge,Rocklea - Acacia Ridge,Brisbane - South,Major Cities,Algester,Moreton,State-controlled,Intersection - Cross,Operating traffic lights,80 - 90 km/h,Sealed - Dry,Clear,Daylight,Straight,Grade,703,Off Path-Straight: Left Off Cway Hit Obj,16: Off Carriageway on Straight Hit Object,W,1,0,0,0,1,0,0,1,0,0,0,0
282905,282905,Fatal,2006,March,Wednesday,9,Head-on,Multi-Vehicle,150.939939685888,-26.94116657406,Warrego Hwy,,Warrego Highway (Dalby - Miles),Warra,Western Downs Region,4411,Chinchilla,South West,Southern,Southern,Southern Queensland,Wambo,Darling Downs - East,Darling Downs - Maranoa,Outer Regional,Callide,Maranoa,State-controlled,No Roadway Feature,No traffic control,100 - 110 km/h,Sealed - Dry,Clear,Daylight,Straight,Level,201,Vehs Opposite Approach: Head On,02: Head-on,E,1,0,0,0,1,1,0,1,0,0,0,0
283212,283212,Fatal,2005,October,Saturday,9,Hit object,Single Vehicle,139.91594580801,-20.7605317720164,Barkly Hwy,,Barkly Highway (Cloncurry - Mount Isa),Cloncurry,Cloncurry Shire,4824,Cloncurry,Mount Isa,Northern,Northern,North Queensland,Mount Isa Region,Outback - North,Queensland - Outback,Very Remote,Traeger,Kennedy,State-controlled,No Roadway Feature,No traffic control,100 - 110 km/h,Sealed - Dry,Clear,Daylight,Curved - view open,Level,803,Off Path-Curve: Off Cway Rt Bend Hit Obj,19: Off Carriageway on Curve Hit Object,W,1,0,0,1,2,1,0,0,0,0,0,0
283240,283240,Fatal,2005,October,Saturday,23,Angle,Multi-Vehicle,151.868682055726,-27.6455241998912,Toowoomba-Karara Rd,,Toowoomba - Karara Road,Wyreema,Toowoomba Region,4352,Drayton,Darling Downs,Southern,Southern,Southern Queensland,Cambooya - Wyreema,Toowoomba,Toowoomba,Inner Regional,Condamine,Groom,State-controlled,Railway Crossing,Railway - lights only,100 - 110 km/h,Sealed - Dry,Clear,Darkness - Lighted,Straight,Grade,903,Pass & Misc: Hit Train,11: Train,N,1,0,0,0,1,1,0,0,0,0,0,1
283246,283246,Fatal,2005,October,Friday,5,Angle,Multi-Vehicle,152.666033017638,-27.575526228005,Haigslea - Amberley Rd,Warrego Hwy,Warrego Highway (Ipswich - Toowoomba),Walloon,Ipswich City,4306,Marburg,Ipswich,Southern,SEQ South,Metropolitan,Rosewood,Ipswich Hinterland,Ipswich,Major Cities,Ipswich West,Blair,State-controlled,Intersection - Cross,Give way sign,100 - 110 km/h,Sealed - Dry,Fog,Dawn/Dusk,Straight,Level,104,Vehs Adjacent Approach: Thru-Right,01: Intersection: Adjacent Approach,W,1,0,0,0,1,1,0,1,0,0,0,0
283386,283386,Fatal,2005,September,Tuesday,5,Head-on,Multi-Vehicle,145.973203409938,-17.8779177774986,Bruce Hwy,,Bruce Highway (Ingham - Innisfail),Feluga,Cassowary Coast Region,4854,Tully,Far North,Far Northern,Northern,North Queensland,Tully,Innisfail - Cassowary Coast,Cairns,Outer Regional,Hill,Kennedy,State-controlled,No Roadway Feature,Police,100 - 110 km/h,Sealed - Dry,Fog,Darkness - Not lighted,Straight,Level,201,Vehs Opposite Approach: Head On,02: Head-on,S,1,0,0,0,1,1,0,1,0,0,0,0
283446,283446,Fatal,2005,April,Friday,8,Rear-end,Multi-Vehicle,151.92199072961,-26.6226872609101,Bellbird Rd,D'Aguilar Hwy,D'Aguilar Highway (Yarraman - Kingaroy),Hodgleigh,South Burnett Region,4610,Kingaroy,Darling Downs,Southern,Southern,Southern Queensland,Kingaroy Region - South,Burnett,Wide Bay,Inner Regional,Nanango,Maranoa,State-controlled,Intersection - T-Junction,No traffic control,100 - 110 km/h,Sealed - Wet,Raining,Daylight,Curved - view open,Level,301,Vehs Same Direction: Rear End,04: Rear-end,E,1,0,1,0,2,2,0,0,0,0,0,0
283670,283670,Fatal,2005,November,Wednesday,7,Hit object,Single Vehicle,149.222711666075,-21.4120219098078,Sarina - Coast Rd,,Sarina - Coast Road,Sarina,Mackay Region,4737,Sarina,Mackay,Central,Central,Central Queensland,Sarina,Mackay,Mackay - Isaac - Whitsunday,Outer Regional,Mirani,Capricornia,State-controlled,No Roadway Feature,No traffic control,60 km/h,Sealed - Dry,Clear,Daylight,Straight,Level,400,Vehs Manoeuvring: Other,21: Other,E,1,0,0,0,1,0,0,0,0,1,0,0
284070,284070,Fatal,2005,November,Sunday,16,Angle,Multi-Vehicle,153.034867813701,-27.6869471686559,Emerald Dr,Green Rd,,Regents Park,Logan City,4118,Browns Plains,Logan,South Eastern,SEQ South,South Coast,Regents Park - Heritage Park,Browns Plains,Logan - Beaudesert,Major Cities,Logan,Rankin,Locally-controlled,Intersection - T-Junction,No traffic control,60 km/h,Sealed - Dry,Clear,Daylight,Straight,Level,104,Vehs Adjacent Approach: Thru-Right,01: Intersection: Adjacent Approach,E,1,0,0,0,1,2,0,0,0,0,0,0
284083,284083,Fatal,2005,November,Wednesday,11,Head-on,Multi-Vehicle,152.991556605736,-27.0401550461892,Pumicestone Rd,,Pumicestone Road,Caboolture,Moreton Bay Region,4510,Caboolture,Moreton,North Coast,SEQ North,North Coast,Caboolture,Caboolture,Moreton Bay - North,Major Cities,Pumicestone,Longman,State-controlled,No Roadway Feature,No traffic control,100 - 110 km/h,Sealed - Dry,Clear,Daylight,Straight,Level,501,Vehs Overtaking: Head On,02: Head-on,W,1,0,0,0,1,1,1,0,0,0,0,0
284088,284088,Fatal,2005,September,Saturday,14,Angle,Multi-Vehicle,152.2054221724,-24.8121876266497,Bundaberg - Lowmead Rd,Quinns Rd,Bundaberg - Miriam Vale Road,Moorland,Bundaberg Region,4670,Bundaberg,Wide Bay Burnett,North Coast,Southern,Southern Queensland,Bundaberg Region - North,Bundaberg,Wide Bay,Inner Regional,Burnett,Flynn,State-controlled,Intersection - Cross,Give way sign,100 - 110 km/h,Sealed - Dry,Clear,Daylight,Straight,Level,101,Vehs Adjacent Approach: Thru-Thru,01: Intersection: Adjacent Approach,W,3,8,0,0,11,1,0,0,1,0,0,0
284158,284158,Fatal,2005,October,Friday,3,Hit object,Single Vehicle,149.001111820897,-23.2653524514559,Yarrabee Mine Access Rd,,,Jellinbah,Central Highlands Region,4702,Duaringa,Capricornia,Central,Central,Central Queensland,Central Highlands - East,Central Highlands (qld),Central Queensland,Outer Regional,Gregory,Flynn,Locally-controlled,No Roadway Feature,No traffic control,100 - 110 km/h,Sealed - Wet,Raining,Darkness - Not lighted,Straight,Level,703,Off Path-Straight: Left Off Cway Hit Obj,16: Off Carriageway on Straight Hit Object,S,1,0,0,0,1,1,0,0,0,0,0,0
284164,284164,Fatal,2005,October,Friday,17,Rear-end,Multi-Vehicle,153.234414332489,-27.4877483302004,Birkdale Rd,Cooinda St,Birkdale Road,Wellington Point,Redland City,4160,Capalaba,South Brisbane,Brisbane,SEQ South,Metropolitan,Wellington Point,Capalaba,Brisbane - East,Major Cities,Oodgeroo,Bowman,State-controlled,Intersection - T-Junction,No traffic control,60 km/h,Sealed - Dry,Clear,Daylight,Straight,Level,303,Vehs Same Direction: Right Rear,04: Rear-end,W,1,0,0,0,1,1,1,0,0,0,0,0
284168,284168,Fatal,2005,October,Saturday,15,Head-on,Multi-Vehicle,148.592464810759,-20.3593390851826,Proserpine - Strathdickie Rd,,,Strathdickie,Whitsunday Region,4800,Proserpine,Mackay,Central,Central,Central Queensland,Proserpine,Whitsunday,Mackay - Isaac - Whitsunday,Outer Regional,Whitsunday,Dawson,Locally-controlled,No Roadway Feature,No traffic control,80 - 90 km/h,Sealed - Dry,Clear,Daylight,Straight,Crest,201,Vehs Opposite Approach: Head On,02: Head-on,S,1,1,0,0,2,2,0,0,0,0,0,0
284171,284171,Fatal,2005,October,Sunday,1,Hit object,Single Vehicle,146.158383682433,-18.6491333523601,Bruce Hwy,Haig St,Bruce Highway (Ingham - Innisfail),Ingham,Hinchinbrook Shire,4850,Ingham,Townsville,Northern,Northern,North Queensland,Ingham,Charters Towers - Ayr - Ingham,Townsville,Outer Regional,Hinchinbrook,Kennedy,State-controlled,Intersection - T-Junction,No traffic control,60 km/h,Sealed - Dry,Clear,Darkness - Lighted,Curved - view open,Level,804,Off Path-Curve: Off Cway Lt Bend Hit Obj,19: Off Carriageway on Curve Hit Object,N,1,0,0,0,1,1,0,0,0,0,0,0
284310,284310,Fatal,2005,July,Tuesday,12,Hit object,Single Vehicle,149.481460261023,-22.0308833451243,Bruce Hwy,,Bruce Highway (St Lawrence - Mackay),Clairview,Isaac Region,4741,Carmila,Mackay,Central,Central,Central Queensland,Broadsound - Nebo,Bowen Basin - North,Mackay - Isaac - Whitsunday,Remote,Mirani,Capricornia,State-controlled,No Roadway Feature,No traffic control,100 - 110 km/h,Sealed - Dry,Clear,Daylight,Straight,Level,703,Off Path-Straight: Left Off Cway Hit Obj,16: Off Carriageway on Straight Hit Object,N,1,0,0,0,1,0,1,0,0,0,0,0
284332,284332,Fatal,2005,June,Monday,7,Angle,Multi-Vehicle,152.663209252654,-25.2676041752249,Pialba - Burrum Heads Rd,Toogoom Rd,Pialba - Burrum Heads Road,Beelbi Creek,Fraser Coast Region,4659,Howard,Wide Bay Burnett,North Coast,Southern,Southern Queensland,Burrum - Fraser,Maryborough,Wide Bay,Inner Regional,Maryborough,Hinkler,State-controlled,Intersection - Cross,Stop sign,100 - 110 km/h,Sealed - Dry,Clear,Daylight,Straight,Level,101,Vehs Adjacent Approach: Thru-Thru,01: Intersection: Adjacent Approach,W,1,0,1,0,2,2,0,0,0,0,0,0
284424,284424,Fatal,2005,October,Friday,12,Head-on,Multi-Vehicle,152.768055314808,-25.3731179024748,Maryborough - Hervey Bay Rd,,Maryborough - Hervey Bay Road,Susan River,Fraser Coast Region,4655,Hervey Bay,Wide Bay Burnett,North Coast,Southern,Southern Queensland,Burrum - Fraser,Maryborough,Wide Bay,Inner Regional,Maryborough,Hinkler,State-controlled,No Roadway Feature,No traffic control,100 - 110 km/h,Sealed - Wet,Raining,Daylight,Straight,Level,201,Vehs Opposite Approach: Head On,02: Head-on,S,1,1,0,0,2,2,0,0,0,0,0,0
284436,284436,Fatal,2005,September,Wednesday,14,Hit object,Single Vehicle,151.203308200253,-25.6556034961918,Hawkwood Rd,,,Derri Derra,North Burnett Region,4626,Mundubbera,Wide Bay Burnett,North Coast,Southern,Southern Queensland,Gayndah - Mundubbera,Burnett,Wide Bay,Outer Regional,Callide,Flynn,Locally-controlled,No Roadway Feature,No traffic control,100 - 110 km/h,Sealed - Dry,Clear,Daylight,Curved - view open,Level,804,Off Path-Curve: Off Cway Lt Bend Hit Obj,19: Off Carriageway on Curve Hit Object,E,1,0,0,0,1,0,1,0,0,0,0,0
284492,284492,Fatal,2006,January,Monday,12,Overturned,Single Vehicle,145.738881725118,-28.3237058460019,Mitchell Hwy,,Mitchell Highway (Barringun - Cunnamulla),Cunnamulla,Paroo Shire,4490,Cunnamulla,South West,Southern,Southern,Southern Queensland,Far South West,Outback - South,Queensland - Outback,Very Remote,Warrego,Maranoa,State-controlled,No Roadway Feature,No traffic control,100 - 110 km/h,Sealed - Dry,Clear,Daylight,Curved - view open,Level,805,Off Path-Curve: Out Of Control On Cway,20: Out of Control on Curve,N,1,2,0,0,3,1,0,0,0,0,0,0
284509,284509,Fatal,2005,December,Monday,4,Head-on,Multi-Vehicle,152.879928923155,-26.3963446428807,Bruce Hwy,,Bruce Highway (Brisbane - Gympie),Black Mountain,Noosa Shire,4563,Cooroy,Sunshine Coast,North Coast,SEQ North,North Coast,Noosa Hinterland,Noosa Hinterland,Sunshine Coast,Inner Regional,Nicklin,Wide Bay,State-controlled,No Roadway Feature,No traffic control,100 - 110 km/h,Sealed - Dry,Clear,Darkness - Not lighted,Straight,Level,201,Vehs Opposite Approach: Head On,02: Head-on,N,1,1,0,0,2,1,0,2,0,0,0,0
284514,284514,Fatal,2005,December,Monday,20,Head-on,Multi-Vehicle,152.880742656971,-26.8424088255307,Kilcoy - Beerwah Rd,,Kilcoy - Beerwah Road,Peachester,Sunshine Coast Region,4519,Beerwah,Sunshine Coast,North Coast,SEQ North,North Coast,Beerwah,Sunshine Coast Hinterland,Sunshine Coast,Inner Regional,Glass House,Fisher,State-controlled,No Roadway Feature,No traffic control,60 km/h,Sealed - Dry,Clear,Darkness - Not lighted,Curved - view open,Level,201,Vehs Opposite Approach: Head On,02: Head-on,W,1,0,0,1,2,2,0,0,0,0,0,0
284524,284524,Fatal,2006,January,Wednesday,5,Hit pedestrian,Hit pedestrian,152.345883452403,-24.8602680247178,Perry St,,,Bundaberg North,Bundaberg Region,4670,Bundaberg,Wide Bay Burnett,North Coast,Southern,Southern Queensland,Bundaberg North - Gooburrum,Bundaberg,Wide Bay,Inner Regional,Bundaberg,Hinkler,Locally-controlled,No Roadway Feature,No traffic control,60 km/h,Sealed - Dry,Clear,Daylight,Straight,Level,001,Pedn: Near Side Vehicle Hit From Right,12: Pedestrian,E,1,1,0,0,2,0,1,0,0,0,1,0
284689,284689,Fatal,2005,July,Saturday,11,Fall from vehicle,Single Vehicle,150.345460203326,-23.7860943985809,Burnett Hwy,,Burnett Highway (Biloela - Mount Morgan),Wura,Rockhampton Region,4714,Mount Morgan,Capricornia,Central,Central,Central Queensland,Mount Morgan,Rockhampton,Central Queensland,Outer Regional,Mirani,Flynn,State-controlled,No Roadway Feature,No traffic control,100 - 110 km/h,Sealed - Dry,Clear,Daylight,Straight,Grade,502,Vehs Overtaking: Out Of Control,15: Off Carriageway on Straight,S,1,0,0,0,1,0,1,0,0,0,0,0
284690,284690,Fatal,2005,July,Saturday,17,Angle,Multi-Vehicle,153.101301501876,-27.7783814090564,Waterford - Tamborine Rd,,Waterford - Tamborine Road,Logan Village,Logan City,4207,Logan Village Yarrabilba,Logan,South Eastern,SEQ South,South Coast,Logan Village,Jimboomba,Logan - Beaudesert,Major Cities,Logan,Wright,State-controlled,No Roadway Feature,No traffic control,80 - 90 km/h,Sealed - Dry,Clear,Darkness - Not lighted,Straight,Level,500,Vehs Overtaking: Other,21: Other,N,1,0,0,0,1,1,1,0,0,0,0,0
285301,285301,Fatal,2005,June,Wednesday,19,Rear-end,Multi-Vehicle,152.942771611315,-27.076657188594,Toohey St,,,Caboolture,Moreton Bay Region,4510,Caboolture,Moreton,North Coast,SEQ North,North Coast,Caboolture,Caboolture,Moreton Bay - North,Major Cities,Morayfield,Longman,Locally-controlled,No Roadway Feature,No traffic control,60 km/h,Sealed - Dry,Clear,Darkness - Not lighted,Straight,Level,301,Vehs Same Direction: Rear End,04: Rear-end,W,1,0,0,0,1,1,1,0,0,0,0,0
285357,285357,Fatal,2005,August,Saturday,14,Fall from vehicle,Single Vehicle,152.798187112194,-27.3688788754866,Samford - Mt Glorious Rd,,Samford - Mount Glorious Road,Highvale,Moreton Bay Region,4520,Ferny Grove,North Brisbane,Brisbane,SEQ North,North Coast,Samford Valley,The Hills District,Moreton Bay - South,Inner Regional,Pine Rivers,Dickson,State-controlled,No Roadway Feature,No traffic control,80 - 90 km/h,Sealed - Dry,Clear,Daylight,Curved - view open,Grade,805,Off Path-Curve: Out Of Control On Cway,20: Out of Control on Curve,E,1,0,0,0,1,0,1,0,0,0,0,0