_id,Crash_Ref_Number,Crash_Severity,Crash_Year,Crash_Month,Crash_Day_Of_Week,Crash_Hour,Crash_Nature,Crash_Type,Crash_Longitude,Crash_Latitude,Crash_Street,Crash_Street_Intersecting,State_Road_Name,Loc_Suburb,Loc_Local_Government_Area,Loc_Post_Code,Loc_Police_Division,Loc_Police_District,Loc_Police_Region,Loc_Queensland_Transport_Region,Loc_Main_Roads_Region,Loc_ABS_Statistical_Area_2,Loc_ABS_Statistical_Area_3,Loc_ABS_Statistical_Area_4,Loc_ABS_Remoteness,Loc_State_Electorate,Loc_Federal_Electorate,Crash_Controlling_Authority,Crash_Roadway_Feature,Crash_Traffic_Control,Crash_Speed_Limit,Crash_Road_Surface_Condition,Crash_Atmospheric_Condition,Crash_Lighting_Condition,Crash_Road_Horiz_Align,Crash_Road_Vert_Align,Crash_DCA_Code,Crash_DCA_Description,Crash_DCA_Group_Description,DCA_Key_Approach_Dir,Count_Casualty_Fatality,Count_Casualty_Hospitalised,Count_Casualty_MedicallyTreated,Count_Casualty_MinorInjury,Count_Casualty_Total,Count_Unit_Car,Count_Unit_Motorcycle_Moped,Count_Unit_Truck,Count_Unit_Bus,Count_Unit_Bicycle,Count_Unit_Pedestrian,Count_Unit_Other
289006,289006,Fatal,2013,March,Tuesday,22,Hit parked vehicle,Single Vehicle,153.31988314669,-27.914046368226,Pacific Hwy,,Pacific Highway (Pacific Motorway),Helensvale,Gold Coast City,4212,Coomera,Gold Coast,South Eastern,SEQ South,South Coast,Helensvale,Ormeau - Oxenford,Gold Coast,Major Cities,Theodore,Fadden,State-controlled,No Roadway Feature,No traffic control,80 - 90 km/h,Sealed - Dry,Clear,Darkness - Lighted,Straight,Grade,703,Off Path-Straight: Left Off Cway Hit Obj,16: Off Carriageway on Straight Hit Object,S,1,0,0,0,1,1,0,0,0,0,0,1
289007,289007,Fatal,2013,March,Tuesday,22,Hit parked vehicle,Single Vehicle,145.9475993814,-17.4435497279691,Bruce Hwy,,Bruce Highway (Innisfail - Cairns),Eubenangee,Cairns Region,4860,Babinda,Far North,Far Northern,Northern,North Queensland,Babinda,Innisfail - Cassowary Coast,Cairns,Outer Regional,Hill,Kennedy,State-controlled,No Roadway Feature,No traffic control,100 - 110 km/h,Sealed - Wet,Raining,Darkness - Not lighted,Curved - view open,Crest,608,Vehs On Path: Accident Or Broken Down,10: Hit Parked Vehicle,S,1,1,1,0,3,1,0,1,0,0,0,0
289008,289008,Fatal,2013,March,Friday,20,Hit object,Single Vehicle,151.674362521835,-27.9212572785039,Toowoomba - Karara Rd,,Toowoomba - Karara Road,Felton South,Toowoomba Region,4358,Clifton,Darling Downs,Southern,Southern,Southern Queensland,Clifton - Greenmount,Granite Belt,Darling Downs - Maranoa,Inner Regional,Condamine,Maranoa,State-controlled,No Roadway Feature,No traffic control,100 - 110 km/h,Sealed - Wet,Raining,Darkness - Not lighted,Curved - view open,Grade,804,Off Path-Curve: Off Cway Lt Bend Hit Obj,19: Off Carriageway on Curve Hit Object,S,1,0,0,0,1,1,0,0,0,0,0,0
289009,289009,Fatal,2013,March,Wednesday,14,Hit object,Single Vehicle,153.110177977862,-26.6918884773287,Sunshine Mwy,,Sunshine Motorway (Mooloolaba - Peregian),Mooloolaba,Sunshine Coast Region,4557,Maroochydore,Sunshine Coast,North Coast,SEQ North,North Coast,Mooloolaba - Alexandra Headland,Maroochy,Sunshine Coast,Major Cities,Maroochydore,Fisher,State-controlled,No Roadway Feature,No traffic control,100 - 110 km/h,Sealed - Dry,Clear,Daylight,Straight,Level,201,Vehs Opposite Approach: Head On,02: Head-on,N,1,0,1,0,2,2,0,0,0,0,0,0
289010,289010,Fatal,2013,March,Thursday,8,Hit object,Single Vehicle,152.583966342513,-26.2887224496573,Eel Creek Rd,,,Langshaw,Gympie Region,4570,Gympie,Wide Bay Burnett,North Coast,Southern,Southern Queensland,Gympie Region,Gympie - Cooloola,Wide Bay,Inner Regional,Gympie,Wide Bay,Locally-controlled,No Roadway Feature,No traffic control,100 - 110 km/h,Sealed - Wet,Raining,Daylight,Curved - view open,Dip,804,Off Path-Curve: Off Cway Lt Bend Hit Obj,19: Off Carriageway on Curve Hit Object,S,1,0,0,0,1,1,0,0,0,0,0,0
289012,289012,Fatal,2013,March,Friday,14,Rear-end,Multi-Vehicle,153.044779923809,-27.638160673267,Mt Lindesay Art. Rd,,Mount Lindesay Arterial Road,Calamvale,Brisbane City,4116,Calamvale,South Brisbane,Brisbane,SEQ South,Metropolitan,Calamvale - Stretton,Rocklea - Acacia Ridge,Brisbane - South,Major Cities,Stretton,Rankin,State-controlled,No Roadway Feature,No traffic control,80 - 90 km/h,Sealed - Dry,Clear,Daylight,Curved - view open,Level,301,Vehs Same Direction: Rear End,04: Rear-end,N,1,0,0,0,1,0,1,1,0,0,0,0
289026,289026,Fatal,2021,May,Monday,15,Angle,Multi-Vehicle,153.135642997827,-27.6630274576076,Blue Eagle Dr,Ellerslie Rd,,Meadowbrook,Logan City,4131,Logan Central,Logan,South Eastern,SEQ South,South Coast,Loganlea,Loganlea - Carbrook,Logan - Beaudesert,Major Cities,Waterford,Rankin,Locally-controlled,Intersection - T-Junction,No traffic control,0 - 50 km/h,Sealed - Dry,Clear,Daylight,Straight,Level,104,Vehs Adjacent Approach: Thru-Right,01: Intersection: Adjacent Approach,,1,1,0,0,2,1,1,0,0,0,0,0
289150,289150,Fatal,2022,September,Wednesday,18,Rear-end,Multi-Vehicle,152.836086039259,-27.5914484270182,Warrego Hwy,,Warrego Highway (Ipswich - Toowoomba),Dinmore,Ipswich City,4303,Goodna,Ipswich,Southern,SEQ South,Metropolitan,Bundamba,Ipswich Inner,Ipswich,Major Cities,Bundamba,Blair,State-controlled,No Roadway Feature,No traffic control,100 - 110 km/h,Sealed - Wet,Raining,Darkness - Lighted,Curved - view open,Grade,307,Vehs Same Direction: Lane Change Left,05: Lane Change,W,1,0,0,0,1,0,1,1,0,0,0,0
289156,289156,Fatal,2013,March,Tuesday,17,Head-on,Multi-Vehicle,151.816829088164,-26.929462788275,New England Hwy,,New England Highway (Yarraman - Toowoomba),Neumgna,South Burnett Region,4402,Cooyar,Darling Downs,Southern,Southern,Southern Queensland,Nanango,Burnett,Wide Bay,Outer Regional,Nanango,Maranoa,State-controlled,No Roadway Feature,No traffic control,100 - 110 km/h,Sealed - Wet,Clear,Daylight,Straight,Grade,201,Vehs Opposite Approach: Head On,02: Head-on,S,1,0,1,0,2,1,0,1,0,0,0,0
289157,289157,Fatal,2013,March,Tuesday,8,Overturned,Single Vehicle,145.435866631796,-17.0967587170262,Kennedy Hwy,,Kennedy Highway (Mareeba - Ravenshoe),Mareeba,Mareeba Shire,4880,Mareeba,Far North,Far Northern,Northern,North Queensland,Mareeba,Tablelands (east) - Kuranda,Cairns,Outer Regional,Cook,Kennedy,State-controlled,No Roadway Feature,No traffic control,100 - 110 km/h,Sealed - Dry,Clear,Daylight,Curved - view open,Grade,805,Off Path-Curve: Out Of Control On Cway,20: Out of Control on Curve,N,1,6,1,0,8,1,0,0,0,0,0,0
289158,289158,Fatal,2013,March,Tuesday,16,Hit object,Single Vehicle,150.591783548114,-23.2760048255704,Rockhampton - Yeppoon Rd,,Rockhampton - Yeppoon Road,Ironpot,Livingstone Shire,4610,North Rockhampton,Capricornia,Central,Central,Central Queensland,Rockhampton Region - East,Rockhampton,Central Queensland,Inner Regional,Keppel,Capricornia,State-controlled,Median Opening,No traffic control,100 - 110 km/h,Sealed - Wet,Raining,Daylight,Straight,Grade,201,Vehs Opposite Approach: Head On,02: Head-on,S,1,1,0,0,2,2,0,0,0,0,0,0
289160,289160,Fatal,2013,March,Wednesday,19,Hit parked vehicle,Single Vehicle,152.977213814349,-27.0153080025542,Bruce Hwy,,Bruce Highway (Brisbane - Gympie),Elimbah,Moreton Bay Region,4516,Caboolture,Moreton,North Coast,SEQ North,North Coast,Elimbah,Caboolture,Moreton Bay - North,Major Cities,Pumicestone,Longman,State-controlled,Bridge/Causeway,No traffic control,100 - 110 km/h,Sealed - Wet,Raining,Darkness - Not lighted,Straight,Grade,601,Vehs On Path: Parked,10: Hit Parked Vehicle,S,1,2,0,0,3,2,0,1,0,0,0,0
289255,289255,Fatal,2017,September,Monday,19,Angle,Multi-Vehicle,151.486374219626,-27.3075762938873,Bowenville - Norwin Rd,Warrego Hwy,Warrego Highway (Toowoomba - Dalby),Bowenville,Toowoomba Region,4404,Dalby,South West,Southern,Southern,Southern Queensland,Jondaryan,Darling Downs - East,Darling Downs - Maranoa,Inner Regional,Condamine,Groom,State-controlled,Intersection - T-Junction,Give way sign,100 - 110 km/h,Sealed - Dry,Clear,Dawn/Dusk,Straight,Level,102,Vehs Adjacent Approach: Right-Thru,01: Intersection: Adjacent Approach,N,1,0,0,0,1,1,0,1,0,0,0,0
289258,289258,Fatal,2019,April,Friday,21,Head-on,Multi-Vehicle,151.745506171804,-27.4737873197675,Warrego Hwy,,Warrego Highway (Toowoomba - Dalby),Oakey,Toowoomba Region,4401,Oakey,Darling Downs,Southern,Southern,Southern Queensland,Jondaryan,Darling Downs - East,Darling Downs - Maranoa,Inner Regional,Condamine,Groom,State-controlled,No Roadway Feature,No traffic control,100 - 110 km/h,Sealed - Dry,Clear,Darkness - Not lighted,Straight,Level,201,Vehs Opposite Approach: Head On,02: Head-on,W,1,2,0,0,3,2,0,0,0,0,0,0
289284,289284,Fatal,2009,July,Thursday,15,Hit pedestrian,Hit pedestrian,152.91755486293,-27.0930447662026,Riverwood Dr,,,Bellmere,Moreton Bay Region,4510,Caboolture,Moreton,North Coast,SEQ North,North Coast,Caboolture - South,Caboolture,Moreton Bay - North,Major Cities,Morayfield,Longman,Locally-controlled,No Roadway Feature,No traffic control,0 - 50 km/h,Sealed - Dry,Clear,Daylight,Curved - view obscured,Level,000,Pedn: Hit Other,21: Other,E,1,0,1,0,2,1,0,0,0,0,1,0
289285,289285,Fatal,2009,July,Wednesday,23,Hit object,Single Vehicle,146.647957318229,-23.1832210939427,Degulla Rd,,,Surbiton,Barcaldine Region,4724,Jericho,Capricornia,Central,Central,Central Queensland,Barcaldine - Blackall,Outback - South,Queensland - Outback,Very Remote,Gregory,Maranoa,Locally-controlled,No Roadway Feature,No traffic control,100 - 110 km/h,Unsealed - Dry,Clear,Darkness - Not lighted,Straight,Level,703,Off Path-Straight: Left Off Cway Hit Obj,16: Off Carriageway on Straight Hit Object,E,1,0,0,0,1,1,0,0,0,0,0,0
289286,289286,Fatal,2009,July,Thursday,23,Hit object,Single Vehicle,152.536473633607,-27.4790928774545,Brightview Rd,,,Tarampa,Somerset Region,4311,Lowood,Ipswich,Southern,SEQ North,North Coast,Lowood,Ipswich Hinterland,Ipswich,Inner Regional,Lockyer,Blair,Locally-controlled,No Roadway Feature,No traffic control,100 - 110 km/h,Sealed - Dry,Clear,Darkness - Not lighted,Curved - view open,Level,804,Off Path-Curve: Off Cway Lt Bend Hit Obj,19: Off Carriageway on Curve Hit Object,E,1,4,0,0,5,1,0,0,0,0,0,0
289288,289288,Fatal,2009,July,Friday,9,Head-on,Multi-Vehicle,144.753937805435,-18.3949035957275,Kennedy Developmental Rd,,Kennedy Developmental Road (Mount Garnet - The Lynd),Greenvale,Charters Towers Region,4816,Mount Surprise,Far North,Far Northern,Northern,North Queensland,Dalrymple,Charters Towers - Ayr - Ingham,Townsville,Remote,Traeger,Kennedy,State-controlled,No Roadway Feature,No traffic control,100 - 110 km/h,Sealed - Dry,Clear,Daylight,Curved - view open,Level,201,Vehs Opposite Approach: Head On,02: Head-on,S,2,2,0,0,4,3,0,0,0,0,0,0
289292,289292,Fatal,2009,July,Tuesday,8,Angle,Multi-Vehicle,145.750079852947,-16.9370938696253,Mulgrave Rd,Newell St,Mulgrave Road,Bungalow,Cairns Region,4870,Cairns,Far North,Far Northern,Northern,North Queensland,Westcourt - Bungalow,Cairns - South,Cairns,Outer Regional,Cairns,Leichhardt,State-controlled,Intersection - T-Junction,No traffic control,60 km/h,Sealed - Dry,Clear,Daylight,Straight,Level,202,Vehs Opposite Approach: Thru-Right,03: Opposing Vehicles Turning,E,2,0,0,0,2,2,0,0,1,0,2,0
289301,289301,Fatal,2009,July,Friday,14,Overturned,Single Vehicle,148.180044363367,-21.9950654212304,Peak Downs Hwy,,Peak Downs Highway (Clermont - Nebo),Coppabella,Isaac Region,4741,Moranbah,Mackay,Central,Central,Central Queensland,Broadsound - Nebo,Bowen Basin - North,Mackay - Isaac - Whitsunday,Outer Regional,Burdekin,Capricornia,State-controlled,No Roadway Feature,No traffic control,100 - 110 km/h,Sealed - Dry,Clear,Daylight,Straight,Level,705,Off Path-Straight: Out Of Control On Cway,17: Out of Control on Straight,E,1,0,0,0,1,0,0,1,0,0,0,0
289302,289302,Fatal,2009,July,Thursday,2,Hit object,Single Vehicle,153.068848308199,-27.5513935440013,Klumpp Rd,,,Upper Mount Gravatt,Brisbane City,4122,Upper Mount Gravatt,South Brisbane,Brisbane,SEQ South,Metropolitan,Upper Mount Gravatt,Mt Gravatt,Brisbane - South,Major Cities,Mansfield,Bonner,Locally-controlled,No Roadway Feature,No traffic control,60 km/h,Sealed - Dry,Clear,Darkness - Lighted,Curved - view open,Level,804,Off Path-Curve: Off Cway Lt Bend Hit Obj,19: Off Carriageway on Curve Hit Object,E,1,2,0,0,3,1,0,0,0,0,0,0
289305,289305,Fatal,2009,July,Saturday,0,Hit object,Single Vehicle,153.044710392647,-27.8286314827599,Swan Rd,Wynne Rd,,Jimboomba,Logan City,4280,Jimboomba,Logan,South Eastern,SEQ South,South Coast,Jimboomba,Jimboomba,Logan - Beaudesert,Inner Regional,Logan,Wright,Locally-controlled,Intersection - T-Junction,No traffic control,0 - 50 km/h,Sealed - Dry,Clear,Darkness - Not lighted,Curved - view open,Grade,804,Off Path-Curve: Off Cway Lt Bend Hit Obj,19: Off Carriageway on Curve Hit Object,N,1,0,0,0,1,1,0,0,0,0,0,0
289595,289595,Fatal,2018,June,Thursday,7,Hit pedestrian,Hit pedestrian,153.057517006275,-27.6630664497433,Browns Plains Rd,Downing St,,Browns Plains,Logan City,4118,Browns Plains,Logan,South Eastern,SEQ South,South Coast,Browns Plains,Browns Plains,Logan - Beaudesert,Major Cities,Algester,Rankin,Locally-controlled,Intersection - Cross,Operating traffic lights,70 km/h,Sealed - Dry,Clear,Daylight,Straight,Level,001,Pedn: Near Side Vehicle Hit From Right,12: Pedestrian,N,1,1,0,0,2,1,0,0,0,0,2,0
289815,289815,Fatal,2016,September,Thursday,18,Angle,Multi-Vehicle,152.98570406673,-27.244775439228,Ann St,Sheaves Rd,,Kallangur,Moreton Bay Region,4503,Petrie,Moreton,North Coast,SEQ North,North Coast,Dakabin - Kallangur,North Lakes,Moreton Bay - South,Major Cities,Murrumba,Dickson,Locally-controlled,Intersection - T-Junction,No traffic control,60 km/h,Sealed - Dry,Clear,Darkness - Lighted,Straight,Grade,202,Vehs Opposite Approach: Thru-Right,03: Opposing Vehicles Turning,W,1,0,0,0,1,1,1,0,0,0,0,0
289962,289962,Fatal,2013,February,Tuesday,16,Hit animal,Other,148.131862574814,-23.6743482231431,Fairbairn Dam Rd,,,Gindie,Central Highlands Region,4702,Emerald,Capricornia,Central,Central,Central Queensland,Central Highlands - West,Central Highlands (qld),Central Queensland,Remote,Gregory,Flynn,Locally-controlled,No Roadway Feature,No traffic control,100 - 110 km/h,Sealed - Dry,Clear,Daylight,Straight,Level,609,Pass & Misc: Hit Animal,14: Hit Animal,W,1,1,0,0,2,0,1,0,0,0,0,1
289963,289963,Fatal,2013,February,Wednesday,13,Hit object,Single Vehicle,148.116397801037,-20.00949013746,Bruce Hwy,West Euri Rd,Bruce Highway (Bowen - Ayr),Bowen,Whitsunday Region,4805,Bowen,Mackay,Central,Central,Central Queensland,Collinsville,Bowen Basin - North,Mackay - Isaac - Whitsunday,Outer Regional,Burdekin,Dawson,State-controlled,Intersection - T-Junction,No traffic control,100 - 110 km/h,Sealed - Dry,Clear,Daylight,Curved - view open,Level,804,Off Path-Curve: Off Cway Lt Bend Hit Obj,19: Off Carriageway on Curve Hit Object,E,1,2,0,0,3,1,0,0,0,0,0,0
289964,289964,Fatal,2013,February,Sunday,4,Hit pedestrian,Hit pedestrian,152.157760442607,-27.5520145580231,Warrego Hwy,,Warrego Highway (Ipswich - Toowoomba),Helidon,Lockyer Valley Region,4344,Helidon,Darling Downs,Southern,SEQ South,Southern Queensland,Lockyer Valley - West,Toowoomba,Toowoomba,Inner Regional,Lockyer,Wright,State-controlled,No Roadway Feature,No traffic control,100 - 110 km/h,Sealed - Dry,Clear,Darkness - Not lighted,Straight,Level,005,Pedn: Hit Walking With Traffic,12: Pedestrian,W,1,0,0,0,1,0,0,1,0,0,1,0
289965,289965,Fatal,2013,February,Sunday,5,Hit object,Single Vehicle,147.686830960741,-24.2250153640985,Dawson Developmental Rd,,Dawson Developmental Road (Springsure - Tambo),Nandowrie,Central Highlands Region,4722,Springsure,Capricornia,Central,Central,Central Queensland,Central Highlands - West,Central Highlands (qld),Central Queensland,Very Remote,Gregory,Flynn,State-controlled,No Roadway Feature,No traffic control,100 - 110 km/h,Sealed - Dry,Clear,Darkness - Not lighted,Curved - view open,Grade,803,Off Path-Curve: Off Cway Rt Bend Hit Obj,19: Off Carriageway on Curve Hit Object,E,1,1,0,0,2,1,0,0,0,0,0,0
289966,289966,Fatal,2013,February,Sunday,19,Hit object,Single Vehicle,152.863326819336,-26.934739975529,Beerburrum - Woodford Rd,,,Woodford,Moreton Bay Region,4514,Woodford,Moreton,North Coast,SEQ North,North Coast,Woodford - Daguilar,Caboolture Hinterland,Moreton Bay - North,Inner Regional,Glass House,Longman,Locally-controlled,No Roadway Feature,No traffic control,100 - 110 km/h,Unsealed - Dry,Clear,Darkness - Not lighted,Curved - view open,Level,803,Off Path-Curve: Off Cway Rt Bend Hit Obj,19: Off Carriageway on Curve Hit Object,E,1,0,0,0,1,1,0,0,0,0,0,0
290222,290222,Fatal,2013,February,Sunday,17,Overturned,Single Vehicle,142.112817768827,-22.9162978321428,Cork Mail Rd,,,Opalton,Winton Shire,4735,Winton,Capricornia,Central,Central,Central Queensland,Far Central West,Outback - South,Queensland - Outback,Very Remote,Gregory,Maranoa,Locally-controlled,No Roadway Feature,No traffic control,100 - 110 km/h,Unsealed - Wet,Clear,Daylight,Straight,Level,700,Off Path-Straight: Other,21: Other,W,1,1,0,0,2,1,0,0,0,0,0,0
290223,290223,Fatal,2013,February,Monday,16,Overturned,Single Vehicle,147.530532664321,-22.7612263539182,Laglan Rd,,,Clermont,Isaac Region,4721,Clermont,Mackay,Central,Central,Central Queensland,Clermont,Bowen Basin - North,Mackay - Isaac - Whitsunday,Remote,Burdekin,Capricornia,Locally-controlled,No Roadway Feature,No traffic control,100 - 110 km/h,Sealed - Wet,Clear,Daylight,Curved - view open,Grade,804,Off Path-Curve: Off Cway Lt Bend Hit Obj,19: Off Carriageway on Curve Hit Object,S,1,1,0,0,2,1,0,0,0,0,0,0
290224,290224,Fatal,2013,February,Monday,5,Head-on,Multi-Vehicle,151.897982325062,-24.9132319368161,Bruce Hwy,,,Monduran,Bundaberg Region,4671,Gin Gin,Wide Bay Burnett,North Coast,Southern,Southern Queensland,Gin Gin,Burnett,Wide Bay,Outer Regional,Callide,Flynn,State-controlled,No Roadway Feature,No traffic control,80 - 90 km/h,Sealed - Wet,Raining,Daylight,Curved - view obscured,Grade,201,Vehs Opposite Approach: Head On,02: Head-on,E,1,1,0,0,2,2,0,0,0,0,0,0
290225,290225,Fatal,2013,February,Monday,19,Hit object,Single Vehicle,150.373492898035,-28.5815831703027,Kildonan Rd,,,Goondiwindi,Goondiwindi Region,4390,Goondiwindi,Darling Downs,Southern,Southern,Southern Queensland,Goondiwindi,Darling Downs (west) - Maranoa,Darling Downs - Maranoa,Outer Regional,Southern Downs,Maranoa,Locally-controlled,No Roadway Feature,No traffic control,100 - 110 km/h,Sealed - Dry,Clear,Darkness - Not lighted,Curved - view open,Dip,803,Off Path-Curve: Off Cway Rt Bend Hit Obj,19: Off Carriageway on Curve Hit Object,E,1,0,0,0,1,1,0,0,0,0,0,0
290226,290226,Fatal,2013,February,Monday,0,Hit object,Single Vehicle,151.686647979405,-27.472011380149,Oakey - Pittsworth Rd,,Oakey - Pittsworth Road,Oakey,Toowoomba Region,4401,Oakey,Darling Downs,Southern,Southern,Southern Queensland,Jondaryan,Darling Downs - East,Darling Downs - Maranoa,Inner Regional,Condamine,Groom,State-controlled,No Roadway Feature,No traffic control,100 - 110 km/h,Sealed - Dry,Clear,Darkness - Not lighted,Curved - view open,Level,803,Off Path-Curve: Off Cway Rt Bend Hit Obj,19: Off Carriageway on Curve Hit Object,W,1,0,0,0,1,1,0,0,0,0,0,0
290236,290236,Fatal,2013,January,Sunday,3,Hit object,Single Vehicle,152.439214966533,-26.2036636257408,Gympie - Woolooga Rd,,Gympie - Woolooga Road,Widgee,Gympie Region,4570,Gympie,Wide Bay Burnett,North Coast,Southern,Southern Queensland,Kilkivan,Gympie - Cooloola,Wide Bay,Inner Regional,Gympie,Wide Bay,State-controlled,Bridge/Causeway,No traffic control,80 - 90 km/h,Sealed - Wet,Clear,Darkness - Not lighted,Straight,Level,607,Vehs On Path: Temporary Object On Cway,21: Other,W,1,2,0,0,3,1,0,0,0,0,0,0
290237,290237,Fatal,2013,February,Friday,13,Hit object,Single Vehicle,139.235695613256,-21.1736599987312,Diamantina Development Rd,,Diamantina Developmental Road (Dajarra - Mount Isa),Waverley,Boulia Shire,4825,Dajarra,Mount Isa,Northern,Central,Central Queensland,Far Central West,Outback - South,Queensland - Outback,Very Remote,Gregory,Kennedy,State-controlled,No Roadway Feature,No traffic control,100 - 110 km/h,Sealed - Dry,Clear,Daylight,Straight,Level,502,Vehs Overtaking: Out Of Control,15: Off Carriageway on Straight,S,1,2,0,0,3,1,0,0,0,0,0,0
290238,290238,Fatal,2013,February,Saturday,21,Head-on,Multi-Vehicle,152.971782404038,-28.0220779279621,Mt Lindesay Hwy,,Mount Lindesay Highway (Beaudesert - Border),Beaudesert,Scenic Rim Region,4285,Beaudesert,Logan,South Eastern,SEQ South,South Coast,Beaudesert,Beaudesert,Logan - Beaudesert,Inner Regional,Scenic Rim,Wright,State-controlled,No Roadway Feature,No traffic control,100 - 110 km/h,Sealed - Wet,Raining,Darkness - Not lighted,Straight,Level,501,Vehs Overtaking: Head On,02: Head-on,S,1,2,0,0,3,2,0,0,0,0,0,0
290239,290239,Fatal,2013,February,Friday,22,Hit object,Single Vehicle,152.77479764475,-26.053759034657,Henry Rd,,,Goomboorian,Gympie Region,4570,Gympie,Wide Bay Burnett,North Coast,Southern,Southern Queensland,Gympie Region,Gympie - Cooloola,Wide Bay,Inner Regional,Gympie,Wide Bay,Locally-controlled,No Roadway Feature,No traffic control,60 km/h,Unsealed - Dry,Clear,Darkness - Not lighted,Straight,Level,703,Off Path-Straight: Left Off Cway Hit Obj,16: Off Carriageway on Straight Hit Object,W,1,1,0,0,2,0,1,0,0,0,0,0
290240,290240,Fatal,2013,February,Saturday,8,Fall from vehicle,Single Vehicle,153.130264776875,-26.7071790184745,Nicklin Wy,,Nicklin Way,Buddina,Sunshine Coast Region,4575,Kawana Waters,Sunshine Coast,North Coast,SEQ North,North Coast,Buddina - Minyama,Caloundra,Sunshine Coast,Major Cities,Kawana,Fisher,State-controlled,No Roadway Feature,No traffic control,70 km/h,Sealed - Dry,Clear,Daylight,Straight,Level,400,Vehs Manoeuvring: Other,21: Other,S,1,0,0,0,1,0,0,0,0,1,0,0
290430,290430,Fatal,2020,May,Tuesday,14,Angle,Multi-Vehicle,152.948743092571,-27.0695614341351,Beerburrum Rd,,Beerburrum Road,Caboolture,Moreton Bay Region,4510,Caboolture,Moreton,North Coast,SEQ North,North Coast,Caboolture,Caboolture,Moreton Bay - North,Major Cities,Pumicestone,Longman,State-controlled,No Roadway Feature,No traffic control,60 km/h,Sealed - Dry,Clear,Daylight,Straight,Level,700,Off Path-Straight: Other,21: Other,N,1,0,1,0,2,1,1,0,0,0,0,0
290458,290458,Fatal,2018,April,Monday,17,Hit pedestrian,Hit pedestrian,153.04323216648,-26.396332438228,Hilton Tce,,,Tewantin,Noosa Shire,4565,Noosa Heads,Sunshine Coast,North Coast,SEQ North,North Coast,Noosaville,Noosa,Sunshine Coast,Major Cities,Noosa,Wide Bay,Locally-controlled,No Roadway Feature,Pedestrian crossing sign,60 km/h,Sealed - Dry,Clear,Dawn/Dusk,Straight,Level,001,Pedn: Near Side Vehicle Hit From Right,12: Pedestrian,,1,0,0,0,1,1,0,0,0,0,1,0
290506,290506,Fatal,2020,June,Tuesday,9,Angle,Multi-Vehicle,152.663429273987,-25.5565438115954,Bruce Hwy,,Bruce Highway (Gympie - Maryborough),Tinana,Fraser Coast Region,4650,Maryborough,Wide Bay Burnett,North Coast,Southern,Southern Queensland,Tinana,Maryborough,Wide Bay,Inner Regional,Maryborough,Wide Bay,State-controlled,Intersection - Interchange,No traffic control,80 - 90 km/h,Sealed - Dry,Clear,Daylight,Straight,Level,300,Vehs Same Direction: Other,21: Other,N,1,1,0,0,2,1,0,0,0,0,0,1
290555,290555,Fatal,2020,October,Friday,11,Hit object,Single Vehicle,153.074743986482,-27.8041884525868,Camp Cable Rd,,Camp Cable Road,Jimboomba,Logan City,4280,Jimboomba,Logan,South Eastern,SEQ South,South Coast,Jimboomba,Jimboomba,Logan - Beaudesert,Inner Regional,Logan,Wright,State-controlled,No Roadway Feature,No traffic control,80 - 90 km/h,Sealed - Dry,Clear,Daylight,Straight,Level,703,Off Path-Straight: Left Off Cway Hit Obj,16: Off Carriageway on Straight Hit Object,W,1,0,0,0,1,1,0,0,0,0,0,0
290770,290770,Fatal,2019,October,Sunday,16,Hit object,Single Vehicle,152.230379107191,-27.5727393672385,Gatton - Clifton Rd,Gatton - Helidon Rd,Gatton - Helidon Road,Lower Tenthill,Lockyer Valley Region,4343,Gatton,Darling Downs,Southern,SEQ South,Southern Queensland,Lockyer Valley - West,Toowoomba,Toowoomba,Inner Regional,Lockyer,Wright,State-controlled,Intersection - T-Junction,Give way sign,100 - 110 km/h,Sealed - Dry,Clear,Daylight,Straight,Level,700,Off Path-Straight: Other,21: Other,N,1,0,0,0,1,1,0,0,0,0,0,0
290853,290853,Fatal,2020,August,Thursday,19,Hit object,Single Vehicle,152.672725196629,-26.4595734017966,Albion St,Yabba Ck Rd,Yabba Creek Road,Imbil,Gympie Region,4570,Imbil,Wide Bay Burnett,North Coast,Southern,Southern Queensland,Gympie Region,Gympie - Cooloola,Wide Bay,Inner Regional,Gympie,Wide Bay,State-controlled,Intersection - T-Junction,No traffic control,60 km/h,Sealed - Dry,Clear,Darkness - Lighted,Straight,Level,502,Vehs Overtaking: Out Of Control,15: Off Carriageway on Straight,W,1,1,0,0,2,1,0,0,0,0,0,0
290915,290915,Fatal,2024,March,Friday,21,Angle,Multi-Vehicle,152.671227311369,-25.5137063940191,Bruce Hwy,Walker St,Bruce Highway (Maryborough - Gin Gin),Maryborough West,Fraser Coast Region,4650,Maryborough,Wide Bay Burnett,North Coast,Southern,Southern Queensland,Maryborough (qld),Maryborough,Wide Bay,Inner Regional,Maryborough,Wide Bay,State-controlled,Intersection - T-Junction,Give way sign,80 - 90 km/h,Sealed - Wet,Raining,Darkness - Lighted,Curved - view open,Level,104,Vehs Adjacent Approach: Thru-Right,01: Intersection: Adjacent Approach,N,3,0,2,0,5,3,0,2,0,0,0,0