_id,Crash_Ref_Number,Crash_Severity,Crash_Year,Crash_Month,Crash_Day_Of_Week,Crash_Hour,Crash_Nature,Crash_Type,Crash_Longitude,Crash_Latitude,Crash_Street,Crash_Street_Intersecting,State_Road_Name,Loc_Suburb,Loc_Local_Government_Area,Loc_Post_Code,Loc_Police_Division,Loc_Police_District,Loc_Police_Region,Loc_Queensland_Transport_Region,Loc_Main_Roads_Region,Loc_ABS_Statistical_Area_2,Loc_ABS_Statistical_Area_3,Loc_ABS_Statistical_Area_4,Loc_ABS_Remoteness,Loc_State_Electorate,Loc_Federal_Electorate,Crash_Controlling_Authority,Crash_Roadway_Feature,Crash_Traffic_Control,Crash_Speed_Limit,Crash_Road_Surface_Condition,Crash_Atmospheric_Condition,Crash_Lighting_Condition,Crash_Road_Horiz_Align,Crash_Road_Vert_Align,Crash_DCA_Code,Crash_DCA_Description,Crash_DCA_Group_Description,DCA_Key_Approach_Dir,Count_Casualty_Fatality,Count_Casualty_Hospitalised,Count_Casualty_MedicallyTreated,Count_Casualty_MinorInjury,Count_Casualty_Total,Count_Unit_Car,Count_Unit_Motorcycle_Moped,Count_Unit_Truck,Count_Unit_Bus,Count_Unit_Bicycle,Count_Unit_Pedestrian,Count_Unit_Other
290916,290916,Fatal,2024,June,Monday,22,Overturned,Single Vehicle,141.833461195711,-12.6594414543406,Kerr Point Dr,,,Mission River,Cook Shire,4874,Weipa,Far North,Far Northern,Northern,North Queensland,Weipa,Far North,Queensland - Outback,Very Remote,Cook,Leichhardt,Locally-controlled,No Roadway Feature,No traffic control,60 km/h,Unsealed - Dry,Clear,Darkness - Not lighted,Curved - view open,Level,803,Off Path-Curve: Off Cway Rt Bend Hit Obj,19: Off Carriageway on Curve Hit Object,,1,0,0,0,1,1,0,0,0,0,0,0
290918,290918,Fatal,2023,September,Tuesday,21,Hit object,Single Vehicle,151.975387294527,-26.2395843319789,Bunya Hwy,Kilcoy - Murgon Rd,Kilcoy - Murgon Road,Murgon,South Burnett Region,4605,Murgon,Darling Downs,Southern,Southern,Southern Queensland,Kingaroy Region - North,Burnett,Wide Bay,Outer Regional,Nanango,Wide Bay,State-controlled,Intersection - T-Junction,No traffic control,100 - 110 km/h,Sealed - Dry,Clear,Darkness - Not lighted,Curved - view open,Level,803,Off Path-Curve: Off Cway Rt Bend Hit Obj,19: Off Carriageway on Curve Hit Object,N,1,0,0,0,1,0,1,0,0,0,0,0
290919,290919,Fatal,2023,September,Saturday,4,Hit object,Single Vehicle,151.942560250204,-26.6417173320375,D'Aguilar Hwy,,D'Aguilar Highway (Yarraman - Kingaroy),Barker Creek Flat,South Burnett Region,4615,Nanango,Darling Downs,Southern,Southern,Southern Queensland,Nanango,Burnett,Wide Bay,Inner Regional,Nanango,Maranoa,State-controlled,Bridge/Causeway,No traffic control,100 - 110 km/h,Sealed - Dry,Clear,Darkness - Not lighted,Curved - view obscured,Dip,804,Off Path-Curve: Off Cway Lt Bend Hit Obj,19: Off Carriageway on Curve Hit Object,S,1,0,0,0,1,1,0,0,0,0,0,0
290920,290920,Fatal,2023,November,Thursday,17,Overturned,Single Vehicle,144.462597625388,-19.1513946658518,Kennedy Developmental Rd,,Kennedy Developmental Road (The Lynd - Hughenden),Lyndhurst,Etheridge Shire,4871,Greenvale,Townsville,Northern,Northern,North Queensland,Croydon - Etheridge,Far North,Queensland - Outback,Very Remote,Traeger,Kennedy,State-controlled,No Roadway Feature,No traffic control,100 - 110 km/h,Sealed - Dry,Clear,Dawn/Dusk,Straight,Level,705,Off Path-Straight: Out Of Control On Cway,17: Out of Control on Straight,N,1,1,0,0,2,1,0,0,0,0,0,0
290928,290928,Fatal,2024,April,Sunday,18,Head-on,Multi-Vehicle,153.044199052781,-27.3062654455847,Deagon Deviation,,Redcliffe Sub-Arterial Road,Brighton,Brisbane City,4017,Sandgate,North Brisbane,Brisbane,SEQ North,Metropolitan,Brighton (qld),Sandgate,Brisbane - North,Major Cities,Sandgate,Petrie,State-controlled,No Roadway Feature,No traffic control,80 - 90 km/h,Sealed - Wet,Raining,Darkness - Not lighted,Curved - view open,Level,201,Vehs Opposite Approach: Head On,02: Head-on,N,1,1,0,0,2,6,0,0,0,0,0,0
290934,290934,Fatal,2024,May,Monday,12,Angle,Multi-Vehicle,152.664786059793,-27.5753604098802,Haigslea - Amberley Rd,Warrego Hwy,Warrego Highway (Ipswich - Toowoomba),Haigslea,Ipswich City,4306,Marburg,Ipswich,Southern,SEQ South,Metropolitan,Rosewood,Ipswich Hinterland,Ipswich,Inner Regional,Ipswich West,Blair,State-controlled,Intersection - Cross,Give way sign,100 - 110 km/h,Sealed - Dry,Clear,Daylight,Straight,Level,202,Vehs Opposite Approach: Thru-Right,03: Opposing Vehicles Turning,E,1,0,0,0,1,1,1,0,0,0,0,0
290936,290936,Fatal,2024,June,Saturday,16,Hit object,Single Vehicle,152.890083188766,-26.3422974224602,Louis Bazzo Dr,,Boreen Road,Pomona,Noosa Shire,4568,Pomona,Sunshine Coast,North Coast,SEQ North,North Coast,Noosa Hinterland,Noosa Hinterland,Sunshine Coast,Inner Regional,Noosa,Wide Bay,State-controlled,No Roadway Feature,No traffic control,80 - 90 km/h,Sealed - Dry,Clear,Daylight,Curved - view open,Level,803,Off Path-Curve: Off Cway Rt Bend Hit Obj,19: Off Carriageway on Curve Hit Object,W,1,0,1,0,2,1,0,0,0,0,0,0
290945,290945,Fatal,2018,July,Friday,20,Hit object,Single Vehicle,152.822538146205,-26.744068418944,Maleny - Kenilworth Rd,,Maleny - Kenilworth Road,Maleny,Sunshine Coast Region,4552,Maleny,Sunshine Coast,North Coast,SEQ North,North Coast,Caloundra Hinterland,Sunshine Coast Hinterland,Sunshine Coast,Inner Regional,Glass House,Fisher,State-controlled,No Roadway Feature,No traffic control,80 - 90 km/h,Sealed - Dry,Clear,Darkness - Not lighted,Curved - view open,Level,502,Vehs Overtaking: Out Of Control,15: Off Carriageway on Straight,N,1,0,1,0,2,1,0,0,0,0,0,0
290954,290954,Fatal,2018,November,Saturday,15,Angle,Multi-Vehicle,153.026333044742,-27.3852364444161,Hamilton Rd,Zenith Ave,,Chermside,Brisbane City,4032,Boondall,North Brisbane,Brisbane,SEQ North,Metropolitan,Chermside,Chermside,Brisbane - North,Major Cities,Stafford,Lilley,Locally-controlled,Intersection - T-Junction,Give way sign,60 km/h,Sealed - Dry,Clear,Daylight,Straight,Crest,107,Vehs Adjacent Approach: Thru-Left,01: Intersection: Adjacent Approach,W,1,1,0,0,2,2,0,0,0,0,0,0
290955,290955,Fatal,2021,January,Monday,17,Hit object,Single Vehicle,152.92153096974,-28.0679794392921,Round Mountain Rd,,,Laravale,Scenic Rim Region,4285,Beaudesert,Logan,South Eastern,SEQ South,South Coast,Beaudesert,Beaudesert,Logan - Beaudesert,Inner Regional,Scenic Rim,Wright,Locally-controlled,No Roadway Feature,No traffic control,100 - 110 km/h,Unsealed - Dry,Clear,Dawn/Dusk,Curved - view open,Level,804,Off Path-Curve: Off Cway Lt Bend Hit Obj,19: Off Carriageway on Curve Hit Object,N,1,0,0,0,1,0,1,0,0,0,0,0
290968,290968,Fatal,2020,October,Sunday,19,Head-on,Multi-Vehicle,152.941083175399,-26.4085694280884,Cooroy - Noosa Rd,,Cooroy - Noosa Road,Lake Macdonald,Noosa Shire,4563,Cooroy,Sunshine Coast,North Coast,SEQ North,North Coast,Noosa Hinterland,Noosa Hinterland,Sunshine Coast,Inner Regional,Noosa,Wide Bay,State-controlled,No Roadway Feature,No traffic control,80 - 90 km/h,Sealed - Dry,Clear,Darkness - Not lighted,Straight,Level,201,Vehs Opposite Approach: Head On,02: Head-on,N,1,2,1,0,4,2,0,0,0,0,0,0
291095,291095,Fatal,2021,April,Saturday,10,Head-on,Multi-Vehicle,152.7720700756,-27.3559594187874,Mount Glorious Rd,,Samford - Mount Glorious Road,Mount Nebo,Moreton Bay Region,4520,Ferny Grove,North Brisbane,Brisbane,SEQ North,North Coast,Samford Valley,The Hills District,Moreton Bay - South,Inner Regional,Pine Rivers,Dickson,State-controlled,No Roadway Feature,No traffic control,60 km/h,Sealed - Dry,Clear,Daylight,Curved - view open,Grade,201,Vehs Opposite Approach: Head On,02: Head-on,S,1,0,1,0,2,1,0,0,0,1,0,0
291304,291304,Fatal,2020,May,Saturday,10,Hit parked vehicle,Single Vehicle,153.186744985327,-27.7177354631961,Sunrise St,,,Beenleigh,Logan City,4207,Beenleigh,Logan,South Eastern,SEQ South,South Coast,Beenleigh,Beenleigh,Logan - Beaudesert,Major Cities,Macalister,Forde,Locally-controlled,No Roadway Feature,No traffic control,0 - 50 km/h,Sealed - Dry,Clear,Daylight,Straight,Level,601,Vehs On Path: Parked,10: Hit Parked Vehicle,N,1,0,0,0,1,1,0,1,0,0,1,0
291350,291350,Fatal,2023,January,Sunday,16,Hit object,Single Vehicle,153.213338961393,-27.8823494671798,Tamborine - Oxenford Rd,,Tamborine - Oxenford Road,Wongawallan,Gold Coast City,4210,Coomera,Gold Coast,South Eastern,SEQ South,South Coast,Upper Coomera - Willow Vale,Ormeau - Oxenford,Gold Coast,Major Cities,Coomera,Forde,State-controlled,No Roadway Feature,No traffic control,70 km/h,Sealed - Dry,Clear,Daylight,Curved - view open,Grade,804,Off Path-Curve: Off Cway Lt Bend Hit Obj,19: Off Carriageway on Curve Hit Object,E,1,0,0,0,1,0,1,0,0,0,0,0
291424,291424,Fatal,2023,April,Saturday,19,Hit pedestrian,Hit pedestrian,145.741345703374,-16.9255667339107,Alfred St,,Cairns Western Arterial Road,Manunda,Cairns Region,4870,Cairns,Far North,Far Northern,Northern,North Queensland,Manunda,Cairns - South,Cairns,Outer Regional,Cairns,Leichhardt,State-controlled,No Roadway Feature,No traffic control,60 km/h,Sealed - Dry,Clear,Darkness - Lighted,Straight,Level,004,Pedn: Play; Work; Stand; Lie On Cway,12: Pedestrian,N,1,0,0,0,1,1,0,0,0,0,1,0
291436,291436,Fatal,2023,May,Saturday,11,Hit object,Single Vehicle,152.50119102053,-28.0334683973394,Lake Moogerah Rd,,Lake Moogerah Road,Mount Edwards,Scenic Rim Region,4309,Boonah,Ipswich,Southern,SEQ South,South Coast,Boonah,Ipswich Hinterland,Ipswich,Inner Regional,Scenic Rim,Wright,State-controlled,No Roadway Feature,No traffic control,80 - 90 km/h,Sealed - Dry,Clear,Daylight,Curved - view open,Level,804,Off Path-Curve: Off Cway Lt Bend Hit Obj,19: Off Carriageway on Curve Hit Object,S,1,0,0,0,1,1,0,0,0,0,0,0
291476,291476,Fatal,2022,May,Sunday,18,Hit pedestrian,Hit pedestrian,152.744622098939,-27.1918734147612,Costelloe Rd,,,Laceys Creek,Moreton Bay Region,4521,Dayboro,Moreton,North Coast,SEQ North,North Coast,Dayboro,The Hills District,Moreton Bay - South,Inner Regional,Pine Rivers,Dickson,Locally-controlled,No Roadway Feature,No traffic control,0 - 50 km/h,Unsealed - Dry,Clear,Darkness - Not lighted,Straight,Grade,900,Pass & Misc: Other,21: Other,,1,0,0,0,1,1,0,0,0,0,1,0
291697,291697,Fatal,2022,October,Friday,5,Head-on,Multi-Vehicle,145.394609710499,-17.1225717113927,Hansen Rd,,,Walkamin,Tablelands Region,4872,Mareeba,Far North,Far Northern,Northern,North Queensland,Atherton,Tablelands (east) - Kuranda,Cairns,Outer Regional,Hill,Kennedy,Locally-controlled,No Roadway Feature,No traffic control,80 - 90 km/h,Sealed - Dry,Clear,Dawn/Dusk,Straight,Grade,201,Vehs Opposite Approach: Head On,02: Head-on,E,1,0,2,0,3,2,0,0,0,0,0,0
291779,291779,Fatal,2021,August,Monday,10,Angle,Multi-Vehicle,153.107694009684,-27.5934464542424,Logan Rd,Underwood Rd,Brisbane - Beenleigh Road,Underwood,Logan City,4119,Logan Central,Logan,South Eastern,SEQ South,South Coast,Underwood,Springwood - Kingston,Logan - Beaudesert,Major Cities,Waterford,Rankin,State-controlled,Intersection - T-Junction,Give way sign,70 km/h,Sealed - Dry,Clear,Daylight,Straight,Level,107,Vehs Adjacent Approach: Thru-Left,01: Intersection: Adjacent Approach,W,1,0,2,0,3,3,0,0,0,0,0,0
291825,291825,Fatal,2019,August,Friday,9,Hit object,Single Vehicle,153.407208928663,-27.9720414875643,Queen St,Tweed St,Southport - Nerang Road,Southport,Gold Coast City,4215,Southport,Gold Coast,South Eastern,SEQ South,South Coast,Southport - North,Southport,Gold Coast,Major Cities,Southport,Moncrieff,State-controlled,Intersection - Cross,Operating traffic lights,60 km/h,Sealed - Dry,Clear,Daylight,Straight,Grade,707,Off Path-Straight: Right Turn,15: Off Carriageway on Straight,E,1,0,0,0,1,1,0,0,0,0,0,0
292002,292002,Fatal,2017,September,Wednesday,9,Overturned,Single Vehicle,152.38136911136,-27.4057163806511,Atkinsons Dam Rd,,,Buaraba,Somerset Region,4311,Laidley,Darling Downs,Southern,SEQ North,North Coast,Esk,Ipswich Hinterland,Ipswich,Inner Regional,Lockyer,Blair,Locally-controlled,No Roadway Feature,No traffic control,100 - 110 km/h,Sealed - Dry,Clear,Daylight,Straight,Crest,704,Off Path-Straight: Right Off Cway Hit Obj,16: Off Carriageway on Straight Hit Object,E,1,0,0,0,1,0,0,0,0,0,0,1
292004,292004,Fatal,2017,April,Sunday,11,Angle,Multi-Vehicle,151.913678138142,-27.6014743368611,Brisbane St,,Drayton Connection Road,Drayton,Toowoomba Region,4350,Drayton,Darling Downs,Southern,Southern,Southern Queensland,Drayton - Harristown,Toowoomba,Toowoomba,Inner Regional,Condamine,Groom,State-controlled,No Roadway Feature,Give way sign,60 km/h,Sealed - Dry,Clear,Daylight,Straight,Grade,406,Vehs Manoeuvring: Leaving Driveway,08: Vehicle Leaving Driveway,S,1,0,1,0,2,2,0,0,0,0,0,0
292024,292024,Fatal,2024,February,Tuesday,19,Angle,Multi-Vehicle,153.063703016919,-27.5737824496607,Elva St,Mains Rd,,Sunnybank,Brisbane City,4109,Upper Mount Gravatt,South Brisbane,Brisbane,SEQ South,Metropolitan,Sunnybank,Sunnybank,Brisbane - South,Major Cities,Toohey,Moreton,Locally-controlled,Intersection - T-Junction,Give way sign,0 - 50 km/h,Sealed - Dry,Clear,Darkness - Lighted,Straight,Grade,202,Vehs Opposite Approach: Thru-Right,03: Opposing Vehicles Turning,,1,0,0,0,1,1,1,0,0,0,0,0
292098,292098,Fatal,2021,December,Monday,5,Hit object,Single Vehicle,153.120260976034,-27.847269457508,Waterford - Tamborine Rd,,Waterford - Tamborine Road,Kairabah,Logan City,4207,Logan Village Yarrabilba,Logan,South Eastern,SEQ South,South Coast,Jimboomba,Jimboomba,Logan - Beaudesert,Major Cities,Logan,Wright,State-controlled,No Roadway Feature,No traffic control,100 - 110 km/h,Sealed - Dry,Clear,Daylight,Straight,Level,703,Off Path-Straight: Left Off Cway Hit Obj,16: Off Carriageway on Straight Hit Object,S,1,0,0,0,1,0,0,1,0,0,0,0
292232,292232,Fatal,2022,May,Friday,7,Head-on,Multi-Vehicle,152.988373040189,-27.4536504411495,Jubilee Tce,,Western Arterial Road (Toowong - Everton Park),Bardon,Brisbane City,4065,The Gap,North Brisbane,Brisbane,SEQ North,Metropolitan,Bardon,Brisbane Inner - West,Brisbane Inner City,Major Cities,Cooper,Brisbane,State-controlled,No Roadway Feature,No traffic control,0 - 50 km/h,Sealed - Wet,Raining,Daylight,Curved - view open,Grade,201,Vehs Opposite Approach: Head On,02: Head-on,S,1,1,0,0,2,2,0,0,0,0,0,0
292355,292355,Fatal,2021,December,Friday,21,Angle,Multi-Vehicle,153.326047967587,-27.7384104774696,Berndt Rd,Mill Rd,,Woongoolba,Gold Coast City,4207,Coomera,Gold Coast,South Eastern,SEQ South,South Coast,Jacobs Well - Alberton,Ormeau - Oxenford,Gold Coast,Inner Regional,Coomera,Fadden,Locally-controlled,Intersection - T-Junction,No traffic control,80 - 90 km/h,Sealed - Dry,Clear,Darkness - Not lighted,Straight,Level,207,Vehs Opposite Approach: U-Turn,07: U-turn,,1,0,0,0,1,1,1,0,0,0,0,0
292392,292392,Fatal,2021,August,Saturday,23,Hit object,Single Vehicle,153.154649904117,-27.9580771448462,Mundoolun Connection Rd,,Mundoolun Connection Road,Boyland,Scenic Rim Region,4275,Canungra,Logan,South Eastern,SEQ South,South Coast,Tamborine - Canungra,Gold Coast Hinterland,Gold Coast,Inner Regional,Scenic Rim,Wright,State-controlled,No Roadway Feature,No traffic control,100 - 110 km/h,Sealed - Dry,Clear,Darkness - Not lighted,Straight,Level,700,Off Path-Straight: Other,21: Other,N,1,1,0,0,2,1,0,0,0,0,0,0
292434,292434,Fatal,2020,June,Friday,14,Hit object,Single Vehicle,146.049321552964,-18.600525770085,Abergowrie Rd,,Ingham - Abergowrie Road,Lannercost,Hinchinbrook Shire,4850,Ingham,Townsville,Northern,Northern,North Queensland,Ingham Region,Charters Towers - Ayr - Ingham,Townsville,Remote,Hinchinbrook,Kennedy,State-controlled,No Roadway Feature,No traffic control,100 - 110 km/h,Sealed - Dry,Clear,Daylight,Straight,Level,703,Off Path-Straight: Left Off Cway Hit Obj,16: Off Carriageway on Straight Hit Object,E,1,0,0,0,1,1,0,0,0,0,0,0
292458,292458,Fatal,2001,July,Monday,9,Hit object,Single Vehicle,145.338945073149,-16.5824650799446,Mossman - Mt Molloy Rd,,Mossman - Mount Molloy Road,Julatten,Mareeba Shire,4871,Mount Molloy,Far North,Far Northern,Northern,North Queensland,Tablelands,Far North,Queensland - Outback,Outer Regional,Cook,Kennedy,State-controlled,No Roadway Feature,No traffic control,100 - 110 km/h,Sealed - Wet,Clear,Daylight,Curved - view obscured,Grade,201,Vehs Opposite Approach: Head On,02: Head-on,S,1,1,0,0,2,1,0,0,0,1,0,0
292465,292465,Fatal,2001,July,Wednesday,0,Hit object,Single Vehicle,141.462121542392,-21.3549789044309,Landsborough Hwy,,Landsborough Highway (Kynuna - Cloncurry),Mckinlay,Mckinlay Shire,4823,Kynuna,Mount Isa,Northern,Northern,North Queensland,Northern Highlands,Outback - North,Queensland - Outback,Very Remote,Traeger,Kennedy,State-controlled,Bridge/Causeway,No traffic control,100 - 110 km/h,Sealed - Dry,Clear,Darkness - Not lighted,Straight,Level,705,Off Path-Straight: Out Of Control On Cway,17: Out of Control on Straight,N,1,0,0,0,1,1,0,0,0,0,0,0
292466,292466,Fatal,2001,July,Wednesday,6,Overturned,Single Vehicle,141.744712658843,-15.4851303044502,Thartj Manengk St,,,Kowanyama,Kowanyama Aboriginal Shire,4892,Kowanyama,Far North,Far Northern,Northern,North Queensland,Kowanyama - Pormpuraaw,Far North,Queensland - Outback,Very Remote,Cook,Leichhardt,Locally-controlled,No Roadway Feature,No traffic control,0 - 50 km/h,Sealed - Dry,Clear,Darkness - Not lighted,Straight,Level,705,Off Path-Straight: Out Of Control On Cway,17: Out of Control on Straight,W,1,0,0,0,1,1,0,0,0,0,0,0
292469,292469,Fatal,2001,July,Saturday,15,Sideswipe,Multi-Vehicle,150.629155916501,-23.6350145049257,Bruce Hwy,,Bruce Highway (Benaraby - Rockhampton),Bajool,Rockhampton Region,4699,Marmor,Capricornia,Central,Central,Central Queensland,Bouldercombe,Rockhampton,Central Queensland,Outer Regional,Mirani,Flynn,State-controlled,No Roadway Feature,No traffic control,100 - 110 km/h,Sealed - Dry,Clear,Daylight,Straight,Level,500,Vehs Overtaking: Other,21: Other,S,1,1,0,0,2,1,0,1,0,0,0,0
292560,292560,Fatal,2001,May,Saturday,3,Hit object,Single Vehicle,153.096445815861,-27.6173788842987,Compton Rd,,,Woodridge,Logan City,4114,Logan Central,Logan,South Eastern,SEQ South,South Coast,Kuraby,Sunnybank,Brisbane - South,Major Cities,Stretton,Moreton,Locally-controlled,No Roadway Feature,No traffic control,70 km/h,Sealed - Dry,Clear,Darkness - Not lighted,Straight,Level,703,Off Path-Straight: Left Off Cway Hit Obj,16: Off Carriageway on Straight Hit Object,E,1,0,0,0,1,1,0,0,0,0,0,0
292767,292767,Fatal,2001,June,Wednesday,5,Overturned,Single Vehicle,150.789130498855,-28.0454499908682,Gore Hwy,,Gore Highway (Millmerran - Goondiwindi),Kindon,Goondiwindi Region,4390,Goondiwindi,Darling Downs,Southern,Southern,Southern Queensland,Inglewood - Waggamba,Darling Downs (west) - Maranoa,Darling Downs - Maranoa,Outer Regional,Southern Downs,Maranoa,State-controlled,No Roadway Feature,No traffic control,100 - 110 km/h,Sealed - Dry,Clear,Darkness - Not lighted,Straight,Grade,701,Off Path-Straight: Left Off Cway,15: Off Carriageway on Straight,N,1,0,0,0,1,1,0,0,0,0,0,0
292776,292776,Fatal,2001,June,Friday,15,Hit pedestrian,Hit pedestrian,152.982400109558,-27.4399229774423,Arinya Rd,,,Ashgrove,Brisbane City,4060,The Gap,North Brisbane,Brisbane,SEQ North,Metropolitan,Ashgrove,Brisbane Inner - West,Brisbane Inner City,Major Cities,Ferny Grove,Brisbane,Locally-controlled,No Roadway Feature,No traffic control,0 - 50 km/h,Sealed - Dry,Clear,Daylight,Straight,Level,002,Pedn: Hit Emerging Behind Vehicle,12: Pedestrian,W,1,0,0,0,1,1,0,0,0,0,1,0
292926,292926,Fatal,2001,July,Monday,20,Overturned,Single Vehicle,152.545566685614,-27.0250340167545,Esk - Kilcoy Rd,,Esk - Kilcoy Road,Hazeldean,Somerset Region,4515,Kilcoy,Moreton,North Coast,SEQ North,North Coast,Kilcoy,Caboolture Hinterland,Moreton Bay - North,Inner Regional,Nanango,Blair,State-controlled,No Roadway Feature,No traffic control,100 - 110 km/h,Sealed - Dry,Clear,Darkness - Not lighted,Straight,Level,702,Off Path-Straight: Right Off Cway,15: Off Carriageway on Straight,S,1,0,0,0,1,1,0,0,0,0,0,0
292928,292928,Fatal,2001,July,Tuesday,5,Hit object,Single Vehicle,153.048498646133,-27.6087416574085,Mt Lindesay Art. Rd,,Mount Lindesay Arterial Road,Sunnybank Hills,Brisbane City,4109,Acacia Ridge,South Brisbane,Brisbane,SEQ South,Metropolitan,Sunnybank Hills,Sunnybank,Brisbane - South,Major Cities,Stretton,Moreton,State-controlled,No Roadway Feature,No traffic control,80 - 90 km/h,Sealed - Dry,Clear,Darkness - Lighted,Straight,Level,704,Off Path-Straight: Right Off Cway Hit Obj,16: Off Carriageway on Straight Hit Object,N,1,0,0,0,1,1,0,0,0,0,0,0
292929,292929,Fatal,2001,July,Sunday,15,Fall from vehicle,Single Vehicle,153.064162483096,-27.5719936836928,Mains Rd,Mccullough St,,Sunnybank,Brisbane City,4109,Upper Mount Gravatt,South Brisbane,Brisbane,SEQ South,Metropolitan,Sunnybank,Sunnybank,Brisbane - South,Major Cities,Toohey,Moreton,Locally-controlled,Intersection - Cross,Operating traffic lights,60 km/h,Sealed - Dry,Clear,Daylight,Straight,Level,901,Pass & Misc: Fell In/From Vehicle,21: Other,E,1,0,0,0,1,1,0,0,0,0,0,0
292933,292933,Fatal,2001,July,Thursday,15,Hit object,Single Vehicle,153.048712011745,-27.6589876228262,Woodview St,,,Browns Plains,Logan City,4118,Browns Plains,Logan,South Eastern,SEQ South,South Coast,Browns Plains,Browns Plains,Logan - Beaudesert,Major Cities,Algester,Rankin,Locally-controlled,No Roadway Feature,No traffic control,0 - 50 km/h,Sealed - Dry,Clear,Daylight,Curved - view open,Level,803,Off Path-Curve: Off Cway Rt Bend Hit Obj,19: Off Carriageway on Curve Hit Object,S,1,0,0,0,1,1,1,0,0,0,0,0
292934,292934,Fatal,2001,July,Thursday,18,Rear-end,Multi-Vehicle,153.064501830338,-27.4828353940226,Bennetts Rd,,,Norman Park,Brisbane City,4170,Morningside,South Brisbane,Brisbane,SEQ South,Metropolitan,Norman Park,Brisbane Inner - East,Brisbane Inner City,Major Cities,Greenslopes,Griffith,Locally-controlled,No Roadway Feature,No traffic control,60 km/h,Sealed - Dry,Clear,Darkness - Lighted,Straight,Grade,301,Vehs Same Direction: Rear End,04: Rear-end,N,1,0,0,0,1,1,0,0,0,1,0,0
293346,293346,Fatal,2001,June,Wednesday,18,Collision - miscellaneous,Other,153.093854476139,-27.3803924951648,Gateway Arterial Rd,,Gateway Arterial Road (Gateway Motorway - North),Banyo,Brisbane City,4014,Hendra,North Brisbane,Brisbane,SEQ North,Metropolitan,Nudgee - Banyo,Nundah,Brisbane - North,Major Cities,Nudgee,Lilley,State-controlled,No Roadway Feature,No traffic control,100 - 110 km/h,Sealed - Dry,Clear,Darkness - Lighted,Curved - view open,Level,610,Pass & Misc: Load Hit Vehicle,21: Other,S,1,0,1,2,4,3,0,1,0,0,0,0
293420,293420,Fatal,2001,May,Monday,18,Hit object,Single Vehicle,145.337006485357,-17.3884140546823,Herberton - Petford Rd,,Herberton - Petford Road,Kalunga,Tablelands Region,4887,Herberton,Far North,Far Northern,Northern,North Queensland,Herberton,Tablelands (east) - Kuranda,Cairns,Outer Regional,Hill,Kennedy,State-controlled,No Roadway Feature,No traffic control,100 - 110 km/h,Sealed - Dry,Clear,Dawn/Dusk,Curved - view open,Dip,803,Off Path-Curve: Off Cway Rt Bend Hit Obj,19: Off Carriageway on Curve Hit Object,W,1,1,0,0,2,0,1,0,0,0,0,0
293421,293421,Fatal,2001,May,Tuesday,7,Head-on,Multi-Vehicle,150.70597782725,-23.1604935269851,Rockhampton - Yeppoon Rd,,Rockhampton - Yeppoon Road,Barmaryee,Livingstone Shire,4703,Yeppoon,Capricornia,Central,Central,Central Queensland,Yeppoon,Rockhampton,Central Queensland,Inner Regional,Keppel,Capricornia,State-controlled,No Roadway Feature,No traffic control,100 - 110 km/h,Sealed - Dry,Clear,Daylight,Curved - view open,Grade,501,Vehs Overtaking: Head On,02: Head-on,E,1,1,0,0,2,2,0,1,0,0,0,0
293422,293422,Fatal,2001,May,Tuesday,15,Hit animal,Other,151.94906064246,-27.7895674927371,Mollers Rd,New England Hwy,New England Highway (Toowoomba - Warwick),East Greenmount,Toowoomba Region,4359,Cambooya,Darling Downs,Southern,Southern,Southern Queensland,Clifton - Greenmount,Granite Belt,Darling Downs - Maranoa,Inner Regional,Condamine,Groom,State-controlled,Intersection - T-Junction,No traffic control,100 - 110 km/h,Sealed - Dry,Clear,Daylight,Curved - view open,Grade,408,Vehs Manoeuvring: Entering From Footway,08: Vehicle Leaving Driveway,W,1,0,0,0,1,1,0,0,0,0,0,1
293423,293423,Fatal,2001,May,Tuesday,17,Hit pedestrian,Hit pedestrian,151.720162449592,-27.440054370087,Oakey Conn Rd,,Oakey Connection Road,Oakey,Toowoomba Region,4401,Oakey,Darling Downs,Southern,Southern,Southern Queensland,Jondaryan,Darling Downs - East,Darling Downs - Maranoa,Inner Regional,Condamine,Groom,State-controlled,No Roadway Feature,No traffic control,60 km/h,Sealed - Dry,Clear,Dawn/Dusk,Straight,Level,003,Pedn: Far Side Vehicle Hit From Left,12: Pedestrian,N,1,0,0,0,1,1,0,0,0,0,1,0
293428,293428,Fatal,2001,April,Tuesday,19,Hit pedestrian,Hit pedestrian,153.395699772396,-27.9528938772415,Allden Ave,Kumbari Ave,,Labrador,Gold Coast City,4215,Southport,Gold Coast,South Eastern,SEQ South,South Coast,Labrador,Gold Coast - North,Gold Coast,Major Cities,Bonney,Fadden,Locally-controlled,Intersection - T-Junction,No traffic control,60 km/h,Sealed - Wet,Raining,Darkness - Lighted,Straight,Level,003,Pedn: Far Side Vehicle Hit From Left,12: Pedestrian,N,1,0,0,0,1,1,0,0,0,0,1,0