_id,Crash_Ref_Number,Crash_Severity,Crash_Year,Crash_Month,Crash_Day_Of_Week,Crash_Hour,Crash_Nature,Crash_Type,Crash_Longitude,Crash_Latitude,Crash_Street,Crash_Street_Intersecting,State_Road_Name,Loc_Suburb,Loc_Local_Government_Area,Loc_Post_Code,Loc_Police_Division,Loc_Police_District,Loc_Police_Region,Loc_Queensland_Transport_Region,Loc_Main_Roads_Region,Loc_ABS_Statistical_Area_2,Loc_ABS_Statistical_Area_3,Loc_ABS_Statistical_Area_4,Loc_ABS_Remoteness,Loc_State_Electorate,Loc_Federal_Electorate,Crash_Controlling_Authority,Crash_Roadway_Feature,Crash_Traffic_Control,Crash_Speed_Limit,Crash_Road_Surface_Condition,Crash_Atmospheric_Condition,Crash_Lighting_Condition,Crash_Road_Horiz_Align,Crash_Road_Vert_Align,Crash_DCA_Code,Crash_DCA_Description,Crash_DCA_Group_Description,DCA_Key_Approach_Dir,Count_Casualty_Fatality,Count_Casualty_Hospitalised,Count_Casualty_MedicallyTreated,Count_Casualty_MinorInjury,Count_Casualty_Total,Count_Unit_Car,Count_Unit_Motorcycle_Moped,Count_Unit_Truck,Count_Unit_Bus,Count_Unit_Bicycle,Count_Unit_Pedestrian,Count_Unit_Other
293429,293429,Fatal,2001,May,Friday,10,Hit pedestrian,Hit pedestrian,152.761967161233,-27.615731864835,Ipswich - Cunningham Hwy Connection Rd,,Ipswich - Cunningham Hwy Connection Road,Ipswich,Ipswich City,4305,Ipswich,Ipswich,Southern,SEQ South,Metropolitan,Ipswich - Central,Ipswich Inner,Ipswich,Major Cities,Ipswich,Blair,State-controlled,No Roadway Feature,No traffic control,0 - 50 km/h,Sealed - Dry,Clear,Daylight,Straight,Grade,003,Pedn: Far Side Vehicle Hit From Left,12: Pedestrian,W,1,0,0,0,1,1,0,0,0,0,1,0
293430,293430,Fatal,2001,May,Friday,21,Hit object,Single Vehicle,153.046099678556,-27.6074456921573,Mt Lindesay Art. Rd,,Mount Lindesay Arterial Road,Calamvale,Brisbane City,4116,Acacia Ridge,South Brisbane,Brisbane,SEQ South,Metropolitan,Calamvale - Stretton,Rocklea - Acacia Ridge,Brisbane - South,Major Cities,Algester,Rankin,State-controlled,No Roadway Feature,No traffic control,80 - 90 km/h,Sealed - Dry,Clear,Darkness - Not lighted,Straight,Level,703,Off Path-Straight: Left Off Cway Hit Obj,16: Off Carriageway on Straight Hit Object,N,1,0,0,0,1,1,0,0,0,0,0,0
293709,293709,Fatal,2001,March,Wednesday,20,Hit object,Single Vehicle,153.325529388319,-27.8965924816622,Discovery Dr,Helensvale Rd,,Helensvale,Gold Coast City,4212,Coomera,Gold Coast,South Eastern,SEQ South,South Coast,Helensvale,Ormeau - Oxenford,Gold Coast,Major Cities,Theodore,Fadden,Locally-controlled,Intersection - Roundabout,Give way sign,60 km/h,Sealed - Dry,Clear,Darkness - Lighted,Straight,Grade,705,Off Path-Straight: Out Of Control On Cway,17: Out of Control on Straight,N,1,0,0,0,1,1,0,0,0,0,0,0
293717,293717,Fatal,2001,April,Thursday,13,Angle,Multi-Vehicle,151.942149930164,-27.5674072333283,James St,West St,Toowoomba Connection Road,South Toowoomba,Toowoomba Region,4350,Toowoomba,Darling Downs,Southern,Southern,Southern Queensland,Toowoomba - Central,Toowoomba,Toowoomba,Inner Regional,Toowoomba North,Groom,State-controlled,Intersection - Cross,Operating traffic lights,60 km/h,Sealed - Dry,Clear,Daylight,Straight,Level,202,Vehs Opposite Approach: Thru-Right,03: Opposing Vehicles Turning,E,1,0,0,0,1,3,0,1,0,0,0,0
293718,293718,Fatal,2001,April,Thursday,13,Angle,Multi-Vehicle,153.096796424357,-27.5816351430519,Brandl St,Logan Sub-Arterial Rd,Logan Sub-Arterial Road,Eight Mile Plains,Brisbane City,4113,Upper Mount Gravatt,South Brisbane,Brisbane,SEQ South,Metropolitan,Eight Mile Plains,Mt Gravatt,Brisbane - South,Major Cities,Toohey,Moreton,State-controlled,Intersection - T-Junction,No traffic control,60 km/h,Sealed - Dry,Clear,Daylight,Straight,Grade,202,Vehs Opposite Approach: Thru-Right,03: Opposing Vehicles Turning,N,1,0,0,0,1,0,1,1,0,0,0,0
293720,293720,Fatal,2001,March,Thursday,13,Head-on,Multi-Vehicle,153.114287244653,-26.6741307046005,Bikeway,,,Alexandra Headland,Sunshine Coast Region,4572,Maroochydore,Sunshine Coast,North Coast,SEQ North,North Coast,Mooloolaba - Alexandra Headland,Maroochy,Sunshine Coast,Major Cities,Maroochydore,Fisher,Locally-controlled,No Roadway Feature,No traffic control,60 km/h,Sealed - Dry,Clear,Daylight,Straight,Level,201,Vehs Opposite Approach: Head On,02: Head-on,N,1,0,0,0,1,0,0,0,0,2,0,0
293723,293723,Fatal,2001,April,Sunday,12,Hit object,Single Vehicle,152.94762264769,-26.4898880453949,Bruce Hwy,,Bruce Highway (Brisbane - Gympie),Eumundi,Sunshine Coast Region,4562,Eumundi,Sunshine Coast,North Coast,SEQ North,North Coast,Eumundi - Yandina,Nambour,Sunshine Coast,Inner Regional,Nicklin,Fairfax,State-controlled,No Roadway Feature,No traffic control,100 - 110 km/h,Sealed - Dry,Clear,Daylight,Straight,Level,703,Off Path-Straight: Left Off Cway Hit Obj,16: Off Carriageway on Straight Hit Object,S,1,1,0,0,2,1,0,0,0,0,0,0
293790,293790,Fatal,2001,July,Wednesday,4,Hit pedestrian,Hit pedestrian,153.37945726834,-28.013533994064,Nerang - Broadbeach Rd,,,Carrara,Gold Coast City,4211,Broadbeach,Gold Coast,South Eastern,SEQ South,South Coast,Carrara,Nerang,Gold Coast,Major Cities,Gaven,Moncrieff,Locally-controlled,No Roadway Feature,No traffic control,60 km/h,Sealed - Dry,Clear,Darkness - Lighted,Straight,Level,005,Pedn: Hit Walking With Traffic,12: Pedestrian,W,1,0,0,0,1,1,0,0,0,0,1,0
293791,293791,Fatal,2001,July,Thursday,19,Hit pedestrian,Hit pedestrian,152.887851316669,-27.623213978432,Redbank Plains Rd,,,Goodna,Ipswich City,4300,Goodna,Ipswich,Southern,SEQ South,Metropolitan,Goodna,Springfield - Redbank,Ipswich,Major Cities,Bundamba,Oxley,Locally-controlled,No Roadway Feature,No traffic control,60 km/h,Sealed - Dry,Clear,Darkness - Lighted,Straight,Level,005,Pedn: Hit Walking With Traffic,12: Pedestrian,S,1,0,0,0,1,0,0,0,0,0,1,1
294156,294156,Fatal,2001,July,Sunday,12,Overturned,Single Vehicle,145.86964031684,-18.0073560472132,Lihs Rd,R. Zamora Rd,,Euramo,Cassowary Coast Region,4854,Tully,Far North,Far Northern,Northern,North Queensland,Tully,Innisfail - Cassowary Coast,Cairns,Outer Regional,Hinchinbrook,Kennedy,Locally-controlled,Intersection - T-Junction,No traffic control,100 - 110 km/h,Unsealed - Dry,Clear,Daylight,Straight,Level,703,Off Path-Straight: Left Off Cway Hit Obj,16: Off Carriageway on Straight Hit Object,S,2,0,2,0,4,1,0,0,0,0,0,0
294157,294157,Fatal,2001,July,Saturday,18,Hit pedestrian,Hit pedestrian,152.97770735671,-27.1559525517217,Bruce Hwy,,Bruce Highway (Brisbane - Gympie),Burpengary East,Moreton Bay Region,4505,Deception Bay,Moreton,North Coast,SEQ North,North Coast,Deception Bay,Narangba - Burpengary,Moreton Bay - North,Major Cities,Bancroft,Petrie,State-controlled,No Roadway Feature,No traffic control,100 - 110 km/h,Sealed - Dry,Clear,Darkness - Lighted,Curved - view open,Level,003,Pedn: Far Side Vehicle Hit From Left,12: Pedestrian,S,1,1,0,0,2,1,0,0,0,0,2,0
294158,294158,Fatal,2001,July,Saturday,14,Overturned,Single Vehicle,153.167354149424,-28.1397441455527,South West Rd,,,Beechmont,Scenic Rim Region,4211,Canungra,Logan,South Eastern,SEQ South,South Coast,Tamborine - Canungra,Gold Coast Hinterland,Gold Coast,Inner Regional,Scenic Rim,Wright,Locally-controlled,No Roadway Feature,No traffic control,100 - 110 km/h,Sealed - Dry,Clear,Daylight,Curved - view open,Grade,801,Off Path-Curve: Off Cway Right Bend,18: Off Carriageway on Curve,N,1,0,0,0,1,1,0,0,0,0,0,0
294159,294159,Fatal,2001,July,Saturday,10,Hit object,Single Vehicle,152.643008408628,-27.297774243533,Mount Glorious Rd,,Mount Glorious Road,Dundas,Somerset Region,4306,Esk,Ipswich,Southern,SEQ North,North Coast,Esk,Ipswich Hinterland,Ipswich,Inner Regional,Nanango,Blair,State-controlled,No Roadway Feature,No traffic control,80 - 90 km/h,Sealed - Dry,Clear,Daylight,Curved - view open,Level,803,Off Path-Curve: Off Cway Rt Bend Hit Obj,19: Off Carriageway on Curve Hit Object,E,1,0,0,0,1,0,1,0,0,0,0,0
294160,294160,Fatal,2001,July,Saturday,10,Angle,Multi-Vehicle,153.025003952281,-27.3105865316915,Bracken Ridge Rd,Hoyland St,,Bracken Ridge,Brisbane City,4017,Sandgate,North Brisbane,Brisbane,SEQ North,Metropolitan,Bracken Ridge,Sandgate,Brisbane - North,Major Cities,Sandgate,Petrie,Locally-controlled,Intersection - T-Junction,No traffic control,0 - 50 km/h,Sealed - Dry,Clear,Daylight,Straight,Level,202,Vehs Opposite Approach: Thru-Right,03: Opposing Vehicles Turning,,1,0,0,0,1,1,1,0,0,0,0,0
294475,294475,Fatal,2001,May,Tuesday,6,Overturned,Single Vehicle,147.698582826563,-22.4753659107654,Kenlogan Rd,,,Kilcummin,Isaac Region,4721,Clermont,Mackay,Central,Central,Central Queensland,Clermont,Bowen Basin - North,Mackay - Isaac - Whitsunday,Remote,Burdekin,Capricornia,Locally-controlled,No Roadway Feature,No traffic control,100 - 110 km/h,Sealed - Dry,Clear,Daylight,Curved - view open,Level,805,Off Path-Curve: Out Of Control On Cway,20: Out of Control on Curve,N,1,0,0,0,1,1,0,0,0,0,0,0
294476,294476,Fatal,2001,May,Tuesday,18,Angle,Multi-Vehicle,151.265805492931,-27.1923121602748,Edward St,Orpen St,,Dalby,Western Downs Region,4405,Dalby,South West,Southern,Southern,Southern Queensland,Wambo,Darling Downs - East,Darling Downs - Maranoa,Inner Regional,Warrego,Maranoa,Locally-controlled,Intersection - Cross,Give way sign,60 km/h,Sealed - Dry,Clear,Darkness - Lighted,Straight,Level,101,Vehs Adjacent Approach: Thru-Thru,01: Intersection: Adjacent Approach,W,1,0,0,1,2,2,0,0,0,0,0,0
294482,294482,Fatal,2001,May,Sunday,17,Overturned,Single Vehicle,142.078975097257,-25.5245806264957,Whitula - Tanbar Rd,,,Windorah,Barcoo Shire,4481,Windorah,Capricornia,Central,Central,Central Queensland,Far Central West,Outback - South,Queensland - Outback,Very Remote,Gregory,Maranoa,Locally-controlled,No Roadway Feature,No traffic control,100 - 110 km/h,Unsealed - Dry,Unknown,Unknown,Straight,Level,701,Off Path-Straight: Left Off Cway,15: Off Carriageway on Straight,S,1,0,0,0,1,1,0,0,0,0,0,0
294483,294483,Fatal,2001,May,Sunday,0,Hit object,Single Vehicle,152.725602353494,-26.0554693427874,Sandy Creek Rd,,,Downsfield,Gympie Region,4570,Gympie,Wide Bay Burnett,North Coast,Southern,Southern Queensland,Gympie Region,Gympie - Cooloola,Wide Bay,Inner Regional,Gympie,Wide Bay,Locally-controlled,No Roadway Feature,No traffic control,100 - 110 km/h,Sealed - Dry,Clear,Darkness - Not lighted,Straight,Level,703,Off Path-Straight: Left Off Cway Hit Obj,16: Off Carriageway on Straight Hit Object,N,1,4,0,0,5,1,0,0,0,0,0,0
294484,294484,Fatal,2001,May,Sunday,8,Hit object,Single Vehicle,144.62806519802,-21.231276061893,Prairie - Muttaburra  Rd,,,Prairie,Flinders Shire,4821,Prairie,Townsville,Northern,Northern,North Queensland,Northern Highlands,Outback - North,Queensland - Outback,Very Remote,Traeger,Kennedy,Locally-controlled,No Roadway Feature,No traffic control,100 - 110 km/h,Unsealed - Dry,Clear,Daylight,Curved - view open,Level,600,Vehs On Path: Other,21: Other,N,1,2,0,0,3,1,0,0,0,0,0,0
294519,294519,Fatal,2006,September,Wednesday,6,Head-on,Multi-Vehicle,151.756720441008,-27.4786189768749,Warrego Hwy,,Warrego Highway (Toowoomba - Dalby),Oakey,Toowoomba Region,4401,Oakey,Darling Downs,Southern,Southern,Southern Queensland,Jondaryan,Darling Downs - East,Darling Downs - Maranoa,Inner Regional,Condamine,Groom,State-controlled,No Roadway Feature,No traffic control,100 - 110 km/h,Sealed - Dry,Clear,Dawn/Dusk,Straight,Level,201,Vehs Opposite Approach: Head On,02: Head-on,W,2,1,0,0,3,2,0,0,0,0,0,0
294591,294591,Fatal,2001,July,Thursday,21,Hit object,Single Vehicle,153.090812106661,-27.4579614044724,Barrack Rd,Lytton Rd,,Murarrie,Brisbane City,4172,Morningside,South Brisbane,Brisbane,SEQ South,Metropolitan,Murarrie,Wynnum - Manly,Brisbane - East,Major Cities,Bulimba,Griffith,Locally-controlled,Intersection - T-Junction,No traffic control,70 km/h,Sealed - Dry,Clear,Darkness - Lighted,Curved - view open,Grade,800,Off Path-Curve: Other,21: Other,W,2,0,0,0,2,1,0,0,0,0,0,0
294593,294593,Fatal,2001,July,Friday,12,Angle,Multi-Vehicle,151.903985383306,-27.5426634224683,Boundary St,,Toowoomba Connection Road,Torrington,Toowoomba Region,4350,Toowoomba,Darling Downs,Southern,Southern,Southern Queensland,Toowoomba - West,Toowoomba,Toowoomba,Inner Regional,Condamine,Groom,Locally-controlled,No Roadway Feature,No traffic control,60 km/h,Sealed - Dry,Clear,Daylight,Straight,Grade,202,Vehs Opposite Approach: Thru-Right,03: Opposing Vehicles Turning,S,1,0,0,0,1,1,1,0,0,0,0,0
294594,294594,Fatal,2001,July,Friday,12,Overturned,Single Vehicle,151.765435851879,-27.6216843298311,Gore Hwy,,Gore Highway (Toowoomba - Millmerran),Athol,Toowoomba Region,4350,Drayton,Darling Downs,Southern,Southern,Southern Queensland,Pittsworth,Darling Downs - East,Darling Downs - Maranoa,Inner Regional,Condamine,Groom,State-controlled,No Roadway Feature,No traffic control,100 - 110 km/h,Sealed - Dry,Clear,Daylight,Straight,Grade,704,Off Path-Straight: Right Off Cway Hit Obj,16: Off Carriageway on Straight Hit Object,E,1,1,0,0,2,1,0,0,0,0,0,0
294595,294595,Fatal,2001,July,Friday,18,Head-on,Multi-Vehicle,153.127906622579,-27.5061542675893,Mt Petrie Rd,,,Belmont,Brisbane City,4153,Capalaba,South Brisbane,Brisbane,SEQ South,Metropolitan,Belmont - Gumdale,Capalaba,Brisbane - East,Major Cities,Chatsworth,Bonner,Locally-controlled,No Roadway Feature,No traffic control,60 km/h,Sealed - Dry,Clear,Darkness - Lighted,Straight,Crest,201,Vehs Opposite Approach: Head On,02: Head-on,N,1,2,0,0,3,2,0,0,0,0,0,0
294596,294596,Fatal,2001,July,Saturday,2,Hit pedestrian,Hit pedestrian,145.481954284024,-17.1477968506573,Northey Rd,,,Tolga,Tablelands Region,4882,Atherton,Far North,Far Northern,Northern,North Queensland,Atherton,Tablelands (east) - Kuranda,Cairns,Outer Regional,Hill,Kennedy,Locally-controlled,No Roadway Feature,No traffic control,100 - 110 km/h,Sealed - Wet,Raining,Darkness - Not lighted,Straight,Level,004,Pedn: Play; Work; Stand; Lie On Cway,12: Pedestrian,S,1,0,0,0,1,1,0,0,0,0,1,0
294597,294597,Fatal,2001,July,Saturday,6,Overturned,Single Vehicle,150.462672697516,-23.1348353557373,Dry Weather Rd,,,Wattlebank,Livingstone Shire,4704,North Rockhampton,Capricornia,Central,Central,Central Queensland,Rockhampton Region - North,Rockhampton,Central Queensland,Inner Regional,Keppel,Capricornia,Locally-controlled,No Roadway Feature,No traffic control,80 - 90 km/h,Unsealed - Dry,Fog,Dawn/Dusk,Curved - view open,Dip,802,Off Path-Curve: Off Cway Left Bend,18: Off Carriageway on Curve,E,1,0,0,0,1,1,0,0,0,0,0,0
294598,294598,Fatal,2001,July,Saturday,16,Sideswipe,Multi-Vehicle,152.712167899544,-26.2961613003921,Bruce Hwy,,Cooroy - Gympie Road,Kybong,Gympie Region,4570,Gympie,Wide Bay Burnett,North Coast,Southern,Southern Queensland,Gympie Region,Gympie - Cooloola,Wide Bay,Inner Regional,Gympie,Wide Bay,State-controlled,No Roadway Feature,No traffic control,100 - 110 km/h,Sealed - Dry,Clear,Daylight,Straight,Level,201,Vehs Opposite Approach: Head On,02: Head-on,S,1,3,0,2,6,2,0,1,0,0,0,0
294813,294813,Fatal,2001,May,Sunday,11,Hit object,Single Vehicle,152.223997261421,-24.9681480387281,Isis Hwy,,Isis Highway (Bundaberg - Childers),South Bingera,Bundaberg Region,4670,Bundaberg,Wide Bay Burnett,North Coast,Southern,Southern Queensland,Bundaberg Region - South,Bundaberg,Wide Bay,Inner Regional,Burnett,Hinkler,State-controlled,No Roadway Feature,No traffic control,100 - 110 km/h,Sealed - Dry,Clear,Daylight,Straight,Level,703,Off Path-Straight: Left Off Cway Hit Obj,16: Off Carriageway on Straight Hit Object,N,1,1,0,0,2,1,0,0,0,0,0,0
294818,294818,Fatal,2001,May,Tuesday,20,Head-on,Multi-Vehicle,150.537108437281,-23.3487624842248,Dean St,,,Frenchville,Rockhampton Region,4701,North Rockhampton,Capricornia,Central,Central,Central Queensland,Frenchville - Mount Archer,Rockhampton,Central Queensland,Inner Regional,Rockhampton,Capricornia,Locally-controlled,No Roadway Feature,No traffic control,60 km/h,Sealed - Dry,Clear,Darkness - Lighted,Straight,Level,201,Vehs Opposite Approach: Head On,02: Head-on,S,1,0,0,0,1,1,1,0,0,0,0,0
294819,294819,Fatal,2001,May,Tuesday,17,Hit pedestrian,Hit pedestrian,153.386191124932,-27.9180578219995,Pine Ridge Rd,,,Coombabah,Gold Coast City,4216,Runaway Bay,Gold Coast,South Eastern,SEQ South,South Coast,Coombabah,Gold Coast - North,Gold Coast,Major Cities,Broadwater,Fadden,Locally-controlled,No Roadway Feature,No traffic control,60 km/h,Sealed - Dry,Clear,Dawn/Dusk,Curved - view open,Level,003,Pedn: Far Side Vehicle Hit From Left,12: Pedestrian,N,1,0,0,0,1,1,0,0,0,0,1,0
294820,294820,Fatal,2001,May,Wednesday,5,Rear-end,Multi-Vehicle,153.047392626865,-26.752034425495,Bruce Hwy,,Bruce Highway (Brisbane - Gympie),Palmview,Sunshine Coast Region,4553,Sippy Downs,Sunshine Coast,North Coast,SEQ North,North Coast,Landsborough,Sunshine Coast Hinterland,Sunshine Coast,Major Cities,Buderim,Fisher,State-controlled,No Roadway Feature,No traffic control,100 - 110 km/h,Sealed - Dry,Clear,Darkness - Not lighted,Straight,Level,301,Vehs Same Direction: Rear End,04: Rear-end,S,1,0,0,0,1,2,0,0,0,1,0,0
294821,294821,Fatal,2001,May,Wednesday,7,Hit object,Single Vehicle,150.570779844088,-23.2844798067385,Rockhampton - Yeppoon Rd,,Rockhampton - Yeppoon Road,Limestone Creek,Rockhampton Region,4701,North Rockhampton,Capricornia,Central,Central,Central Queensland,Norman Gardens,Rockhampton,Central Queensland,Inner Regional,Keppel,Capricornia,State-controlled,No Roadway Feature,No traffic control,100 - 110 km/h,Sealed - Dry,Clear,Daylight,Curved - view obscured,Level,800,Off Path-Curve: Other,21: Other,E,1,0,0,0,1,1,0,0,0,0,0,0
295139,295139,Fatal,2006,September,Wednesday,18,Hit pedestrian,Hit pedestrian,153.031655086251,-27.4559934545102,Brunswick St,St Pauls Tce,,Fortitude Valley,Brisbane City,4006,Fortitude Valley,North Brisbane,Brisbane,SEQ North,Metropolitan,Fortitude Valley,Brisbane Inner,Brisbane Inner City,Major Cities,Mcconnel,Brisbane,Locally-controlled,Intersection - Multiple Road,Operating traffic lights,60 km/h,Sealed - Dry,Clear,Darkness - Lighted,Curved - view open,Grade,001,Pedn: Near Side Vehicle Hit From Right,12: Pedestrian,S,1,1,0,0,2,0,0,0,1,0,2,0
295169,295169,Fatal,2001,May,Wednesday,19,Overturned,Single Vehicle,148.36213646583,-20.1917807948949,Bruce Hwy,,Bruce Highway (Proserpine - Bowen),Bowen,Whitsunday Region,4805,Bowen,Mackay,Central,Central,Central Queensland,Collinsville,Bowen Basin - North,Mackay - Isaac - Whitsunday,Outer Regional,Burdekin,Dawson,State-controlled,No Roadway Feature,No traffic control,100 - 110 km/h,Sealed - Dry,Clear,Darkness - Not lighted,Straight,Level,705,Off Path-Straight: Out Of Control On Cway,17: Out of Control on Straight,S,1,0,0,0,1,1,0,0,0,0,0,0
295170,295170,Fatal,2001,May,Thursday,19,Head-on,Multi-Vehicle,153.047444103909,-26.7034777301121,Mooloolaba Rd,,Mooloolaba Road,Buderim,Sunshine Coast Region,4556,Maroochydore,Sunshine Coast,North Coast,SEQ North,North Coast,Buderim - South,Buderim,Sunshine Coast,Major Cities,Buderim,Fairfax,State-controlled,No Roadway Feature,No traffic control,80 - 90 km/h,Sealed - Dry,Clear,Darkness - Not lighted,Curved - view obscured,Grade,201,Vehs Opposite Approach: Head On,02: Head-on,S,1,3,1,0,5,2,0,0,0,0,0,0
295175,295175,Fatal,2001,June,Friday,1,Hit object,Single Vehicle,150.886206165997,-23.7660071494691,Bruce Hwy,,Bruce Highway (Benaraby - Rockhampton),Raglan,Gladstone Region,4697,Mount Larcom,Capricornia,Central,Central,Central Queensland,Gladstone Hinterland,Gladstone,Central Queensland,Outer Regional,Gladstone,Flynn,State-controlled,No Roadway Feature,No traffic control,100 - 110 km/h,Sealed - Dry,Clear,Darkness - Not lighted,Straight,Grade,700,Off Path-Straight: Other,21: Other,N,1,0,0,0,1,0,0,1,0,0,0,0
295176,295176,Fatal,2001,June,Friday,19,Hit object,Single Vehicle,153.347028507815,-28.0141667767703,Hinkler Dr,,,Highland Park,Gold Coast City,4211,Nerang,Gold Coast,South Eastern,SEQ South,South Coast,Highland Park,Nerang,Gold Coast,Major Cities,Gaven,Moncrieff,Locally-controlled,No Roadway Feature,No traffic control,60 km/h,Sealed - Dry,Clear,Darkness - Not lighted,Curved - view open,Dip,201,Vehs Opposite Approach: Head On,02: Head-on,S,1,0,0,0,1,1,1,0,0,0,0,0
295177,295177,Fatal,2001,June,Saturday,21,Angle,Multi-Vehicle,152.307737283098,-24.9109740944108,Isis Hwy,Norgrove Rd,Isis Highway (Bundaberg - Childers),Branyan,Bundaberg Region,4670,Bundaberg,Wide Bay Burnett,North Coast,Southern,Southern Queensland,Branyan - Kensington,Bundaberg,Wide Bay,Inner Regional,Bundaberg,Hinkler,State-controlled,Intersection - T-Junction,No traffic control,100 - 110 km/h,Sealed - Dry,Clear,Darkness - Lighted,Curved - view open,Level,104,Vehs Adjacent Approach: Thru-Right,01: Intersection: Adjacent Approach,N,1,1,0,0,2,1,0,0,0,0,0,1
295178,295178,Fatal,2001,June,Saturday,23,Hit pedestrian,Hit pedestrian,153.34925942716,-28.0173432140221,Pacific Hwy,Pacific Hwy On Ramp,Pacific Highway (Pacific Motorway),Carrara,Gold Coast City,4211,Nerang,Gold Coast,South Eastern,SEQ South,South Coast,Highland Park,Nerang,Gold Coast,Major Cities,Gaven,Moncrieff,State-controlled,Intersection - Interchange,No traffic control,100 - 110 km/h,Sealed - Dry,Clear,Darkness - Lighted,Straight,Level,001,Pedn: Near Side Vehicle Hit From Right,12: Pedestrian,W,1,0,0,0,1,1,0,0,0,0,1,0
295418,295418,Fatal,2001,July,Tuesday,0,Rear-end,Multi-Vehicle,152.31256433592,-24.8914935677222,Kendalls Rd,,,Branyan,Bundaberg Region,4670,Bundaberg,Wide Bay Burnett,North Coast,Southern,Southern Queensland,Branyan - Kensington,Bundaberg,Wide Bay,Inner Regional,Bundaberg,Hinkler,Locally-controlled,No Roadway Feature,No traffic control,60 km/h,Sealed - Dry,Clear,Darkness - Lighted,Straight,Level,301,Vehs Same Direction: Rear End,04: Rear-end,W,1,0,0,0,1,1,0,0,0,1,0,0
295419,295419,Fatal,2001,July,Tuesday,16,Hit pedestrian,Hit pedestrian,153.520289133742,-28.1685036486525,Pacific Hwy,,Gold Coast Highway (Broadbeach - Coolangatta),Bilinga,Gold Coast City,4225,Coolangatta,Gold Coast,South Eastern,SEQ South,South Coast,Currumbin - Tugun,Coolangatta,Gold Coast,Major Cities,Currumbin,Mcpherson,State-controlled,No Roadway Feature,No traffic control,80 - 90 km/h,Sealed - Wet,Raining,Daylight,Curved - view open,Level,001,Pedn: Near Side Vehicle Hit From Right,12: Pedestrian,S,1,0,0,0,1,0,0,1,0,0,1,0
295420,295420,Fatal,2001,July,Tuesday,9,Sideswipe,Multi-Vehicle,149.808909173089,-22.7866982308244,Bruce Hwy,,Bruce Highway (Rockhampton - St Lawrence),Marlborough,Livingstone Shire,4705,Marlborough,Capricornia,Central,Central,Central Queensland,Rockhampton Region - North,Rockhampton,Central Queensland,Remote,Mirani,Capricornia,State-controlled,No Roadway Feature,No traffic control,100 - 110 km/h,Sealed - Dry,Clear,Daylight,Straight,Grade,201,Vehs Opposite Approach: Head On,02: Head-on,S,1,0,0,0,1,2,0,0,0,0,0,0
295426,295426,Fatal,2001,July,Thursday,7,Hit object,Single Vehicle,147.859102886256,-20.4164006463277,Bowen Developmental Rd,,Bowen Developmental Road (Bowen - Collinsville),Springlands,Whitsunday Region,4804,Collinsville,Mackay,Central,Central,Central Queensland,Collinsville,Bowen Basin - North,Mackay - Isaac - Whitsunday,Remote,Burdekin,Capricornia,State-controlled,No Roadway Feature,No traffic control,100 - 110 km/h,Sealed - Dry,Clear,Daylight,Curved - view open,Dip,803,Off Path-Curve: Off Cway Rt Bend Hit Obj,19: Off Carriageway on Curve Hit Object,N,1,0,0,0,1,1,0,0,0,0,0,0
295469,295469,Fatal,2001,June,Thursday,13,Angle,Multi-Vehicle,153.052571257912,-27.0753013945921,Caboolture - Bribie Island Rd,Peel Rd,Caboolture - Bribie Island Road,Ningi,Moreton Bay Region,4511,Caboolture,Moreton,North Coast,SEQ North,North Coast,Beachmere - Sandstone Point,Bribie - Beachmere,Moreton Bay - North,Major Cities,Pumicestone,Longman,State-controlled,Intersection - Cross,Stop sign,100 - 110 km/h,Sealed - Dry,Clear,Daylight,Straight,Level,104,Vehs Adjacent Approach: Thru-Right,01: Intersection: Adjacent Approach,W,1,0,1,0,2,2,0,0,0,0,0,0
295743,295743,Fatal,2010,August,Saturday,6,Hit object,Single Vehicle,141.997990536121,-12.6617355222757,Peninsula Developmental Rd,,,Mission River,Cook Shire,4874,Weipa,Far North,Far Northern,Northern,North Queensland,Cape York,Far North,Queensland - Outback,Very Remote,Cook,Leichhardt,Locally-controlled,No Roadway Feature,No traffic control,80 - 90 km/h,Unsealed - Dry,Clear,Dawn/Dusk,Straight,Level,705,Off Path-Straight: Out Of Control On Cway,17: Out of Control on Straight,W,1,1,2,0,4,1,0,0,0,0,0,0
295744,295744,Fatal,2010,August,Tuesday,18,Hit object,Single Vehicle,152.35786139289,-24.9060294672617,Bundaberg Ring Rd,,Bundaberg Ring Road,Thabeban,Bundaberg Region,4670,Bundaberg,Wide Bay Burnett,North Coast,Southern,Southern Queensland,Walkervale - Avenell Heights,Bundaberg,Wide Bay,Inner Regional,Bundaberg,Hinkler,State-controlled,No Roadway Feature,No traffic control,100 - 110 km/h,Sealed - Dry,Clear,Darkness - Not lighted,Curved - view open,Grade,800,Off Path-Curve: Other,21: Other,W,1,0,0,0,1,0,1,0,0,0,0,0
295748,295748,Fatal,2010,August,Thursday,15,Hit object,Single Vehicle,152.782756342471,-26.0658925855457,Tin Can Bay Rd,,Tin Can Bay Road,Goomboorian,Gympie Region,4570,Gympie,Wide Bay Burnett,North Coast,Southern,Southern Queensland,Gympie Region,Gympie - Cooloola,Wide Bay,Inner Regional,Gympie,Wide Bay,State-controlled,No Roadway Feature,No traffic control,100 - 110 km/h,Sealed - Dry,Clear,Daylight,Curved - view open,Level,804,Off Path-Curve: Off Cway Lt Bend Hit Obj,19: Off Carriageway on Curve Hit Object,N,1,0,2,0,3,1,0,0,0,0,0,0