_id,Crash_Ref_Number,Crash_Severity,Crash_Year,Crash_Month,Crash_Day_Of_Week,Crash_Hour,Crash_Nature,Crash_Type,Crash_Longitude,Crash_Latitude,Crash_Street,Crash_Street_Intersecting,State_Road_Name,Loc_Suburb,Loc_Local_Government_Area,Loc_Post_Code,Loc_Police_Division,Loc_Police_District,Loc_Police_Region,Loc_Queensland_Transport_Region,Loc_Main_Roads_Region,Loc_ABS_Statistical_Area_2,Loc_ABS_Statistical_Area_3,Loc_ABS_Statistical_Area_4,Loc_ABS_Remoteness,Loc_State_Electorate,Loc_Federal_Electorate,Crash_Controlling_Authority,Crash_Roadway_Feature,Crash_Traffic_Control,Crash_Speed_Limit,Crash_Road_Surface_Condition,Crash_Atmospheric_Condition,Crash_Lighting_Condition,Crash_Road_Horiz_Align,Crash_Road_Vert_Align,Crash_DCA_Code,Crash_DCA_Description,Crash_DCA_Group_Description,DCA_Key_Approach_Dir,Count_Casualty_Fatality,Count_Casualty_Hospitalised,Count_Casualty_MedicallyTreated,Count_Casualty_MinorInjury,Count_Casualty_Total,Count_Unit_Car,Count_Unit_Motorcycle_Moped,Count_Unit_Truck,Count_Unit_Bus,Count_Unit_Bicycle,Count_Unit_Pedestrian,Count_Unit_Other
298495,298495,Fatal,2022,May,Friday,23,Hit object,Single Vehicle,152.788172040694,-27.621336422484,Blackstone Rd,,,Silkstone,Ipswich City,4304,Booval,Ipswich,Southern,SEQ South,Metropolitan,Ipswich - East,Ipswich Inner,Ipswich,Major Cities,Ipswich,Blair,Locally-controlled,No Roadway Feature,No traffic control,60 km/h,Sealed - Wet,Clear,Darkness - Lighted,Straight,Level,704,Off Path-Straight: Right Off Cway Hit Obj,16: Off Carriageway on Straight Hit Object,W,1,0,0,0,1,1,0,0,0,0,0,0
298504,298504,Fatal,2022,September,Wednesday,16,Head-on,Multi-Vehicle,152.683491200712,-26.4171004025218,Kandanga - Imbil Rd,,,Kandanga,Gympie Region,4570,Imbil,Wide Bay Burnett,North Coast,Southern,Southern Queensland,Gympie Region,Gympie - Cooloola,Wide Bay,Inner Regional,Gympie,Wide Bay,Locally-controlled,No Roadway Feature,No traffic control,100 - 110 km/h,Sealed - Dry,Clear,Daylight,Curved - view open,Grade,201,Vehs Opposite Approach: Head On,02: Head-on,,1,2,0,0,3,2,0,0,0,0,0,0
298532,298532,Fatal,2021,August,Monday,16,Hit object,Single Vehicle,152.052105306707,-26.070628338015,Burnett Hwy,,Burnett Highway (Goomeri - Gayndah),Boonara,Gympie Region,4601,Goomeri,Wide Bay Burnett,North Coast,Southern,Southern Queensland,Kilkivan,Gympie - Cooloola,Wide Bay,Outer Regional,Nanango,Wide Bay,State-controlled,No Roadway Feature,No traffic control,100 - 110 km/h,Sealed - Dry,Clear,Daylight,Curved - view open,Grade,803,Off Path-Curve: Off Cway Rt Bend Hit Obj,19: Off Carriageway on Curve Hit Object,S,1,0,1,0,2,1,0,0,0,0,0,0
298569,298569,Fatal,2017,February,Sunday,19,Hit pedestrian,Hit pedestrian,152.024873050512,-28.2192903523964,Wantley St,Wood St,Cunningham Highway (Ipswich - Warwick),Warwick,Southern Downs Region,4370,Warwick,Darling Downs,Southern,Southern,Southern Queensland,Warwick,Granite Belt,Darling Downs - Maranoa,Inner Regional,Southern Downs,Maranoa,State-controlled,Intersection - Cross,No traffic control,60 km/h,Sealed - Dry,Clear,Darkness - Lighted,Straight,Level,003,Pedn: Far Side Vehicle Hit From Left,12: Pedestrian,W,1,0,0,0,1,1,0,0,0,0,1,0
298622,298622,Fatal,2018,July,Friday,12,Hit object,Single Vehicle,152.606144079675,-27.4663874032236,Forest Hill - Fernvale Rd,,Forest Hill - Fernvale Road,Vernor,Somerset Region,4306,Lowood,Ipswich,Southern,SEQ North,North Coast,Lowood,Ipswich Hinterland,Ipswich,Inner Regional,Lockyer,Blair,State-controlled,No Roadway Feature,No traffic control,100 - 110 km/h,Sealed - Dry,Clear,Daylight,Curved - view obscured,Crest,803,Off Path-Curve: Off Cway Rt Bend Hit Obj,19: Off Carriageway on Curve Hit Object,S,2,2,0,0,4,1,0,0,0,0,0,0
298737,298737,Fatal,2024,April,Wednesday,17,Head-on,Multi-Vehicle,151.020806640877,-24.011787223885,Dawson Hwy,,Dawson Highway (Gladstone - Biloela),Wooderson,Gladstone Region,4680,Calliope,Capricornia,Central,Central,Central Queensland,Gladstone Hinterland,Gladstone,Central Queensland,Outer Regional,Callide,Flynn,State-controlled,No Roadway Feature,No traffic control,100 - 110 km/h,Sealed - Dry,Clear,Dawn/Dusk,Straight,Level,201,Vehs Opposite Approach: Head On,02: Head-on,S,1,1,0,0,2,1,0,1,0,0,0,0
298744,298744,Fatal,2023,November,Monday,10,Angle,Multi-Vehicle,146.760051446701,-19.2833048279987,Nathan St,Tregaskis St,Douglas - Garbutt Road,Vincent,Townsville City,4814,Mundingburra,Townsville,Northern,Northern,North Queensland,Gulliver - Currajong - Vincent,Townsville,Townsville,Outer Regional,Thuringowa,Herbert,State-controlled,Intersection - T-Junction,No traffic control,70 km/h,Sealed - Dry,Clear,Daylight,Straight,Level,202,Vehs Opposite Approach: Thru-Right,03: Opposing Vehicles Turning,S,1,0,0,0,1,1,1,0,0,0,0,0
298752,298752,Fatal,2024,February,Thursday,13,Angle,Multi-Vehicle,153.048718040784,-27.3976514467624,Edinburgh Castle Rd,Shaw Rd,,Wavell Heights,Brisbane City,4012,Hendra,North Brisbane,Brisbane,SEQ North,Metropolitan,Wavell Heights,Chermside,Brisbane - North,Major Cities,Nudgee,Lilley,Locally-controlled,Intersection - Cross,Operating traffic lights,60 km/h,Sealed - Dry,Clear,Darkness - Lighted,Straight,Crest,202,Vehs Opposite Approach: Thru-Right,03: Opposing Vehicles Turning,,1,0,0,0,1,1,1,0,0,0,0,0
298818,298818,Fatal,2023,November,Tuesday,16,Rear-end,Multi-Vehicle,153.405061918439,-28.0528994879803,Ron Penhaligon Way,,,Robina,Gold Coast City,4226,Broadbeach,Gold Coast,South Eastern,SEQ South,South Coast,Robina,Robina,Gold Coast,Major Cities,Mermaid Beach,Mcpherson,Locally-controlled,No Roadway Feature,No traffic control,0 - 50 km/h,Sealed - Wet,Raining,Daylight,Straight,Level,700,Off Path-Straight: Other,21: Other,,1,1,0,0,2,1,0,0,1,0,0,0
298822,298822,Fatal,2022,August,Friday,11,Head-on,Multi-Vehicle,147.549914343054,-19.8138738928935,Bruce Hwy,,Bruce Highway (Bowen - Ayr),Gumlu,Whitsunday Region,4805,Bowen,Mackay,Central,Central,Central Queensland,Collinsville,Bowen Basin - North,Mackay - Isaac - Whitsunday,Outer Regional,Burdekin,Dawson,State-controlled,No Roadway Feature,No traffic control,100 - 110 km/h,Sealed - Dry,Clear,Daylight,Curved - view open,Level,201,Vehs Opposite Approach: Head On,02: Head-on,S,2,0,0,0,2,2,0,1,0,0,0,0
298823,298823,Fatal,2023,August,Thursday,20,Head-on,Multi-Vehicle,148.593669210274,-20.4067279816824,Bruce Hwy,,Bruce Highway (Mackay - Proserpine),Proserpine,Whitsunday Region,4800,Proserpine,Mackay,Central,Central,Central Queensland,Proserpine,Whitsunday,Mackay - Isaac - Whitsunday,Outer Regional,Whitsunday,Dawson,State-controlled,No Roadway Feature,No traffic control,60 km/h,Sealed - Dry,Clear,Darkness - Lighted,Curved - view open,Level,201,Vehs Opposite Approach: Head On,02: Head-on,N,1,0,0,0,1,1,0,1,0,0,0,0
298864,298864,Fatal,2023,December,Friday,17,Hit object,Single Vehicle,147.430789370201,-19.6035718818396,Kilrie Rd,,,Mcdesme,Burdekin Shire,4807,Ayr,Townsville,Northern,Northern,North Queensland,Ayr,Charters Towers - Ayr - Ingham,Townsville,Outer Regional,Burdekin,Dawson,Locally-controlled,No Roadway Feature,No traffic control,100 - 110 km/h,Sealed - Dry,Clear,Daylight,Curved - view open,Level,804,Off Path-Curve: Off Cway Lt Bend Hit Obj,19: Off Carriageway on Curve Hit Object,S,1,0,0,0,1,1,0,0,0,0,0,0
298883,298883,Fatal,2021,February,Friday,21,Hit object,Single Vehicle,146.735178445907,-19.3147998264042,Ross River Rd,,Ross River Road,Kirwan,Townsville City,4817,Kirwan,Townsville,Northern,Northern,North Queensland,Kirwan - East,Townsville,Townsville,Outer Regional,Thuringowa,Herbert,State-controlled,No Roadway Feature,No traffic control,60 km/h,Sealed - Dry,Clear,Darkness - Lighted,Straight,Level,201,Vehs Opposite Approach: Head On,02: Head-on,E,1,1,0,0,2,2,1,0,0,0,0,0
298886,298886,Fatal,2023,May,Sunday,17,Head-on,Multi-Vehicle,152.977366078607,-27.1570634376964,Old Gympie Rd,,Burpengary Service Road,Burpengary,Moreton Bay Region,4505,Burpengary,Moreton,North Coast,SEQ North,North Coast,Burpengary,Narangba - Burpengary,Moreton Bay - North,Major Cities,Kurwongbah,Longman,State-controlled,No Roadway Feature,No traffic control,60 km/h,Sealed - Dry,Clear,Dawn/Dusk,Straight,Level,201,Vehs Opposite Approach: Head On,02: Head-on,N,1,1,0,0,2,1,2,0,0,0,0,0
298934,298934,Fatal,2023,July,Sunday,18,Hit object,Single Vehicle,152.926317054356,-27.3938524344639,Lanita Rd,,,Ferny Grove,Brisbane City,4055,Ferny Grove,North Brisbane,Brisbane,SEQ North,Metropolitan,Upper Kedron - Ferny Grove,The Gap - Enoggera,Brisbane - West,Major Cities,Ferny Grove,Ryan,Locally-controlled,No Roadway Feature,No traffic control,60 km/h,Sealed - Dry,Clear,Darkness - Lighted,Curved - view open,Level,804,Off Path-Curve: Off Cway Lt Bend Hit Obj,19: Off Carriageway on Curve Hit Object,,1,2,0,0,3,1,0,0,0,0,0,0
298952,298952,Fatal,2023,May,Thursday,12,Rear-end,Multi-Vehicle,153.345393936832,-27.961163481188,Pacific Hwy,,Pacific Highway (Pacific Motorway),Molendinar,Gold Coast City,4214,Nerang,Gold Coast,South Eastern,SEQ South,South Coast,Molendinar,Southport,Gold Coast,Major Cities,Southport,Moncrieff,State-controlled,Intersection - Interchange,No traffic control,100 - 110 km/h,Sealed - Dry,Clear,Daylight,Straight,Level,301,Vehs Same Direction: Rear End,04: Rear-end,S,1,0,0,0,1,1,1,0,0,0,0,0
298996,298996,Fatal,2022,May,Thursday,15,Fall from vehicle,Single Vehicle,152.950903026585,-27.5935914385016,Pine Rd,,,Richlands,Brisbane City,4077,Inala,South Brisbane,Brisbane,SEQ South,Metropolitan,Inala - Richlands,Forest Lake - Oxley,Ipswich,Major Cities,Inala,Oxley,Locally-controlled,No Roadway Feature,No traffic control,60 km/h,Sealed - Dry,Clear,Daylight,Straight,Level,202,Vehs Opposite Approach: Thru-Right,03: Opposing Vehicles Turning,E,1,1,0,0,2,1,1,0,0,0,0,0
299084,299084,Fatal,2022,June,Monday,16,Overturned,Single Vehicle,148.951209189541,-20.3343850107945,Coral Sea Av,Whitsunday Bvd,,Whitsundays,Whitsunday Region,4803,Whitsunday,Mackay,Central,Central,Central Queensland,Airlie - Whitsundays,Whitsunday,Mackay - Isaac - Whitsunday,Remote,Whitsunday,Dawson,Locally-controlled,Intersection - T-Junction,No traffic control,0 - 50 km/h,Sealed - Dry,Clear,Daylight,Curved - view open,Grade,805,Off Path-Curve: Out Of Control On Cway,20: Out of Control on Curve,N,1,0,0,0,1,0,0,0,0,0,0,1
299109,299109,Fatal,2018,March,Monday,12,Head-on,Multi-Vehicle,153.164839181822,-27.8578358850869,Beaudesert - Beenleigh Rd,,Beaudesert - Beenleigh Road,Tamborine,Scenic Rim Region,4270,North Tamborine,Logan,South Eastern,SEQ South,South Coast,Tamborine - Canungra,Gold Coast Hinterland,Gold Coast,Inner Regional,Scenic Rim,Wright,State-controlled,No Roadway Feature,No traffic control,80 - 90 km/h,Sealed - Dry,Clear,Daylight,Curved - view open,Grade,201,Vehs Opposite Approach: Head On,02: Head-on,S,1,1,0,0,2,2,0,1,0,0,0,0
299145,299145,Fatal,2020,June,Monday,9,Hit pedestrian,Hit pedestrian,152.666084862198,-27.8111509148645,Queen St,,Warrill View - Peak Crossing Road,Harrisville,Scenic Rim Region,4307,Harrisville,Ipswich,Southern,SEQ South,South Coast,Boonah,Ipswich Hinterland,Ipswich,Inner Regional,Scenic Rim,Wright,State-controlled,No Roadway Feature,No traffic control,0 - 50 km/h,Sealed - Wet,Clear,Daylight,Straight,Level,001,Pedn: Near Side Vehicle Hit From Right,12: Pedestrian,W,1,0,0,0,1,1,0,0,0,0,1,0
299147,299147,Fatal,2021,November,Wednesday,0,Hit object,Single Vehicle,152.964934062507,-27.2960424375536,Samsonvale Rd,,,Bray Park,Moreton Bay Region,4500,Petrie,Moreton,North Coast,SEQ North,North Coast,Bray Park,Strathpine,Moreton Bay - South,Major Cities,Pine Rivers,Dickson,Locally-controlled,No Roadway Feature,No traffic control,60 km/h,Sealed - Wet,Raining,Darkness - Lighted,Curved - view open,Grade,808,Off Path-Curve: Mounts Traffic Island,19: Off Carriageway on Curve Hit Object,E,1,0,0,0,1,0,1,0,0,0,0,0
299148,299148,Fatal,2021,November,Friday,13,Hit object,Single Vehicle,152.505405154652,-26.9450583891667,D'Aguilar Hwy,,D'Aguilar Highway (Kilcoy - Yarraman),Woolmar,Somerset Region,4515,Kilcoy,Moreton,North Coast,SEQ North,North Coast,Kilcoy,Caboolture Hinterland,Moreton Bay - North,Inner Regional,Nanango,Blair,State-controlled,No Roadway Feature,No traffic control,100 - 110 km/h,Sealed - Wet,Clear,Daylight,Curved - view open,Level,804,Off Path-Curve: Off Cway Lt Bend Hit Obj,19: Off Carriageway on Curve Hit Object,E,1,1,0,0,2,1,0,0,0,0,0,0
299184,299184,Fatal,2020,September,Thursday,23,Hit object,Single Vehicle,151.122460229846,-27.5571492617922,Cecil Plains - Moonie Rd,,,Cecil Plains,Toowoomba Region,4407,Cecil Plains,Darling Downs,Southern,Southern,Southern Queensland,Millmerran,Darling Downs - East,Darling Downs - Maranoa,Outer Regional,Southern Downs,Maranoa,Locally-controlled,No Roadway Feature,No traffic control,100 - 110 km/h,Sealed - Dry,Clear,Darkness - Not lighted,Curved - view open,Level,803,Off Path-Curve: Off Cway Rt Bend Hit Obj,19: Off Carriageway on Curve Hit Object,,1,0,0,0,1,1,0,0,0,0,0,0
299290,299290,Fatal,2023,September,Sunday,18,Angle,Multi-Vehicle,152.695525046152,-27.6579714135753,Cunningham Hwy,Ipswich - Rosewood Rd,Cunningham Highway (Ipswich - Warwick),Willowbank,Ipswich City,4306,Yamanto,Ipswich,Southern,SEQ South,Metropolitan,Rosewood,Ipswich Hinterland,Ipswich,Major Cities,Scenic Rim,Blair,State-controlled,Intersection - T-Junction,Stop sign,80 - 90 km/h,Sealed - Dry,Clear,Darkness - Lighted,Curved - view open,Level,104,Vehs Adjacent Approach: Thru-Right,01: Intersection: Adjacent Approach,E,1,1,0,1,3,2,0,1,0,0,0,0
299292,299292,Fatal,2023,July,Sunday,14,Hit pedestrian,Hit pedestrian,152.761398044702,-27.6124794197528,East St,,Ipswich - Warrego Hwy Connection Road,Ipswich,Ipswich City,4305,Ipswich,Ipswich,Southern,SEQ South,Metropolitan,Ipswich - Central,Ipswich Inner,Ipswich,Major Cities,Ipswich,Blair,State-controlled,No Roadway Feature,Pedestrian operated lights,60 km/h,Sealed - Dry,Clear,Daylight,Curved - view open,Level,003,Pedn: Far Side Vehicle Hit From Left,12: Pedestrian,N,1,0,0,0,1,1,0,0,0,0,1,0
299375,299375,Fatal,2018,January,Friday,12,Angle,Multi-Vehicle,151.942009139167,-27.5675083393156,James St,West St,Toowoomba Connection Road,Harristown,Toowoomba Region,4350,Toowoomba,Darling Downs,Southern,Southern,Southern Queensland,Drayton - Harristown,Toowoomba,Toowoomba,Inner Regional,Toowoomba South,Groom,State-controlled,Intersection - Cross,Operating traffic lights,60 km/h,Sealed - Dry,Clear,Daylight,Straight,Level,101,Vehs Adjacent Approach: Thru-Thru,01: Intersection: Adjacent Approach,S,1,1,0,0,2,3,0,0,0,0,0,0
299376,299376,Fatal,2018,February,Tuesday,15,Rear-end,Multi-Vehicle,151.897550132619,-27.6616723357861,Drayton Connection Rd,Lucks Rd,Drayton Connection Road,Vale View,Toowoomba Region,4352,Drayton,Darling Downs,Southern,Southern,Southern Queensland,Cambooya - Wyreema,Toowoomba,Toowoomba,Inner Regional,Condamine,Groom,State-controlled,Intersection - Cross,Give way sign,80 - 90 km/h,Sealed - Dry,Clear,Daylight,Straight,Grade,303,Vehs Same Direction: Right Rear,04: Rear-end,S,1,1,1,0,3,2,0,1,0,0,0,0
299417,299417,Fatal,2024,March,Thursday,2,Hit object,Single Vehicle,153.037536088058,-27.0308984427286,Pumicestone Rd,,Pumicestone Road,Toorbul,Moreton Bay Region,4510,Caboolture,Moreton,North Coast,SEQ North,North Coast,Beachmere - Sandstone Point,Bribie - Beachmere,Moreton Bay - North,Inner Regional,Pumicestone,Longman,State-controlled,No Roadway Feature,No traffic control,80 - 90 km/h,Sealed - Wet,Clear,Darkness - Not lighted,Straight,Level,704,Off Path-Straight: Right Off Cway Hit Obj,16: Off Carriageway on Straight Hit Object,E,1,0,0,0,1,1,0,0,0,0,0,0
299418,299418,Fatal,2018,November,Monday,7,Head-on,Multi-Vehicle,152.223206427111,-24.9029873451191,Bundaberg - Gin Gin Rd,,Bundaberg - Gin Gin Road,Sharon,Bundaberg Region,4670,South Kolan,Wide Bay Burnett,North Coast,Southern,Southern Queensland,Bundaberg Region - North,Bundaberg,Wide Bay,Inner Regional,Burnett,Flynn,State-controlled,No Roadway Feature,No traffic control,100 - 110 km/h,Sealed - Dry,Clear,Daylight,Curved - view open,Level,201,Vehs Opposite Approach: Head On,02: Head-on,S,2,0,1,1,4,1,0,1,0,0,0,0
299553,299553,Fatal,2022,October,Friday,21,Fall from vehicle,Single Vehicle,152.977143082838,-27.123452437407,Bruce Hwy,,Bruce Highway (Brisbane - Gympie),Morayfield,Moreton Bay Region,4506,Burpengary,Moreton,North Coast,SEQ North,North Coast,Burpengary - East,Caboolture,Moreton Bay - North,Major Cities,Bancroft,Longman,State-controlled,No Roadway Feature,No traffic control,100 - 110 km/h,Sealed - Dry,Clear,Darkness - Lighted,Straight,Level,705,Off Path-Straight: Out Of Control On Cway,17: Out of Control on Straight,N,1,0,0,0,1,0,1,0,0,0,0,0
299557,299557,Fatal,2023,November,Tuesday,17,Rear-end,Multi-Vehicle,152.98933775006,-27.4300240470594,Wardell St,,Western Arterial Road (Toowong - Everton Park),Enoggera,Brisbane City,4051,Ferny Grove,North Brisbane,Brisbane,SEQ North,Metropolitan,Enoggera,The Gap - Enoggera,Brisbane - West,Major Cities,Ferny Grove,Brisbane,State-controlled,No Roadway Feature,No traffic control,60 km/h,Sealed - Wet,Raining,Daylight,Straight,Grade,301,Vehs Same Direction: Rear End,04: Rear-end,N,1,0,0,0,1,1,1,0,0,0,0,0
299606,299606,Fatal,2023,December,Saturday,17,Head-on,Multi-Vehicle,152.916614096547,-27.0648424308844,D'Aguilar Hwy,,D'Aguilar Highway (Caboolture - Kilcoy),Moodlu,Moreton Bay Region,4510,Caboolture,Moreton,North Coast,SEQ North,North Coast,Caboolture,Caboolture,Moreton Bay - North,Major Cities,Morayfield,Longman,State-controlled,No Roadway Feature,No traffic control,100 - 110 km/h,Sealed - Dry,Clear,Daylight,Curved - view open,Level,201,Vehs Opposite Approach: Head On,02: Head-on,E,2,3,0,0,5,3,0,0,0,0,0,0
299607,299607,Fatal,2024,February,Sunday,15,Fall from vehicle,Single Vehicle,153.252712930621,-28.0883254727816,Nerang - Murwillumbah Rd,,Nerang - Murwillumbah Road,Advancetown,Gold Coast City,4211,Nerang,Gold Coast,South Eastern,SEQ South,South Coast,Guanaba - Springbrook,Gold Coast Hinterland,Gold Coast,Inner Regional,Mudgeeraba,Wright,State-controlled,No Roadway Feature,No traffic control,80 - 90 km/h,Sealed - Wet,Clear,Daylight,Curved - view open,Grade,805,Off Path-Curve: Out Of Control On Cway,20: Out of Control on Curve,N,1,0,0,0,1,0,1,0,0,0,0,0
299621,299621,Fatal,2023,March,Saturday,21,Angle,Multi-Vehicle,153.119734997253,-27.6810834561466,Bourke St,,,Waterford West,Logan City,4133,Crestmead,Logan,South Eastern,SEQ South,South Coast,Waterford West,Loganlea - Carbrook,Logan - Beaudesert,Major Cities,Waterford,Forde,Locally-controlled,No Roadway Feature,No traffic control,0 - 50 km/h,Sealed - Dry,Clear,Darkness - Lighted,Straight,Level,408,Vehs Manoeuvring: Entering From Footway,08: Vehicle Leaving Driveway,,1,1,0,0,2,1,1,0,0,0,0,0
299622,299622,Fatal,2023,May,Tuesday,5,Head-on,Multi-Vehicle,152.341011394591,-25.0839183580685,Goodwood Rd,,Goodwood Road,North Gregory,Bundaberg Region,4660,Childers,Wide Bay Burnett,North Coast,Southern,Southern Queensland,Bundaberg Region - South,Bundaberg,Wide Bay,Inner Regional,Burnett,Hinkler,State-controlled,No Roadway Feature,No traffic control,100 - 110 km/h,Sealed - Dry,Clear,Darkness - Not lighted,Curved - view open,Level,201,Vehs Opposite Approach: Head On,02: Head-on,N,1,2,2,0,5,2,0,0,0,0,0,0
299623,299623,Fatal,2023,June,Friday,3,Hit object,Single Vehicle,153.031601035082,-27.4573824455158,Alfred St,Barry Pde,,Fortitude Valley,Brisbane City,4006,Fortitude Valley,North Brisbane,Brisbane,SEQ North,Metropolitan,Fortitude Valley,Brisbane Inner,Brisbane Inner City,Major Cities,Mcconnel,Brisbane,Locally-controlled,Intersection - Cross,No traffic control,0 - 50 km/h,Sealed - Dry,Clear,Darkness - Lighted,Curved - view obscured,Grade,400,Vehs Manoeuvring: Other,21: Other,,1,0,0,0,1,0,0,0,0,0,0,1
299643,299643,Fatal,2021,September,Sunday,11,Head-on,Multi-Vehicle,152.994263986418,-27.8737984450517,Mt Lindesay Hwy,,Mount Lindesay Highway (Brisbane - Beaudesert),Cedar Grove,Logan City,4285,Jimboomba,Logan,South Eastern,SEQ South,South Coast,Jimboomba,Jimboomba,Logan - Beaudesert,Inner Regional,Scenic Rim,Wright,State-controlled,No Roadway Feature,No traffic control,100 - 110 km/h,Sealed - Dry,Clear,Daylight,Straight,Level,201,Vehs Opposite Approach: Head On,02: Head-on,N,1,3,0,0,4,2,0,0,0,0,0,0
299646,299646,Fatal,2023,January,Sunday,10,Hit parked vehicle,Single Vehicle,153.113035000722,-27.6594914553014,Juers St,,,Kingston,Logan City,4114,Logan Central,Logan,South Eastern,SEQ South,South Coast,Kingston (qld.),Springwood - Kingston,Logan - Beaudesert,Major Cities,Woodridge,Rankin,Locally-controlled,No Roadway Feature,No traffic control,60 km/h,Sealed - Dry,Clear,Daylight,Straight,Level,601,Vehs On Path: Parked,10: Hit Parked Vehicle,,1,0,0,0,1,0,1,1,0,0,0,0
299649,299649,Fatal,2023,December,Thursday,1,Hit object,Single Vehicle,152.686021210754,-26.3326934020951,Blackgate Rd,,,Amamoor,Gympie Region,4570,Imbil,Wide Bay Burnett,North Coast,Southern,Southern Queensland,Gympie Region,Gympie - Cooloola,Wide Bay,Inner Regional,Gympie,Wide Bay,Locally-controlled,No Roadway Feature,No traffic control,80 - 90 km/h,Sealed - Dry,Clear,Darkness - Not lighted,Curved - view obscured,Grade,805,Off Path-Curve: Out Of Control On Cway,20: Out of Control on Curve,,1,0,0,0,1,1,0,0,0,0,0,0
299656,299656,Fatal,2022,March,Sunday,16,Hit object,Single Vehicle,151.710012315218,-26.2948323070288,Mp Creek Rd,,,Mp Creek,South Burnett Region,4606,Wondai,Darling Downs,Southern,Southern,Southern Queensland,Kingaroy Region - North,Burnett,Wide Bay,Outer Regional,Nanango,Flynn,Locally-controlled,Bridge/Causeway,No traffic control,60 km/h,Sealed - Wet,Clear,Daylight,Straight,Dip,607,Vehs On Path: Temporary Object On Cway,21: Other,E,1,0,0,0,1,1,0,0,0,0,0,0
299729,299729,Fatal,2021,November,Tuesday,15,Head-on,Multi-Vehicle,152.816027318041,-25.3407354069801,Booral Rd,,Booral Road,Bunya Creek,Fraser Coast Region,4655,Hervey Bay,Wide Bay Burnett,North Coast,Southern,Southern Queensland,Booral - River Heads,Hervey Bay,Wide Bay,Inner Regional,Maryborough,Hinkler,State-controlled,No Roadway Feature,No traffic control,100 - 110 km/h,Sealed - Wet,Raining,Daylight,Curved - view open,Grade,201,Vehs Opposite Approach: Head On,02: Head-on,E,1,1,0,0,2,1,0,1,0,0,0,0
299781,299781,Fatal,2020,July,Monday,7,Hit object,Single Vehicle,148.831117343445,-28.864987069554,Dirranbandi Mungindi Rd,,,Mungindi,Balonne Shire,2406,Mungindi,South West,Southern,Southern,Southern Queensland,Balonne,Darling Downs (west) - Maranoa,Darling Downs - Maranoa,Remote,Warrego,Maranoa,Locally-controlled,No Roadway Feature,No traffic control,100 - 110 km/h,Sealed - Dry,Clear,Daylight,Curved - view open,Level,803,Off Path-Curve: Off Cway Rt Bend Hit Obj,19: Off Carriageway on Curve Hit Object,E,1,0,0,0,1,1,0,0,0,0,0,0
299897,299897,Fatal,2017,March,Monday,10,Fall from vehicle,Single Vehicle,152.353066223924,-26.505777370731,Kilcoy - Murgon Rd,,Kilcoy - Murgon Road,Kingaham,Somerset Region,4515,Kilcoy,Moreton,North Coast,SEQ North,North Coast,Kilcoy,Caboolture Hinterland,Moreton Bay - North,Outer Regional,Nanango,Blair,State-controlled,No Roadway Feature,No traffic control,60 km/h,Unsealed - Dry,Clear,Daylight,Curved - view open,Level,805,Off Path-Curve: Out Of Control On Cway,20: Out of Control on Curve,N,1,0,0,0,1,0,1,0,0,0,0,0
300096,300096,Fatal,2023,June,Thursday,10,Hit object,Single Vehicle,152.980050989586,-27.861079443527,Cedar Grove Rd,,,Cedar Grove,Logan City,4285,Jimboomba,Logan,South Eastern,SEQ South,South Coast,Jimboomba,Jimboomba,Logan - Beaudesert,Inner Regional,Scenic Rim,Wright,Locally-controlled,No Roadway Feature,No traffic control,60 km/h,Sealed - Dry,Clear,Daylight,Straight,Grade,705,Off Path-Straight: Out Of Control On Cway,17: Out of Control on Straight,W,1,0,0,0,1,1,0,0,0,0,0,0
300121,300121,Fatal,2023,July,Wednesday,14,Head-on,Multi-Vehicle,152.997194006725,-27.7111184440657,Middle Rd,,,Greenbank,Logan City,4124,Browns Plains,Logan,South Eastern,SEQ South,South Coast,Greenbank Military Camp,Browns Plains,Logan - Beaudesert,Major Cities,Logan,Wright,Locally-controlled,No Roadway Feature,No traffic control,80 - 90 km/h,Sealed - Dry,Clear,Daylight,Straight,Level,201,Vehs Opposite Approach: Head On,02: Head-on,S,1,1,1,0,3,2,0,1,0,0,0,0
300158,300158,Fatal,2023,August,Sunday,12,Head-on,Multi-Vehicle,151.999387046236,-28.277310350391,New England Hwy,,New England Highway (Warwick - Wallangarra),Silverwood,Southern Downs Region,4370,Warwick,Darling Downs,Southern,Southern,Southern Queensland,Warwick,Granite Belt,Darling Downs - Maranoa,Inner Regional,Southern Downs,Maranoa,State-controlled,No Roadway Feature,No traffic control,100 - 110 km/h,Sealed - Dry,Clear,Daylight,Straight,Level,201,Vehs Opposite Approach: Head On,02: Head-on,N,1,1,0,0,2,1,0,1,0,0,0,0
300217,300217,Fatal,2021,October,Friday,21,Rear-end,Multi-Vehicle,152.944584088513,-27.1055664340051,Caboolture River Rd,,,Morayfield,Moreton Bay Region,4506,Caboolture,Moreton,North Coast,SEQ North,North Coast,Caboolture - South,Caboolture,Moreton Bay - North,Major Cities,Morayfield,Longman,Locally-controlled,No Roadway Feature,No traffic control,60 km/h,Sealed - Dry,Clear,Darkness - Lighted,Straight,Level,301,Vehs Same Direction: Rear End,04: Rear-end,E,2,0,0,0,2,2,1,0,0,0,0,0