_id,Crash_Ref_Number,Crash_Severity,Crash_Year,Crash_Month,Crash_Day_Of_Week,Crash_Hour,Crash_Nature,Crash_Type,Crash_Longitude,Crash_Latitude,Crash_Street,Crash_Street_Intersecting,State_Road_Name,Loc_Suburb,Loc_Local_Government_Area,Loc_Post_Code,Loc_Police_Division,Loc_Police_District,Loc_Police_Region,Loc_Queensland_Transport_Region,Loc_Main_Roads_Region,Loc_ABS_Statistical_Area_2,Loc_ABS_Statistical_Area_3,Loc_ABS_Statistical_Area_4,Loc_ABS_Remoteness,Loc_State_Electorate,Loc_Federal_Electorate,Crash_Controlling_Authority,Crash_Roadway_Feature,Crash_Traffic_Control,Crash_Speed_Limit,Crash_Road_Surface_Condition,Crash_Atmospheric_Condition,Crash_Lighting_Condition,Crash_Road_Horiz_Align,Crash_Road_Vert_Align,Crash_DCA_Code,Crash_DCA_Description,Crash_DCA_Group_Description,DCA_Key_Approach_Dir,Count_Casualty_Fatality,Count_Casualty_Hospitalised,Count_Casualty_MedicallyTreated,Count_Casualty_MinorInjury,Count_Casualty_Total,Count_Unit_Car,Count_Unit_Motorcycle_Moped,Count_Unit_Truck,Count_Unit_Bus,Count_Unit_Bicycle,Count_Unit_Pedestrian,Count_Unit_Other
301549,301549,Fatal,2023,August,Wednesday,6,Hit object,Single Vehicle,151.038796550597,-24.8156652321244,Burnett Hwy,,Burnett Highway (Monto - Biloela),Moonford,North Burnett Region,4630,Monto,Wide Bay Burnett,North Coast,Southern,Southern Queensland,Monto - Eidsvold,Burnett,Wide Bay,Outer Regional,Callide,Flynn,State-controlled,No Roadway Feature,No traffic control,100 - 110 km/h,Sealed - Dry,Clear,Daylight,Curved - view open,Grade,803,Off Path-Curve: Off Cway Rt Bend Hit Obj,19: Off Carriageway on Curve Hit Object,N,1,0,0,0,1,1,0,0,0,0,0,0
301550,301550,Fatal,2023,August,Wednesday,10,Head-on,Multi-Vehicle,153.24014295801,-27.8859134699199,Tamborine - Oxenford Rd,,Tamborine - Oxenford Road,Wongawallan,Gold Coast City,4210,Coomera,Gold Coast,South Eastern,SEQ South,South Coast,Upper Coomera - Willow Vale,Ormeau - Oxenford,Gold Coast,Major Cities,Coomera,Forde,State-controlled,No Roadway Feature,No traffic control,70 km/h,Sealed - Dry,Clear,Daylight,Curved - view open,Grade,201,Vehs Opposite Approach: Head On,02: Head-on,W,1,0,1,0,2,1,0,1,0,0,0,0
301553,301553,Fatal,2023,August,Tuesday,20,Head-on,Multi-Vehicle,149.751036782229,-23.783817107993,Capricorn Hwy,,Capricorn Highway (Rockhampton - Duaringa),Duaringa,Central Highlands Region,4712,Duaringa,Capricornia,Central,Central,Central Queensland,Central Highlands - East,Central Highlands (qld),Central Queensland,Outer Regional,Gregory,Flynn,State-controlled,No Roadway Feature,No traffic control,100 - 110 km/h,Sealed - Wet,Clear,Darkness - Not lighted,Straight,Grade,501,Vehs Overtaking: Head On,02: Head-on,W,2,0,0,0,2,2,0,1,0,0,0,0
301554,301554,Fatal,2024,April,Monday,16,Fall from vehicle,Single Vehicle,150.670416709852,-23.6714291889743,Bruce Hwy,,Bruce Highway (Benaraby - Rockhampton),Bajool,Rockhampton Region,4699,Marmor,Capricornia,Central,Central,Central Queensland,Bouldercombe,Rockhampton,Central Queensland,Outer Regional,Mirani,Flynn,State-controlled,No Roadway Feature,No traffic control,100 - 110 km/h,Sealed - Dry,Clear,Daylight,Straight,Level,901,Pass & Misc: Fell In/From Vehicle,21: Other,N,1,0,0,0,1,1,0,0,0,0,0,0
301559,301559,Fatal,2023,September,Sunday,10,Sideswipe,Multi-Vehicle,151.919151349641,-28.3230565430276,New England Hwy,,New England Highway (Warwick - Wallangarra),The Glen,Southern Downs Region,4370,Warwick,Darling Downs,Southern,Southern,Southern Queensland,Southern Downs - West,Granite Belt,Darling Downs - Maranoa,Inner Regional,Southern Downs,Maranoa,State-controlled,No Roadway Feature,No traffic control,100 - 110 km/h,Sealed - Dry,Clear,Daylight,Curved - view open,Level,500,Vehs Overtaking: Other,21: Other,N,1,1,0,0,2,0,2,0,0,0,0,0
301560,301560,Fatal,2023,September,Monday,9,Hit object,Single Vehicle,150.245446818644,-23.0017571451622,Bruce Hwy,,Bruce Highway (Rockhampton - St Lawrence),Kunwarara,Livingstone Shire,4702,Marlborough,Capricornia,Central,Central,Central Queensland,Rockhampton Region - North,Rockhampton,Central Queensland,Remote,Mirani,Capricornia,State-controlled,No Roadway Feature,No traffic control,100 - 110 km/h,Sealed - Dry,Clear,Daylight,Straight,Level,704,Off Path-Straight: Right Off Cway Hit Obj,16: Off Carriageway on Straight Hit Object,N,1,0,0,0,1,1,0,0,0,0,0,0
301561,301561,Fatal,2023,September,Monday,18,Hit object,Single Vehicle,150.609836440779,-24.3652517891672,Calvale Rd,,,Valentine Plains,Banana Shire,4715,Biloela,Capricornia,Central,Central,Central Queensland,Banana,Biloela,Central Queensland,Outer Regional,Callide,Flynn,Locally-controlled,No Roadway Feature,No traffic control,80 - 90 km/h,Sealed - Dry,Clear,Darkness - Not lighted,Curved - view obscured,Grade,804,Off Path-Curve: Off Cway Lt Bend Hit Obj,19: Off Carriageway on Curve Hit Object,W,1,1,1,0,3,1,0,0,0,0,0,0
301567,301567,Fatal,2023,September,Saturday,12,Angle,Multi-Vehicle,152.691918338256,-25.2727313941076,Pialba - Burrum Heads Rd,,Pialba - Burrum Heads Road,Takura,Fraser Coast Region,4655,Howard,Wide Bay Burnett,North Coast,Southern,Southern Queensland,Burrum - Fraser,Maryborough,Wide Bay,Inner Regional,Maryborough,Hinkler,State-controlled,No Roadway Feature,No traffic control,100 - 110 km/h,Sealed - Dry,Clear,Daylight,Straight,Level,506,Vehs Overtaking: Overtake-Right Turn,09: Overtaking Same Direction,W,1,0,0,0,1,1,1,0,0,0,0,0
301569,301569,Fatal,2023,October,Sunday,8,Hit object,Single Vehicle,153.313258929444,-28.0457764785877,The Panorama,Worongary Rd,Advancetown - Mudgeeraba Road,Worongary,Gold Coast City,4213,Mudgeeraba,Gold Coast,South Eastern,SEQ South,South Coast,Worongary - Tallai,Nerang,Gold Coast,Major Cities,Mudgeeraba,Wright,State-controlled,Intersection - T-Junction,Stop sign,0 - 50 km/h,Sealed - Dry,Clear,Darkness - Not lighted,Straight,Grade,700,Off Path-Straight: Other,21: Other,N,1,0,0,0,1,1,0,0,0,0,0,0
301571,301571,Fatal,2023,October,Sunday,16,Angle,Multi-Vehicle,146.654043458468,-19.2345718196759,Bruce Hwy,Veales Rd,Bruce Highway (Townsville - Ingham),Jensen,Townsville City,4818,Deeragun,Townsville,Northern,Northern,North Queensland,Deeragun,Townsville,Townsville,Outer Regional,Hinchinbrook,Herbert,State-controlled,Intersection - T-Junction,Operating traffic lights,60 km/h,Sealed - Dry,Clear,Daylight,Straight,Level,104,Vehs Adjacent Approach: Thru-Right,01: Intersection: Adjacent Approach,W,1,0,1,0,2,1,1,0,0,0,0,0
301573,301573,Fatal,2023,October,Thursday,14,Hit object,Single Vehicle,153.029663068105,-27.1966604432556,Bay Ave,Deception Bay Rd,Deception Bay Road,Deception Bay,Moreton Bay Region,4508,Deception Bay,Moreton,North Coast,SEQ North,North Coast,Deception Bay,Narangba - Burpengary,Moreton Bay - North,Major Cities,Bancroft,Petrie,State-controlled,Intersection - Cross,No traffic control,60 km/h,Sealed - Dry,Clear,Daylight,Straight,Level,607,Vehs On Path: Temporary Object On Cway,21: Other,N,1,0,0,0,1,0,0,0,1,0,0,0
301583,301583,Fatal,2024,February,Monday,12,Angle,Multi-Vehicle,149.120379101972,-21.1153260316368,Bruce Hwy,Glendaragh Rd,Bruce Highway (Mackay - Proserpine),Glenella,Mackay Region,4740,Farleigh,Mackay,Central,Central,Central Queensland,Mount Pleasant - Glenella,Mackay,Mackay - Isaac - Whitsunday,Inner Regional,Whitsunday,Dawson,State-controlled,Intersection - T-Junction,Stop sign,80 - 90 km/h,Sealed - Wet,Clear,Daylight,Straight,Level,104,Vehs Adjacent Approach: Thru-Right,01: Intersection: Adjacent Approach,E,1,0,1,0,2,1,0,1,0,0,0,0
301584,301584,Fatal,2024,April,Thursday,0,Hit object,Single Vehicle,152.963139152119,-26.5786204316588,Bruce Hwy,,Bruce Highway (Brisbane - Gympie),Yandina,Sunshine Coast Region,4561,Nambour,Sunshine Coast,North Coast,SEQ North,North Coast,Eumundi - Yandina,Nambour,Sunshine Coast,Inner Regional,Nicklin,Fairfax,State-controlled,No Roadway Feature,No traffic control,100 - 110 km/h,Sealed - Dry,Clear,Darkness - Lighted,Curved - view open,Level,808,Off Path-Curve: Mounts Traffic Island,19: Off Carriageway on Curve Hit Object,S,1,0,0,0,1,0,1,0,0,0,0,0
301615,301615,Fatal,2022,March,Monday,12,Head-on,Multi-Vehicle,145.635918234435,-16.8140268025467,Kennedy Hwy,,Kennedy Highway (Cairns - Mareeba),Kuranda,Mareeba Shire,4881,Kuranda,Far North,Far Northern,Northern,North Queensland,Kuranda,Tablelands (east) - Kuranda,Cairns,Outer Regional,Barron River,Leichhardt,State-controlled,No Roadway Feature,No traffic control,60 km/h,Sealed - Dry,Clear,Daylight,Curved - view open,Level,201,Vehs Opposite Approach: Head On,02: Head-on,W,1,1,0,0,2,1,0,1,0,0,0,0
301648,301648,Fatal,2022,September,Monday,9,Sideswipe,Multi-Vehicle,153.142926023635,-27.4535554566875,Kianawah Rd,Youngs Rd,,Wynnum West,Brisbane City,4178,Wynnum,South Brisbane,Brisbane,SEQ South,Metropolitan,Wynnum West - Hemmant,Wynnum - Manly,Brisbane - East,Major Cities,Lytton,Bonner,Locally-controlled,Intersection - T-Junction,No traffic control,60 km/h,Sealed - Dry,Clear,Daylight,Straight,Level,506,Vehs Overtaking: Overtake-Right Turn,09: Overtaking Same Direction,S,1,0,0,0,1,1,1,0,0,0,0,0
301674,301674,Fatal,2024,April,Sunday,5,Rear-end,Multi-Vehicle,145.623703679508,-17.3383137291669,Lake Barrine Rd,,Malanda - Lake Barrine Road,Malanda,Tablelands Region,4885,Malanda,Far North,Far Northern,Northern,North Queensland,Malanda - Yungaburra,Tablelands (east) - Kuranda,Cairns,Outer Regional,Hill,Kennedy,State-controlled,No Roadway Feature,No traffic control,100 - 110 km/h,Sealed - Dry,Clear,Darkness - Lighted,Curved - view open,Grade,503,Vehs Overtaking: Pulling Out,09: Overtaking Same Direction,W,1,1,0,1,3,2,0,0,0,0,0,0
301677,301677,Fatal,2023,March,Monday,11,Head-on,Multi-Vehicle,152.918338074509,-27.2398184324461,Dayboro Rd,,Brisbane - Woodford Road,Whiteside,Moreton Bay Region,4503,Petrie,Moreton,North Coast,SEQ North,North Coast,Dayboro,The Hills District,Moreton Bay - South,Major Cities,Kurwongbah,Dickson,State-controlled,No Roadway Feature,No traffic control,100 - 110 km/h,Sealed - Dry,Clear,Daylight,Curved - view open,Grade,201,Vehs Opposite Approach: Head On,02: Head-on,E,1,1,0,0,2,1,0,1,0,0,0,0
301680,301680,Fatal,2023,September,Saturday,5,Hit object,Single Vehicle,152.974587083488,-27.1204124371268,Coach Rd,,,Morayfield,Moreton Bay Region,4506,Burpengary,Moreton,North Coast,SEQ North,North Coast,Morayfield - East,Caboolture,Moreton Bay - North,Major Cities,Morayfield,Longman,Locally-controlled,Bridge/Causeway,No traffic control,0 - 50 km/h,Sealed - Dry,Clear,Dawn/Dusk,Curved - view open,Level,804,Off Path-Curve: Off Cway Lt Bend Hit Obj,19: Off Carriageway on Curve Hit Object,S,1,0,0,0,1,1,0,0,0,0,0,0
301712,301712,Fatal,2022,July,Friday,11,Head-on,Multi-Vehicle,151.911413595317,-27.7176863885563,New England Hwy,Ramsay Rd,New England Highway (Toowoomba - Warwick),Cambooya,Toowoomba Region,4358,Cambooya,Darling Downs,Southern,Southern,Southern Queensland,Cambooya - Wyreema,Toowoomba,Toowoomba,Inner Regional,Condamine,Groom,State-controlled,Intersection - Cross,No traffic control,100 - 110 km/h,Sealed - Dry,Clear,Daylight,Straight,Level,202,Vehs Opposite Approach: Thru-Right,03: Opposing Vehicles Turning,S,1,0,2,0,3,2,0,1,0,0,0,0
301716,301716,Fatal,2022,December,Thursday,15,Angle,Multi-Vehicle,153.084574998923,-27.697907452739,Bumstead Rd,Geaney Blvd,,Crestmead,Logan City,4132,Crestmead,Logan,South Eastern,SEQ South,South Coast,Crestmead,Browns Plains,Logan - Beaudesert,Major Cities,Woodridge,Rankin,Locally-controlled,Intersection - T-Junction,No traffic control,70 km/h,Sealed - Dry,Clear,Daylight,Straight,Grade,202,Vehs Opposite Approach: Thru-Right,03: Opposing Vehicles Turning,,1,0,0,0,1,1,1,0,0,0,0,0
301719,301719,Fatal,2021,December,Friday,17,Overturned,Single Vehicle,145.129757849886,-15.4411466788564,Railway Ave,,,Cooktown,Cook Shire,4895,Cooktown,Far North,Far Northern,Northern,North Queensland,Cape York,Far North,Queensland - Outback,Remote,Cook,Leichhardt,Locally-controlled,No Roadway Feature,No traffic control,60 km/h,Unsealed - Dry,Clear,Dawn/Dusk,Straight,Level,702,Off Path-Straight: Right Off Cway,15: Off Carriageway on Straight,E,1,1,0,0,2,1,0,0,0,0,0,0
301745,301745,Fatal,2019,May,Sunday,0,Sideswipe,Multi-Vehicle,153.031169693717,-27.4368615173102,Lutwyche Rd,,,Windsor,Brisbane City,4030,Stafford,North Brisbane,Brisbane,SEQ North,Metropolitan,Windsor,Brisbane Inner - North,Brisbane Inner City,Major Cities,Clayfield,Brisbane,Locally-controlled,No Roadway Feature,No traffic control,60 km/h,Sealed - Dry,Clear,Darkness - Lighted,Straight,Level,305,Vehs Same Direction: Lane Side Swipe,05: Lane Change,,2,3,0,2,7,6,1,0,0,0,0,0
301747,301747,Fatal,2021,November,Friday,8,Head-on,Multi-Vehicle,150.664418710492,-23.6705481884217,Bruce Hwy,,Bruce Highway (Benaraby - Rockhampton),Bajool,Rockhampton Region,4699,Marmor,Capricornia,Central,Central,Central Queensland,Bouldercombe,Rockhampton,Central Queensland,Outer Regional,Mirani,Flynn,State-controlled,No Roadway Feature,No traffic control,100 - 110 km/h,Sealed - Dry,Clear,Daylight,Curved - view open,Level,201,Vehs Opposite Approach: Head On,02: Head-on,E,1,1,0,0,2,1,0,0,0,0,0,1
301862,301862,Fatal,2021,August,Monday,16,Angle,Multi-Vehicle,153.390595935625,-27.9322104855592,Harbour Side Ct,Oxley Dr,Hope Island Road,Biggera Waters,Gold Coast City,4216,Runaway Bay,Gold Coast,South Eastern,SEQ South,South Coast,Biggera Waters,Gold Coast - North,Gold Coast,Major Cities,Bonney,Fadden,State-controlled,Intersection - T-Junction,Operating traffic lights,70 km/h,Sealed - Dry,Clear,Daylight,Straight,Level,408,Vehs Manoeuvring: Entering From Footway,08: Vehicle Leaving Driveway,S,1,0,0,0,1,1,0,0,0,1,0,0
302003,302003,Fatal,2024,April,Saturday,12,Hit object,Single Vehicle,151.833066352886,-25.8659173153241,Burnett Hwy,,Burnett Highway (Goomeri - Gayndah),Booubyjan,Gympie Region,4601,Goomeri,Wide Bay Burnett,North Coast,Southern,Southern Queensland,Kilkivan,Gympie - Cooloola,Wide Bay,Outer Regional,Nanango,Wide Bay,State-controlled,No Roadway Feature,No traffic control,100 - 110 km/h,Sealed - Dry,Clear,Daylight,Straight,Level,703,Off Path-Straight: Left Off Cway Hit Obj,16: Off Carriageway on Straight Hit Object,S,1,1,0,0,2,1,0,0,0,0,0,0
302005,302005,Fatal,2022,July,Wednesday,20,Hit object,Single Vehicle,145.586724686623,-17.2760007260487,Gillies Range Rd,,Gillies Range Road,Yungaburra,Tablelands Region,4884,Yungaburra,Far North,Far Northern,Northern,North Queensland,Malanda - Yungaburra,Tablelands (east) - Kuranda,Cairns,Outer Regional,Hill,Kennedy,State-controlled,No Roadway Feature,No traffic control,60 km/h,Sealed - Dry,Clear,Darkness - Not lighted,Curved - view open,Level,803,Off Path-Curve: Off Cway Rt Bend Hit Obj,19: Off Carriageway on Curve Hit Object,W,1,0,0,0,1,1,0,0,0,0,0,0
302070,302070,Fatal,2022,May,Thursday,16,Angle,Multi-Vehicle,153.118767003612,-27.6318614556609,Kingston Rd,Reserve Rd,Brisbane - Beenleigh Road,Slacks Creek,Logan City,4127,Logan Central,Logan,South Eastern,SEQ South,South Coast,Woodridge,Springwood - Kingston,Logan - Beaudesert,Major Cities,Woodridge,Rankin,State-controlled,Intersection - T-Junction,Operating traffic lights,70 km/h,Sealed - Dry,Clear,Dawn/Dusk,Straight,Grade,202,Vehs Opposite Approach: Thru-Right,03: Opposing Vehicles Turning,N,1,0,0,1,2,1,1,0,0,0,0,0
302231,302231,Fatal,2023,August,Tuesday,20,Hit pedestrian,Hit pedestrian,145.371100895814,-16.4523173830459,Mossman - Daintree Rd,,,Mossman,Douglas Shire,4873,Mossman,Far North,Far Northern,Northern,North Queensland,Daintree,Port Douglas - Daintree,Cairns,Outer Regional,Cook,Leichhardt,Locally-controlled,No Roadway Feature,No traffic control,0 - 50 km/h,Sealed - Dry,Clear,Darkness - Not lighted,Curved - view open,Level,008,Pedn: On Ftway Hit By Vehicle On Ftway,12: Pedestrian,N,1,0,0,0,1,1,0,0,0,0,1,0
302232,302232,Fatal,2022,December,Wednesday,20,Hit pedestrian,Hit pedestrian,152.898216317155,-25.281990414693,Cypress St,Elizabeth St,,Urangan,Fraser Coast Region,4655,Hervey Bay,Wide Bay Burnett,North Coast,Southern,Southern Queensland,Urangan - Wondunna,Hervey Bay,Wide Bay,Inner Regional,Hervey Bay,Hinkler,Locally-controlled,Intersection - Cross,Stop sign,60 km/h,Sealed - Dry,Clear,Darkness - Lighted,Straight,Level,003,Pedn: Far Side Vehicle Hit From Left,12: Pedestrian,U,1,0,0,0,1,1,0,0,0,0,1,0
302234,302234,Fatal,2023,September,Saturday,17,Hit object,Single Vehicle,152.412286329523,-25.5749173690285,Maryborough - Biggenden Rd,,Maryborough - Biggenden Road,Aramara,Fraser Coast Region,4620,Maryborough,Wide Bay Burnett,North Coast,Southern,Southern Queensland,Maryborough Region - South,Maryborough,Wide Bay,Inner Regional,Maryborough,Wide Bay,State-controlled,No Roadway Feature,No traffic control,100 - 110 km/h,Sealed - Dry,Clear,Darkness - Not lighted,Straight,Level,704,Off Path-Straight: Right Off Cway Hit Obj,16: Off Carriageway on Straight Hit Object,E,1,0,0,0,1,1,0,0,0,0,0,0
302245,302245,Fatal,2023,September,Monday,8,Hit object,Single Vehicle,144.137409526889,-20.8601316589147,Flinders Hwy,,Flinders Highway (Hughenden - Richmond),Hughenden,Flinders Shire,4821,Hughenden,Townsville,Northern,Northern,North Queensland,Northern Highlands,Outback - North,Queensland - Outback,Very Remote,Traeger,Kennedy,State-controlled,No Roadway Feature,No traffic control,100 - 110 km/h,Sealed - Dry,Clear,Daylight,Curved - view open,Dip,804,Off Path-Curve: Off Cway Lt Bend Hit Obj,19: Off Carriageway on Curve Hit Object,E,1,0,0,0,1,1,0,0,0,0,0,0
302256,302256,Fatal,2023,September,Friday,7,Head-on,Multi-Vehicle,152.951362146728,-26.6319504309068,Windsor Rd,,,Burnside,Sunshine Coast Region,4560,Nambour,Sunshine Coast,North Coast,SEQ North,North Coast,Nambour,Nambour,Sunshine Coast,Major Cities,Nicklin,Fairfax,Locally-controlled,No Roadway Feature,No traffic control,0 - 50 km/h,Sealed - Dry,Clear,Daylight,Curved - view open,Level,201,Vehs Opposite Approach: Head On,02: Head-on,W,1,0,0,0,1,2,0,0,0,0,0,0
302263,302263,Fatal,2023,September,Saturday,11,Angle,Multi-Vehicle,148.627708169906,-20.8119799879084,Bruce Hwy,Cathu - O'Connell River Rd,Bruce Highway (Mackay - Proserpine),Yalboroo,Mackay Region,4741,Calen,Mackay,Central,Central,Central Queensland,Seaforth - Calen,Mackay,Mackay - Isaac - Whitsunday,Outer Regional,Whitsunday,Dawson,State-controlled,Intersection - T-Junction,No traffic control,100 - 110 km/h,Sealed - Dry,Clear,Daylight,Curved - view open,Crest,202,Vehs Opposite Approach: Thru-Right,03: Opposing Vehicles Turning,S,1,0,0,0,1,1,1,0,0,0,0,0
302318,302318,Fatal,2019,December,Friday,19,Head-on,Multi-Vehicle,149.227842053542,-21.5265560442049,Bruce Hwy,,Bruce Highway (St Lawrence - Mackay),Koumala,Mackay Region,4738,Sarina,Mackay,Central,Central,Central Queensland,Sarina,Mackay,Mackay - Isaac - Whitsunday,Outer Regional,Mirani,Capricornia,State-controlled,No Roadway Feature,No traffic control,100 - 110 km/h,Sealed - Dry,Clear,Darkness - Not lighted,Straight,Level,201,Vehs Opposite Approach: Head On,02: Head-on,S,1,0,0,0,1,1,0,1,0,0,0,0
302376,302376,Fatal,2022,March,Thursday,5,Sideswipe,Multi-Vehicle,153.167846994838,-27.6591544608259,Pacific Hwy,,Pacific Highway (Pacific Motorway),Tanah Merah,Logan City,4128,Loganholme,Logan,South Eastern,SEQ South,South Coast,Loganholme - Tanah Merah,Loganlea - Carbrook,Logan - Beaudesert,Major Cities,Springwood,Forde,State-controlled,No Roadway Feature,No traffic control,100 - 110 km/h,Sealed - Dry,Clear,Daylight,Straight,Grade,900,Pass & Misc: Other,21: Other,N,1,0,0,0,1,3,1,1,0,0,0,0
302570,302570,Fatal,2017,January,Saturday,11,Fall from vehicle,Single Vehicle,153.252258930646,-28.0885204727371,Nerang - Murwillumbah Rd,,Nerang - Murwillumbah Road,Advancetown,Gold Coast City,4211,Nerang,Gold Coast,South Eastern,SEQ South,South Coast,Guanaba - Springbrook,Gold Coast Hinterland,Gold Coast,Inner Regional,Mudgeeraba,Wright,State-controlled,No Roadway Feature,No traffic control,80 - 90 km/h,Sealed - Wet,Clear,Daylight,Curved - view obscured,Crest,805,Off Path-Curve: Out Of Control On Cway,20: Out of Control on Curve,S,1,1,0,0,2,0,1,0,0,0,0,0
302579,302579,Fatal,2017,July,Sunday,19,Hit object,Single Vehicle,153.326114926008,-28.0614534800162,The Panorama,,,Tallai,Gold Coast City,4213,Mudgeeraba,Gold Coast,South Eastern,SEQ South,South Coast,Worongary - Tallai,Nerang,Gold Coast,Major Cities,Mudgeeraba,Wright,Locally-controlled,No Roadway Feature,No traffic control,60 km/h,Sealed - Dry,Clear,Darkness - Not lighted,Curved - view obscured,Crest,804,Off Path-Curve: Off Cway Lt Bend Hit Obj,19: Off Carriageway on Curve Hit Object,S,1,1,0,0,2,1,0,0,0,0,0,0
302589,302589,Fatal,2021,April,Saturday,15,Hit object,Single Vehicle,153.342784934675,-27.9801044810716,Pacific Hwy,,Pacific Highway (Pacific Motorway),Molendinar,Gold Coast City,4214,Nerang,Gold Coast,South Eastern,SEQ South,South Coast,Molendinar,Southport,Gold Coast,Major Cities,Southport,Moncrieff,State-controlled,Intersection - Interchange,No traffic control,70 km/h,Sealed - Dry,Clear,Daylight,Curved - view open,Crest,804,Off Path-Curve: Off Cway Lt Bend Hit Obj,19: Off Carriageway on Curve Hit Object,S,1,0,0,0,1,0,1,0,0,0,0,0
302637,302637,Fatal,2020,October,Monday,15,Head-on,Multi-Vehicle,145.368533734999,-16.8159357069777,Mulligan Hwy,,Mulligan Highway (Mareeba - Mount Molloy),Southedge,Mareeba Shire,4871,Mareeba,Far North,Far Northern,Northern,North Queensland,Tablelands,Far North,Queensland - Outback,Outer Regional,Cook,Kennedy,State-controlled,No Roadway Feature,No traffic control,100 - 110 km/h,Sealed - Dry,Clear,Daylight,Straight,Level,201,Vehs Opposite Approach: Head On,02: Head-on,N,1,1,0,0,2,1,0,1,0,0,0,0
302722,302722,Fatal,2022,April,Friday,12,Angle,Multi-Vehicle,153.173810986409,-27.7202434619096,Pepper Tree Dr,Teys Rd,,Holmview,Logan City,4207,Beenleigh,Logan,South Eastern,SEQ South,South Coast,Edens Landing - Holmview,Beenleigh,Logan - Beaudesert,Major Cities,Macalister,Forde,Locally-controlled,Intersection - T-Junction,No traffic control,60 km/h,Sealed - Dry,Clear,Daylight,Straight,Grade,506,Vehs Overtaking: Overtake-Right Turn,09: Overtaking Same Direction,,1,0,1,0,2,1,1,0,0,0,0,0
302791,302791,Fatal,2021,September,Sunday,13,Hit object,Single Vehicle,151.619011340227,-26.1604832973096,Wondai - Proston Rd,,Wondai - Proston Road,Proston,South Burnett Region,4613,Proston,Darling Downs,Southern,Southern,Southern Queensland,Kingaroy Region - North,Burnett,Wide Bay,Outer Regional,Nanango,Flynn,State-controlled,No Roadway Feature,No traffic control,100 - 110 km/h,Sealed - Dry,Clear,Daylight,Straight,Crest,704,Off Path-Straight: Right Off Cway Hit Obj,16: Off Carriageway on Straight Hit Object,E,1,0,0,0,1,1,0,0,0,0,0,0
302815,302815,Fatal,2022,June,Monday,10,Hit object,Single Vehicle,152.662944233698,-26.1634573984511,Old Maryborough Rd,,,Gympie,Gympie Region,4570,Gympie,Wide Bay Burnett,North Coast,Southern,Southern Queensland,Gympie - North,Gympie - Cooloola,Wide Bay,Inner Regional,Gympie,Wide Bay,Locally-controlled,No Roadway Feature,No traffic control,60 km/h,Sealed - Dry,Clear,Daylight,Straight,Grade,703,Off Path-Straight: Left Off Cway Hit Obj,16: Off Carriageway on Straight Hit Object,W,1,0,0,0,1,1,0,0,0,0,0,0
302817,302817,Fatal,2022,June,Thursday,12,Hit object,Single Vehicle,153.080696970435,-27.9250734541359,Beaudesert - Beenleigh Rd,,Beaudesert - Beenleigh Road,Mundoolun,Logan City,4285,Beaudesert,Logan,South Eastern,SEQ South,South Coast,Jimboomba,Jimboomba,Logan - Beaudesert,Inner Regional,Scenic Rim,Wright,State-controlled,No Roadway Feature,No traffic control,100 - 110 km/h,Sealed - Dry,Clear,Daylight,Curved - view obscured,Dip,804,Off Path-Curve: Off Cway Lt Bend Hit Obj,19: Off Carriageway on Curve Hit Object,S,1,0,0,0,1,1,0,0,0,0,0,0
302827,302827,Fatal,2022,July,Tuesday,15,Angle,Multi-Vehicle,152.888625310894,-25.3415134142206,Amos Rd,Booral Rd,Booral Road,Booral,Fraser Coast Region,4655,Hervey Bay,Wide Bay Burnett,North Coast,Southern,Southern Queensland,Booral - River Heads,Hervey Bay,Wide Bay,Inner Regional,Hervey Bay,Hinkler,State-controlled,Intersection - T-Junction,Give way sign,80 - 90 km/h,Sealed - Wet,Raining,Daylight,Straight,Level,104,Vehs Adjacent Approach: Thru-Right,01: Intersection: Adjacent Approach,S,1,2,0,0,3,2,0,0,0,0,0,0
302832,302832,Fatal,2022,July,Monday,11,Head-on,Multi-Vehicle,152.598270024606,-27.9152394059781,Cunningham Hwy,,Cunningham Highway (Ipswich - Warwick),Silverdale,Scenic Rim Region,4307,Kalbar,Ipswich,Southern,SEQ South,South Coast,Boonah,Ipswich Hinterland,Ipswich,Inner Regional,Scenic Rim,Wright,State-controlled,No Roadway Feature,No traffic control,100 - 110 km/h,Sealed - Dry,Clear,Daylight,Straight,Grade,201,Vehs Opposite Approach: Head On,02: Head-on,S,1,1,0,0,2,2,0,0,0,0,0,0
302840,302840,Fatal,2022,July,Tuesday,13,Hit object,Single Vehicle,152.966127142868,-26.6507844325355,Foley Rd,Wilkes Rd,,Woombye,Sunshine Coast Region,4559,Nambour,Sunshine Coast,North Coast,SEQ North,North Coast,Nambour,Nambour,Sunshine Coast,Major Cities,Nicklin,Fairfax,Locally-controlled,Intersection - T-Junction,No traffic control,70 km/h,Sealed - Wet,Raining,Daylight,Curved - view open,Grade,803,Off Path-Curve: Off Cway Rt Bend Hit Obj,19: Off Carriageway on Curve Hit Object,E,1,0,0,0,1,1,0,0,0,0,0,0