_id,Crash_Ref_Number,Crash_Severity,Crash_Year,Crash_Month,Crash_Day_Of_Week,Crash_Hour,Crash_Nature,Crash_Type,Crash_Longitude,Crash_Latitude,Crash_Street,Crash_Street_Intersecting,State_Road_Name,Loc_Suburb,Loc_Local_Government_Area,Loc_Post_Code,Loc_Police_Division,Loc_Police_District,Loc_Police_Region,Loc_Queensland_Transport_Region,Loc_Main_Roads_Region,Loc_ABS_Statistical_Area_2,Loc_ABS_Statistical_Area_3,Loc_ABS_Statistical_Area_4,Loc_ABS_Remoteness,Loc_State_Electorate,Loc_Federal_Electorate,Crash_Controlling_Authority,Crash_Roadway_Feature,Crash_Traffic_Control,Crash_Speed_Limit,Crash_Road_Surface_Condition,Crash_Atmospheric_Condition,Crash_Lighting_Condition,Crash_Road_Horiz_Align,Crash_Road_Vert_Align,Crash_DCA_Code,Crash_DCA_Description,Crash_DCA_Group_Description,DCA_Key_Approach_Dir,Count_Casualty_Fatality,Count_Casualty_Hospitalised,Count_Casualty_MedicallyTreated,Count_Casualty_MinorInjury,Count_Casualty_Total,Count_Unit_Car,Count_Unit_Motorcycle_Moped,Count_Unit_Truck,Count_Unit_Bus,Count_Unit_Bicycle,Count_Unit_Pedestrian,Count_Unit_Other
304960,304960,Fatal,2021,September,Saturday,4,Rear-end,Multi-Vehicle,153.061094021104,-27.5429334491549,Pacific Hwy,,South-East Arterial Road (Pacific Motorway),Mount Gravatt,Brisbane City,4122,Upper Mount Gravatt,South Brisbane,Brisbane,SEQ South,Metropolitan,Mount Gravatt,Mt Gravatt,Brisbane - South,Major Cities,Mansfield,Bonner,State-controlled,No Roadway Feature,No traffic control,100 - 110 km/h,Sealed - Dry,Clear,Darkness - Lighted,Curved - view open,Crest,301,Vehs Same Direction: Rear End,04: Rear-end,E,1,0,0,0,1,2,1,0,0,0,0,0
304962,304962,Fatal,2022,March,Thursday,1,Hit parked vehicle,Single Vehicle,153.12584701975,-27.4986604553225,Gateway Arterial Rd,,Gateway Motorway (Eight Mile Plains - Nudgee),Belmont,Brisbane City,4153,Carina,South Brisbane,Brisbane,SEQ South,Metropolitan,Carindale,Carindale,Brisbane - South,Major Cities,Chatsworth,Bonner,State-controlled,No Roadway Feature,No traffic control,0 - 50 km/h,Sealed - Dry,Clear,Darkness - Lighted,Curved - view open,Level,608,Vehs On Path: Accident Or Broken Down,10: Hit Parked Vehicle,N,1,0,0,0,1,1,0,1,0,0,0,0
305104,305104,Fatal,2021,March,Wednesday,14,Head-on,Multi-Vehicle,152.264494340705,-25.6036953548332,Maryborough - Biggenden Rd,,Maryborough - Biggenden Road,Brooweena,Fraser Coast Region,4620,Biggenden,Wide Bay Burnett,North Coast,Southern,Southern Queensland,Maryborough Region - South,Maryborough,Wide Bay,Inner Regional,Maryborough,Wide Bay,State-controlled,Bridge/Causeway,No traffic control,100 - 110 km/h,Sealed - Dry,Clear,Daylight,Curved - view open,Level,201,Vehs Opposite Approach: Head On,02: Head-on,W,1,0,0,0,1,1,0,1,0,0,0,0
305118,305118,Fatal,2022,April,Sunday,19,Hit object,Single Vehicle,149.76506524245,-22.7420664176246,Bruce Hwy,,Bruce Highway (Rockhampton - St Lawrence),Ogmore,Livingstone Shire,4706,Marlborough,Capricornia,Central,Central,Central Queensland,Rockhampton Region - North,Rockhampton,Central Queensland,Remote,Mirani,Capricornia,State-controlled,No Roadway Feature,No traffic control,100 - 110 km/h,Sealed - Wet,Raining,Darkness - Not lighted,Straight,Grade,705,Off Path-Straight: Out Of Control On Cway,17: Out of Control on Straight,N,1,2,0,0,3,1,0,0,0,0,0,0
305157,305157,Fatal,2018,February,Saturday,14,Angle,Multi-Vehicle,152.984720004859,-27.7365544430155,Teviot Rd,,,Greenbank,Logan City,4124,Jimboomba,Logan,South Eastern,SEQ South,South Coast,Greenbank,Jimboomba,Logan - Beaudesert,Major Cities,Logan,Wright,Locally-controlled,No Roadway Feature,No traffic control,70 km/h,Sealed - Dry,Clear,Daylight,Straight,Level,202,Vehs Opposite Approach: Thru-Right,03: Opposing Vehicles Turning,S,1,0,1,0,2,1,1,0,0,0,0,0
305230,305230,Fatal,2021,August,Monday,20,Hit object,Single Vehicle,153.393605917188,-28.0722874869655,Robina Parkway,,,Robina,Gold Coast City,4226,Robina,Gold Coast,South Eastern,SEQ South,South Coast,Robina,Robina,Gold Coast,Major Cities,Mermaid Beach,Mcpherson,Locally-controlled,No Roadway Feature,No traffic control,70 km/h,Sealed - Dry,Clear,Darkness - Lighted,Curved - view open,Level,808,Off Path-Curve: Mounts Traffic Island,19: Off Carriageway on Curve Hit Object,,1,0,0,0,1,1,0,0,0,0,0,0
305268,305268,Fatal,2022,March,Sunday,23,Hit object,Single Vehicle,146.353071415356,-20.032705804171,Flinders Hwy,,Flinders Highway (Townsville - Charters Towers),Broughton,Charters Towers Region,4820,Charters Towers,Townsville,Northern,Northern,North Queensland,Dalrymple,Charters Towers - Ayr - Ingham,Townsville,Outer Regional,Traeger,Kennedy,State-controlled,No Roadway Feature,No traffic control,100 - 110 km/h,Sealed - Dry,Clear,Darkness - Not lighted,Straight,Dip,703,Off Path-Straight: Left Off Cway Hit Obj,16: Off Carriageway on Straight Hit Object,W,1,0,0,0,1,0,0,1,0,0,0,0
305271,305271,Fatal,2021,June,Wednesday,6,Hit object,Single Vehicle,148.250105273376,-20.004561950211,Queens Rd,,,Bowen,Whitsunday Region,4805,Bowen,Mackay,Central,Central,Central Queensland,Bowen,Bowen Basin - North,Mackay - Isaac - Whitsunday,Outer Regional,Burdekin,Dawson,Locally-controlled,No Roadway Feature,No traffic control,0 - 50 km/h,Sealed - Wet,Raining,Daylight,Curved - view open,Level,805,Off Path-Curve: Out Of Control On Cway,20: Out of Control on Curve,W,1,1,0,0,2,1,0,0,0,0,0,0
305363,305363,Fatal,2020,December,Wednesday,22,Hit pedestrian,Hit pedestrian,153.104650651389,-27.0676432407694,Bribie Island Rd,,Caboolture - Bribie Island Road,Ningi,Moreton Bay Region,4511,Bribie Island,Moreton,North Coast,SEQ North,North Coast,Beachmere - Sandstone Point,Bribie - Beachmere,Moreton Bay - North,Major Cities,Pumicestone,Longman,State-controlled,No Roadway Feature,No traffic control,60 km/h,Sealed - Dry,Clear,Darkness - Not lighted,Curved - view open,Level,004,Pedn: Play; Work; Stand; Lie On Cway,12: Pedestrian,W,1,0,0,0,1,1,0,0,0,0,1,0
305397,305397,Fatal,2020,May,Thursday,20,Hit object,Single Vehicle,147.400631371173,-19.6182228796245,Old Home Hill Rd,,,Mcdesme,Burdekin Shire,4807,Ayr,Townsville,Northern,Northern,North Queensland,Ayr,Charters Towers - Ayr - Ingham,Townsville,Outer Regional,Burdekin,Dawson,Locally-controlled,No Roadway Feature,No traffic control,0 - 50 km/h,Sealed - Dry,Clear,Darkness - Not lighted,Straight,Level,400,Vehs Manoeuvring: Other,21: Other,,1,0,0,1,2,0,1,0,0,0,0,0
305450,305450,Fatal,2021,March,Sunday,15,Head-on,Multi-Vehicle,152.816397116055,-26.9928284203153,D'Aguilar Hwy,,D'Aguilar Highway (Caboolture - Kilcoy),Bracalba,Moreton Bay Region,4512,Woodford,Moreton,North Coast,SEQ North,North Coast,Woodford - Daguilar,Caboolture Hinterland,Moreton Bay - North,Inner Regional,Glass House,Longman,State-controlled,No Roadway Feature,No traffic control,80 - 90 km/h,Sealed - Wet,Clear,Daylight,Curved - view open,Grade,201,Vehs Opposite Approach: Head On,02: Head-on,E,2,3,0,0,5,3,0,0,0,0,0,0
305498,305498,Fatal,2022,January,Friday,2,Hit object,Single Vehicle,148.6903756953,-25.6444320327296,Carnarvon Hwy,,Carnarvon Highway (Injune - Rolleston),Baffle West,Maranoa Region,4454,Injune,South West,Southern,Southern,Southern Queensland,Roma Region,Darling Downs (west) - Maranoa,Darling Downs - Maranoa,Remote,Warrego,Maranoa,State-controlled,No Roadway Feature,No traffic control,100 - 110 km/h,Sealed - Dry,Clear,Darkness - Not lighted,Straight,Level,703,Off Path-Straight: Left Off Cway Hit Obj,16: Off Carriageway on Straight Hit Object,N,1,0,0,0,1,1,0,0,0,0,0,0
305579,305579,Fatal,2020,December,Thursday,20,Hit object,Single Vehicle,152.101208440512,-24.8880723331745,Bucca Rd,,,Bucca,Bundaberg Region,4670,South Kolan,Wide Bay Burnett,North Coast,Southern,Southern Queensland,Bundaberg Region - North,Bundaberg,Wide Bay,Inner Regional,Burnett,Flynn,Locally-controlled,No Roadway Feature,No traffic control,100 - 110 km/h,Sealed - Dry,Clear,Darkness - Not lighted,Curved - view open,Level,804,Off Path-Curve: Off Cway Lt Bend Hit Obj,19: Off Carriageway on Curve Hit Object,,1,0,0,0,1,1,0,0,0,0,0,0
305806,305806,Fatal,2018,March,Friday,23,Fall from vehicle,Single Vehicle,153.47840897036,-27.5888854918096,Main Beach Rd,,,North Stradbroke Island,Redland City,4183,Dunwich,South Brisbane,Brisbane,SEQ South,Metropolitan,Redland Islands,Cleveland - Stradbroke,Brisbane - East,Remote,Oodgeroo,Bowman,Locally-controlled,No Roadway Feature,No traffic control,60 km/h,Unsealed - Dry,Clear,Darkness - Not lighted,Straight,Level,901,Pass & Misc: Fell In/From Vehicle,21: Other,,1,0,0,0,1,1,0,0,0,0,0,0
305828,305828,Fatal,2020,March,Sunday,0,Hit object,Single Vehicle,152.964398080468,-27.1531554363664,Springfield Dr,,,Burpengary,Moreton Bay Region,4505,Burpengary,Moreton,North Coast,SEQ North,North Coast,Burpengary,Narangba - Burpengary,Moreton Bay - North,Major Cities,Kurwongbah,Longman,Locally-controlled,No Roadway Feature,No traffic control,0 - 50 km/h,Sealed - Dry,Clear,Darkness - Lighted,Curved - view open,Level,803,Off Path-Curve: Off Cway Rt Bend Hit Obj,19: Off Carriageway on Curve Hit Object,E,1,0,0,0,1,1,0,0,0,0,0,0
305949,305949,Fatal,2021,June,Thursday,18,Head-on,Multi-Vehicle,152.532571240722,-26.2146163859989,Glastonbury Rd,,Gympie - Woolooga Road,Glastonbury,Gympie Region,4570,Gympie,Wide Bay Burnett,North Coast,Southern,Southern Queensland,Gympie Region,Gympie - Cooloola,Wide Bay,Inner Regional,Gympie,Wide Bay,State-controlled,No Roadway Feature,No traffic control,80 - 90 km/h,Sealed - Wet,Raining,Darkness - Not lighted,Curved - view obscured,Crest,201,Vehs Opposite Approach: Head On,02: Head-on,W,1,2,0,0,3,3,0,0,0,0,1,0
305968,305968,Fatal,2021,April,Tuesday,14,Hit object,Single Vehicle,150.597885641428,-24.3696751881195,Calvale Rd,,,Valentine Plains,Banana Shire,4715,Biloela,Capricornia,Central,Central,Central Queensland,Banana,Biloela,Central Queensland,Outer Regional,Callide,Flynn,Locally-controlled,No Roadway Feature,No traffic control,80 - 90 km/h,Sealed - Dry,Clear,Daylight,Straight,Level,704,Off Path-Straight: Right Off Cway Hit Obj,16: Off Carriageway on Straight Hit Object,,1,0,0,0,1,1,0,0,0,0,0,0
306170,306170,Fatal,2020,September,Monday,15,Angle,Multi-Vehicle,152.028348050061,-28.2197913527356,Myall Ave,Wood St,Cunningham Highway (Ipswich - Warwick),Warwick,Southern Downs Region,4370,Warwick,Darling Downs,Southern,Southern,Southern Queensland,Warwick,Granite Belt,Darling Downs - Maranoa,Inner Regional,Southern Downs,Maranoa,State-controlled,Intersection - Cross,Stop sign,60 km/h,Sealed - Dry,Clear,Daylight,Straight,Level,101,Vehs Adjacent Approach: Thru-Thru,01: Intersection: Adjacent Approach,S,1,2,0,1,4,3,0,0,0,0,0,0
306257,306257,Fatal,2019,June,Friday,14,Fall from vehicle,Single Vehicle,153.004263173619,-26.3707554341121,Lake Cooroibah Rd,,,Cooroibah,Noosa Shire,4565,Noosa Heads,Sunshine Coast,North Coast,SEQ North,North Coast,Noosa Hinterland,Noosa Hinterland,Sunshine Coast,Inner Regional,Noosa,Wide Bay,Locally-controlled,No Roadway Feature,No traffic control,70 km/h,Sealed - Dry,Clear,Daylight,Straight,Grade,901,Pass & Misc: Fell In/From Vehicle,21: Other,N,1,0,0,0,1,0,0,0,0,0,0,1
306273,306273,Fatal,2022,February,Friday,22,Hit pedestrian,Hit pedestrian,151.263204633515,-23.876062245268,Marian Cl,,,Sun Valley,Gladstone Region,4680,Gladstone,Capricornia,Central,Central,Central Queensland,Gladstone,Gladstone,Central Queensland,Inner Regional,Gladstone,Flynn,Locally-controlled,No Roadway Feature,No traffic control,0 - 50 km/h,Sealed - Dry,Clear,Darkness - Lighted,Straight,Grade,004,Pedn: Play; Work; Stand; Lie On Cway,12: Pedestrian,,1,0,0,0,1,1,0,0,0,0,1,0
306333,306333,Fatal,2022,March,Wednesday,20,Head-on,Multi-Vehicle,152.579753341318,-25.3382793835601,Bruce Hwy,,Bruce Highway (Maryborough - Gin Gin),Torbanlea,Fraser Coast Region,4662,Howard,Wide Bay Burnett,North Coast,Southern,Southern Queensland,Burrum - Fraser,Maryborough,Wide Bay,Inner Regional,Maryborough,Hinkler,State-controlled,Merge Lane,No traffic control,100 - 110 km/h,Sealed - Dry,Clear,Darkness - Not lighted,Straight,Level,201,Vehs Opposite Approach: Head On,02: Head-on,S,1,2,0,0,3,2,0,0,0,0,0,0
306336,306336,Fatal,2021,March,Saturday,8,Hit object,Single Vehicle,153.093351795773,-26.5701164196602,David Low Way,,Maroochydore - Noosa Road,Mount Coolum,Sunshine Coast Region,4573,Coolum,Sunshine Coast,North Coast,SEQ North,North Coast,Coolum Beach,Maroochy,Sunshine Coast,Major Cities,Maroochydore,Fairfax,State-controlled,No Roadway Feature,No traffic control,70 km/h,Sealed - Dry,Clear,Daylight,Curved - view open,Level,804,Off Path-Curve: Off Cway Lt Bend Hit Obj,19: Off Carriageway on Curve Hit Object,N,1,0,0,0,1,0,1,0,0,0,0,0
306337,306337,Fatal,2021,August,Monday,20,Hit object,Single Vehicle,153.047765123154,-26.7413794414473,Bruce Hwy,,Bruce Highway (Brisbane - Gympie),Palmview,Sunshine Coast Region,4553,Sippy Downs,Sunshine Coast,North Coast,SEQ North,North Coast,Landsborough,Sunshine Coast Hinterland,Sunshine Coast,Major Cities,Buderim,Fisher,State-controlled,No Roadway Feature,No traffic control,100 - 110 km/h,Sealed - Dry,Clear,Darkness - Not lighted,Straight,Level,000,Pedn: Hit Other,21: Other,N,1,0,1,1,3,3,0,0,0,0,1,0
306454,306454,Fatal,2020,March,Friday,15,Head-on,Multi-Vehicle,152.702290248823,-26.0061874010794,Anderleigh Rd,,,Anderleigh,Gympie Region,4570,Tiaro,Wide Bay Burnett,North Coast,Southern,Southern Queensland,Gympie Region,Gympie - Cooloola,Wide Bay,Inner Regional,Gympie,Wide Bay,Locally-controlled,No Roadway Feature,No traffic control,100 - 110 km/h,Sealed - Dry,Clear,Daylight,Straight,Crest,201,Vehs Opposite Approach: Head On,02: Head-on,E,2,3,0,0,5,2,0,0,0,0,0,0
306472,306472,Fatal,2021,January,Sunday,10,Angle,Multi-Vehicle,152.939356063838,-27.3071614350816,Kremzow Rd,,,Warner,Moreton Bay Region,4500,Albany Creek,North Brisbane,Brisbane,SEQ North,North Coast,Cashmere,The Hills District,Moreton Bay - South,Major Cities,Pine Rivers,Dickson,Locally-controlled,No Roadway Feature,No traffic control,70 km/h,Sealed - Dry,Clear,Daylight,Curved - view obscured,Crest,201,Vehs Opposite Approach: Head On,02: Head-on,,1,0,1,0,2,2,0,0,0,0,0,0
306517,306517,Fatal,2020,December,Monday,19,Hit pedestrian,Hit pedestrian,153.44066791266,-28.0673134917235,Gold Coast Hwy,Riviera Rd,Gold Coast Highway (Broadbeach - Coolangatta),Miami,Gold Coast City,4220,Broadbeach,Gold Coast,South Eastern,SEQ South,South Coast,Miami,Broadbeach - Burleigh,Gold Coast,Major Cities,Mermaid Beach,Moncrieff,State-controlled,Intersection - Cross,Operating traffic lights,0 - 50 km/h,Sealed - Dry,Clear,Darkness - Lighted,Straight,Level,003,Pedn: Far Side Vehicle Hit From Left,12: Pedestrian,U,1,0,0,0,1,1,0,0,0,0,1,0
306530,306530,Fatal,2023,June,Saturday,18,Overturned,Single Vehicle,152.907101058539,-27.376893432409,Mailmans Tr,,,Draper,Moreton Bay Region,4520,Ferny Grove,North Brisbane,Brisbane,SEQ North,North Coast,Samford Valley,The Hills District,Moreton Bay - South,Major Cities,Pine Rivers,Dickson,Locally-controlled,No Roadway Feature,No traffic control,60 km/h,Sealed - Dry,Clear,Darkness - Not lighted,Curved - view open,Crest,803,Off Path-Curve: Off Cway Rt Bend Hit Obj,19: Off Carriageway on Curve Hit Object,,1,0,0,0,1,1,0,0,0,0,0,0
306589,306589,Fatal,2022,May,Friday,18,Hit object,Single Vehicle,152.795351323378,-25.3130844046985,Nikenbah - Dundowran Rd,,,Nikenbah,Fraser Coast Region,4655,Hervey Bay,Wide Bay Burnett,North Coast,Southern,Southern Queensland,Booral - River Heads,Hervey Bay,Wide Bay,Inner Regional,Maryborough,Hinkler,Locally-controlled,No Roadway Feature,No traffic control,80 - 90 km/h,Sealed - Dry,Clear,Darkness - Not lighted,Curved - view open,Level,800,Off Path-Curve: Other,21: Other,E,1,0,0,0,1,1,0,0,0,0,0,0
306592,306592,Fatal,2022,May,Sunday,5,Angle,Multi-Vehicle,149.139085096416,-21.1575130335746,Gibsons Rd,Horse And Jockey Rd,,Racecourse,Mackay Region,4740,Mackay,Mackay,Central,Central,Central Queensland,Ooralea - Bakers Creek,Mackay,Mackay - Isaac - Whitsunday,Inner Regional,Mirani,Capricornia,Locally-controlled,Intersection - Cross,No traffic control,80 - 90 km/h,Sealed - Dry,Clear,Darkness - Lighted,Straight,Level,202,Vehs Opposite Approach: Thru-Right,03: Opposing Vehicles Turning,S,1,1,1,0,3,1,1,0,0,0,0,0
306606,306606,Fatal,2021,June,Tuesday,14,Hit object,Single Vehicle,152.752472193403,-26.419082409377,Kenilworth - Skyring Ck Rd,,Kenilworth - Skyring Creek Road,Tuchekoi,Gympie Region,4570,Imbil,Wide Bay Burnett,North Coast,Southern,Southern Queensland,Gympie Region,Gympie - Cooloola,Wide Bay,Inner Regional,Gympie,Wide Bay,State-controlled,No Roadway Feature,No traffic control,100 - 110 km/h,Sealed - Dry,Clear,Daylight,Curved - view open,Level,201,Vehs Opposite Approach: Head On,02: Head-on,N,1,1,0,0,2,2,0,0,0,0,0,0
306620,306620,Fatal,2022,June,Saturday,0,Fall from vehicle,Single Vehicle,143.823777015277,-27.9961096949472,Dowling St,,Bulloo Developmental Road (Cunnamulla - Thargomindah),Thargomindah,Bulloo Shire,4492,Thargomindah,South West,Southern,Southern,Southern Queensland,Far South West,Outback - South,Queensland - Outback,Very Remote,Warrego,Maranoa,State-controlled,No Roadway Feature,No traffic control,0 - 50 km/h,Sealed - Dry,Clear,Darkness - Lighted,Straight,Level,901,Pass & Misc: Fell In/From Vehicle,21: Other,E,1,0,0,0,1,1,0,0,0,0,0,0
306635,306635,Fatal,2022,June,Wednesday,23,Hit object,Single Vehicle,152.607571603701,-25.9866713265556,Neerdie Rd,,,Gunalda,Gympie Region,4570,Tiaro,Wide Bay Burnett,North Coast,Southern,Southern Queensland,Gympie Region,Gympie - Cooloola,Wide Bay,Inner Regional,Gympie,Wide Bay,Locally-controlled,No Roadway Feature,No traffic control,80 - 90 km/h,Sealed - Dry,Clear,Darkness - Not lighted,Curved - view open,Grade,805,Off Path-Curve: Out Of Control On Cway,20: Out of Control on Curve,,1,0,0,0,1,1,0,0,0,0,0,0
306642,306642,Fatal,2020,September,Sunday,2,Hit object,Single Vehicle,145.51465274265,-16.59179171518,Captain Cook Hwy,,Captain Cook Highway (Cairns - Mossman),Oak Beach,Douglas Shire,4877,Port Douglas,Far North,Far Northern,Northern,North Queensland,Port Douglas,Port Douglas - Daintree,Cairns,Outer Regional,Cook,Leichhardt,State-controlled,No Roadway Feature,No traffic control,80 - 90 km/h,Sealed - Dry,Clear,Darkness - Not lighted,Curved - view open,Grade,800,Off Path-Curve: Other,21: Other,N,1,0,0,0,1,1,0,0,0,0,0,0
306701,306701,Fatal,2022,January,Tuesday,13,Head-on,Multi-Vehicle,145.218922699617,-17.4212297018591,Herberton - Petford Rd,,Herberton - Petford Road,Irvinebank,Mareeba Shire,4887,Herberton,Far North,Far Northern,Northern,North Queensland,Tablelands,Far North,Queensland - Outback,Outer Regional,Hill,Kennedy,State-controlled,No Roadway Feature,No traffic control,80 - 90 km/h,Unsealed - Dry,Clear,Daylight,Curved - view obscured,Grade,201,Vehs Opposite Approach: Head On,02: Head-on,W,1,0,0,0,1,0,1,1,0,0,0,0
306782,306782,Fatal,2022,July,Friday,15,Angle,Multi-Vehicle,153.110638969882,-27.9037214569824,Beaudesert - Beenleigh Rd,Mundoolun Connection Rd,Beaudesert - Beenleigh Road,Tamborine,Scenic Rim Region,4270,Canungra,Logan,South Eastern,SEQ South,South Coast,Tamborine - Canungra,Gold Coast Hinterland,Gold Coast,Inner Regional,Scenic Rim,Wright,State-controlled,Intersection - T-Junction,Give way sign,80 - 90 km/h,Sealed - Dry,Clear,Daylight,Straight,Level,104,Vehs Adjacent Approach: Thru-Right,01: Intersection: Adjacent Approach,S,1,0,0,0,1,1,0,1,0,0,0,0
306791,306791,Fatal,2022,July,Sunday,14,Head-on,Multi-Vehicle,152.023180413189,-25.1876943280855,Bruce Hwy,,Bruce Highway (Maryborough - Gin Gin),Booyal,Bundaberg Region,4671,Childers,Wide Bay Burnett,North Coast,Southern,Southern Queensland,Bundaberg Region - South,Bundaberg,Wide Bay,Inner Regional,Burnett,Hinkler,State-controlled,No Roadway Feature,No traffic control,100 - 110 km/h,Sealed - Dry,Clear,Daylight,Straight,Level,201,Vehs Opposite Approach: Head On,02: Head-on,S,1,2,0,0,3,2,0,0,0,0,0,0
306793,306793,Fatal,2022,July,Sunday,17,Sideswipe,Multi-Vehicle,151.444318589862,-24.1192662642359,Bruce Hwy,,Bruce Highway (Gin Gin - Benaraby),Iveragh,Gladstone Region,4680,Tannum Sands,Capricornia,Central,Central,Central Queensland,Gladstone Hinterland,Gladstone,Central Queensland,Inner Regional,Callide,Flynn,State-controlled,No Roadway Feature,No traffic control,100 - 110 km/h,Sealed - Dry,Clear,Daylight,Straight,Level,201,Vehs Opposite Approach: Head On,02: Head-on,W,1,0,2,0,3,2,0,0,0,0,0,0
306794,306794,Fatal,2021,November,Monday,9,Hit pedestrian,Hit pedestrian,152.957965048576,-27.412892437781,Gralton St,,,Keperra,Brisbane City,4054,Ferny Grove,North Brisbane,Brisbane,SEQ North,Metropolitan,Keperra,The Gap - Enoggera,Brisbane - West,Major Cities,Ferny Grove,Ryan,Locally-controlled,No Roadway Feature,No traffic control,0 - 50 km/h,Sealed - Dry,Clear,Daylight,Straight,Level,906,Pass & Misc: Parked Car Ran Away,21: Other,,1,0,0,0,1,0,0,1,0,0,1,0
306795,306795,Fatal,2022,July,Sunday,9,Angle,Multi-Vehicle,153.0413880291,-27.4964444468074,Logan Rd,Martin St,,Woolloongabba,Brisbane City,4102,Dutton Park,South Brisbane,Brisbane,SEQ South,Metropolitan,Woolloongabba,Holland Park - Yeronga,Brisbane - South,Major Cities,South Brisbane,Griffith,Locally-controlled,Intersection - T-Junction,No traffic control,60 km/h,Sealed - Dry,Clear,Daylight,Curved - view open,Level,202,Vehs Opposite Approach: Thru-Right,03: Opposing Vehicles Turning,N,1,0,0,0,1,1,1,0,0,0,0,0
306796,306796,Fatal,2022,August,Wednesday,13,Rear-end,Multi-Vehicle,145.907096602535,-18.0942917556172,Bruce Hwy,,Bruce Highway (Ingham - Innisfail),Bilyana,Cassowary Coast Region,4854,Tully,Far North,Far Northern,Northern,North Queensland,Tully,Innisfail - Cassowary Coast,Cairns,Remote,Hinchinbrook,Kennedy,State-controlled,No Roadway Feature,No traffic control,100 - 110 km/h,Sealed - Dry,Clear,Daylight,Straight,Level,301,Vehs Same Direction: Rear End,04: Rear-end,S,1,0,0,0,1,1,0,2,0,0,0,0
306797,306797,Fatal,2022,July,Sunday,16,Fall from vehicle,Single Vehicle,153.257967989172,-27.6272734696876,Heinemann Rd,,,Mount Cotton,Redland City,4165,Redland Bay,South Brisbane,Brisbane,SEQ South,Metropolitan,Sheldon - Mount Cotton,Cleveland - Stradbroke,Brisbane - East,Major Cities,Redlands,Bowman,Locally-controlled,No Roadway Feature,No traffic control,60 km/h,Sealed - Dry,Clear,Daylight,Curved - view open,Level,201,Vehs Opposite Approach: Head On,02: Head-on,E,1,0,0,0,1,1,1,0,0,0,0,0
306798,306798,Fatal,2022,August,Friday,7,Overturned,Single Vehicle,151.695820536373,-24.3868172902113,Fingerboard Rd,,Bundaberg - Miriam Vale Road,Mount Tom,Gladstone Region,4677,Rosedale,Capricornia,Central,Central,Central Queensland,Agnes Water - Miriam Vale,Gladstone,Central Queensland,Outer Regional,Burnett,Flynn,State-controlled,No Roadway Feature,No traffic control,100 - 110 km/h,Sealed - Dry,Clear,Daylight,Curved - view open,Level,805,Off Path-Curve: Out Of Control On Cway,20: Out of Control on Curve,W,1,0,0,0,1,1,0,0,0,0,0,0
306812,306812,Fatal,2022,August,Wednesday,11,Hit object,Single Vehicle,152.977218054905,-27.3461584391811,Albany Creek Rd,,South Pine Road,Albany Creek,Moreton Bay Region,4035,Albany Creek,North Brisbane,Brisbane,SEQ North,North Coast,Albany Creek,The Hills District,Moreton Bay - South,Major Cities,Everton,Dickson,State-controlled,No Roadway Feature,No traffic control,60 km/h,Sealed - Dry,Clear,Daylight,Curved - view open,Level,201,Vehs Opposite Approach: Head On,02: Head-on,W,1,0,0,0,1,1,1,0,0,0,0,1
306847,306847,Fatal,2022,May,Sunday,7,Hit object,Single Vehicle,152.841704280145,-27.5954835246099,Warrego Hwy,,Warrego Highway (Ipswich - Toowoomba),Riverview,Ipswich City,4303,Goodna,Ipswich,Southern,SEQ South,Metropolitan,Riverview,Ipswich Inner,Ipswich,Major Cities,Bundamba,Blair,State-controlled,Intersection - Interchange,No traffic control,80 - 90 km/h,Sealed - Dry,Clear,Daylight,Curved - view open,Grade,804,Off Path-Curve: Off Cway Lt Bend Hit Obj,19: Off Carriageway on Curve Hit Object,E,1,0,0,0,1,0,1,0,0,0,0,0
306876,306876,Fatal,2023,December,Thursday,17,Head-on,Multi-Vehicle,152.815221033123,-27.658317425467,Swanbank Rd,,Swanbank Road,Swanbank,Ipswich City,4306,Yamanto,Ipswich,Southern,SEQ South,Metropolitan,Ripley,Ipswich Inner,Ipswich,Major Cities,Bundamba,Blair,State-controlled,No Roadway Feature,No traffic control,80 - 90 km/h,Sealed - Dry,Clear,Daylight,Curved - view open,Level,201,Vehs Opposite Approach: Head On,02: Head-on,E,1,3,0,0,4,2,0,0,0,0,0,0
306880,306880,Fatal,2023,December,Friday,19,Angle,Multi-Vehicle,152.98315606218,-27.2831924392772,Gympie Rd,Lawnton Pkt Rd,Brisbane - Woodford Road,Lawnton,Moreton Bay Region,4501,Petrie,Moreton,North Coast,SEQ North,North Coast,Lawnton,Strathpine,Moreton Bay - South,Major Cities,Pine Rivers,Dickson,State-controlled,Intersection - Cross,Operating traffic lights,70 km/h,Sealed - Dry,Clear,Darkness - Lighted,Straight,Level,408,Vehs Manoeuvring: Entering From Footway,08: Vehicle Leaving Driveway,W,1,0,0,0,1,2,0,0,0,0,0,1
306895,306895,Fatal,2020,November,Sunday,13,Hit object,Single Vehicle,152.78478200221,-27.9304014245772,Beaudesert - Boonah Rd,,Beaudesert - Boonah Road,Wyaralong,Scenic Rim Region,4310,Kalbar,Ipswich,Southern,SEQ South,South Coast,Boonah,Ipswich Hinterland,Ipswich,Inner Regional,Scenic Rim,Wright,State-controlled,No Roadway Feature,No traffic control,100 - 110 km/h,Sealed - Dry,Clear,Daylight,Straight,Level,703,Off Path-Straight: Left Off Cway Hit Obj,16: Off Carriageway on Straight Hit Object,W,2,4,0,0,6,1,0,0,0,0,0,0