_id,Crash_Ref_Number,Crash_Severity,Crash_Year,Crash_Month,Crash_Day_Of_Week,Crash_Hour,Crash_Nature,Crash_Type,Crash_Longitude,Crash_Latitude,Crash_Street,Crash_Street_Intersecting,State_Road_Name,Loc_Suburb,Loc_Local_Government_Area,Loc_Post_Code,Loc_Police_Division,Loc_Police_District,Loc_Police_Region,Loc_Queensland_Transport_Region,Loc_Main_Roads_Region,Loc_ABS_Statistical_Area_2,Loc_ABS_Statistical_Area_3,Loc_ABS_Statistical_Area_4,Loc_ABS_Remoteness,Loc_State_Electorate,Loc_Federal_Electorate,Crash_Controlling_Authority,Crash_Roadway_Feature,Crash_Traffic_Control,Crash_Speed_Limit,Crash_Road_Surface_Condition,Crash_Atmospheric_Condition,Crash_Lighting_Condition,Crash_Road_Horiz_Align,Crash_Road_Vert_Align,Crash_DCA_Code,Crash_DCA_Description,Crash_DCA_Group_Description,DCA_Key_Approach_Dir,Count_Casualty_Fatality,Count_Casualty_Hospitalised,Count_Casualty_MedicallyTreated,Count_Casualty_MinorInjury,Count_Casualty_Total,Count_Unit_Car,Count_Unit_Motorcycle_Moped,Count_Unit_Truck,Count_Unit_Bus,Count_Unit_Bicycle,Count_Unit_Pedestrian,Count_Unit_Other
306913,306913,Fatal,2021,May,Friday,23,Hit object,Single Vehicle,151.997923993049,-28.7094093536012,Sommerville La,,,Storm King,Southern Downs Region,4380,Stanthorpe,Darling Downs,Southern,Southern,Southern Queensland,Stanthorpe Region,Granite Belt,Darling Downs - Maranoa,Outer Regional,Southern Downs,Maranoa,Locally-controlled,Forestry/National Park Road,No traffic control,100 - 110 km/h,Unsealed - Dry,Clear,Darkness - Not lighted,Straight,Level,705,Off Path-Straight: Out Of Control On Cway,17: Out of Control on Straight,,1,1,1,1,4,1,0,0,0,0,0,0
307110,307110,Fatal,2017,September,Wednesday,8,Hit object,Single Vehicle,151.715496493648,-24.7462872950259,Bruce Hwy,,Bruce Highway (Gin Gin - Benaraby),Kolonga,Bundaberg Region,4671,Gin Gin,Wide Bay Burnett,North Coast,Southern,Southern Queensland,Gin Gin,Burnett,Wide Bay,Outer Regional,Callide,Flynn,State-controlled,No Roadway Feature,No traffic control,100 - 110 km/h,Sealed - Dry,Clear,Daylight,Curved - view open,Crest,803,Off Path-Curve: Off Cway Rt Bend Hit Obj,19: Off Carriageway on Curve Hit Object,S,2,1,0,0,3,1,0,0,0,0,0,0
307196,307196,Fatal,2019,July,Saturday,13,Angle,Multi-Vehicle,153.182404011445,-27.5162574611675,Old Cleveland Rd,Tinchborne St,Cleveland Sub-Arterial Road,Chandler,Brisbane City,4155,Capalaba,South Brisbane,Brisbane,SEQ South,Metropolitan,Belmont - Gumdale,Capalaba,Brisbane - East,Major Cities,Chatsworth,Bonner,State-controlled,Intersection - Cross,No traffic control,70 km/h,Sealed - Dry,Clear,Daylight,Straight,Level,207,Vehs Opposite Approach: U-Turn,07: U-turn,W,1,2,0,0,3,1,1,0,0,0,0,0
307230,307230,Fatal,2022,February,Wednesday,15,Head-on,Multi-Vehicle,148.58606007559,-21.8515249931772,Peak Downs Hwy,,Peak Downs Highway (Clermont - Nebo),Strathfield,Isaac Region,4742,Nebo,Mackay,Central,Central,Central Queensland,Broadsound - Nebo,Bowen Basin - North,Mackay - Isaac - Whitsunday,Remote,Burdekin,Capricornia,State-controlled,No Roadway Feature,No traffic control,100 - 110 km/h,Sealed - Dry,Clear,Daylight,Straight,Grade,201,Vehs Opposite Approach: Head On,02: Head-on,E,1,2,0,0,3,2,0,0,0,0,0,0
307239,307239,Fatal,2021,November,Tuesday,19,Hit object,Single Vehicle,152.763178315935,-25.4009444022169,Maryborough - Hervey Bay Rd,,Maryborough - Hervey Bay Road,Susan River,Fraser Coast Region,4655,Hervey Bay,Wide Bay Burnett,North Coast,Southern,Southern Queensland,Burrum - Fraser,Maryborough,Wide Bay,Inner Regional,Maryborough,Hinkler,State-controlled,No Roadway Feature,No traffic control,100 - 110 km/h,Sealed - Dry,Clear,Darkness - Not lighted,Straight,Crest,704,Off Path-Straight: Right Off Cway Hit Obj,16: Off Carriageway on Straight Hit Object,S,1,0,0,0,1,1,0,0,0,0,0,0
307333,307333,Fatal,2021,October,Wednesday,14,Fall from vehicle,Single Vehicle,153.081643096024,-26.5697427314793,Burremah Cres,,,Mount Coolum,Sunshine Coast Region,4573,Coolum,Sunshine Coast,North Coast,SEQ North,North Coast,Coolum Beach,Maroochy,Sunshine Coast,Major Cities,Maroochydore,Fairfax,Locally-controlled,No Roadway Feature,No traffic control,0 - 50 km/h,Sealed - Dry,Clear,Daylight,Straight,Grade,405,Vehs Manoeuvring: Rev Into Fixed Object,21: Other,,1,0,0,0,1,1,0,0,0,0,0,0
307336,307336,Fatal,2021,October,Tuesday,18,Hit object,Single Vehicle,152.978053500821,-26.552483996943,Collins Rd,,,Ninderry,Sunshine Coast Region,4561,Nambour,Sunshine Coast,North Coast,SEQ North,North Coast,Eumundi - Yandina,Nambour,Sunshine Coast,Inner Regional,Ninderry,Fairfax,Locally-controlled,No Roadway Feature,No traffic control,70 km/h,Sealed - Dry,Clear,Darkness - Not lighted,Curved - view obscured,Dip,804,Off Path-Curve: Off Cway Lt Bend Hit Obj,19: Off Carriageway on Curve Hit Object,,1,0,0,0,1,0,1,0,0,0,0,0
307442,307442,Fatal,2024,January,Friday,11,Rear-end,Multi-Vehicle,153.024910010418,-27.6582214464297,Johnson Rd,,,Parkinson,Brisbane City,4115,Browns Plains,Logan,South Eastern,SEQ South,Metropolitan,Parkinson - Drewvale,Rocklea - Acacia Ridge,Brisbane - South,Major Cities,Algester,Rankin,Locally-controlled,No Roadway Feature,No traffic control,60 km/h,Sealed - Dry,Clear,Daylight,Straight,Level,301,Vehs Same Direction: Rear End,04: Rear-end,,1,2,0,0,3,4,0,0,0,0,0,0
307451,307451,Fatal,2024,February,Friday,11,Angle,Multi-Vehicle,152.581040349153,-25.2715443831439,Burrum Heads Rd,,,Burrum River,Fraser Coast Region,4659,Howard,Wide Bay Burnett,North Coast,Southern,Southern Queensland,Burrum - Fraser,Maryborough,Wide Bay,Inner Regional,Maryborough,Hinkler,Locally-controlled,No Roadway Feature,No traffic control,100 - 110 km/h,Sealed - Dry,Clear,Daylight,Straight,Level,202,Vehs Opposite Approach: Thru-Right,03: Opposing Vehicles Turning,,1,0,1,0,2,1,1,0,0,0,0,0
307563,307563,Fatal,2024,April,Monday,13,Angle,Multi-Vehicle,152.942599986606,-27.9168794402149,Brookland Rd,,,Allenview,Scenic Rim Region,4285,Beaudesert,Logan,South Eastern,SEQ South,South Coast,Beaudesert,Beaudesert,Logan - Beaudesert,Inner Regional,Scenic Rim,Wright,Locally-controlled,No Roadway Feature,No traffic control,80 - 90 km/h,Sealed - Wet,Clear,Daylight,Straight,Grade,201,Vehs Opposite Approach: Head On,02: Head-on,,1,0,0,0,1,1,0,1,0,0,0,0
307704,307704,Fatal,2020,April,Tuesday,12,Sideswipe,Multi-Vehicle,152.946484090958,-27.0843814340269,King St,,Caboolture Connection Road,Caboolture,Moreton Bay Region,4510,Caboolture,Moreton,North Coast,SEQ North,North Coast,Caboolture,Caboolture,Moreton Bay - North,Major Cities,Morayfield,Longman,State-controlled,No Roadway Feature,No traffic control,60 km/h,Sealed - Wet,Clear,Daylight,Straight,Level,402,Vehs Manoeuvring: Parking,10: Hit Parked Vehicle,E,1,0,0,0,1,2,1,0,0,0,0,0
307760,307760,Fatal,2020,July,Friday,17,Head-on,Multi-Vehicle,150.755416211028,-28.0679372319585,Gore Hwy,,Gore Highway (Millmerran - Goondiwindi),Kindon,Goondiwindi Region,4390,Goondiwindi,Darling Downs,Southern,Southern,Southern Queensland,Inglewood - Waggamba,Darling Downs (west) - Maranoa,Darling Downs - Maranoa,Outer Regional,Southern Downs,Maranoa,State-controlled,No Roadway Feature,No traffic control,100 - 110 km/h,Sealed - Wet,Clear,Darkness - Not lighted,Straight,Level,201,Vehs Opposite Approach: Head On,02: Head-on,S,1,1,0,0,2,1,0,1,0,0,0,0
307764,307764,Fatal,2020,July,Saturday,12,Head-on,Multi-Vehicle,153.278817936621,-28.0194334748868,Nerang - Murwillumbah Rd,,Nerang - Murwillumbah Road,Advancetown,Gold Coast City,4211,Nerang,Gold Coast,South Eastern,SEQ South,South Coast,Guanaba - Springbrook,Gold Coast Hinterland,Gold Coast,Major Cities,Mudgeeraba,Wright,State-controlled,No Roadway Feature,No traffic control,80 - 90 km/h,Sealed - Wet,Raining,Daylight,Curved - view open,Grade,201,Vehs Opposite Approach: Head On,02: Head-on,S,4,0,1,0,5,2,0,0,0,0,0,0
308052,308052,Fatal,2020,July,Wednesday,19,Hit pedestrian,Hit pedestrian,149.165599103526,-21.0615420350128,Eimeo Rd,,Eimeo Road,Rural View,Mackay Region,4740,Mackay Northern Beaches,Mackay,Central,Central,Central Queensland,Eimeo - Rural View,Mackay,Mackay - Isaac - Whitsunday,Inner Regional,Whitsunday,Dawson,State-controlled,No Roadway Feature,No traffic control,60 km/h,Sealed - Dry,Clear,Darkness - Not lighted,Straight,Level,003,Pedn: Far Side Vehicle Hit From Left,12: Pedestrian,N,1,0,0,0,1,1,0,0,0,0,1,0
308183,308183,Fatal,2022,February,Sunday,21,Hit object,Single Vehicle,152.488314117232,-27.264714390023,Brisbane Valley Hwy,,Brisbane Valley Highway (Ipswich - Harlin),Lake Wivenhoe,Somerset Region,4312,Esk,Ipswich,Southern,SEQ North,North Coast,Esk,Ipswich Hinterland,Ipswich,Inner Regional,Nanango,Blair,State-controlled,No Roadway Feature,No traffic control,100 - 110 km/h,Sealed - Wet,Raining,Darkness - Not lighted,Straight,Grade,607,Vehs On Path: Temporary Object On Cway,21: Other,E,1,0,0,0,1,1,0,0,0,0,0,0
308185,308185,Fatal,2020,July,Tuesday,15,Angle,Multi-Vehicle,153.304997981629,-27.6465874746084,Cleveland - Redland Bay Rd,Serpentine Creek Rd,Cleveland - Redland Bay Road,Redland Bay,Redland City,4165,Redland Bay,South Brisbane,Brisbane,SEQ South,Metropolitan,Redland Bay,Cleveland - Stradbroke,Brisbane - East,Major Cities,Redlands,Bowman,State-controlled,Intersection - T-Junction,Give way sign,80 - 90 km/h,Sealed - Dry,Clear,Daylight,Curved - view open,,104,Vehs Adjacent Approach: Thru-Right,01: Intersection: Adjacent Approach,S,1,0,0,0,1,1,0,1,0,0,0,0
308227,308227,Fatal,2021,April,Sunday,19,Hit object,Single Vehicle,152.82980121571,-26.1724924150846,Vines Rd,,,Wolvi,Gympie Region,4570,Gympie,Wide Bay Burnett,North Coast,Southern,Southern Queensland,Gympie Region,Gympie - Cooloola,Wide Bay,Inner Regional,Gympie,Wide Bay,Locally-controlled,No Roadway Feature,No traffic control,100 - 110 km/h,Unsealed - Dry,Clear,Darkness - Not lighted,Curved - view open,Level,804,Off Path-Curve: Off Cway Lt Bend Hit Obj,19: Off Carriageway on Curve Hit Object,,2,1,0,0,3,1,0,0,0,0,0,0
308561,308561,Fatal,2022,May,Sunday,5,Hit pedestrian,Hit pedestrian,149.247472065903,-21.3827210446679,Sarina Beach Rd,,Sarina - Coast Road,Sarina,Mackay Region,4737,Sarina,Mackay,Central,Central,Central Queensland,Sarina,Mackay,Mackay - Isaac - Whitsunday,Outer Regional,Mirani,Capricornia,State-controlled,No Roadway Feature,No traffic control,80 - 90 km/h,Sealed - Wet,Clear,Darkness - Not lighted,Straight,Grade,004,Pedn: Play; Work; Stand; Lie On Cway,12: Pedestrian,E,1,0,0,0,1,1,0,0,0,0,1,0
308696,308696,Fatal,2013,July,Wednesday,15,Head-on,Multi-Vehicle,149.221037001951,-21.1149156471676,Mulherin Dr,,,Mackay Harbour,Mackay Region,4740,Mackay,Mackay,Central,Central,Central Queensland,Mackay Harbour,Mackay,Mackay - Isaac - Whitsunday,Inner Regional,Mackay,Dawson,Locally-controlled,No Roadway Feature,No traffic control,0 - 50 km/h,Sealed - Dry,Clear,Daylight,Curved - view open,Level,201,Vehs Opposite Approach: Head On,02: Head-on,S,1,2,0,0,3,2,0,0,0,0,0,0
308697,308697,Fatal,2013,July,Wednesday,15,Sideswipe,Multi-Vehicle,153.315558858389,-27.8811874645285,Pacific Hwy,,Pacific Highway (Pacific Motorway),Helensvale,Gold Coast City,4212,Coomera,Gold Coast,South Eastern,SEQ South,South Coast,Helensvale,Ormeau - Oxenford,Gold Coast,Major Cities,Theodore,Fadden,State-controlled,No Roadway Feature,No traffic control,100 - 110 km/h,Sealed - Dry,Clear,Daylight,Straight,Grade,306,Vehs Same Direction: Lane Change Right,05: Lane Change,S,1,1,0,0,2,3,0,0,0,0,0,0
308698,308698,Fatal,2013,August,Friday,14,Overturned,Single Vehicle,152.848381118494,-26.8331641472294,Kilcoy - Beerwah Rd,,Kilcoy - Beerwah Road,Peachester,Sunshine Coast Region,4519,Beerwah,Sunshine Coast,North Coast,SEQ North,North Coast,Beerwah,Sunshine Coast Hinterland,Sunshine Coast,Inner Regional,Glass House,Fisher,State-controlled,No Roadway Feature,No traffic control,100 - 110 km/h,Sealed - Dry,Clear,Daylight,Curved - view open,Level,804,Off Path-Curve: Off Cway Lt Bend Hit Obj,19: Off Carriageway on Curve Hit Object,W,1,0,0,0,1,1,0,0,0,0,0,0
308699,308699,Fatal,2013,August,Saturday,0,Overturned,Single Vehicle,152.620543949844,-27.4605920736,Forest Hill - Fernvale Rd,,Forest Hill - Fernvale Road,Vernor,Somerset Region,4306,Lowood,Ipswich,Southern,SEQ North,North Coast,Lowood,Ipswich Hinterland,Ipswich,Inner Regional,Lockyer,Blair,State-controlled,No Roadway Feature,No traffic control,100 - 110 km/h,Sealed - Dry,Clear,Darkness - Not lighted,Straight,Level,702,Off Path-Straight: Right Off Cway,15: Off Carriageway on Straight,E,1,2,3,0,6,1,0,0,0,0,0,0
308712,308712,Fatal,2018,June,Friday,14,Hit object,Single Vehicle,153.279837936049,-28.0230094750182,Nerang - Murwillumbah Rd,Parkway Dr,Nerang - Murwillumbah Road,Advancetown,Gold Coast City,4211,Nerang,Gold Coast,South Eastern,SEQ South,South Coast,Guanaba - Springbrook,Gold Coast Hinterland,Gold Coast,Major Cities,Mudgeeraba,Wright,State-controlled,Intersection - T-Junction,No traffic control,80 - 90 km/h,Sealed - Dry,Clear,Daylight,Curved - view obscured,Level,803,Off Path-Curve: Off Cway Rt Bend Hit Obj,19: Off Carriageway on Curve Hit Object,N,1,0,0,0,1,0,1,0,0,0,0,0
308713,308713,Fatal,2018,August,Sunday,2,Hit object,Single Vehicle,153.341344936386,-27.9680594808306,Castle Hill Dr,,,Gaven,Gold Coast City,4211,Nerang,Gold Coast,South Eastern,SEQ South,South Coast,Pacific Pines - Gaven,Nerang,Gold Coast,Major Cities,Gaven,Fadden,Locally-controlled,No Roadway Feature,No traffic control,0 - 50 km/h,Sealed - Dry,Clear,Darkness - Not lighted,Curved - view obscured,Crest,502,Vehs Overtaking: Out Of Control,15: Off Carriageway on Straight,,1,0,0,0,1,1,0,0,0,0,0,0
308714,308714,Fatal,2018,December,Sunday,8,Angle,Multi-Vehicle,153.521745890744,-28.1672625007918,Coolangatta Rd,Musgrave St,,Coolangatta,Gold Coast City,4225,Coolangatta,Gold Coast,South Eastern,SEQ South,South Coast,Currumbin - Tugun,Coolangatta,Gold Coast,Major Cities,Currumbin,Mcpherson,Locally-controlled,Intersection - Cross,Operating traffic lights,60 km/h,Sealed - Dry,Clear,Daylight,Straight,Level,101,Vehs Adjacent Approach: Thru-Thru,01: Intersection: Adjacent Approach,E,1,0,0,0,1,1,1,0,0,0,0,0
308849,308849,Fatal,2021,December,Friday,2,Overturned,Single Vehicle,152.065095047601,-28.2063593561788,Mt Tabor Rd,,,Mount Tabor,Southern Downs Region,4370,Warwick,Darling Downs,Southern,Southern,Southern Queensland,Warwick,Granite Belt,Darling Downs - Maranoa,Inner Regional,Southern Downs,Maranoa,Locally-controlled,No Roadway Feature,No traffic control,100 - 110 km/h,Unsealed - Dry,Clear,Darkness - Not lighted,Straight,Crest,705,Off Path-Straight: Out Of Control On Cway,17: Out of Control on Straight,N,1,2,0,0,3,1,0,0,0,0,0,0
308921,308921,Fatal,2016,July,Friday,15,Head-on,Multi-Vehicle,151.207758642006,-23.8450102398447,Gladstone - Mt Larcom Rd,,Gladstone - Mount Larcom Road,Callemondah,Gladstone Region,4680,Gladstone,Capricornia,Central,Central,Central Queensland,Callemondah,Gladstone,Central Queensland,Inner Regional,Gladstone,Flynn,State-controlled,No Roadway Feature,No traffic control,80 - 90 km/h,Sealed - Dry,Clear,Daylight,Curved - view open,Level,201,Vehs Opposite Approach: Head On,02: Head-on,E,1,2,0,0,3,1,1,1,0,0,0,0
308924,308924,Fatal,2016,July,Sunday,15,Hit object,Single Vehicle,152.700838209175,-26.3332454035672,Meddleton Rd,,,Amamoor,Gympie Region,4570,Imbil,Wide Bay Burnett,North Coast,Southern,Southern Queensland,Gympie Region,Gympie - Cooloola,Wide Bay,Inner Regional,Gympie,Wide Bay,Locally-controlled,No Roadway Feature,No traffic control,100 - 110 km/h,Sealed - Dry,Clear,Daylight,Curved - view obscured,Dip,804,Off Path-Curve: Off Cway Lt Bend Hit Obj,19: Off Carriageway on Curve Hit Object,E,1,0,0,0,1,0,1,0,0,0,0,0
308926,308926,Fatal,2016,July,Sunday,13,Rear-end,Multi-Vehicle,152.941303122709,-26.833914431514,Old Gympie Rd,,,Mount Mellum,Sunshine Coast Region,4550,Beerwah,Sunshine Coast,North Coast,SEQ North,North Coast,Landsborough,Sunshine Coast Hinterland,Sunshine Coast,Inner Regional,Glass House,Fisher,Locally-controlled,No Roadway Feature,No traffic control,60 km/h,Sealed - Dry,Clear,Daylight,Curved - view obscured,Crest,301,Vehs Same Direction: Rear End,04: Rear-end,N,1,0,0,0,1,2,1,0,0,0,1,0
308927,308927,Fatal,2016,July,Saturday,15,Angle,Multi-Vehicle,151.920917006101,-28.6751553459269,New England Hwy,Wallangarra Rd,New England Highway (Warwick - Wallangarra),Stanthorpe,Southern Downs Region,4380,Stanthorpe,Darling Downs,Southern,Southern,Southern Queensland,Stanthorpe,Granite Belt,Darling Downs - Maranoa,Outer Regional,Southern Downs,Maranoa,State-controlled,Intersection - T-Junction,Give way sign,80 - 90 km/h,Sealed - Dry,Clear,Daylight,Curved - view open,Level,202,Vehs Opposite Approach: Thru-Right,03: Opposing Vehicles Turning,N,1,0,3,0,4,1,0,1,0,0,0,0
308928,308928,Fatal,2016,July,Sunday,5,Hit object,Single Vehicle,153.094608057279,-27.2280004500326,Redcliffe Rd,,Redcliffe Road,Kippa-ring,Moreton Bay Region,4021,Redcliffe,Moreton,North Coast,SEQ North,North Coast,Rothwell - Kippa-ring,Redcliffe,Moreton Bay - North,Major Cities,Redcliffe,Petrie,State-controlled,No Roadway Feature,No traffic control,60 km/h,Sealed - Dry,Clear,Dawn/Dusk,Straight,Grade,000,Pedn: Hit Other,21: Other,W,1,0,1,0,2,1,0,0,0,0,1,0
309127,309127,Fatal,2013,August,Tuesday,11,Hit pedestrian,Hit pedestrian,153.058383882444,-27.4159308408784,Junction Rd,Sandgate Rd,East-West Arterial Road,Clayfield,Brisbane City,4011,Hendra,North Brisbane,Brisbane,SEQ North,Metropolitan,Clayfield,Brisbane Inner - North,Brisbane Inner City,Major Cities,Clayfield,Brisbane,State-controlled,Intersection - T-Junction,No traffic control,60 km/h,Sealed - Dry,Clear,Daylight,Straight,Level,001,Pedn: Near Side Vehicle Hit From Right,12: Pedestrian,E,1,0,0,0,1,1,0,0,0,0,1,0
309133,309133,Fatal,2013,August,Thursday,20,Rear-end,Multi-Vehicle,152.378258852908,-24.931839814466,Goodwood Rd,,Goodwood Road,Alloway,Bundaberg Region,4670,Bundaberg,Wide Bay Burnett,North Coast,Southern,Southern Queensland,Bundaberg Region - South,Bundaberg,Wide Bay,Inner Regional,Burnett,Hinkler,State-controlled,No Roadway Feature,No traffic control,100 - 110 km/h,Sealed - Dry,Clear,Darkness - Not lighted,Straight,Level,301,Vehs Same Direction: Rear End,04: Rear-end,N,1,0,0,0,1,1,0,0,0,0,0,1
309135,309135,Fatal,2013,August,Saturday,11,Angle,Multi-Vehicle,146.821849058308,-19.2698650675184,Townsville Port Rd,,North Townsville Road,Railway Estate,Townsville City,4810,Townsville,Townsville,Northern,Northern,North Queensland,South Townsville - Railway Estate,Townsville,Townsville,Outer Regional,Townsville,Herbert,State-controlled,No Roadway Feature,No traffic control,60 km/h,Sealed - Dry,Clear,Daylight,Straight,Level,408,Vehs Manoeuvring: Entering From Footway,08: Vehicle Leaving Driveway,W,1,0,0,0,1,1,0,1,0,0,0,0
309251,309251,Fatal,2016,August,Monday,17,Hit object,Single Vehicle,153.108127054609,-27.2378104514715,Brighton - Redcliffe Rd,Macdonnell Rd,Brighton - Redcliffe Road,Margate,Moreton Bay Region,4019,Redcliffe,Moreton,North Coast,SEQ North,North Coast,Margate - Woody Point,Redcliffe,Moreton Bay - North,Major Cities,Redcliffe,Petrie,State-controlled,Intersection - T-Junction,Give way sign,60 km/h,Sealed - Dry,Clear,Dawn/Dusk,Straight,Level,706,Off Path-Straight: Left Turn,15: Off Carriageway on Straight,W,1,0,1,0,2,1,0,0,0,0,0,0
309422,309422,Fatal,2016,August,Wednesday,17,Rear-end,Multi-Vehicle,152.954867165272,-26.4791644300338,Eumundi - Noosa Rd,Napier Rd,Eumundi - Noosa Road,Eumundi,Sunshine Coast Region,4562,Eumundi,Sunshine Coast,North Coast,SEQ North,North Coast,Eumundi - Yandina,Nambour,Sunshine Coast,Inner Regional,Ninderry,Fairfax,State-controlled,Intersection - T-Junction,No traffic control,80 - 90 km/h,Sealed - Dry,Clear,Dawn/Dusk,Straight,Level,303,Vehs Same Direction: Right Rear,04: Rear-end,N,1,1,1,0,3,4,0,0,0,0,0,0
309594,309594,Fatal,2013,August,Tuesday,7,Angle,Multi-Vehicle,151.967668520084,-27.5534036416722,Bridge St,Mary St,,Mount Lofty,Toowoomba Region,4350,Toowoomba,Darling Downs,Southern,Southern,Southern Queensland,Toowoomba - East,Toowoomba,Toowoomba,Inner Regional,Toowoomba North,Groom,Locally-controlled,Intersection - Cross,Operating traffic lights,60 km/h,Sealed - Dry,Clear,Daylight,Straight,Level,309,Vehs Same Direction: Left Turn S/Swipe,06: Parallel Lanes Turning,N,1,0,0,0,1,0,1,1,0,0,0,0
309595,309595,Fatal,2013,August,Tuesday,11,Head-on,Multi-Vehicle,152.671464177187,-27.7026154335436,Cunningham Hwy,,Cunningham Highway (Ipswich - Warwick),Willowbank,Ipswich City,4306,Yamanto,Ipswich,Southern,SEQ South,Metropolitan,Rosewood,Ipswich Hinterland,Ipswich,Major Cities,Scenic Rim,Blair,State-controlled,No Roadway Feature,No traffic control,100 - 110 km/h,Sealed - Dry,Clear,Daylight,Curved - view open,Grade,201,Vehs Opposite Approach: Head On,02: Head-on,S,1,1,0,0,2,1,0,1,0,0,0,0
309596,309596,Fatal,2013,August,Thursday,8,Head-on,Multi-Vehicle,147.263685479743,-23.6398338833563,Capricorn Hwy,,Capricorn Highway (Emerald - Alpha),Willows,Central Highlands Region,4702,Anakie,Capricornia,Central,Central,Central Queensland,Central Highlands - West,Central Highlands (qld),Central Queensland,Remote,Gregory,Flynn,State-controlled,No Roadway Feature,No traffic control,100 - 110 km/h,Sealed - Dry,Clear,Daylight,Curved - view open,Dip,201,Vehs Opposite Approach: Head On,02: Head-on,W,1,2,0,1,4,1,0,1,0,0,0,0
309597,309597,Fatal,2013,August,Thursday,17,Overturned,Single Vehicle,149.911068115576,-25.9131045482447,Leichhardt Hwy,,Leichhardt Highway (Taroom - Miles),Grosmont,Western Downs Region,4419,Wandoan,South West,Southern,Southern,Southern Queensland,Miles - Wandoan,Darling Downs (west) - Maranoa,Darling Downs - Maranoa,Remote,Callide,Maranoa,State-controlled,No Roadway Feature,No traffic control,100 - 110 km/h,Sealed - Dry,Clear,Daylight,Straight,Level,700,Off Path-Straight: Other,21: Other,N,1,0,0,0,1,0,0,1,0,0,0,0
309598,309598,Fatal,2013,August,Thursday,15,Overturned,Single Vehicle,150.66994798869,-23.0546064008284,Norpine Rd,,,Bungundarra,Livingstone Shire,4703,Yeppoon,Capricornia,Central,Central,Central Queensland,Rockhampton Region - North,Rockhampton,Central Queensland,Inner Regional,Keppel,Capricornia,Locally-controlled,No Roadway Feature,No traffic control,60 km/h,Unsealed - Dry,Clear,Daylight,Straight,Level,705,Off Path-Straight: Out Of Control On Cway,17: Out of Control on Straight,W,2,1,0,0,3,1,0,0,0,0,0,0
309599,309599,Fatal,2013,September,Sunday,3,Hit object,Single Vehicle,153.088777516316,-26.7140128853516,Kawana Wy,,Sunshine Motorway (Tanawha - Mooloolaba),Mountain Creek,Sunshine Coast Region,4557,Sippy Downs,Sunshine Coast,North Coast,SEQ North,North Coast,Mountain Creek,Buderim,Sunshine Coast,Major Cities,Buderim,Fairfax,State-controlled,No Roadway Feature,No traffic control,60 km/h,Sealed - Dry,Clear,Darkness - Lighted,Curved - view open,Level,804,Off Path-Curve: Off Cway Lt Bend Hit Obj,19: Off Carriageway on Curve Hit Object,W,1,0,0,0,1,0,1,0,0,0,0,0
309600,309600,Fatal,2013,August,Saturday,23,Rear-end,Multi-Vehicle,150.582696353263,-28.5013496285817,Cunningham Hwy,,Cunningham Highway (Inglewood - Goondiwindi),Kurumbul,Goondiwindi Region,4388,Goondiwindi,Darling Downs,Southern,Southern,Southern Queensland,Inglewood - Waggamba,Darling Downs (west) - Maranoa,Darling Downs - Maranoa,Outer Regional,Southern Downs,Maranoa,State-controlled,No Roadway Feature,No traffic control,100 - 110 km/h,Sealed - Dry,Clear,Darkness - Not lighted,Straight,Level,301,Vehs Same Direction: Rear End,04: Rear-end,W,1,0,0,0,1,1,0,1,0,0,0,0
309613,309613,Fatal,2013,July,Tuesday,16,Overturned,Single Vehicle,144.718974604017,-16.3202078428459,Mulligan Hwy,,Mulligan Highway (Mount Molloy - Lakeland),Desailly,Mareeba Shire,4871,Mount Molloy,Far North,Far Northern,Northern,North Queensland,Tablelands,Far North,Queensland - Outback,Very Remote,Cook,Leichhardt,State-controlled,No Roadway Feature,No traffic control,100 - 110 km/h,Sealed - Dry,Clear,Daylight,Straight,Grade,705,Off Path-Straight: Out Of Control On Cway,17: Out of Control on Straight,S,1,1,0,0,2,1,0,0,0,0,0,0
309614,309614,Fatal,2013,July,Thursday,9,Head-on,Multi-Vehicle,153.357462073185,-28.0721079252858,Advancetown - Mudgeeraba Rd,,Advancetown - Mudgeeraba Road,Mudgeeraba,Gold Coast City,4213,Mudgeeraba,Gold Coast,South Eastern,SEQ South,South Coast,Mudgeeraba - Bonogin,Mudgeeraba - Tallebudgera,Gold Coast,Major Cities,Mudgeeraba,Mcpherson,State-controlled,No Roadway Feature,No traffic control,60 km/h,Sealed - Wet,Raining,Daylight,Curved - view obscured,Crest,201,Vehs Opposite Approach: Head On,02: Head-on,S,1,3,0,0,4,1,0,0,1,0,0,0
310110,310110,Fatal,2017,March,Saturday,0,Angle,Multi-Vehicle,153.052780006876,-27.6623704492617,Browns Plains Rd,Parkland Ave,,Browns Plains,Logan City,4118,Browns Plains,Logan,South Eastern,SEQ South,South Coast,Browns Plains,Browns Plains,Logan - Beaudesert,Major Cities,Algester,Rankin,Locally-controlled,Intersection - Cross,Operating traffic lights,70 km/h,Sealed - Dry,Clear,Darkness - Lighted,Straight,Grade,101,Vehs Adjacent Approach: Thru-Thru,01: Intersection: Adjacent Approach,E,1,3,0,0,4,2,0,0,0,0,0,0