_id,Crash_Ref_Number,Crash_Severity,Crash_Year,Crash_Month,Crash_Day_Of_Week,Crash_Hour,Crash_Nature,Crash_Type,Crash_Longitude,Crash_Latitude,Crash_Street,Crash_Street_Intersecting,State_Road_Name,Loc_Suburb,Loc_Local_Government_Area,Loc_Post_Code,Loc_Police_Division,Loc_Police_District,Loc_Police_Region,Loc_Queensland_Transport_Region,Loc_Main_Roads_Region,Loc_ABS_Statistical_Area_2,Loc_ABS_Statistical_Area_3,Loc_ABS_Statistical_Area_4,Loc_ABS_Remoteness,Loc_State_Electorate,Loc_Federal_Electorate,Crash_Controlling_Authority,Crash_Roadway_Feature,Crash_Traffic_Control,Crash_Speed_Limit,Crash_Road_Surface_Condition,Crash_Atmospheric_Condition,Crash_Lighting_Condition,Crash_Road_Horiz_Align,Crash_Road_Vert_Align,Crash_DCA_Code,Crash_DCA_Description,Crash_DCA_Group_Description,DCA_Key_Approach_Dir,Count_Casualty_Fatality,Count_Casualty_Hospitalised,Count_Casualty_MedicallyTreated,Count_Casualty_MinorInjury,Count_Casualty_Total,Count_Unit_Car,Count_Unit_Motorcycle_Moped,Count_Unit_Truck,Count_Unit_Bus,Count_Unit_Bicycle,Count_Unit_Pedestrian,Count_Unit_Other
310112,310112,Fatal,2017,March,Sunday,23,Hit object,Single Vehicle,153.226712960211,-27.8801784685156,Tamborine - Oxenford Rd,,Tamborine - Oxenford Road,Wongawallan,Gold Coast City,4210,Coomera,Gold Coast,South Eastern,SEQ South,South Coast,Upper Coomera - Willow Vale,Ormeau - Oxenford,Gold Coast,Major Cities,Coomera,Forde,State-controlled,No Roadway Feature,No traffic control,70 km/h,Sealed - Dry,Clear,Darkness - Not lighted,Curved - view open,Crest,803,Off Path-Curve: Off Cway Rt Bend Hit Obj,19: Off Carriageway on Curve Hit Object,N,1,0,0,0,1,0,1,0,0,0,0,0
310113,310113,Fatal,2017,March,Monday,21,Head-on,Multi-Vehicle,147.425392363601,-19.6845388821053,Bruce Hwy,,Bruce Highway (Bowen - Ayr),Home Hill,Burdekin Shire,4806,Home Hill,Townsville,Northern,Northern,North Queensland,Burdekin,Charters Towers - Ayr - Ingham,Townsville,Outer Regional,Burdekin,Dawson,State-controlled,Intersection - T-Junction,No traffic control,100 - 110 km/h,Sealed - Wet,Raining,Darkness - Not lighted,Straight,Level,201,Vehs Opposite Approach: Head On,02: Head-on,N,1,1,0,0,2,1,0,1,0,0,0,0
310114,310114,Fatal,2017,March,Thursday,15,Head-on,Multi-Vehicle,152.316526416646,-24.9161943543104,Bundaberg Ring Rd,,Bundaberg Ring Road,Kensington,Bundaberg Region,4670,Bundaberg,Wide Bay Burnett,North Coast,Southern,Southern Queensland,Branyan - Kensington,Bundaberg,Wide Bay,Inner Regional,Bundaberg,Hinkler,State-controlled,No Roadway Feature,No traffic control,80 - 90 km/h,Sealed - Dry,Clear,Daylight,Straight,Level,201,Vehs Opposite Approach: Head On,02: Head-on,E,1,1,0,0,2,1,0,1,0,0,0,0
310116,310116,Fatal,2017,March,Monday,1,Head-on,Multi-Vehicle,152.645998035648,-27.7851324096726,Cunningham Hwy,,Cunningham Highway (Ipswich - Warwick),Harrisville,Scenic Rim Region,4307,Harrisville,Ipswich,Southern,SEQ South,South Coast,Boonah,Ipswich Hinterland,Ipswich,Inner Regional,Scenic Rim,Wright,State-controlled,No Roadway Feature,No traffic control,100 - 110 km/h,Sealed - Wet,Raining,Darkness - Not lighted,Curved - view open,Level,201,Vehs Opposite Approach: Head On,02: Head-on,S,1,1,1,0,3,1,0,0,0,0,0,1
310120,310120,Fatal,2017,March,Monday,8,Head-on,Multi-Vehicle,148.653087213474,-20.3229639858778,Gregory - Cannon Valley Rd,Robinson Rd,Proserpine - Shute Harbour Road,Cannon Valley,Whitsunday Region,4800,Whitsunday,Mackay,Central,Central,Central Queensland,Airlie - Whitsundays,Whitsunday,Mackay - Isaac - Whitsunday,Outer Regional,Whitsunday,Dawson,State-controlled,Intersection - T-Junction,No traffic control,100 - 110 km/h,Sealed - Dry,Raining,Daylight,Straight,Level,202,Vehs Opposite Approach: Thru-Right,03: Opposing Vehicles Turning,S,1,1,1,1,4,2,0,0,0,0,0,0
310122,310122,Fatal,2017,April,Saturday,23,Hit object,Single Vehicle,153.081799148826,-26.5068584429909,Sunshine Mwy,,Sunshine Motorway (Mooloolaba - Peregian),Coolum Beach,Sunshine Coast Region,4573,Coolum,Sunshine Coast,North Coast,SEQ North,North Coast,Coolum Beach,Maroochy,Sunshine Coast,Major Cities,Ninderry,Fairfax,State-controlled,No Roadway Feature,No traffic control,100 - 110 km/h,Sealed - Dry,Clear,Darkness - Not lighted,Curved - view open,Level,803,Off Path-Curve: Off Cway Rt Bend Hit Obj,19: Off Carriageway on Curve Hit Object,S,1,1,0,0,2,1,0,0,0,0,0,0
310140,310140,Fatal,2017,April,Monday,15,Head-on,Multi-Vehicle,152.596248115039,-25.7028048851447,Bruce Hwy,,Bruce Highway (Gympie - Maryborough),Tiaro,Fraser Coast Region,4650,Tiaro,Wide Bay Burnett,North Coast,Southern,Southern Queensland,Maryborough Region - South,Maryborough,Wide Bay,Inner Regional,Maryborough,Wide Bay,State-controlled,No Roadway Feature,No traffic control,100 - 110 km/h,Sealed - Dry,Clear,Daylight,Curved - view obscured,Grade,201,Vehs Opposite Approach: Head On,02: Head-on,N,2,4,0,0,6,3,0,0,0,0,0,0
310172,310172,Fatal,2022,May,Sunday,3,Hit object,Single Vehicle,153.374381937496,-27.9314344839026,Brisbane Rd,Pine Ridge Rd,,Arundel,Gold Coast City,4214,Runaway Bay,Gold Coast,South Eastern,SEQ South,South Coast,Coombabah,Gold Coast - North,Gold Coast,Major Cities,Bonney,Fadden,Locally-controlled,Intersection - Cross,Operating traffic lights,70 km/h,Sealed - Wet,Raining,Darkness - Lighted,Curved - view open,Grade,808,Off Path-Curve: Mounts Traffic Island,19: Off Carriageway on Curve Hit Object,W,1,0,0,0,1,1,0,0,0,0,0,0
310194,310194,Fatal,2017,July,Saturday,4,Hit object,Single Vehicle,153.074795148046,-26.5189194423833,Sunshine Mwy,,Sunshine Motorway (Mooloolaba - Peregian),Coolum Beach,Sunshine Coast Region,4573,Coolum,Sunshine Coast,North Coast,SEQ North,North Coast,Eumundi - Yandina,Nambour,Sunshine Coast,Inner Regional,Ninderry,Fairfax,State-controlled,No Roadway Feature,No traffic control,80 - 90 km/h,Sealed - Dry,Clear,Darkness - Not lighted,Straight,Level,703,Off Path-Straight: Left Off Cway Hit Obj,16: Off Carriageway on Straight Hit Object,N,1,0,0,0,1,1,0,0,0,0,0,0
310203,310203,Fatal,2017,July,Tuesday,12,Hit object,Single Vehicle,152.251677136037,-27.317949367301,Esk - Hampton Rd,,Esk - Hampton Road,Redbank Creek,Somerset Region,4312,Esk,Ipswich,Southern,SEQ North,North Coast,Esk,Ipswich Hinterland,Ipswich,Inner Regional,Nanango,Blair,State-controlled,Forestry/National Park Road,No traffic control,100 - 110 km/h,Sealed - Dry,Clear,Daylight,Straight,Grade,704,Off Path-Straight: Right Off Cway Hit Obj,16: Off Carriageway on Straight Hit Object,E,1,1,0,0,2,1,0,0,0,0,0,0
310206,310206,Fatal,2017,July,Thursday,6,Hit object,Single Vehicle,153.37879290638,-28.16833248621,Tallebudgera Creek Rd,,,Tallebudgera Valley,Gold Coast City,4228,Palm Beach,Gold Coast,South Eastern,SEQ South,South Coast,Currumbin Valley - Tallebudgera,Mudgeeraba - Tallebudgera,Gold Coast,Inner Regional,Currumbin,Mcpherson,Locally-controlled,No Roadway Feature,No traffic control,60 km/h,Sealed - Dry,Clear,Dawn/Dusk,Curved - view open,Level,803,Off Path-Curve: Off Cway Rt Bend Hit Obj,19: Off Carriageway on Curve Hit Object,N,1,0,0,0,1,0,1,0,0,0,0,0
310221,310221,Fatal,2017,July,Sunday,0,Overturned,Single Vehicle,151.622552152582,-27.7462693102145,Clifton - Pittsworth Rd,Jentz Rd,,Scrubby Mountain,Toowoomba Region,4356,Pittsworth,Darling Downs,Southern,Southern,Southern Queensland,Pittsworth,Darling Downs - East,Darling Downs - Maranoa,Inner Regional,Condamine,Groom,Locally-controlled,Intersection - T-Junction,No traffic control,100 - 110 km/h,Sealed - Dry,Clear,Daylight,Curved - view open,Level,802,Off Path-Curve: Off Cway Left Bend,18: Off Carriageway on Curve,S,1,0,0,0,1,1,0,0,0,0,0,0
310228,310228,Fatal,2017,July,Sunday,4,Overturned,Single Vehicle,149.638841903078,-22.6963270892635,Bruce Hwy,,Bruce Highway (Rockhampton - St Lawrence),Ogmore,Livingstone Shire,4706,Marlborough,Capricornia,Central,Central,Central Queensland,Rockhampton Region - North,Rockhampton,Central Queensland,Remote,Mirani,Capricornia,State-controlled,No Roadway Feature,No traffic control,100 - 110 km/h,Sealed - Dry,Clear,Darkness - Not lighted,Straight,Level,705,Off Path-Straight: Out Of Control On Cway,17: Out of Control on Straight,S,1,0,0,0,1,1,0,0,0,0,0,0
310373,310373,Fatal,2007,July,Tuesday,14,Hit object,Single Vehicle,153.125965015628,-27.5153016584659,Mt Petrie Rd,,,Belmont,Brisbane City,4153,Capalaba,South Brisbane,Brisbane,SEQ South,Metropolitan,Belmont - Gumdale,Capalaba,Brisbane - East,Major Cities,Chatsworth,Bonner,Locally-controlled,No Roadway Feature,No traffic control,80 - 90 km/h,Sealed - Dry,Clear,Daylight,Curved - view open,Dip,803,Off Path-Curve: Off Cway Rt Bend Hit Obj,19: Off Carriageway on Curve Hit Object,N,1,0,0,0,1,1,0,0,0,0,0,0
310887,310887,Fatal,2007,April,Saturday,20,Hit animal,Other,151.166892987709,-24.0543670297679,Gladstone - Monto Rd,,Gladstone - Monto Road,Calliope,Gladstone Region,4680,Calliope,Capricornia,Central,Central,Central Queensland,Gladstone Hinterland,Gladstone,Central Queensland,Inner Regional,Callide,Flynn,State-controlled,No Roadway Feature,No traffic control,100 - 110 km/h,Sealed - Dry,Clear,Darkness - Not lighted,Straight,Level,609,Pass & Misc: Hit Animal,14: Hit Animal,N,1,0,0,0,1,0,1,0,0,0,0,1
310888,310888,Fatal,2007,April,Sunday,12,Angle,Multi-Vehicle,151.806126356202,-27.4989683657523,Kingsthorpe - Haden Rd,Warrego Hwy,Warrego Highway (Toowoomba - Dalby),Kingsthorpe,Toowoomba Region,4400,Oakey,Darling Downs,Southern,Southern,Southern Queensland,Jondaryan,Darling Downs - East,Darling Downs - Maranoa,Inner Regional,Condamine,Groom,State-controlled,Intersection - T-Junction,Give way sign,80 - 90 km/h,Sealed - Dry,Clear,Daylight,Straight,Level,104,Vehs Adjacent Approach: Thru-Right,01: Intersection: Adjacent Approach,S,1,0,2,1,4,2,0,0,0,0,0,0
311194,311194,Fatal,2019,June,Saturday,11,Hit object,Single Vehicle,148.404885114771,-26.5865413406359,Warrego Hwy,,Warrego Highway (Roma - Mitchell),Muckadilla,Maranoa Region,4461,Roma,South West,Southern,Southern,Southern Queensland,Roma Region,Darling Downs (west) - Maranoa,Darling Downs - Maranoa,Remote,Warrego,Maranoa,State-controlled,No Roadway Feature,No traffic control,100 - 110 km/h,Sealed - Dry,Clear,Daylight,Straight,Level,704,Off Path-Straight: Right Off Cway Hit Obj,16: Off Carriageway on Straight Hit Object,E,1,0,0,0,1,1,0,0,0,0,0,0
311503,311503,Fatal,2017,January,Tuesday,16,Head-on,Multi-Vehicle,148.641414873319,-20.3450577911003,Proserpine - Shute Harbour Rd,,Proserpine - Shute Harbour Road,Mount Marlow,Whitsunday Region,4800,Proserpine,Mackay,Central,Central,Central Queensland,Proserpine,Whitsunday,Mackay - Isaac - Whitsunday,Outer Regional,Whitsunday,Dawson,State-controlled,No Roadway Feature,No traffic control,100 - 110 km/h,Sealed - Wet,Raining,Daylight,Curved - view open,Grade,201,Vehs Opposite Approach: Head On,02: Head-on,W,1,2,0,0,3,2,0,0,0,0,0,0
311506,311506,Fatal,2017,January,Thursday,0,Hit object,Single Vehicle,152.922306122377,-26.8525274297628,Peachester Rd,,Kilcoy - Beerwah Road,Beerwah,Sunshine Coast Region,4519,Beerwah,Sunshine Coast,North Coast,SEQ North,North Coast,Beerwah,Sunshine Coast Hinterland,Sunshine Coast,Inner Regional,Glass House,Fisher,State-controlled,No Roadway Feature,No traffic control,80 - 90 km/h,Sealed - Dry,Clear,Darkness - Not lighted,Curved - view open,Grade,803,Off Path-Curve: Off Cway Rt Bend Hit Obj,19: Off Carriageway on Curve Hit Object,W,1,0,0,0,1,1,0,0,0,0,0,0
311510,311510,Fatal,2017,January,Friday,18,Hit object,Single Vehicle,152.078511217266,-26.7984193463864,Stretton Dr,,,Teelah,South Burnett Region,4306,Blackbutt,Darling Downs,Southern,Southern,Southern Queensland,Nanango,Burnett,Wide Bay,Inner Regional,Nanango,Maranoa,Locally-controlled,No Roadway Feature,No traffic control,80 - 90 km/h,Sealed - Dry,Clear,Daylight,Curved - view open,Level,803,Off Path-Curve: Off Cway Rt Bend Hit Obj,19: Off Carriageway on Curve Hit Object,W,1,0,0,0,1,0,1,0,0,0,0,0
311523,311523,Fatal,2017,January,Friday,22,Hit object,Single Vehicle,152.325679318121,-25.7428463619218,Glenbar Tiaro Rd,,,Glenbar,Fraser Coast Region,4620,Tiaro,Wide Bay Burnett,North Coast,Southern,Southern Queensland,Maryborough Region - South,Maryborough,Wide Bay,Outer Regional,Maryborough,Wide Bay,Locally-controlled,No Roadway Feature,No traffic control,80 - 90 km/h,Unsealed - Dry,Clear,Darkness - Not lighted,Curved - view obscured,Dip,600,Vehs On Path: Other,21: Other,W,1,0,0,0,1,0,1,0,0,0,0,0
311529,311529,Fatal,2017,January,Monday,17,Sideswipe,Multi-Vehicle,153.109522008823,-27.5986794544678,Frankcom Dr,,Brisbane - Beenleigh Road,Underwood,Logan City,4119,Logan Central,Logan,South Eastern,SEQ South,South Coast,Underwood,Springwood - Kingston,Logan - Beaudesert,Major Cities,Waterford,Rankin,State-controlled,No Roadway Feature,No traffic control,80 - 90 km/h,Sealed - Dry,Clear,Daylight,Curved - view open,Grade,305,Vehs Same Direction: Lane Side Swipe,05: Lane Change,N,1,1,0,0,2,2,0,0,0,0,0,0
311532,311532,Fatal,2017,January,Tuesday,3,Head-on,Multi-Vehicle,148.722678157933,-20.8596179961694,Bruce Hwy,,Bruce Highway (Mackay - Proserpine),Pindi Pindi,Mackay Region,4798,Calen,Mackay,Central,Central,Central Queensland,Seaforth - Calen,Mackay,Mackay - Isaac - Whitsunday,Outer Regional,Whitsunday,Dawson,State-controlled,No Roadway Feature,No traffic control,100 - 110 km/h,Sealed - Dry,Clear,Darkness - Not lighted,Curved - view open,Level,201,Vehs Opposite Approach: Head On,02: Head-on,S,1,3,0,0,4,2,0,0,0,0,0,0
311584,311584,Fatal,2017,April,Sunday,11,Fall from vehicle,Single Vehicle,152.290174135208,-27.2909393708374,Esk - Hampton Rd,,Esk - Hampton Road,Redbank Creek,Somerset Region,4312,Esk,Ipswich,Southern,SEQ North,North Coast,Esk,Ipswich Hinterland,Ipswich,Inner Regional,Nanango,Blair,State-controlled,No Roadway Feature,No traffic control,60 km/h,Sealed - Dry,Clear,Daylight,Curved - view open,Grade,201,Vehs Opposite Approach: Head On,02: Head-on,W,1,0,0,0,1,1,2,0,0,0,0,0
311587,311587,Fatal,2017,May,Wednesday,16,Angle,Multi-Vehicle,146.78577790691,-19.2581847697134,Hugh St,,,West End,Townsville City,4810,Townsville,Townsville,Northern,Northern,North Queensland,Garbutt - West End,Townsville,Townsville,Outer Regional,Townsville,Herbert,Locally-controlled,No Roadway Feature,No traffic control,0 - 50 km/h,Sealed - Dry,Clear,Daylight,Straight,Level,408,Vehs Manoeuvring: Entering From Footway,08: Vehicle Leaving Driveway,S,1,0,0,0,1,1,1,0,0,0,0,0
311590,311590,Fatal,2017,May,Monday,10,Sideswipe,Multi-Vehicle,152.577879292852,-25.7444863866706,Netherby Rd,,,Tiaro,Fraser Coast Region,4650,Tiaro,Wide Bay Burnett,North Coast,Southern,Southern Queensland,Maryborough Region - South,Maryborough,Wide Bay,Inner Regional,Maryborough,Wide Bay,Locally-controlled,No Roadway Feature,No traffic control,100 - 110 km/h,Sealed - Dry,Clear,Daylight,Straight,Level,201,Vehs Opposite Approach: Head On,02: Head-on,E,1,2,0,0,3,2,0,0,0,0,0,0
311594,311594,Fatal,2017,May,Thursday,6,Hit object,Single Vehicle,149.421395532849,-26.4802649011528,Yuleba - Taroom Rd,,,Yuleba North,Maranoa Region,4427,Yuleba,South West,Southern,Southern,Southern Queensland,Roma Region,Darling Downs (west) - Maranoa,Darling Downs - Maranoa,Remote,Warrego,Maranoa,Locally-controlled,No Roadway Feature,No traffic control,100 - 110 km/h,Sealed - Dry,Clear,Daylight,Straight,Dip,704,Off Path-Straight: Right Off Cway Hit Obj,16: Off Carriageway on Straight Hit Object,N,1,0,0,0,1,0,0,1,0,0,0,0
311596,311596,Fatal,2017,May,Saturday,22,Hit object,Single Vehicle,153.011953538804,-26.6131698328271,Bli Bli Rd,,Nambour - Bli Bli Road,Bli Bli,Sunshine Coast Region,4560,Nambour,Sunshine Coast,North Coast,SEQ North,North Coast,Bli Bli,Nambour,Sunshine Coast,Major Cities,Ninderry,Fairfax,State-controlled,No Roadway Feature,No traffic control,80 - 90 km/h,Sealed - Wet,Clear,Darkness - Not lighted,Curved - view open,Level,803,Off Path-Curve: Off Cway Rt Bend Hit Obj,19: Off Carriageway on Curve Hit Object,E,1,0,0,0,1,1,0,0,0,0,0,0
311599,311599,Fatal,2017,May,Tuesday,16,Hit object,Single Vehicle,150.590414758797,-23.2801391784806,Yeppoon Rd,,Rockhampton - Yeppoon Road,Ironpot,Livingstone Shire,4610,North Rockhampton,Capricornia,Central,Central,Central Queensland,Rockhampton Region - East,Rockhampton,Central Queensland,Inner Regional,Keppel,Capricornia,State-controlled,No Roadway Feature,No traffic control,100 - 110 km/h,Sealed - Wet,Raining,Daylight,Curved - view obscured,Grade,804,Off Path-Curve: Off Cway Lt Bend Hit Obj,19: Off Carriageway on Curve Hit Object,N,1,0,0,0,1,0,1,0,0,0,0,0
311600,311600,Fatal,2017,May,Thursday,2,Head-on,Multi-Vehicle,152.509559987006,-27.2968344863658,Brisbane Valley Hwy,,Brisbane Valley Highway (Ipswich - Harlin),Moombra,Somerset Region,4312,Esk,Ipswich,Southern,SEQ North,North Coast,Esk,Ipswich Hinterland,Ipswich,Inner Regional,Nanango,Blair,State-controlled,No Roadway Feature,No traffic control,100 - 110 km/h,Sealed - Dry,Clear,Darkness - Not lighted,Straight,Level,201,Vehs Opposite Approach: Head On,02: Head-on,S,1,1,0,0,2,1,0,1,0,0,0,0
311614,311614,Fatal,2017,May,Saturday,3,Hit object,Single Vehicle,153.047687123273,-26.7404918414324,Bruce Hwy,,Bruce Highway (Brisbane - Gympie),Palmview,Sunshine Coast Region,4553,Sippy Downs,Sunshine Coast,North Coast,SEQ North,North Coast,Landsborough,Sunshine Coast Hinterland,Sunshine Coast,Major Cities,Buderim,Fisher,State-controlled,No Roadway Feature,No traffic control,100 - 110 km/h,Sealed - Wet,Raining,Darkness - Not lighted,Straight,Level,704,Off Path-Straight: Right Off Cway Hit Obj,16: Off Carriageway on Straight Hit Object,N,1,0,0,0,1,1,0,0,0,0,0,0
311735,311735,Fatal,2018,December,Sunday,4,Hit object,Single Vehicle,148.956695807157,-21.1461197171054,Anzac Ave,,Mackay - Eungella Road,Marian,Mackay Region,4753,Marian,Mackay,Central,Central,Central Queensland,Pioneer Valley,Mackay,Mackay - Isaac - Whitsunday,Outer Regional,Mirani,Capricornia,State-controlled,No Roadway Feature,No traffic control,60 km/h,Sealed - Wet,Clear,Dawn/Dusk,Straight,Level,703,Off Path-Straight: Left Off Cway Hit Obj,16: Off Carriageway on Straight Hit Object,E,1,0,0,0,1,1,0,0,0,0,0,0
311854,311854,Fatal,2012,December,Monday,15,Hit object,Single Vehicle,152.885295622237,-26.1060550480817,Como Rd,,,Toolara Forest,Gympie Region,4570,Gympie,Wide Bay Burnett,North Coast,Southern,Southern Queensland,Cooloola,Gympie - Cooloola,Wide Bay,Inner Regional,Gympie,Wide Bay,Locally-controlled,Forestry/National Park Road,No traffic control,60 km/h,Unsealed - Dry,Clear,Daylight,Straight,Level,704,Off Path-Straight: Right Off Cway Hit Obj,16: Off Carriageway on Straight Hit Object,E,1,1,4,0,6,1,0,0,0,0,0,0
312480,312480,Fatal,2017,January,Sunday,9,Fall from vehicle,Single Vehicle,150.679535785498,-22.9542261838661,Byfield Rd,,Western Yeppoon - Byfield Road,Byfield,Livingstone Shire,4703,Yeppoon,Capricornia,Central,Central,Central Queensland,Rockhampton Region - North,Rockhampton,Central Queensland,Outer Regional,Keppel,Capricornia,State-controlled,No Roadway Feature,No traffic control,80 - 90 km/h,Sealed - Dry,Clear,Daylight,Curved - view open,Level,805,Off Path-Curve: Out Of Control On Cway,20: Out of Control on Curve,S,1,0,0,0,1,0,1,0,0,0,0,0
312488,312488,Fatal,2017,February,Friday,19,Head-on,Multi-Vehicle,153.177391975037,-27.806311462949,Beaudesert - Beenleigh Rd,,Beaudesert - Beenleigh Road,Luscombe,Gold Coast City,4207,Coomera,Gold Coast,South Eastern,SEQ South,South Coast,Ormeau - Yatala,Ormeau - Oxenford,Gold Coast,Major Cities,Coomera,Forde,State-controlled,No Roadway Feature,No traffic control,80 - 90 km/h,Sealed - Dry,Clear,Darkness - Not lighted,Curved - view obscured,Crest,201,Vehs Opposite Approach: Head On,02: Head-on,S,1,1,0,0,2,1,0,1,0,0,0,0
312494,312494,Fatal,2017,February,Wednesday,15,Sideswipe,Multi-Vehicle,153.118359976729,-27.8434464572864,Waterford - Tamborine Rd,,Waterford - Tamborine Road,Tamborine,Logan City,4270,Logan Village Yarrabilba,Logan,South Eastern,SEQ South,South Coast,Jimboomba,Jimboomba,Logan - Beaudesert,Inner Regional,Logan,Wright,State-controlled,No Roadway Feature,No traffic control,100 - 110 km/h,Sealed - Dry,Clear,Daylight,Curved - view open,Level,201,Vehs Opposite Approach: Head On,02: Head-on,N,1,1,0,0,2,2,0,0,0,0,0,0
312495,312495,Fatal,2017,February,Saturday,17,Hit object,Single Vehicle,153.097987024548,-27.4843864524035,Creek Rd,Gray St,,Carina,Brisbane City,4152,Carina,South Brisbane,Brisbane,SEQ South,Metropolitan,Carina,Carindale,Brisbane - South,Major Cities,Bulimba,Bonner,Locally-controlled,Intersection - T-Junction,No traffic control,70 km/h,Sealed - Dry,Clear,Daylight,Curved - view open,Grade,808,Off Path-Curve: Mounts Traffic Island,19: Off Carriageway on Curve Hit Object,N,1,0,0,0,1,1,0,0,0,0,0,0
312503,312503,Fatal,2017,March,Wednesday,9,Hit object,Single Vehicle,152.983418221488,-25.9990684290298,Rainbow Beach Rd,,Rainbow Beach Road,Toolara Forest,Gympie Region,4570,Tin Can Bay,Wide Bay Burnett,North Coast,Southern,Southern Queensland,Cooloola,Gympie - Cooloola,Wide Bay,Inner Regional,Gympie,Wide Bay,State-controlled,No Roadway Feature,No traffic control,100 - 110 km/h,Sealed - Dry,Clear,Daylight,Straight,Dip,703,Off Path-Straight: Left Off Cway Hit Obj,16: Off Carriageway on Straight Hit Object,E,1,0,0,0,1,1,0,0,0,0,0,0
312506,312506,Fatal,2017,March,Friday,12,Hit object,Single Vehicle,145.675168718924,-16.7751847279675,Captain Cook Hwy,,Captain Cook Highway (Cairns - Mossman),Clifton Beach,Cairns Region,4879,Smithfield,Far North,Far Northern,Northern,North Queensland,Clifton Beach - Kewarra Beach,Cairns - North,Cairns,Outer Regional,Barron River,Leichhardt,State-controlled,No Roadway Feature,No traffic control,80 - 90 km/h,Sealed - Wet,Raining,Daylight,Curved - view open,Level,201,Vehs Opposite Approach: Head On,02: Head-on,S,1,0,0,1,2,1,0,1,0,0,0,0
312635,312635,Fatal,2020,June,Tuesday,7,Rear-end,Multi-Vehicle,153.029376036519,-27.4478854452173,Bowen Bridge Rd,O'Connell Tce,,Bowen Hills,Brisbane City,4006,Fortitude Valley,North Brisbane,Brisbane,SEQ North,Metropolitan,Newstead - Bowen Hills,Brisbane Inner - North,Brisbane Inner City,Major Cities,Mcconnel,Brisbane,Locally-controlled,Intersection - Cross,Operating traffic lights,60 km/h,Sealed - Dry,Clear,Daylight,Straight,Level,301,Vehs Same Direction: Rear End,04: Rear-end,W,1,0,0,0,1,0,0,1,0,1,0,0
312974,312974,Fatal,2022,February,Wednesday,5,Head-on,Multi-Vehicle,148.254840261979,-20.126219951624,Bruce Hwy,,Bruce Highway (Proserpine - Bowen),Bowen,Whitsunday Region,4805,Bowen,Mackay,Central,Central,Central Queensland,Collinsville,Bowen Basin - North,Mackay - Isaac - Whitsunday,Outer Regional,Burdekin,Dawson,State-controlled,No Roadway Feature,No traffic control,60 km/h,Sealed - Dry,Clear,Darkness - Not lighted,Curved - view open,Level,201,Vehs Opposite Approach: Head On,02: Head-on,W,1,1,0,0,2,2,0,0,0,0,0,0
313206,313206,Fatal,2020,September,Friday,21,Hit object,Single Vehicle,152.823406040888,-27.5893914257388,Ashburn Rd,,,Bundamba,Ipswich City,4304,Booval,Ipswich,Southern,SEQ South,Metropolitan,Bundamba,Ipswich Inner,Ipswich,Major Cities,Bundamba,Blair,Locally-controlled,No Roadway Feature,No traffic control,60 km/h,Sealed - Dry,Clear,Darkness - Lighted,Straight,Grade,703,Off Path-Straight: Left Off Cway Hit Obj,16: Off Carriageway on Straight Hit Object,,1,0,0,0,1,1,0,0,0,0,0,0
313736,313736,Fatal,2011,March,Tuesday,8,Overturned,Single Vehicle,148.173169285409,-21.5688425761308,Suttor Developmental Rd,,Suttor Developmental Road (Nebo - Mount Coolon),Burton,Isaac Region,4742,Glenden,Mackay,Central,Central,Central Queensland,Broadsound - Nebo,Bowen Basin - North,Mackay - Isaac - Whitsunday,Remote,Burdekin,Capricornia,State-controlled,No Roadway Feature,No traffic control,100 - 110 km/h,Sealed - Dry,Clear,Daylight,Straight,Level,700,Off Path-Straight: Other,21: Other,W,1,0,0,0,1,1,0,0,0,0,0,0
313741,313741,Fatal,2011,March,Sunday,22,Hit object,Single Vehicle,145.626061758418,-16.8356385170411,Fallon Rd,,,Kuranda,Mareeba Shire,4881,Kuranda,Far North,Far Northern,Northern,North Queensland,Kuranda,Tablelands (east) - Kuranda,Cairns,Outer Regional,Barron River,Leichhardt,Locally-controlled,Bridge/Causeway,No traffic control,60 km/h,Sealed - Wet,Raining,Darkness - Not lighted,Curved - view open,Dip,607,Vehs On Path: Temporary Object On Cway,21: Other,E,1,0,0,0,1,1,0,0,0,0,0,0
313743,313743,Fatal,2011,March,Saturday,13,Head-on,Multi-Vehicle,153.073953366477,-26.5644195156633,Sunshine Mwy,,Sunshine Motorway (Mooloolaba - Peregian),Mount Coolum,Sunshine Coast Region,4573,Coolum,Sunshine Coast,North Coast,SEQ North,North Coast,Coolum Beach,Maroochy,Sunshine Coast,Major Cities,Maroochydore,Fairfax,State-controlled,No Roadway Feature,No traffic control,100 - 110 km/h,Sealed - Dry,Clear,Daylight,Straight,Level,201,Vehs Opposite Approach: Head On,02: Head-on,N,2,1,0,0,3,1,0,0,1,0,0,0
313744,313744,Fatal,2011,March,Saturday,18,Hit object,Single Vehicle,145.558190605681,-16.9151471289776,Kennedy Hwy,,Kennedy Highway (Cairns - Mareeba),Koah,Mareeba Shire,4881,Mareeba,Far North,Far Northern,Northern,North Queensland,Kuranda,Tablelands (east) - Kuranda,Cairns,Outer Regional,Barron River,Kennedy,State-controlled,No Roadway Feature,No traffic control,100 - 110 km/h,Sealed - Wet,Raining,Darkness - Not lighted,Straight,Level,703,Off Path-Straight: Left Off Cway Hit Obj,16: Off Carriageway on Straight Hit Object,S,1,1,0,0,2,1,0,0,0,0,0,0