_id,Crash_Ref_Number,Crash_Severity,Crash_Year,Crash_Month,Crash_Day_Of_Week,Crash_Hour,Crash_Nature,Crash_Type,Crash_Longitude,Crash_Latitude,Crash_Street,Crash_Street_Intersecting,State_Road_Name,Loc_Suburb,Loc_Local_Government_Area,Loc_Post_Code,Loc_Police_Division,Loc_Police_District,Loc_Police_Region,Loc_Queensland_Transport_Region,Loc_Main_Roads_Region,Loc_ABS_Statistical_Area_2,Loc_ABS_Statistical_Area_3,Loc_ABS_Statistical_Area_4,Loc_ABS_Remoteness,Loc_State_Electorate,Loc_Federal_Electorate,Crash_Controlling_Authority,Crash_Roadway_Feature,Crash_Traffic_Control,Crash_Speed_Limit,Crash_Road_Surface_Condition,Crash_Atmospheric_Condition,Crash_Lighting_Condition,Crash_Road_Horiz_Align,Crash_Road_Vert_Align,Crash_DCA_Code,Crash_DCA_Description,Crash_DCA_Group_Description,DCA_Key_Approach_Dir,Count_Casualty_Fatality,Count_Casualty_Hospitalised,Count_Casualty_MedicallyTreated,Count_Casualty_MinorInjury,Count_Casualty_Total,Count_Unit_Car,Count_Unit_Motorcycle_Moped,Count_Unit_Truck,Count_Unit_Bus,Count_Unit_Bicycle,Count_Unit_Pedestrian,Count_Unit_Other
319991,319991,Fatal,2022,May,Sunday,6,Hit object,Single Vehicle,152.888959023449,-27.6716594329244,Centenary Hwy,,Centenary Motorway (Yamanto - Ellen Grove),Spring Mountain,Ipswich City,4124,Springfield,Ipswich,Southern,SEQ South,Metropolitan,Bellbird Park - Brookwater,Springfield - Redbank,Ipswich,Major Cities,Jordan,Blair,State-controlled,Intersection - Interchange,No traffic control,100 - 110 km/h,Sealed - Wet,Fog,Dawn/Dusk,Curved - view open,Grade,201,Vehs Opposite Approach: Head On,02: Head-on,W,2,4,0,0,6,3,0,0,0,0,0,0
320065,320065,Fatal,2021,August,Saturday,12,Head-on,Multi-Vehicle,146.416903489173,-19.0696568007548,Bruce Hwy,,Bruce Highway (Townsville - Ingham),Clemant,Townsville City,4816,Rollingstone,Townsville,Northern,Northern,North Queensland,Northern Beaches,Townsville,Townsville,Outer Regional,Hinchinbrook,Kennedy,State-controlled,No Roadway Feature,No traffic control,100 - 110 km/h,Sealed - Dry,Clear,Daylight,Straight,Level,201,Vehs Opposite Approach: Head On,02: Head-on,E,1,2,0,0,3,2,0,0,0,0,0,0
320172,320172,Fatal,2020,October,Friday,1,Hit object,Single Vehicle,145.730759708797,-16.8629797326291,Captain Cook Hwy,,Captain Cook Highway (Cairns - Mossman),Machans Beach,Cairns Region,4878,Smithfield,Far North,Far Northern,Northern,North Queensland,Redlynch,Cairns - North,Cairns,Outer Regional,Barron River,Leichhardt,State-controlled,No Roadway Feature,No traffic control,80 - 90 km/h,Sealed - Dry,Clear,Darkness - Lighted,Curved - view open,Level,804,Off Path-Curve: Off Cway Lt Bend Hit Obj,19: Off Carriageway on Curve Hit Object,S,1,0,0,0,1,1,0,0,0,0,0,0
320238,320238,Fatal,2017,December,Tuesday,4,Overturned,Single Vehicle,148.087521096062,-22.0831639545023,Moranbah Access Rd,,,Moranbah,Isaac Region,4744,Moranbah,Mackay,Central,Central,Central Queensland,Moranbah,Bowen Basin - North,Mackay - Isaac - Whitsunday,Outer Regional,Burdekin,Capricornia,Locally-controlled,No Roadway Feature,No traffic control,100 - 110 km/h,Sealed - Dry,Clear,Darkness - Not lighted,Straight,Grade,705,Off Path-Straight: Out Of Control On Cway,17: Out of Control on Straight,S,1,2,2,0,5,1,0,0,0,0,0,0
320419,320419,Fatal,2022,August,Tuesday,10,Head-on,Multi-Vehicle,150.762320600428,-23.149571010031,Matthew Flinders Dr,,,Cooee Bay,Livingstone Shire,4703,Yeppoon,Capricornia,Central,Central,Central Queensland,Yeppoon,Rockhampton,Central Queensland,Inner Regional,Keppel,Capricornia,Locally-controlled,No Roadway Feature,No traffic control,0 - 50 km/h,Sealed - Dry,Clear,Daylight,Curved - view obscured,Crest,201,Vehs Opposite Approach: Head On,02: Head-on,S,1,0,0,0,1,1,1,0,0,0,0,0
320431,320431,Fatal,2023,September,Friday,1,Hit object,Single Vehicle,152.897612316712,-25.2861364146665,Elizabeth St,,,Urangan,Fraser Coast Region,4655,Hervey Bay,Wide Bay Burnett,North Coast,Southern,Southern Queensland,Urangan - Wondunna,Hervey Bay,Wide Bay,Inner Regional,Hervey Bay,Hinkler,Locally-controlled,No Roadway Feature,No traffic control,0 - 50 km/h,Sealed - Dry,Clear,Darkness - Lighted,Straight,Grade,703,Off Path-Straight: Left Off Cway Hit Obj,16: Off Carriageway on Straight Hit Object,,1,2,0,0,3,1,0,0,0,0,0,0
320433,320433,Fatal,2023,September,Tuesday,11,Angle,Multi-Vehicle,153.255494933061,-28.0669954728962,Nerang - Murwillumbah Rd,,Nerang - Murwillumbah Road,Advancetown,Gold Coast City,4211,Nerang,Gold Coast,South Eastern,SEQ South,South Coast,Guanaba - Springbrook,Gold Coast Hinterland,Gold Coast,Inner Regional,Mudgeeraba,Wright,State-controlled,No Roadway Feature,No traffic control,80 - 90 km/h,Sealed - Dry,Clear,Daylight,Curved - view obscured,Grade,201,Vehs Opposite Approach: Head On,02: Head-on,N,1,0,0,0,1,0,1,1,0,0,0,0
320435,320435,Fatal,2023,October,Sunday,3,Hit object,Single Vehicle,152.370263419374,-24.8492513590092,Mcgills Rd,,,Kalkie,Bundaberg Region,4670,Bundaberg,Wide Bay Burnett,North Coast,Southern,Southern Queensland,Bundaberg East - Kalkie,Bundaberg,Wide Bay,Inner Regional,Bundaberg,Hinkler,Locally-controlled,No Roadway Feature,No traffic control,60 km/h,Sealed - Dry,Clear,Darkness - Not lighted,Straight,Level,704,Off Path-Straight: Right Off Cway Hit Obj,16: Off Carriageway on Straight Hit Object,,2,2,0,0,4,1,0,0,0,0,0,0
320437,320437,Fatal,2023,October,Wednesday,22,Hit object,Single Vehicle,152.59242278221,-25.8209244887228,Bruce Hwy,,Bruce Highway (Gympie - Maryborough),Bauple,Fraser Coast Region,4650,Tiaro,Wide Bay Burnett,North Coast,Southern,Southern Queensland,Maryborough Region - South,Maryborough,Wide Bay,Inner Regional,Gympie,Wide Bay,State-controlled,No Roadway Feature,No traffic control,100 - 110 km/h,Sealed - Dry,Clear,Darkness - Not lighted,Curved - view open,Grade,803,Off Path-Curve: Off Cway Rt Bend Hit Obj,19: Off Carriageway on Curve Hit Object,N,1,0,0,0,1,0,1,0,0,0,0,0
320442,320442,Fatal,2023,October,Sunday,9,Fall from vehicle,Single Vehicle,152.869058068223,-27.3320264282556,Mt Samson Rd,,,Closeburn,Moreton Bay Region,4520,Albany Creek,North Brisbane,Brisbane,SEQ North,North Coast,Samford Valley,The Hills District,Moreton Bay - South,Inner Regional,Pine Rivers,Dickson,Locally-controlled,No Roadway Feature,No traffic control,80 - 90 km/h,Sealed - Dry,Clear,Daylight,Curved - view open,Crest,805,Off Path-Curve: Out Of Control On Cway,20: Out of Control on Curve,N,1,0,0,0,1,0,1,0,0,0,0,0
320448,320448,Fatal,2023,October,Thursday,17,Angle,Multi-Vehicle,153.029357009842,-27.658966446882,Johnson Rd,,,Hillcrest,Logan City,4118,Browns Plains,Logan,South Eastern,SEQ South,South Coast,Hillcrest,Browns Plains,Logan - Beaudesert,Major Cities,Algester,Rankin,Locally-controlled,No Roadway Feature,No traffic control,60 km/h,Sealed - Dry,Clear,Dawn/Dusk,Straight,Grade,408,Vehs Manoeuvring: Entering From Footway,08: Vehicle Leaving Driveway,,1,0,0,1,2,1,1,0,0,0,0,0
320450,320450,Fatal,2023,November,Wednesday,15,Overturned,Single Vehicle,149.208804067542,-21.3982460415103,Bruce Hwy,,Bruce Highway (St Lawrence - Mackay),Sarina,Mackay Region,4737,Sarina,Mackay,Central,Central,Central Queensland,Sarina,Mackay,Mackay - Isaac - Whitsunday,Outer Regional,Mirani,Capricornia,State-controlled,No Roadway Feature,No traffic control,100 - 110 km/h,Sealed - Dry,Clear,Daylight,Straight,Level,705,Off Path-Straight: Out Of Control On Cway,17: Out of Control on Straight,S,1,1,0,0,2,1,0,0,0,0,0,0
320453,320453,Fatal,2023,November,Sunday,18,Hit object,Single Vehicle,152.856588320883,-25.2845014105613,Charlton Esp,,,Scarness,Fraser Coast Region,4655,Hervey Bay,Wide Bay Burnett,North Coast,Southern,Southern Queensland,Torquay - Scarness - Kawungan,Hervey Bay,Wide Bay,Inner Regional,Hervey Bay,Hinkler,Locally-controlled,No Roadway Feature,No traffic control,0 - 50 km/h,Sealed - Dry,Clear,Darkness - Lighted,Curved - view open,Level,803,Off Path-Curve: Off Cway Rt Bend Hit Obj,19: Off Carriageway on Curve Hit Object,W,1,0,0,0,1,0,0,0,0,1,0,0
320455,320455,Fatal,2023,November,Tuesday,5,Hit object,Single Vehicle,149.511048934557,-22.4929360765227,Bruce Hwy,,Bruce Highway (Rockhampton - St Lawrence),St Lawrence,Isaac Region,4707,Saint Lawrence,Mackay,Central,Central,Central Queensland,Broadsound - Nebo,Bowen Basin - North,Mackay - Isaac - Whitsunday,Remote,Mirani,Capricornia,State-controlled,No Roadway Feature,No traffic control,100 - 110 km/h,Sealed - Dry,Clear,Daylight,Straight,Level,704,Off Path-Straight: Right Off Cway Hit Obj,16: Off Carriageway on Straight Hit Object,N,1,0,0,0,1,1,0,0,0,0,0,0
320462,320462,Fatal,2023,November,Saturday,21,Hit object,Single Vehicle,152.96729808987,-27.07552543604,Lethem St,Moorhead St,,Caboolture,Moreton Bay Region,4510,Caboolture,Moreton,North Coast,SEQ North,North Coast,Caboolture,Caboolture,Moreton Bay - North,Major Cities,Morayfield,Longman,Locally-controlled,Intersection - T-Junction,No traffic control,0 - 50 km/h,Sealed - Dry,Clear,Darkness - Lighted,Curved - view open,Level,803,Off Path-Curve: Off Cway Rt Bend Hit Obj,19: Off Carriageway on Curve Hit Object,W,1,0,1,0,2,1,0,0,0,0,0,0
320629,320629,Fatal,2022,August,Saturday,17,Overturned,Single Vehicle,152.132697399717,-25.211996338861,Adies Rd,,,Booyal,Bundaberg Region,4671,Childers,Wide Bay Burnett,North Coast,Southern,Southern Queensland,Bundaberg Region - South,Bundaberg,Wide Bay,Inner Regional,Burnett,Hinkler,Locally-controlled,No Roadway Feature,No traffic control,100 - 110 km/h,Sealed - Dry,Clear,Daylight,Straight,Level,702,Off Path-Straight: Right Off Cway,15: Off Carriageway on Straight,,1,0,0,2,3,1,0,0,0,0,0,0
321054,321054,Fatal,2018,April,Sunday,19,Overturned,Single Vehicle,152.536262150019,-26.9563723922925,Esk - Kilcoy Rd,,Esk - Kilcoy Road,Woolmar,Somerset Region,4515,Kilcoy,Moreton,North Coast,SEQ North,North Coast,Kilcoy,Caboolture Hinterland,Moreton Bay - North,Inner Regional,Nanango,Blair,State-controlled,No Roadway Feature,No traffic control,60 km/h,Sealed - Dry,Clear,Darkness - Not lighted,Straight,Level,704,Off Path-Straight: Right Off Cway Hit Obj,16: Off Carriageway on Straight Hit Object,N,1,0,0,0,1,1,0,0,0,0,0,0
321056,321056,Fatal,2020,September,Friday,18,Hit object,Single Vehicle,152.967833093508,-27.0459534358584,Pumicestone Rd,,,Caboolture,Moreton Bay Region,4510,Caboolture,Moreton,North Coast,SEQ North,North Coast,Caboolture,Caboolture,Moreton Bay - North,Major Cities,Pumicestone,Longman,Locally-controlled,No Roadway Feature,No traffic control,80 - 90 km/h,Sealed - Dry,Clear,Darkness - Not lighted,Curved - view open,Level,804,Off Path-Curve: Off Cway Lt Bend Hit Obj,19: Off Carriageway on Curve Hit Object,,1,0,0,0,1,0,1,0,0,0,0,0
321082,321082,Fatal,2022,August,Saturday,9,Hit object,Single Vehicle,152.634600237501,-26.155777395587,Bruce Hwy,,Gympie - Curra Road,Chatsworth,Gympie Region,4570,Gympie,Wide Bay Burnett,North Coast,Southern,Southern Queensland,Gympie Region,Gympie - Cooloola,Wide Bay,Inner Regional,Gympie,Wide Bay,State-controlled,No Roadway Feature,No traffic control,80 - 90 km/h,Sealed - Dry,Clear,Daylight,Straight,Level,704,Off Path-Straight: Right Off Cway Hit Obj,16: Off Carriageway on Straight Hit Object,N,1,0,0,0,1,0,1,0,0,0,0,0
321085,321085,Fatal,2022,August,Saturday,19,Hit object,Single Vehicle,152.970515024131,-27.5962594404864,Poinsettia St,,,Inala,Brisbane City,4077,Inala,South Brisbane,Brisbane,SEQ South,Metropolitan,Inala - Richlands,Forest Lake - Oxley,Ipswich,Major Cities,Inala,Oxley,Locally-controlled,No Roadway Feature,No traffic control,60 km/h,Sealed - Dry,Clear,Darkness - Lighted,Curved - view open,Dip,803,Off Path-Curve: Off Cway Rt Bend Hit Obj,19: Off Carriageway on Curve Hit Object,E,1,0,0,0,1,1,0,0,0,0,0,0
321091,321091,Fatal,2022,August,Wednesday,3,Hit object,Single Vehicle,147.390942376753,-19.5618518783971,Bruce Hwy,Jones St,Bruce Highway (Ayr - Townsville),Ayr,Burdekin Shire,4807,Ayr,Townsville,Northern,Northern,North Queensland,Ayr,Charters Towers - Ayr - Ingham,Townsville,Outer Regional,Burdekin,Dawson,State-controlled,Intersection - T-Junction,Give way sign,80 - 90 km/h,Sealed - Dry,Clear,Darkness - Lighted,Straight,Level,704,Off Path-Straight: Right Off Cway Hit Obj,16: Off Carriageway on Straight Hit Object,W,1,0,0,0,1,1,0,0,0,0,0,0
321093,321093,Fatal,2022,August,Wednesday,0,Hit object,Single Vehicle,148.652574448784,-28.072511048609,Carnarvon Hwy,,Carnarvon Highway (Mungindi - St George),St George,Balonne Shire,4487,Saint George,South West,Southern,Southern,Southern Queensland,Balonne,Darling Downs (west) - Maranoa,Darling Downs - Maranoa,Remote,Warrego,Maranoa,State-controlled,No Roadway Feature,No traffic control,100 - 110 km/h,Sealed - Dry,Clear,Darkness - Not lighted,Curved - view open,Level,803,Off Path-Curve: Off Cway Rt Bend Hit Obj,19: Off Carriageway on Curve Hit Object,S,1,0,0,0,1,1,0,0,0,0,0,0
321282,321282,Fatal,2020,June,Monday,5,Hit pedestrian,Hit pedestrian,152.979618077747,-27.1620284379614,Bruce Hwy Eastern Service Rd,,,Burpengary East,Moreton Bay Region,4505,Deception Bay,Moreton,North Coast,SEQ North,North Coast,Deception Bay,Narangba - Burpengary,Moreton Bay - North,Major Cities,Bancroft,Petrie,Locally-controlled,No Roadway Feature,No traffic control,60 km/h,Sealed - Dry,Fog,Darkness - Not lighted,Straight,Level,008,Pedn: On Ftway Hit By Vehicle On Ftway,12: Pedestrian,S,1,0,0,0,1,0,0,0,0,1,1,0
321294,321294,Fatal,2019,June,Thursday,19,Head-on,Multi-Vehicle,146.507627302874,-21.2396968255879,Gregory Developmental Rd,,Gregory Developmental Road (Belyando Crossing - Charters Towers),Llanarth,Charters Towers Region,4820,Charters Towers,Townsville,Northern,Northern,North Queensland,Dalrymple,Charters Towers - Ayr - Ingham,Townsville,Very Remote,Traeger,Kennedy,State-controlled,No Roadway Feature,No traffic control,100 - 110 km/h,Sealed - Dry,Clear,Darkness - Not lighted,Straight,Level,501,Vehs Overtaking: Head On,02: Head-on,S,1,1,0,0,2,2,0,0,0,0,0,0
321426,321426,Fatal,2020,May,Sunday,11,Hit object,Single Vehicle,151.804278268528,-26.6087143185245,Ellesmere Rd,,,Taabinga,South Burnett Region,4610,Kingaroy,Darling Downs,Southern,Southern,Southern Queensland,Kingaroy Region - South,Burnett,Wide Bay,Inner Regional,Nanango,Maranoa,Locally-controlled,No Roadway Feature,No traffic control,100 - 110 km/h,Unsealed - Dry,Clear,Daylight,Straight,Dip,704,Off Path-Straight: Right Off Cway Hit Obj,16: Off Carriageway on Straight Hit Object,,1,0,0,0,1,0,1,0,0,0,0,0
321521,321521,Fatal,2022,June,Thursday,10,Fall from vehicle,Single Vehicle,150.522794332468,-27.2329802042782,Tara - Kogan Rd,,Tara - Kogan Road,Tara,Western Downs Region,4421,Tara,South West,Southern,Southern,Southern Queensland,Tara,Darling Downs (west) - Maranoa,Darling Downs - Maranoa,Outer Regional,Warrego,Maranoa,State-controlled,No Roadway Feature,No traffic control,100 - 110 km/h,Sealed - Dry,Clear,Daylight,Curved - view open,Level,804,Off Path-Curve: Off Cway Lt Bend Hit Obj,19: Off Carriageway on Curve Hit Object,N,1,0,0,0,1,0,1,0,0,0,0,0
321550,321550,Fatal,2022,June,Monday,9,Hit object,Single Vehicle,152.756619038825,-27.6635394196804,Cunningham Hwy,,Cunningham Highway (Ipswich - Warwick),Yamanto,Ipswich City,4305,Yamanto,Ipswich,Southern,SEQ South,Metropolitan,Churchill - Yamanto,Ipswich Inner,Ipswich,Major Cities,Ipswich West,Blair,State-controlled,No Roadway Feature,No traffic control,100 - 110 km/h,Sealed - Dry,Clear,Daylight,Straight,Grade,703,Off Path-Straight: Left Off Cway Hit Obj,16: Off Carriageway on Straight Hit Object,E,1,0,0,0,1,0,0,1,0,0,0,0
321552,321552,Fatal,2022,June,Tuesday,4,Head-on,Multi-Vehicle,149.819468391489,-22.793345745803,Bruce Hwy,,Bruce Highway (Rockhampton - St Lawrence),Marlborough,Livingstone Shire,4705,Marlborough,Capricornia,Central,Central,Central Queensland,Rockhampton Region - North,Rockhampton,Central Queensland,Remote,Mirani,Capricornia,State-controlled,Bridge/Causeway,No traffic control,100 - 110 km/h,Sealed - Dry,Fog,Darkness - Not lighted,Straight,Level,201,Vehs Opposite Approach: Head On,02: Head-on,S,1,2,0,0,3,1,0,2,0,0,0,0
321557,321557,Fatal,2022,June,Wednesday,14,Sideswipe,Multi-Vehicle,153.340464933426,-27.9917564809273,Pacific Hwy,,Pacific Highway (Pacific Motorway),Nerang,Gold Coast City,4211,Nerang,Gold Coast,South Eastern,SEQ South,South Coast,Nerang - Mount Nathan,Nerang,Gold Coast,Major Cities,Gaven,Moncrieff,State-controlled,Intersection - Interchange,No traffic control,100 - 110 km/h,Sealed - Dry,Clear,Daylight,Straight,Level,300,Vehs Same Direction: Other,21: Other,S,1,0,0,0,1,1,1,1,0,0,0,0
321648,321648,Fatal,2022,June,Sunday,15,Hit object,Single Vehicle,153.327494943495,-27.9246364790822,Gold Coast Hwy,,Pacific Highway (Pacific Motorway),Oxenford,Gold Coast City,4210,Coomera,Gold Coast,South Eastern,SEQ South,South Coast,Oxenford - Maudsland,Ormeau - Oxenford,Gold Coast,Major Cities,Theodore,Fadden,State-controlled,Intersection - Interchange,No traffic control,100 - 110 km/h,Sealed - Dry,Clear,Daylight,Straight,Level,703,Off Path-Straight: Left Off Cway Hit Obj,16: Off Carriageway on Straight Hit Object,W,1,0,0,0,1,0,1,0,0,0,0,0
321652,321652,Fatal,2022,June,Friday,14,Rear-end,Multi-Vehicle,153.147582996139,-27.6661494588363,Logan Mwy,,Logan Motorway (Gailes - Loganholme),Meadowbrook,Logan City,4131,Logan Central,Logan,South Eastern,SEQ South,South Coast,Loganlea,Loganlea - Carbrook,Logan - Beaudesert,Major Cities,Waterford,Rankin,State-controlled,Intersection - Interchange,No traffic control,100 - 110 km/h,Sealed - Dry,Clear,Daylight,Straight,Level,301,Vehs Same Direction: Rear End,04: Rear-end,E,1,2,0,0,3,3,0,2,0,0,0,0
321683,321683,Fatal,2022,March,Friday,15,Hit object,Single Vehicle,153.506016893954,-28.1559294990938,Gold Coast Hwy,,Gold Coast Highway (Broadbeach - Coolangatta),Bilinga,Gold Coast City,4225,Coolangatta,Gold Coast,South Eastern,SEQ South,South Coast,Currumbin - Tugun,Coolangatta,Gold Coast,Major Cities,Currumbin,Mcpherson,State-controlled,No Roadway Feature,No traffic control,80 - 90 km/h,Sealed - Wet,Raining,Daylight,Curved - view open,Level,808,Off Path-Curve: Mounts Traffic Island,19: Off Carriageway on Curve Hit Object,E,1,0,0,0,1,0,1,0,0,0,0,0
321729,321729,Fatal,2022,August,Sunday,8,Hit pedestrian,Hit pedestrian,153.07671119708,-26.404269820656,Weyba Rd,,,Noosaville,Noosa Shire,4566,Noosa Heads,Sunshine Coast,North Coast,SEQ North,North Coast,Noosaville,Noosa,Sunshine Coast,Major Cities,Noosa,Wide Bay,Locally-controlled,No Roadway Feature,No traffic control,0 - 50 km/h,Sealed - Dry,Clear,Daylight,Straight,Level,001,Pedn: Near Side Vehicle Hit From Right,12: Pedestrian,N,1,0,0,0,1,1,0,0,0,0,1,0
321730,321730,Fatal,2022,August,Wednesday,4,Head-on,Multi-Vehicle,147.291702384417,-19.5581348706993,Bruce Hwy,,Bruce Highway (Ayr - Townsville),Barratta,Burdekin Shire,4809,Ayr,Townsville,Northern,Northern,North Queensland,Burdekin,Charters Towers - Ayr - Ingham,Townsville,Outer Regional,Burdekin,Dawson,State-controlled,Bridge/Causeway,No traffic control,100 - 110 km/h,Sealed - Dry,Clear,Darkness - Not lighted,Curved - view open,Level,201,Vehs Opposite Approach: Head On,02: Head-on,W,1,0,1,0,2,2,0,0,0,0,0,0
321733,321733,Fatal,2022,September,Tuesday,18,Hit pedestrian,Hit pedestrian,151.98451524201,-26.6737743363281,Nanango - Brooklands Rd,,,Nanango,South Burnett Region,4615,Nanango,Darling Downs,Southern,Southern,Southern Queensland,Nanango,Burnett,Wide Bay,Inner Regional,Nanango,Maranoa,Locally-controlled,No Roadway Feature,No traffic control,80 - 90 km/h,Sealed - Dry,Clear,Darkness - Not lighted,Straight,Grade,005,Pedn: Hit Walking With Traffic,12: Pedestrian,,1,0,0,0,1,1,0,0,0,0,1,0
321734,321734,Fatal,2022,September,Wednesday,15,Hit object,Single Vehicle,144.849768839139,-15.8153426632249,Hurse Rd,,,Lakeland,Cook Shire,4871,Laura,Far North,Far Northern,Northern,North Queensland,Cape York,Far North,Queensland - Outback,Remote,Cook,Leichhardt,Locally-controlled,No Roadway Feature,No traffic control,100 - 110 km/h,Unsealed - Dry,Clear,Daylight,Straight,Level,704,Off Path-Straight: Right Off Cway Hit Obj,16: Off Carriageway on Straight Hit Object,N,1,0,0,0,1,1,0,0,0,0,0,0
321739,321739,Fatal,2022,August,Sunday,13,Angle,Multi-Vehicle,152.708235216629,-26.2659534037597,Bruce Hwy,Woondum Rd,Cooroy - Gympie Road,Kybong,Gympie Region,4570,Gympie,Wide Bay Burnett,North Coast,Southern,Southern Queensland,Gympie Region,Gympie - Cooloola,Wide Bay,Inner Regional,Gympie,Wide Bay,State-controlled,Intersection - T-Junction,Give way sign,100 - 110 km/h,Sealed - Dry,Clear,Daylight,Straight,Grade,104,Vehs Adjacent Approach: Thru-Right,01: Intersection: Adjacent Approach,E,1,1,0,0,2,1,1,0,0,0,0,0
321740,321740,Fatal,2023,December,Wednesday,20,Hit object,Single Vehicle,150.112867630505,-24.9041711489604,Letchford Rd,,,Lonesome Creek,Banana Shire,4719,Theodore,Capricornia,Central,Central,Central Queensland,Banana,Biloela,Central Queensland,Outer Regional,Callide,Flynn,Locally-controlled,No Roadway Feature,No traffic control,100 - 110 km/h,Unsealed - Dry,Clear,Darkness - Not lighted,Curved - view open,Level,804,Off Path-Curve: Off Cway Lt Bend Hit Obj,19: Off Carriageway on Curve Hit Object,,1,0,0,0,1,0,1,0,0,0,0,0
321741,321741,Fatal,2022,August,Monday,7,Head-on,Multi-Vehicle,152.914603096888,-27.0638044306752,D'Aguilar Hwy,,D'Aguilar Highway (Caboolture - Kilcoy),Moodlu,Moreton Bay Region,4510,Caboolture,Moreton,North Coast,SEQ North,North Coast,Caboolture,Caboolture,Moreton Bay - North,Major Cities,Pumicestone,Longman,State-controlled,No Roadway Feature,No traffic control,100 - 110 km/h,Sealed - Wet,Clear,Daylight,Straight,Level,201,Vehs Opposite Approach: Head On,02: Head-on,W,1,2,0,0,3,4,0,0,0,0,0,0
321742,321742,Fatal,2022,September,Monday,14,Sideswipe,Multi-Vehicle,150.592848759448,-23.2719671786335,Iron Pot Rd,Yeppoon Rd,Rockhampton - Yeppoon Road,Ironpot,Livingstone Shire,4610,North Rockhampton,Capricornia,Central,Central,Central Queensland,Rockhampton Region - East,Rockhampton,Central Queensland,Inner Regional,Keppel,Capricornia,State-controlled,Intersection - T-Junction,Stop sign,100 - 110 km/h,Sealed - Dry,Clear,Daylight,Curved - view open,Level,306,Vehs Same Direction: Lane Change Right,05: Lane Change,N,1,1,0,0,2,2,0,1,0,0,0,0
321743,321743,Fatal,2022,August,Monday,11,Hit object,Single Vehicle,153.171850011366,-27.5257964601772,Mt Gravatt - Capalaba Rd,,,Chandler,Brisbane City,4155,Capalaba,South Brisbane,Brisbane,SEQ South,Metropolitan,Belmont - Gumdale,Capalaba,Brisbane - East,Major Cities,Chatsworth,Bonner,Locally-controlled,No Roadway Feature,No traffic control,70 km/h,Sealed - Dry,Clear,Daylight,Straight,Grade,703,Off Path-Straight: Left Off Cway Hit Obj,16: Off Carriageway on Straight Hit Object,S,1,0,0,0,1,0,1,0,0,0,0,0
321746,321746,Fatal,2022,October,Tuesday,21,Hit object,Single Vehicle,145.008907728386,-17.2156466858485,Burke Developmental Rd,,Burke Developmental Road (Normanton - Dimbulah),Dimbulah,Mareeba Shire,4872,Dimbulah,Far North,Far Northern,Northern,North Queensland,Tablelands,Far North,Queensland - Outback,Remote,Hill,Kennedy,State-controlled,No Roadway Feature,No traffic control,100 - 110 km/h,Sealed - Dry,Clear,Darkness - Not lighted,Curved - view open,Grade,805,Off Path-Curve: Out Of Control On Cway,20: Out of Control on Curve,N,1,0,0,0,1,1,0,0,0,0,0,0
321747,321747,Fatal,2022,September,Friday,12,Head-on,Multi-Vehicle,150.777554754467,-23.1646821945474,Scenic Hwy,,,Lammermoor,Livingstone Shire,4703,Yeppoon,Capricornia,Central,Central,Central Queensland,Yeppoon,Rockhampton,Central Queensland,Inner Regional,Keppel,Capricornia,Locally-controlled,No Roadway Feature,No traffic control,60 km/h,Sealed - Dry,Clear,Daylight,Curved - view obscured,Crest,201,Vehs Opposite Approach: Head On,02: Head-on,,1,3,0,0,4,2,0,1,0,0,0,0
321750,321750,Fatal,2022,October,Thursday,20,Hit object,Single Vehicle,149.216513095755,-21.0999790396574,Edmund Casey Dr,,,Mackay Harbour,Mackay Region,4740,Mackay,Mackay,Central,Central,Central Queensland,Mackay Harbour,Mackay,Mackay - Isaac - Whitsunday,Inner Regional,Mackay,Dawson,Locally-controlled,No Roadway Feature,No traffic control,0 - 50 km/h,Sealed - Dry,Clear,Darkness - Lighted,Curved - view obscured,Level,808,Off Path-Curve: Mounts Traffic Island,19: Off Carriageway on Curve Hit Object,E,1,0,0,0,1,0,1,0,0,0,0,0
321752,321752,Fatal,2022,October,Sunday,3,Fall from vehicle,Single Vehicle,145.473769747928,-16.554733712023,Mowbray River Rd,,,Mowbray,Douglas Shire,4877,Port Douglas,Far North,Far Northern,Northern,North Queensland,Port Douglas,Port Douglas - Daintree,Cairns,Outer Regional,Cook,Leichhardt,Locally-controlled,No Roadway Feature,No traffic control,60 km/h,Sealed - Dry,Clear,Darkness - Not lighted,Curved - view open,Grade,805,Off Path-Curve: Out Of Control On Cway,20: Out of Control on Curve,,1,0,0,0,1,0,0,0,0,1,0,0
321753,321753,Fatal,2022,September,Monday,18,Hit object,Single Vehicle,152.732934670124,-26.7391710239991,Aherns Rd,,,Conondale,Sunshine Coast Region,4552,Maleny,Sunshine Coast,North Coast,SEQ North,North Coast,Caloundra Hinterland,Sunshine Coast Hinterland,Sunshine Coast,Inner Regional,Glass House,Fisher,Locally-controlled,No Roadway Feature,No traffic control,80 - 90 km/h,Sealed - Dry,Clear,Darkness - Lighted,Curved - view open,Level,805,Off Path-Curve: Out Of Control On Cway,20: Out of Control on Curve,,1,0,0,0,1,1,0,0,0,0,0,0