_id,Crash_Ref_Number,Crash_Severity,Crash_Year,Crash_Month,Crash_Day_Of_Week,Crash_Hour,Crash_Nature,Crash_Type,Crash_Longitude,Crash_Latitude,Crash_Street,Crash_Street_Intersecting,State_Road_Name,Loc_Suburb,Loc_Local_Government_Area,Loc_Post_Code,Loc_Police_Division,Loc_Police_District,Loc_Police_Region,Loc_Queensland_Transport_Region,Loc_Main_Roads_Region,Loc_ABS_Statistical_Area_2,Loc_ABS_Statistical_Area_3,Loc_ABS_Statistical_Area_4,Loc_ABS_Remoteness,Loc_State_Electorate,Loc_Federal_Electorate,Crash_Controlling_Authority,Crash_Roadway_Feature,Crash_Traffic_Control,Crash_Speed_Limit,Crash_Road_Surface_Condition,Crash_Atmospheric_Condition,Crash_Lighting_Condition,Crash_Road_Horiz_Align,Crash_Road_Vert_Align,Crash_DCA_Code,Crash_DCA_Description,Crash_DCA_Group_Description,DCA_Key_Approach_Dir,Count_Casualty_Fatality,Count_Casualty_Hospitalised,Count_Casualty_MedicallyTreated,Count_Casualty_MinorInjury,Count_Casualty_Total,Count_Unit_Car,Count_Unit_Motorcycle_Moped,Count_Unit_Truck,Count_Unit_Bus,Count_Unit_Bicycle,Count_Unit_Pedestrian,Count_Unit_Other
321755,321755,Fatal,2022,September,Saturday,8,Sideswipe,Multi-Vehicle,148.95882710596,-21.209283018815,Marian - Eton Rd,,Marian - Eton Road,Marian,Mackay Region,4753,Eton,Mackay,Central,Central,Central Queensland,Pioneer Valley,Mackay,Mackay - Isaac - Whitsunday,Outer Regional,Mirani,Capricornia,State-controlled,No Roadway Feature,No traffic control,100 - 110 km/h,Sealed - Dry,Clear,Daylight,Curved - view obscured,Level,201,Vehs Opposite Approach: Head On,02: Head-on,W,1,0,0,0,1,0,1,1,0,0,0,0
321756,321756,Fatal,2022,September,Sunday,14,Hit object,Single Vehicle,152.97220200869,-27.7170244416073,New Beith Rd,,,Greenbank,Logan City,4124,Jimboomba,Logan,South Eastern,SEQ South,South Coast,Greenbank,Jimboomba,Logan - Beaudesert,Major Cities,Jordan,Wright,Locally-controlled,No Roadway Feature,No traffic control,70 km/h,Sealed - Dry,Clear,Daylight,Curved - view open,Level,803,Off Path-Curve: Off Cway Rt Bend Hit Obj,19: Off Carriageway on Curve Hit Object,,1,0,0,0,1,0,1,0,0,0,0,0
321757,321757,Fatal,2022,September,Sunday,22,Hit object,Single Vehicle,150.387325738021,-23.6488801632077,Central St,Pattison St,Burnett Highway (Biloela - Mount Morgan),Mount Morgan,Rockhampton Region,4714,Mount Morgan,Capricornia,Central,Central,Central Queensland,Mount Morgan,Rockhampton,Central Queensland,Inner Regional,Mirani,Flynn,State-controlled,Intersection - Cross,No traffic control,60 km/h,Sealed - Dry,Clear,Darkness - Lighted,Curved - view open,Dip,803,Off Path-Curve: Off Cway Rt Bend Hit Obj,19: Off Carriageway on Curve Hit Object,S,1,0,0,0,1,0,1,0,0,0,0,0
321759,321759,Fatal,2022,September,Friday,19,Hit pedestrian,Hit pedestrian,153.108613003551,-27.6409834547101,Wembley Rd,,Springwood Connection Road,Logan Central,Logan City,4114,Logan Central,Logan,South Eastern,SEQ South,South Coast,Logan Central,Springwood - Kingston,Logan - Beaudesert,Major Cities,Woodridge,Rankin,State-controlled,No Roadway Feature,No traffic control,60 km/h,Sealed - Dry,Clear,Darkness - Lighted,Straight,Grade,001,Pedn: Near Side Vehicle Hit From Right,12: Pedestrian,E,1,0,0,0,1,1,0,0,0,0,1,0
321761,321761,Fatal,2022,November,Saturday,13,Fall from vehicle,Single Vehicle,152.860667805657,-28.2318066494949,Mt Lindesay Hwy,,Mount Lindesay Highway (Beaudesert - Border),Palen Creek,Scenic Rim Region,4287,Rathdowney,Logan,South Eastern,SEQ South,South Coast,Beaudesert,Beaudesert,Logan - Beaudesert,Inner Regional,Scenic Rim,Wright,State-controlled,No Roadway Feature,No traffic control,100 - 110 km/h,Sealed - Wet,Clear,Daylight,Curved - view open,Level,805,Off Path-Curve: Out Of Control On Cway,20: Out of Control on Curve,N,1,0,0,0,1,0,1,0,0,0,0,0
321762,321762,Fatal,2022,September,Thursday,13,Hit animal,Other,142.565920273425,-10.7662104786071,Narau Beach Rd,,,Somerset,Northern Peninsula Area Region,4876,Bamaga,Far North,Far Northern,Northern,North Queensland,Northern Peninsula,Far North,Queensland - Outback,Very Remote,Cook,Leichhardt,Locally-controlled,No Roadway Feature,No traffic control,100 - 110 km/h,Unsealed - Dry,Clear,Daylight,Straight,Level,609,Pass & Misc: Hit Animal,14: Hit Animal,W,1,0,0,0,1,0,1,0,0,0,0,0
321763,321763,Fatal,2022,September,Monday,14,Hit object,Single Vehicle,152.404838137693,-27.1705093810879,Brisbane Valley Rail Trl,,Brisbane Valley Rail Trail,Coal Creek,Somerset Region,4312,Esk,Ipswich,Southern,SEQ North,North Coast,Esk,Ipswich Hinterland,Ipswich,Inner Regional,Nanango,Blair,State-controlled,No Roadway Feature,No traffic control,100 - 110 km/h,Unsealed - Dry,Clear,Daylight,Curved - view open,Level,400,Vehs Manoeuvring: Other,21: Other,S,1,0,0,0,1,0,0,0,0,1,0,0
321765,321765,Fatal,2022,September,Thursday,15,Angle,Multi-Vehicle,153.057243024949,-27.5158094485535,Abbotsleigh St,Logan Rd,,Holland Park,Brisbane City,4121,Holland Park,South Brisbane,Brisbane,SEQ South,Metropolitan,Holland Park,Holland Park - Yeronga,Brisbane - South,Major Cities,Greenslopes,Griffith,Locally-controlled,Intersection - T-Junction,Operating traffic lights,60 km/h,Sealed - Dry,Clear,Daylight,Straight,Grade,202,Vehs Opposite Approach: Thru-Right,03: Opposing Vehicles Turning,,1,0,0,0,1,1,1,0,0,0,0,0
321766,321766,Fatal,2022,September,Friday,6,Head-on,Multi-Vehicle,152.864655258442,-25.793535415499,Maryborough - Cooloola Rd,,Maryborough - Cooloola Road,Tuan Forest,Fraser Coast Region,4650,Tiaro,Wide Bay Burnett,North Coast,Southern,Southern Queensland,Maryborough Region - South,Maryborough,Wide Bay,Inner Regional,Maryborough,Wide Bay,State-controlled,No Roadway Feature,No traffic control,100 - 110 km/h,Sealed - Dry,Clear,Daylight,Straight,Grade,201,Vehs Opposite Approach: Head On,02: Head-on,S,1,0,1,0,2,1,0,1,0,0,0,0
321769,321769,Fatal,2022,October,Sunday,17,Hit object,Single Vehicle,153.010864990195,-27.8297624463707,Henderson Rd,,,Glenlogan,Logan City,4280,Jimboomba,Logan,South Eastern,SEQ South,South Coast,Jimboomba,Jimboomba,Logan - Beaudesert,Inner Regional,Logan,Wright,Locally-controlled,No Roadway Feature,No traffic control,70 km/h,Sealed - Dry,Clear,Daylight,Straight,Level,703,Off Path-Straight: Left Off Cway Hit Obj,16: Off Carriageway on Straight Hit Object,N,1,0,0,0,1,1,0,0,0,0,0,0
321780,321780,Fatal,2018,December,Thursday,9,Angle,Multi-Vehicle,145.971618614866,-17.8801997584047,Bruce Hwy,Feluga Rd,Bruce Highway (Ingham - Innisfail),Feluga,Cassowary Coast Region,4854,Tully,Far North,Far Northern,Northern,North Queensland,Tully,Innisfail - Cassowary Coast,Cairns,Outer Regional,Hill,Kennedy,State-controlled,Intersection - Cross,Give way sign,100 - 110 km/h,Sealed - Dry,Clear,Daylight,Straight,Level,104,Vehs Adjacent Approach: Thru-Right,01: Intersection: Adjacent Approach,E,1,1,0,0,2,1,0,1,0,0,0,0
321818,321818,Fatal,2022,November,Friday,13,Angle,Multi-Vehicle,153.334272934869,-27.9858304802515,Hope St,Stevens St,,Nerang,Gold Coast City,4211,Nerang,Gold Coast,South Eastern,SEQ South,South Coast,Nerang - Mount Nathan,Nerang,Gold Coast,Major Cities,Gaven,Moncrieff,Locally-controlled,Intersection - T-Junction,No traffic control,0 - 50 km/h,Sealed - Dry,Clear,Daylight,Straight,Grade,202,Vehs Opposite Approach: Thru-Right,03: Opposing Vehicles Turning,E,1,0,0,0,1,0,1,1,0,0,0,0
321821,321821,Fatal,2022,July,Friday,7,Rear-end,Multi-Vehicle,152.578815092361,-27.3877343999055,Brisbane Valley Hwy,,Brisbane Valley Highway (Ipswich - Harlin),Wivenhoe Hill,Somerset Region,4311,Lowood,Ipswich,Southern,SEQ North,North Coast,Lowood,Ipswich Hinterland,Ipswich,Inner Regional,Nanango,Blair,State-controlled,No Roadway Feature,Operating traffic lights,60 km/h,Sealed - Wet,Raining,Daylight,Straight,Level,301,Vehs Same Direction: Rear End,04: Rear-end,S,1,0,0,0,1,0,0,2,0,0,0,0
321888,321888,Fatal,2021,March,Monday,6,Hit object,Single Vehicle,153.160283949467,-28.0207944629069,Coburg Rd,,,Canungra,Scenic Rim Region,4275,Canungra,Logan,South Eastern,SEQ South,South Coast,Tamborine - Canungra,Gold Coast Hinterland,Gold Coast,Inner Regional,Scenic Rim,Wright,Locally-controlled,Bridge/Causeway,No traffic control,60 km/h,Sealed - Wet,Raining,Daylight,Curved - view open,Dip,607,Vehs On Path: Temporary Object On Cway,21: Other,E,1,0,0,0,1,1,0,0,0,0,0,0
321889,321889,Fatal,2021,April,Sunday,21,Hit object,Single Vehicle,153.374162923292,-28.0416154847455,Gooding Dr,,Gold Coast - Springbrook Road,Carrara,Gold Coast City,4211,Mudgeeraba,Gold Coast,South Eastern,SEQ South,South Coast,Carrara,Nerang,Gold Coast,Major Cities,Mudgeeraba,Moncrieff,State-controlled,No Roadway Feature,No traffic control,70 km/h,Sealed - Wet,Raining,Darkness - Lighted,Curved - view open,Level,803,Off Path-Curve: Off Cway Rt Bend Hit Obj,19: Off Carriageway on Curve Hit Object,S,1,0,0,0,1,1,0,0,0,0,0,0
321920,321920,Fatal,2021,February,Thursday,9,Angle,Multi-Vehicle,153.149439015815,-27.5097134577885,Old Cleveland Rd,Tilley Rd,Cleveland Sub-Arterial Road,Chandler,Brisbane City,4155,Capalaba,South Brisbane,Brisbane,SEQ South,Metropolitan,Belmont - Gumdale,Capalaba,Brisbane - East,Major Cities,Chatsworth,Bonner,State-controlled,Intersection - Cross,Flashing amber lights,80 - 90 km/h,Sealed - Wet,Raining,Daylight,Straight,Grade,202,Vehs Opposite Approach: Thru-Right,03: Opposing Vehicles Turning,E,1,0,0,0,1,1,1,0,0,0,0,0
321958,321958,Fatal,2020,September,Sunday,0,Hit object,Single Vehicle,152.289780421768,-24.8942893515245,Branyan Dr,,,Branyan,Bundaberg Region,4670,Bundaberg,Wide Bay Burnett,North Coast,Southern,Southern Queensland,Branyan - Kensington,Bundaberg,Wide Bay,Inner Regional,Bundaberg,Hinkler,Locally-controlled,No Roadway Feature,No traffic control,60 km/h,Sealed - Dry,Clear,Darkness - Lighted,Curved - view open,Grade,804,Off Path-Curve: Off Cway Lt Bend Hit Obj,19: Off Carriageway on Curve Hit Object,S,1,0,0,0,1,1,0,0,0,0,0,0
322351,322351,Fatal,2022,February,Tuesday,16,Angle,Multi-Vehicle,153.029190006257,-27.6874144470895,Fedrick St,,,Boronia Heights,Logan City,4124,Browns Plains,Logan,South Eastern,SEQ South,South Coast,Boronia Heights - Park Ridge,Browns Plains,Logan - Beaudesert,Major Cities,Logan,Forde,Locally-controlled,No Roadway Feature,No traffic control,60 km/h,Sealed - Dry,Clear,Daylight,Straight,Level,408,Vehs Manoeuvring: Entering From Footway,08: Vehicle Leaving Driveway,E,1,1,0,0,2,1,1,0,0,0,0,0
322383,322383,Fatal,2022,August,Thursday,12,Angle,Multi-Vehicle,147.736643991548,-23.5452989385264,Anakie - Sapphire Rd,Capricorn Hwy,Capricorn Highway (Emerald - Alpha),The Gemfields,Central Highlands Region,4702,Anakie,Capricornia,Central,Central,Central Queensland,Central Highlands - West,Central Highlands (qld),Central Queensland,Remote,Gregory,Flynn,State-controlled,Intersection - Cross,Give way sign,80 - 90 km/h,Sealed - Dry,Clear,Daylight,Straight,Level,101,Vehs Adjacent Approach: Thru-Thru,01: Intersection: Adjacent Approach,S,1,5,0,0,6,2,0,0,0,0,0,0
322387,322387,Fatal,2022,August,Saturday,2,Hit object,Single Vehicle,152.715640134888,-26.9261494097744,D'Aguilar Hwy,,D'Aguilar Highway (Caboolture - Kilcoy),Stony Creek,Moreton Bay Region,4514,Woodford,Moreton,North Coast,SEQ North,North Coast,Woodford - Daguilar,Caboolture Hinterland,Moreton Bay - North,Inner Regional,Glass House,Longman,State-controlled,No Roadway Feature,No traffic control,60 km/h,Sealed - Wet,Raining,Darkness - Not lighted,Curved - view open,Level,800,Off Path-Curve: Other,21: Other,E,1,0,0,0,1,1,0,0,0,0,0,0
322389,322389,Fatal,2022,November,Monday,17,Hit object,Single Vehicle,152.83201910629,-27.058228422391,Campbells Pkt Rd,,,Wamuran Basin,Moreton Bay Region,4512,Woodford,Moreton,North Coast,SEQ North,North Coast,Woodford - Daguilar,Caboolture Hinterland,Moreton Bay - North,Inner Regional,Glass House,Longman,Locally-controlled,No Roadway Feature,No traffic control,100 - 110 km/h,Sealed - Dry,Clear,Daylight,Straight,Grade,704,Off Path-Straight: Right Off Cway Hit Obj,16: Off Carriageway on Straight Hit Object,,1,0,0,0,1,1,0,0,0,0,0,0
322391,322391,Fatal,2022,October,Sunday,13,Hit object,Single Vehicle,153.126171031406,-27.4063364546248,Main Myrtletown Rd,,,Brisbane Airport,Brisbane City,4008,Hendra,North Brisbane,Brisbane,SEQ North,Metropolitan,Brisbane Airport,Nundah,Brisbane - North,Major Cities,Clayfield,Lilley,Locally-controlled,No Roadway Feature,No traffic control,60 km/h,Sealed - Wet,Raining,Daylight,Straight,Level,703,Off Path-Straight: Left Off Cway Hit Obj,16: Off Carriageway on Straight Hit Object,N,1,0,0,0,1,0,1,0,0,0,0,0
322392,322392,Fatal,2022,October,Wednesday,17,Hit pedestrian,Hit pedestrian,153.390731935456,-27.9334034855824,Oxley Dr,,Hope Island Road,Biggera Waters,Gold Coast City,4216,Runaway Bay,Gold Coast,South Eastern,SEQ South,South Coast,Biggera Waters,Gold Coast - North,Gold Coast,Major Cities,Bonney,Fadden,State-controlled,No Roadway Feature,No traffic control,70 km/h,Sealed - Dry,Clear,Daylight,Curved - view open,Level,003,Pedn: Far Side Vehicle Hit From Left,12: Pedestrian,S,1,0,1,0,2,1,0,0,0,0,1,0
322394,322394,Fatal,2022,November,Tuesday,1,Hit parked vehicle,Single Vehicle,151.248180827558,-27.1860491795794,Moonie Hwy,,Moonie Highway (Dalby - St George),Dalby,Western Downs Region,4405,Dalby,South West,Southern,Southern,Southern Queensland,Wambo,Darling Downs - East,Darling Downs - Maranoa,Inner Regional,Warrego,Maranoa,State-controlled,No Roadway Feature,No traffic control,60 km/h,Sealed - Wet,Raining,Darkness - Lighted,Straight,Level,703,Off Path-Straight: Left Off Cway Hit Obj,16: Off Carriageway on Straight Hit Object,W,2,0,0,0,2,1,0,1,0,0,0,0
322395,322395,Fatal,2022,November,Saturday,1,Hit pedestrian,Hit pedestrian,139.498194916801,-20.7394684058735,Moore Cres,,,Mornington,Mount Isa City,4825,Mount Isa,Mount Isa,Northern,Northern,North Queensland,Mount Isa,Outback - North,Queensland - Outback,Remote,Traeger,Kennedy,Locally-controlled,No Roadway Feature,No traffic control,0 - 50 km/h,Sealed - Dry,Clear,Darkness - Not lighted,Straight,Grade,004,Pedn: Play; Work; Stand; Lie On Cway,12: Pedestrian,,1,0,0,0,1,0,0,0,0,0,1,1
322398,322398,Fatal,2022,November,Sunday,7,Hit object,Single Vehicle,153.09569500935,-27.6062814531356,Beenleigh Rd,,,Kuraby,Brisbane City,4112,Upper Mount Gravatt,South Brisbane,Brisbane,SEQ South,Metropolitan,Kuraby,Sunnybank,Brisbane - South,Major Cities,Stretton,Moreton,Locally-controlled,No Roadway Feature,No traffic control,60 km/h,Sealed - Dry,Clear,Daylight,Curved - view open,Level,000,Pedn: Hit Other,21: Other,U,1,0,0,0,1,1,0,0,0,0,1,0
322399,322399,Fatal,2022,November,Sunday,8,Fall from vehicle,Single Vehicle,152.899946108457,-26.9833094285705,Track,,,Elimbah,Moreton Bay Region,4516,Caboolture,Moreton,North Coast,SEQ North,North Coast,Elimbah,Caboolture,Moreton Bay - North,Major Cities,Glass House,Longman,Locally-controlled,Forestry/National Park Road,No traffic control,0 - 50 km/h,Unsealed - Dry,Clear,Daylight,Straight,Grade,705,Off Path-Straight: Out Of Control On Cway,17: Out of Control on Straight,,1,0,0,0,1,0,1,0,0,0,0,0
322402,322402,Fatal,2022,November,Sunday,14,Sideswipe,Multi-Vehicle,152.165455052209,-28.0781423648952,Cunningham Hwy,,Cunningham Highway (Ipswich - Warwick),Gladfield,Southern Downs Region,4370,Yangan,Darling Downs,Southern,Southern,Southern Queensland,Southern Downs - East,Granite Belt,Darling Downs - Maranoa,Inner Regional,Southern Downs,Maranoa,State-controlled,No Roadway Feature,No traffic control,100 - 110 km/h,Sealed - Dry,Clear,Daylight,Curved - view open,Level,201,Vehs Opposite Approach: Head On,02: Head-on,W,1,5,0,0,6,3,0,0,0,0,0,0
322404,322404,Fatal,2022,November,Wednesday,4,Hit parked vehicle,Single Vehicle,153.086809113862,-26.7833814457079,Caloundra Rd,,Caloundra Road,Little Mountain,Sunshine Coast Region,4551,Caloundra,Sunshine Coast,North Coast,SEQ North,North Coast,Caloundra - West,Caloundra,Sunshine Coast,Major Cities,Caloundra,Fisher,State-controlled,No Roadway Feature,No traffic control,70 km/h,Sealed - Dry,Clear,Dawn/Dusk,Straight,Grade,608,Vehs On Path: Accident Or Broken Down,10: Hit Parked Vehicle,W,1,0,0,0,1,0,0,1,0,1,0,0
322405,322405,Fatal,2022,November,Thursday,15,Angle,Multi-Vehicle,152.62305531473,-25.5250963893501,Mungar Rd,Old Mill Rd,Mungar Road,Oakhurst,Fraser Coast Region,4650,Maryborough,Wide Bay Burnett,North Coast,Southern,Southern Queensland,Maryborough (qld),Maryborough,Wide Bay,Inner Regional,Maryborough,Wide Bay,State-controlled,Intersection - T-Junction,Give way sign,80 - 90 km/h,Sealed - Dry,Clear,Daylight,Straight,Dip,104,Vehs Adjacent Approach: Thru-Right,01: Intersection: Adjacent Approach,S,2,1,1,0,4,2,0,0,0,0,0,0
322406,322406,Fatal,2022,November,Friday,19,Overturned,Single Vehicle,152.052466043963,-28.2473893552785,Warwick - Killarney Rd,,Warwick - Killarney Road,Canningvale,Southern Downs Region,4370,Warwick,Darling Downs,Southern,Southern,Southern Queensland,Warwick,Granite Belt,Darling Downs - Maranoa,Inner Regional,Southern Downs,Maranoa,State-controlled,No Roadway Feature,No traffic control,100 - 110 km/h,Sealed - Dry,Clear,Darkness - Not lighted,Curved - view open,Level,802,Off Path-Curve: Off Cway Left Bend,18: Off Carriageway on Curve,W,1,0,0,0,1,1,0,0,0,0,0,0
322408,322408,Fatal,2022,November,Monday,14,Hit pedestrian,Hit pedestrian,152.929438040186,-27.5039694356465,Kensington Cct,,,Brookfield,Brisbane City,4069,Indooroopilly,North Brisbane,Brisbane,SEQ North,Metropolitan,Brookfield - Kenmore Hills,Kenmore - Brookfield - Moggill,Brisbane - West,Major Cities,Moggill,Ryan,Locally-controlled,No Roadway Feature,No traffic control,0 - 50 km/h,Sealed - Dry,Clear,Daylight,Straight,Grade,007,Pedn: Hit By Vehicle Enter/Leave Dway,12: Pedestrian,P,1,0,0,0,1,1,0,0,0,0,1,0
322411,322411,Fatal,2022,December,Saturday,10,Angle,Multi-Vehicle,145.392208774052,-16.2696847039373,Bloomfield Rd,,,Lower Daintree,Douglas Shire,4873,Mossman,Far North,Far Northern,Northern,North Queensland,Daintree,Port Douglas - Daintree,Cairns,Outer Regional,Cook,Leichhardt,Locally-controlled,No Roadway Feature,No traffic control,80 - 90 km/h,Sealed - Dry,Clear,Daylight,Curved - view obscured,Level,408,Vehs Manoeuvring: Entering From Footway,08: Vehicle Leaving Driveway,N,2,0,0,0,2,0,1,0,0,0,0,1
322412,322412,Fatal,2022,December,Sunday,20,Hit object,Single Vehicle,145.698274716665,-16.7860217296839,Trinity Beach Rd,,,Trinity Beach,Cairns Region,4879,Smithfield,Far North,Far Northern,Northern,North Queensland,Trinity Beach - Smithfield,Cairns - North,Cairns,Outer Regional,Barron River,Leichhardt,Locally-controlled,No Roadway Feature,No traffic control,60 km/h,Sealed - Dry,Clear,Darkness - Lighted,Straight,Level,703,Off Path-Straight: Left Off Cway Hit Obj,16: Off Carriageway on Straight Hit Object,W,1,0,1,0,2,1,0,0,0,0,0,0
322414,322414,Fatal,2022,November,Wednesday,15,Hit object,Single Vehicle,153.411584921853,-28.0209934883946,Bermuda St,,Southport - Burleigh Road,Broadbeach Waters,Gold Coast City,4218,Broadbeach,Gold Coast,South Eastern,SEQ South,South Coast,Broadbeach Waters,Broadbeach - Burleigh,Gold Coast,Major Cities,Surfers Paradise,Moncrieff,State-controlled,No Roadway Feature,No traffic control,60 km/h,Sealed - Dry,Clear,Daylight,Curved - view open,Level,201,Vehs Opposite Approach: Head On,02: Head-on,S,1,0,1,0,2,2,1,0,0,0,0,0
322415,322415,Fatal,2022,December,Saturday,8,Hit object,Single Vehicle,150.123103703456,-24.2073141442002,Leichhardt Hwy,,Leichhardt Highway (Westwood - Taroom),Kokotungo,Banana Shire,4702,Baralaba,Capricornia,Central,Central,Central Queensland,Banana,Biloela,Central Queensland,Outer Regional,Callide,Flynn,State-controlled,No Roadway Feature,No traffic control,100 - 110 km/h,Sealed - Dry,Clear,Daylight,Straight,Level,704,Off Path-Straight: Right Off Cway Hit Obj,16: Off Carriageway on Straight Hit Object,W,1,0,0,0,1,1,0,0,0,0,0,0
322416,322416,Fatal,2022,November,Saturday,14,Hit object,Single Vehicle,150.111092713134,-24.1261751424712,Leichhardt Hwy,,Leichhardt Highway (Westwood - Taroom),Goovigen,Banana Shire,4702,Goovigen,Capricornia,Central,Central,Central Queensland,Banana,Biloela,Central Queensland,Outer Regional,Callide,Flynn,State-controlled,No Roadway Feature,No traffic control,100 - 110 km/h,Sealed - Dry,Clear,Daylight,Straight,Level,704,Off Path-Straight: Right Off Cway Hit Obj,16: Off Carriageway on Straight Hit Object,N,1,0,0,0,1,1,0,0,0,0,0,0
322417,322417,Fatal,2022,December,Saturday,12,Hit object,Single Vehicle,153.207048013179,-27.4818014633853,Queens Esp,,,Thorneside,Redland City,4158,Capalaba,South Brisbane,Brisbane,SEQ South,Metropolitan,Thorneside,Capalaba,Brisbane - East,Major Cities,Capalaba,Bowman,Locally-controlled,No Roadway Feature,No traffic control,0 - 50 km/h,Sealed - Dry,Clear,Daylight,Curved - view open,Level,803,Off Path-Curve: Off Cway Rt Bend Hit Obj,19: Off Carriageway on Curve Hit Object,,1,0,0,0,1,1,0,0,0,0,0,0
322418,322418,Fatal,2022,November,Wednesday,18,Hit object,Single Vehicle,152.959900007477,-27.7371804405339,Dungaree Dr,,,New Beith,Logan City,4124,Jimboomba,Logan,South Eastern,SEQ South,South Coast,Greenbank,Jimboomba,Logan - Beaudesert,Major Cities,Jordan,Wright,Locally-controlled,No Roadway Feature,No traffic control,60 km/h,Sealed - Wet,Raining,Dawn/Dusk,Straight,Level,704,Off Path-Straight: Right Off Cway Hit Obj,16: Off Carriageway on Straight Hit Object,N,1,0,2,0,3,1,0,0,0,0,0,0
322419,322419,Fatal,2022,December,Saturday,16,Head-on,Multi-Vehicle,151.975449435938,-25.0315653222193,Bruce Hwy,,Bruce Highway (Maryborough - Gin Gin),Skyring Reserve,Bundaberg Region,4671,Gin Gin,Wide Bay Burnett,North Coast,Southern,Southern Queensland,Gin Gin,Burnett,Wide Bay,Outer Regional,Callide,Flynn,State-controlled,No Roadway Feature,No traffic control,100 - 110 km/h,Sealed - Dry,Clear,Daylight,Straight,Level,201,Vehs Opposite Approach: Head On,02: Head-on,N,1,1,0,0,2,1,0,1,0,0,0,0
322420,322420,Fatal,2022,December,Saturday,16,Angle,Multi-Vehicle,151.956345137394,-27.5692683407078,Hume St,James St,Toowoomba Connection Road,Toowoomba City,Toowoomba Region,4350,Toowoomba,Darling Downs,Southern,Southern,Southern Queensland,Toowoomba - Central,Toowoomba,Toowoomba,Inner Regional,Toowoomba South,Groom,State-controlled,Intersection - Cross,Operating traffic lights,60 km/h,Sealed - Dry,Clear,Daylight,Straight,Level,202,Vehs Opposite Approach: Thru-Right,03: Opposing Vehicles Turning,W,1,0,0,0,1,1,1,0,0,0,0,0
322421,322421,Fatal,2022,December,Saturday,12,Hit object,Single Vehicle,152.915275118677,-26.8882134293445,Old Gympie Rd,,,Glass House Mountains,Sunshine Coast Region,4518,Beerwah,Sunshine Coast,North Coast,SEQ North,North Coast,Glass House Mountains,Sunshine Coast Hinterland,Sunshine Coast,Inner Regional,Glass House,Fisher,Locally-controlled,No Roadway Feature,No traffic control,80 - 90 km/h,Sealed - Dry,Clear,Daylight,Curved - view open,Level,600,Vehs On Path: Other,21: Other,,2,0,0,0,2,1,0,0,0,0,0,0
322422,322422,Fatal,2022,December,Sunday,3,Hit object,Single Vehicle,145.635257665422,-17.5136607314694,Palmerston Hwy,,Palmerston Highway (Innisfail - Millaa Millaa),Millaa Millaa,Tablelands Region,4886,Millaa Millaa,Far North,Far Northern,Northern,North Queensland,Malanda - Yungaburra,Tablelands (east) - Kuranda,Cairns,Outer Regional,Hill,Kennedy,State-controlled,No Roadway Feature,No traffic control,100 - 110 km/h,Sealed - Dry,Clear,Darkness - Not lighted,Curved - view open,Grade,803,Off Path-Curve: Off Cway Rt Bend Hit Obj,19: Off Carriageway on Curve Hit Object,E,1,0,0,0,1,1,0,0,0,0,0,0
322423,322423,Fatal,2022,December,Thursday,6,Head-on,Multi-Vehicle,145.775434689455,-17.0798727376359,Bruce Hwy,,Bruce Highway (Innisfail - Cairns),Gordonvale,Cairns Region,4865,Gordonvale,Far North,Far Northern,Northern,North Queensland,Gordonvale - Trinity,Cairns - South,Cairns,Outer Regional,Mulgrave,Kennedy,State-controlled,No Roadway Feature,No traffic control,60 km/h,Sealed - Dry,Clear,Daylight,Straight,Level,201,Vehs Opposite Approach: Head On,02: Head-on,N,1,2,2,0,5,2,0,1,0,0,0,0
322427,322427,Fatal,2022,December,Wednesday,13,Hit object,Single Vehicle,153.09849302117,-27.510643452662,Creek Rd,,,Carina Heights,Brisbane City,4152,Carina,South Brisbane,Brisbane,SEQ South,Metropolitan,Carina Heights,Carindale,Brisbane - South,Major Cities,Chatsworth,Griffith,Locally-controlled,No Roadway Feature,No traffic control,70 km/h,Sealed - Dry,Clear,Daylight,Straight,Crest,703,Off Path-Straight: Left Off Cway Hit Obj,16: Off Carriageway on Straight Hit Object,N,1,0,0,0,1,1,0,0,0,0,0,0
322444,322444,Fatal,2018,April,Wednesday,20,Hit object,Single Vehicle,149.304355849624,-23.5240730672984,Fitzroy Developmental Rd,,Fitzroy Developmental Road (Dingo - Mount Flora),Dingo,Central Highlands Region,4702,Duaringa,Capricornia,Central,Central,Central Queensland,Central Highlands - East,Central Highlands (qld),Central Queensland,Remote,Gregory,Flynn,State-controlled,No Roadway Feature,No traffic control,100 - 110 km/h,Sealed - Dry,Clear,Darkness - Not lighted,Straight,Level,704,Off Path-Straight: Right Off Cway Hit Obj,16: Off Carriageway on Straight Hit Object,N,1,0,0,0,1,1,0,0,0,0,0,0