_id,Crash_Ref_Number,Crash_Severity,Crash_Year,Crash_Month,Crash_Day_Of_Week,Crash_Hour,Crash_Nature,Crash_Type,Crash_Longitude,Crash_Latitude,Crash_Street,Crash_Street_Intersecting,State_Road_Name,Loc_Suburb,Loc_Local_Government_Area,Loc_Post_Code,Loc_Police_Division,Loc_Police_District,Loc_Police_Region,Loc_Queensland_Transport_Region,Loc_Main_Roads_Region,Loc_ABS_Statistical_Area_2,Loc_ABS_Statistical_Area_3,Loc_ABS_Statistical_Area_4,Loc_ABS_Remoteness,Loc_State_Electorate,Loc_Federal_Electorate,Crash_Controlling_Authority,Crash_Roadway_Feature,Crash_Traffic_Control,Crash_Speed_Limit,Crash_Road_Surface_Condition,Crash_Atmospheric_Condition,Crash_Lighting_Condition,Crash_Road_Horiz_Align,Crash_Road_Vert_Align,Crash_DCA_Code,Crash_DCA_Description,Crash_DCA_Group_Description,DCA_Key_Approach_Dir,Count_Casualty_Fatality,Count_Casualty_Hospitalised,Count_Casualty_MedicallyTreated,Count_Casualty_MinorInjury,Count_Casualty_Total,Count_Unit_Car,Count_Unit_Motorcycle_Moped,Count_Unit_Truck,Count_Unit_Bus,Count_Unit_Bicycle,Count_Unit_Pedestrian,Count_Unit_Other
329332,329332,Fatal,2005,August,Monday,18,Hit pedestrian,Hit pedestrian,139.492087713328,-20.7192088334421,West St,,,Menzies,Mount Isa City,4825,Mount Isa,Mount Isa,Northern,Northern,North Queensland,Mount Isa,Outback - North,Queensland - Outback,Remote,Traeger,Kennedy,Locally-controlled,No Roadway Feature,No traffic control,60 km/h,Sealed - Dry,Clear,Darkness - Not lighted,Straight,Level,004,Pedn: Play; Work; Stand; Lie On Cway,12: Pedestrian,S,1,0,0,0,1,1,0,0,0,0,1,0
329436,329436,Fatal,2005,July,Wednesday,9,Hit pedestrian,Hit pedestrian,152.977123825284,-27.5021704814057,Clarence Rd,Westminster Rd,,Indooroopilly,Brisbane City,4068,Indooroopilly,North Brisbane,Brisbane,SEQ North,Metropolitan,Indooroopilly,Sherwood - Indooroopilly,Brisbane - West,Major Cities,Maiwar,Ryan,Locally-controlled,Intersection - T-Junction,Operating traffic lights,0 - 50 km/h,Sealed - Dry,Clear,Daylight,Straight,Level,001,Pedn: Near Side Vehicle Hit From Right,12: Pedestrian,S,1,0,0,0,1,1,0,0,0,0,1,0
329443,329443,Fatal,2005,July,Thursday,19,Hit object,Single Vehicle,153.035306585776,-27.2263594220579,Redcliffe Rd,,Redcliffe Road,Mango Hill,Moreton Bay Region,4509,Mango Hill North Lakes,Moreton,North Coast,SEQ North,North Coast,North Lakes - Mango Hill,North Lakes,Moreton Bay - South,Major Cities,Bancroft,Petrie,State-controlled,Median Opening,No traffic control,80 - 90 km/h,Sealed - Dry,Clear,Darkness - Not lighted,Straight,Level,708,Off Path-Straight: Mounts Traffic Island,16: Off Carriageway on Straight Hit Object,N,1,0,0,0,1,1,0,0,0,0,0,0
329446,329446,Fatal,2005,July,Friday,20,Hit object,Single Vehicle,148.948574085376,-21.2869202826066,Peak Downs Hwy,,Peak Downs Highway (Nebo - Mackay),Eton,Mackay Region,4741,Eton,Mackay,Central,Central,Central Queensland,Walkerston - Eton,Mackay,Mackay - Isaac - Whitsunday,Outer Regional,Mirani,Capricornia,State-controlled,No Roadway Feature,No traffic control,100 - 110 km/h,Sealed - Dry,Clear,Darkness - Not lighted,Curved - view open,Grade,502,Vehs Overtaking: Out Of Control,15: Off Carriageway on Straight,E,1,0,0,0,1,1,0,0,0,0,0,0
329511,329511,Fatal,2005,July,Wednesday,15,Overturned,Single Vehicle,150.337915144308,-27.9689296813698,Leichhardt Hwy,,Leichhardt Highway (Miles - Goondiwindi),Calingunee,Goondiwindi Region,4390,Goondiwindi,Darling Downs,Southern,Southern,Southern Queensland,Inglewood - Waggamba,Darling Downs (west) - Maranoa,Darling Downs - Maranoa,Outer Regional,Southern Downs,Maranoa,State-controlled,No Roadway Feature,No traffic control,100 - 110 km/h,Sealed - Dry,Clear,Daylight,Straight,Level,704,Off Path-Straight: Right Off Cway Hit Obj,16: Off Carriageway on Straight Hit Object,N,1,0,0,0,1,1,0,0,0,0,0,0
329604,329604,Fatal,2005,December,Thursday,16,Overturned,Single Vehicle,152.815117312471,-27.4001903224192,Mount Nebo Rd,,,Jollys Lookout,Moreton Bay Region,4520,Ferny Grove,North Brisbane,Brisbane,SEQ North,North Coast,Samford Valley,The Hills District,Moreton Bay - South,Inner Regional,Pine Rivers,Dickson,Locally-controlled,No Roadway Feature,No traffic control,80 - 90 km/h,Sealed - Dry,Clear,Daylight,Curved - view open,Grade,803,Off Path-Curve: Off Cway Rt Bend Hit Obj,19: Off Carriageway on Curve Hit Object,E,1,0,0,0,1,1,0,0,0,0,0,0
329607,329607,Fatal,2005,December,Friday,7,Hit object,Single Vehicle,152.965881530436,-27.5026197422831,Isles Rd,,,Indooroopilly,Brisbane City,4068,Indooroopilly,North Brisbane,Brisbane,SEQ North,Metropolitan,Indooroopilly,Sherwood - Indooroopilly,Brisbane - West,Major Cities,Maiwar,Ryan,Locally-controlled,No Roadway Feature,No traffic control,0 - 50 km/h,Sealed - Dry,Clear,Daylight,Curved - view obscured,Grade,000,Pedn: Hit Other,21: Other,N,1,0,0,0,1,1,0,0,0,0,1,0
329610,329610,Fatal,2005,December,Tuesday,7,Hit pedestrian,Hit pedestrian,153.112219808869,-26.6821308724563,Allunga Ct,Moondarra Cr,,Mooloolaba,Sunshine Coast Region,4557,Maroochydore,Sunshine Coast,North Coast,SEQ North,North Coast,Mooloolaba - Alexandra Headland,Maroochy,Sunshine Coast,Major Cities,Maroochydore,Fisher,Locally-controlled,Intersection - T-Junction,No traffic control,0 - 50 km/h,Sealed - Dry,Clear,Daylight,Curved - view open,Level,005,Pedn: Hit Walking With Traffic,12: Pedestrian,W,1,0,0,0,1,0,0,0,0,0,1,1
330020,330020,Fatal,2005,December,Saturday,0,Hit object,Single Vehicle,145.995287602894,-17.8339095507048,Bruce Hwy,,Bruce Highway (Ingham - Innisfail),Maadi,Cassowary Coast Region,4855,El Arish,Far North,Far Northern,Northern,North Queensland,Johnstone,Innisfail - Cassowary Coast,Cairns,Outer Regional,Hill,Kennedy,State-controlled,No Roadway Feature,No traffic control,100 - 110 km/h,Sealed - Wet,Raining,Darkness - Not lighted,Curved - view open,Level,803,Off Path-Curve: Off Cway Rt Bend Hit Obj,19: Off Carriageway on Curve Hit Object,N,1,0,0,0,1,1,0,0,0,0,0,0
330391,330391,Fatal,2006,November,Sunday,3,Hit object,Single Vehicle,153.013035057332,-26.6885179795384,Mons Rd,,,Forest Glen,Sunshine Coast Region,4556,Maroochydore,Sunshine Coast,North Coast,SEQ North,North Coast,Buderim - North,Buderim,Sunshine Coast,Major Cities,Ninderry,Fairfax,Locally-controlled,No Roadway Feature,No traffic control,80 - 90 km/h,Sealed - Wet,Clear,Darkness - Not lighted,Curved - view open,Grade,803,Off Path-Curve: Off Cway Rt Bend Hit Obj,19: Off Carriageway on Curve Hit Object,E,1,0,0,0,1,0,1,0,0,0,0,0
330681,330681,Fatal,2005,October,Tuesday,14,Overturned,Single Vehicle,152.000577973502,-26.8564050513284,D'Aguilar Hwy,,D'Aguilar Highway (Kilcoy - Yarraman),Gilla,Toowoomba Region,4306,Yarraman,Darling Downs,Southern,Southern,Southern Queensland,Crows Nest - Rosalie,Darling Downs - East,Darling Downs - Maranoa,Inner Regional,Nanango,Maranoa,State-controlled,No Roadway Feature,No traffic control,100 - 110 km/h,Sealed - Dry,Clear,Daylight,Curved - view obscured,Grade,805,Off Path-Curve: Out Of Control On Cway,20: Out of Control on Curve,E,2,1,0,0,3,1,0,0,0,0,0,0
330769,330769,Fatal,2005,December,Wednesday,11,Sideswipe,Multi-Vehicle,151.938516146742,-27.5493633278371,Bridge St,,,Newtown,Toowoomba Region,4350,Toowoomba,Darling Downs,Southern,Southern,Southern Queensland,Newtown (qld),Toowoomba,Toowoomba,Inner Regional,Toowoomba North,Groom,Locally-controlled,No Roadway Feature,No traffic control,60 km/h,Sealed - Dry,Clear,Daylight,Straight,Level,301,Vehs Same Direction: Rear End,04: Rear-end,W,1,0,0,0,1,1,1,0,0,0,0,0
331020,331020,Fatal,2005,April,Sunday,12,Hit object,Single Vehicle,149.872236723573,-28.4163657314657,Barwon Hwy,,Barwon Highway (Goondiwindi - Talwood),Toobeah,Goondiwindi Region,4498,Talwood,Darling Downs,Southern,Southern,Southern Queensland,Inglewood - Waggamba,Darling Downs (west) - Maranoa,Darling Downs - Maranoa,Outer Regional,Southern Downs,Maranoa,State-controlled,No Roadway Feature,No traffic control,60 km/h,Sealed - Dry,Clear,Daylight,Straight,Level,703,Off Path-Straight: Left Off Cway Hit Obj,16: Off Carriageway on Straight Hit Object,W,1,0,0,0,1,0,0,0,0,0,0,1
331108,331108,Fatal,2005,September,Tuesday,17,Hit object,Single Vehicle,152.49684815897,-27.5511416531243,Warrego Hwy,,Warrego Highway (Ipswich - Toowoomba),Hatton Vale,Lockyer Valley Region,4341,Laidley,Darling Downs,Southern,SEQ South,Southern Queensland,Lockyer Valley - East,Ipswich Hinterland,Ipswich,Inner Regional,Lockyer,Wright,State-controlled,No Roadway Feature,No traffic control,60 km/h,Sealed - Wet,Raining,Darkness - Not lighted,Straight,Level,704,Off Path-Straight: Right Off Cway Hit Obj,16: Off Carriageway on Straight Hit Object,W,1,0,0,0,1,1,0,0,0,0,0,0
331223,331223,Fatal,2006,March,Wednesday,23,Hit object,Single Vehicle,145.742983137645,-16.9337893480965,Cairns Western Arterial Rd,Mccormack St,Cairns Western Arterial Road,Mooroobool,Cairns Region,4870,Cairns,Far North,Far Northern,Northern,North Queensland,Kanimbla - Mooroobool,Cairns - South,Cairns,Outer Regional,Cairns,Leichhardt,State-controlled,Intersection - T-Junction,No traffic control,60 km/h,Sealed - Wet,Raining,Darkness - Lighted,Curved - view open,Level,803,Off Path-Curve: Off Cway Rt Bend Hit Obj,19: Off Carriageway on Curve Hit Object,N,1,0,0,0,1,1,0,0,0,0,0,0
331232,331232,Fatal,2005,September,Saturday,15,Hit object,Single Vehicle,153.013236282003,-27.4577665206755,Hale St,,,Red Hill,Brisbane City,4059,Brisbane City,North Brisbane,Brisbane,SEQ North,Metropolitan,Red Hill (qld),Brisbane Inner - West,Brisbane Inner City,Major Cities,Cooper,Brisbane,Locally-controlled,No Roadway Feature,No traffic control,60 km/h,Sealed - Dry,Clear,Daylight,Curved - view open,Grade,808,Off Path-Curve: Mounts Traffic Island,19: Off Carriageway on Curve Hit Object,S,1,0,0,0,1,0,1,0,0,0,0,0
331239,331239,Fatal,2005,September,Saturday,5,Head-on,Multi-Vehicle,148.050847985431,-22.0264097240853,Moranbah Access Rd,,,Moranbah,Isaac Region,4744,Moranbah,Mackay,Central,Central,Central Queensland,Moranbah,Bowen Basin - North,Mackay - Isaac - Whitsunday,Outer Regional,Burdekin,Capricornia,Locally-controlled,No Roadway Feature,No traffic control,100 - 110 km/h,Sealed - Dry,Clear,Dawn/Dusk,Straight,Grade,201,Vehs Opposite Approach: Head On,02: Head-on,N,1,1,0,0,2,2,0,0,0,0,0,0
331247,331247,Fatal,2005,September,Sunday,16,Head-on,Multi-Vehicle,151.97414627287,-27.8949133299756,New England Hwy,,New England Highway (Toowoomba - Warwick),Missen Flat,Toowoomba Region,4361,Clifton,Darling Downs,Southern,Southern,Southern Queensland,Clifton - Greenmount,Granite Belt,Darling Downs - Maranoa,Inner Regional,Condamine,Maranoa,State-controlled,No Roadway Feature,No traffic control,100 - 110 km/h,Sealed - Dry,Clear,Daylight,Straight,Grade,201,Vehs Opposite Approach: Head On,02: Head-on,S,1,4,0,0,5,2,0,0,0,0,0,0
331281,331281,Fatal,2005,September,Monday,11,Angle,Multi-Vehicle,152.914982840158,-27.6198439441158,Alice St,Old Logan Rd,,Camira,Ipswich City,4300,Goodna,Ipswich,Southern,SEQ South,Metropolitan,Camira - Gailes,Springfield - Redbank,Ipswich,Major Cities,Jordan,Oxley,Locally-controlled,Intersection - T-Junction,Operating traffic lights,60 km/h,Sealed - Dry,Clear,Daylight,Straight,Level,202,Vehs Opposite Approach: Thru-Right,03: Opposing Vehicles Turning,S,1,1,0,1,3,1,0,1,0,0,0,0
331465,331465,Fatal,2011,February,Saturday,11,Hit object,Single Vehicle,144.812453650842,-18.1418519964974,Gulf Developmental Rd,Kennedy Hwy,Kennedy Highway (Mount Garnet - The Lynd),Minnamoolka,Tablelands Region,4872,Mount Garnet,Far North,Far Northern,Northern,North Queensland,Herberton,Tablelands (east) - Kuranda,Cairns,Remote,Hill,Kennedy,State-controlled,Intersection - T-Junction,No traffic control,100 - 110 km/h,Sealed - Dry,Clear,Daylight,Curved - view open,Level,804,Off Path-Curve: Off Cway Lt Bend Hit Obj,19: Off Carriageway on Curve Hit Object,S,1,0,0,0,1,0,1,0,0,0,0,0
331466,331466,Fatal,2011,January,Wednesday,0,Hit object,Single Vehicle,151.573191150714,-27.2193728053936,Brymaroo - Irvingdale Rd,,,Brymaroo,Toowoomba Region,4403,Peranga,Darling Downs,Southern,Southern,Southern Queensland,Crows Nest - Rosalie,Darling Downs - East,Darling Downs - Maranoa,Inner Regional,Condamine,Groom,Locally-controlled,Bridge/Causeway,No traffic control,80 - 90 km/h,Sealed - Wet,Raining,Darkness - Not lighted,Straight,Level,607,Vehs On Path: Temporary Object On Cway,21: Other,W,1,0,0,0,1,1,0,0,0,0,0,0
331467,331467,Fatal,2011,February,Sunday,8,Fall from vehicle,Single Vehicle,152.964078321358,-26.7532885491497,Palmwoods - Mooloolah Rd,,Palmwoods - Mooloolah Road,Mooloolah Valley,Sunshine Coast Region,4553,Beerwah,Sunshine Coast,North Coast,SEQ North,North Coast,Landsborough,Sunshine Coast Hinterland,Sunshine Coast,Inner Regional,Glass House,Fisher,State-controlled,No Roadway Feature,No traffic control,80 - 90 km/h,Sealed - Dry,Clear,Daylight,Curved - view obscured,Grade,803,Off Path-Curve: Off Cway Rt Bend Hit Obj,19: Off Carriageway on Curve Hit Object,S,1,0,0,0,1,0,1,0,0,0,0,0
331533,331533,Fatal,2010,November,Thursday,14,Hit pedestrian,Hit pedestrian,153.180240822755,-27.4526333324459,Mountjoy Tce,,,Manly,Brisbane City,4179,Wynnum,South Brisbane,Brisbane,SEQ South,Metropolitan,Manly - Lota,Wynnum - Manly,Brisbane - East,Major Cities,Lytton,Bonner,Locally-controlled,No Roadway Feature,No traffic control,0 - 50 km/h,Sealed - Dry,Clear,Daylight,Straight,Level,000,Pedn: Hit Other,21: Other,S,1,0,0,0,1,1,0,0,0,0,1,0
331535,331535,Fatal,2010,November,Thursday,15,Head-on,Multi-Vehicle,145.563973204739,-16.9095454893331,Kennedy Hwy,,Kennedy Highway (Cairns - Mareeba),Koah,Mareeba Shire,4881,Kuranda,Far North,Far Northern,Northern,North Queensland,Kuranda,Tablelands (east) - Kuranda,Cairns,Outer Regional,Barron River,Leichhardt,State-controlled,No Roadway Feature,No traffic control,100 - 110 km/h,Sealed - Wet,Raining,Daylight,Straight,Dip,201,Vehs Opposite Approach: Head On,02: Head-on,N,1,1,0,0,2,2,0,0,0,0,0,0
331536,331536,Fatal,2010,November,Friday,9,Angle,Multi-Vehicle,152.047652178483,-27.5444315103102,Murphys Creek Rd,Toowoomba Connection Rd,Toowoomba Connection Road,Postmans Ridge,Lockyer Valley Region,4352,Helidon,Darling Downs,Southern,SEQ South,Southern Queensland,Lockyer Valley - West,Toowoomba,Toowoomba,Inner Regional,Lockyer,Wright,State-controlled,Intersection - T-Junction,Give way sign,100 - 110 km/h,Sealed - Dry,Clear,Daylight,Straight,Level,104,Vehs Adjacent Approach: Thru-Right,01: Intersection: Adjacent Approach,E,1,0,1,0,2,1,1,0,0,0,0,0
331537,331537,Fatal,2010,November,Saturday,17,Hit object,Single Vehicle,152.92679511633,-26.9536573200175,Beerburrum - Woodford Rd,,,Beerburrum,Sunshine Coast Region,4517,Beerwah,Sunshine Coast,North Coast,SEQ North,North Coast,Glass House Mountains,Sunshine Coast Hinterland,Sunshine Coast,Inner Regional,Glass House,Fisher,Locally-controlled,No Roadway Feature,No traffic control,100 - 110 km/h,Sealed - Dry,Clear,Daylight,Curved - view open,Grade,804,Off Path-Curve: Off Cway Lt Bend Hit Obj,19: Off Carriageway on Curve Hit Object,E,1,2,1,0,4,1,0,0,0,0,0,0
332162,332162,Fatal,2010,November,Monday,1,Hit pedestrian,Hit pedestrian,153.41150995409,-28.0192230653731,Southport - Burleigh Rd,,Southport - Burleigh Road,Broadbeach Waters,Gold Coast City,4218,Broadbeach,Gold Coast,South Eastern,SEQ South,South Coast,Broadbeach Waters,Broadbeach - Burleigh,Gold Coast,Major Cities,Surfers Paradise,Moncrieff,State-controlled,No Roadway Feature,No traffic control,70 km/h,Sealed - Wet,Raining,Darkness - Lighted,Straight,Level,001,Pedn: Near Side Vehicle Hit From Right,12: Pedestrian,W,1,0,0,0,1,1,0,0,0,0,1,0
332167,332167,Fatal,2010,November,Sunday,18,Hit object,Single Vehicle,151.960631867049,-28.102206823295,Warwick - Allora Rd,,Warwick - Allora Road,Deuchar,Southern Downs Region,4362,Allora,Darling Downs,Southern,Southern,Southern Queensland,Southern Downs - West,Granite Belt,Darling Downs - Maranoa,Inner Regional,Southern Downs,Maranoa,State-controlled,No Roadway Feature,No traffic control,100 - 110 km/h,Sealed - Dry,Clear,Darkness - Not lighted,Curved - view open,Level,804,Off Path-Curve: Off Cway Lt Bend Hit Obj,19: Off Carriageway on Curve Hit Object,S,1,0,0,0,1,0,1,0,0,0,0,0
332169,332169,Fatal,2010,November,Thursday,9,Hit object,Single Vehicle,152.850953057976,-26.3893520389349,Bruce Hwy,,Cooroy - Gympie Road,Pomona,Noosa Shire,4568,Pomona,Sunshine Coast,North Coast,SEQ North,North Coast,Noosa Hinterland,Noosa Hinterland,Sunshine Coast,Inner Regional,Nicklin,Wide Bay,State-controlled,No Roadway Feature,No traffic control,80 - 90 km/h,Sealed - Dry,Clear,Daylight,Straight,Grade,201,Vehs Opposite Approach: Head On,02: Head-on,E,1,0,1,0,2,2,0,1,0,0,0,0
332170,332170,Fatal,2010,November,Thursday,20,Hit pedestrian,Hit pedestrian,139.651655432935,-20.7025663574674,Barkly Hwy,,Barkly Highway (Cloncurry - Mount Isa),Mount Isa,Mount Isa City,4825,Mount Isa,Mount Isa,Northern,Northern,North Queensland,Mount Isa Region,Outback - North,Queensland - Outback,Very Remote,Traeger,Kennedy,State-controlled,No Roadway Feature,No traffic control,100 - 110 km/h,Sealed - Dry,Clear,Darkness - Not lighted,Straight,Level,004,Pedn: Play; Work; Stand; Lie On Cway,12: Pedestrian,W,1,0,0,0,1,0,0,2,0,0,1,0
332171,332171,Fatal,2010,November,Friday,20,Hit object,Single Vehicle,148.166599247695,-20.0155365005548,Bruce Hwy,Crompton St,Bruce Highway (Bowen - Ayr),Bowen,Whitsunday Region,4805,Bowen,Mackay,Central,Central,Central Queensland,Collinsville,Bowen Basin - North,Mackay - Isaac - Whitsunday,Outer Regional,Burdekin,Dawson,State-controlled,Intersection - T-Junction,No traffic control,60 km/h,Sealed - Dry,Clear,Darkness - Not lighted,Straight,Level,700,Off Path-Straight: Other,21: Other,S,1,0,0,0,1,0,1,0,0,0,0,0
332318,332318,Fatal,2010,November,Thursday,0,Hit parked vehicle,Single Vehicle,145.762229422699,-16.9040561622,Esplanade,,,Cairns North,Cairns Region,4870,Cairns,Far North,Far Northern,Northern,North Queensland,Cairns City,Cairns - South,Cairns,Outer Regional,Cairns,Leichhardt,Locally-controlled,No Roadway Feature,No traffic control,0 - 50 km/h,Sealed - Wet,Raining,Darkness - Lighted,Curved - view open,Level,800,Off Path-Curve: Other,21: Other,,1,1,0,0,2,4,0,0,0,0,0,0
332412,332412,Fatal,2010,December,Friday,10,Hit pedestrian,Hit pedestrian,153.098008156624,-27.2303348503934,George St,Trilby St,,Redcliffe,Moreton Bay Region,4020,Redcliffe,Moreton,North Coast,SEQ North,North Coast,Redcliffe,Redcliffe,Moreton Bay - North,Major Cities,Redcliffe,Petrie,Locally-controlled,Intersection - T-Junction,No traffic control,0 - 50 km/h,Sealed - Dry,Clear,Daylight,Straight,Level,003,Pedn: Far Side Vehicle Hit From Left,12: Pedestrian,E,1,1,0,0,2,1,0,0,0,0,2,0
332594,332594,Fatal,2010,November,Wednesday,19,Hit pedestrian,Hit pedestrian,149.166649903575,-21.1536533198773,Bruce Hwy,,Bruce Highway (St Lawrence - Mackay),West Mackay,Mackay Region,4740,Mackay,Mackay,Central,Central,Central Queensland,West Mackay,Mackay,Mackay - Isaac - Whitsunday,Inner Regional,Mackay,Dawson,State-controlled,No Roadway Feature,No traffic control,60 km/h,Sealed - Wet,Clear,Darkness - Lighted,Straight,Level,003,Pedn: Far Side Vehicle Hit From Left,12: Pedestrian,W,1,0,0,0,1,1,0,0,0,0,1,0
332733,332733,Fatal,2010,November,Thursday,9,Head-on,Multi-Vehicle,152.873695509174,-27.5995684758325,Bridge St,,,Redbank,Ipswich City,4301,Goodna,Ipswich,Southern,SEQ South,Metropolitan,Collingwood Park - Redbank,Springfield - Redbank,Ipswich,Major Cities,Bundamba,Oxley,Locally-controlled,No Roadway Feature,No traffic control,60 km/h,Sealed - Dry,Clear,Daylight,Curved - view open,Grade,201,Vehs Opposite Approach: Head On,02: Head-on,E,1,0,0,0,1,0,0,2,1,0,0,0
332737,332737,Fatal,2010,November,Friday,1,Overturned,Single Vehicle,150.722667383258,-28.4667459950554,Merton Rd,,,Whetstone,Goondiwindi Region,4387,Yelarbon,Darling Downs,Southern,Southern,Southern Queensland,Inglewood - Waggamba,Darling Downs (west) - Maranoa,Darling Downs - Maranoa,Outer Regional,Southern Downs,Maranoa,Locally-controlled,No Roadway Feature,No traffic control,100 - 110 km/h,Sealed - Dry,Clear,Darkness - Not lighted,Curved - view open,Level,800,Off Path-Curve: Other,21: Other,N,1,1,0,0,2,1,0,0,0,0,0,0
332739,332739,Fatal,2010,November,Saturday,19,Overturned,Single Vehicle,144.596041525318,-27.7287244969587,Eulo - Toompine Rd,,,Yowah,Paroo Shire,4490,Eulo,South West,Southern,Southern,Southern Queensland,Far South West,Outback - South,Queensland - Outback,Very Remote,Warrego,Maranoa,Locally-controlled,No Roadway Feature,No traffic control,100 - 110 km/h,Sealed - Wet,Raining,Darkness - Not lighted,Curved - view open,Level,803,Off Path-Curve: Off Cway Rt Bend Hit Obj,19: Off Carriageway on Curve Hit Object,N,1,0,1,0,2,1,0,0,0,0,0,0
332740,332740,Fatal,2010,November,Sunday,3,Hit object,Single Vehicle,152.937254034555,-27.5181943865407,Gem Rd,Kenmore Rd,,Kenmore,Brisbane City,4069,Indooroopilly,North Brisbane,Brisbane,SEQ North,Metropolitan,Kenmore,Kenmore - Brookfield - Moggill,Brisbane - West,Major Cities,Moggill,Ryan,Locally-controlled,Intersection - T-Junction,No traffic control,60 km/h,Sealed - Wet,Raining,Darkness - Lighted,Straight,Level,708,Off Path-Straight: Mounts Traffic Island,16: Off Carriageway on Straight Hit Object,N,1,0,0,0,1,1,0,0,0,0,0,0
332777,332777,Fatal,2011,September,Sunday,20,Hit object,Single Vehicle,153.366557700341,-28.0476968580195,Ghilgai Rd,,,Merrimac,Gold Coast City,4226,Mudgeeraba,Gold Coast,South Eastern,SEQ South,South Coast,Merrimac,Robina,Gold Coast,Major Cities,Mudgeeraba,Mcpherson,Locally-controlled,No Roadway Feature,No traffic control,0 - 50 km/h,Sealed - Dry,Clear,Darkness - Lighted,Curved - view open,Level,803,Off Path-Curve: Off Cway Rt Bend Hit Obj,19: Off Carriageway on Curve Hit Object,N,1,0,0,0,1,0,1,0,0,0,0,0
333129,333129,Fatal,2010,November,Monday,12,Hit object,Single Vehicle,148.481096505177,-20.2741600143107,Bruce Hwy,,Bruce Highway (Proserpine - Bowen),Gregory River,Whitsunday Region,4800,Proserpine,Mackay,Central,Central,Central Queensland,Proserpine,Whitsunday,Mackay - Isaac - Whitsunday,Outer Regional,Whitsunday,Dawson,State-controlled,Bridge/Causeway,No traffic control,100 - 110 km/h,Sealed - Wet,Raining,Daylight,Straight,Level,704,Off Path-Straight: Right Off Cway Hit Obj,16: Off Carriageway on Straight Hit Object,S,1,1,0,0,2,1,0,0,0,0,0,0
333748,333748,Fatal,2010,November,Tuesday,17,Hit object,Single Vehicle,152.9534953725,-26.6320100601208,Perwillowen Rd,Windsor Rd,,Burnside,Sunshine Coast Region,4560,Nambour,Sunshine Coast,North Coast,SEQ North,North Coast,Nambour,Nambour,Sunshine Coast,Major Cities,Nicklin,Fairfax,Locally-controlled,Intersection - Roundabout,Give way sign,60 km/h,Sealed - Dry,Clear,Dawn/Dusk,Straight,Level,708,Off Path-Straight: Mounts Traffic Island,16: Off Carriageway on Straight Hit Object,S,1,0,0,0,1,1,0,0,0,0,0,0
333749,333749,Fatal,2010,November,Tuesday,11,Angle,Multi-Vehicle,152.891373688134,-27.2177379595771,Brisbane - Woodford Rd,,Brisbane - Woodford Road,Kurwongbah,Moreton Bay Region,4503,Dayboro,Moreton,North Coast,SEQ North,North Coast,Dayboro,The Hills District,Moreton Bay - South,Major Cities,Kurwongbah,Dickson,State-controlled,No Roadway Feature,No traffic control,100 - 110 km/h,Sealed - Dry,Clear,Daylight,Straight,Grade,506,Vehs Overtaking: Overtake-Right Turn,09: Overtaking Same Direction,W,1,0,0,0,1,1,1,0,0,0,0,0
333751,333751,Fatal,2010,November,Tuesday,23,Hit object,Single Vehicle,145.252515541442,-15.4618867703987,Baird Rd,,,Cooktown,Cook Shire,4895,Cooktown,Far North,Far Northern,Northern,North Queensland,Cape York,Far North,Queensland - Outback,Remote,Cook,Leichhardt,Locally-controlled,No Roadway Feature,No traffic control,0 - 50 km/h,Sealed - Dry,Clear,Darkness - Not lighted,Curved - view open,Level,800,Off Path-Curve: Other,21: Other,S,1,0,0,0,1,0,1,0,0,0,0,0
333754,333754,Fatal,2010,November,Sunday,17,Fall from vehicle,Single Vehicle,153.068723495193,-26.4099388138985,Eenie Ck Rd,Reef St,,Noosaville,Noosa Shire,4566,Noosa Heads,Sunshine Coast,North Coast,SEQ North,North Coast,Noosaville,Noosa,Sunshine Coast,Major Cities,Noosa,Wide Bay,Locally-controlled,Intersection - Roundabout,Give way sign,80 - 90 km/h,Sealed - Dry,Clear,Daylight,Curved - view open,Level,805,Off Path-Curve: Out Of Control On Cway,20: Out of Control on Curve,W,1,0,0,0,1,0,1,0,0,0,0,0
333755,333755,Fatal,2010,November,Saturday,17,Hit object,Single Vehicle,153.427435045684,-28.1014898346418,Burleigh Connection Rd,,Burleigh Connection Road,Burleigh Waters,Gold Coast City,4220,Robina,Gold Coast,South Eastern,SEQ South,South Coast,Burleigh Waters,Broadbeach - Burleigh,Gold Coast,Major Cities,Burleigh,Mcpherson,State-controlled,No Roadway Feature,No traffic control,80 - 90 km/h,Sealed - Dry,Clear,Daylight,Straight,Level,100,Vehs Adjacent Approach: Other,01: Intersection: Adjacent Approach,N,1,4,0,0,5,2,0,0,0,0,0,0
333756,333756,Fatal,2010,November,Saturday,23,Hit object,Single Vehicle,153.3666644438,-28.0904603043657,Somerset Dr,,,Mudgeeraba,Gold Coast City,4213,Mudgeeraba,Gold Coast,South Eastern,SEQ South,South Coast,Mudgeeraba - Bonogin,Mudgeeraba - Tallebudgera,Gold Coast,Major Cities,Mudgeeraba,Mcpherson,Locally-controlled,No Roadway Feature,No traffic control,70 km/h,Sealed - Wet,Clear,Darkness - Lighted,Curved - view open,Crest,804,Off Path-Curve: Off Cway Lt Bend Hit Obj,19: Off Carriageway on Curve Hit Object,E,1,3,0,0,4,1,0,0,0,0,0,0