_id,Crash_Ref_Number,Crash_Severity,Crash_Year,Crash_Month,Crash_Day_Of_Week,Crash_Hour,Crash_Nature,Crash_Type,Crash_Longitude,Crash_Latitude,Crash_Street,Crash_Street_Intersecting,State_Road_Name,Loc_Suburb,Loc_Local_Government_Area,Loc_Post_Code,Loc_Police_Division,Loc_Police_District,Loc_Police_Region,Loc_Queensland_Transport_Region,Loc_Main_Roads_Region,Loc_ABS_Statistical_Area_2,Loc_ABS_Statistical_Area_3,Loc_ABS_Statistical_Area_4,Loc_ABS_Remoteness,Loc_State_Electorate,Loc_Federal_Electorate,Crash_Controlling_Authority,Crash_Roadway_Feature,Crash_Traffic_Control,Crash_Speed_Limit,Crash_Road_Surface_Condition,Crash_Atmospheric_Condition,Crash_Lighting_Condition,Crash_Road_Horiz_Align,Crash_Road_Vert_Align,Crash_DCA_Code,Crash_DCA_Description,Crash_DCA_Group_Description,DCA_Key_Approach_Dir,Count_Casualty_Fatality,Count_Casualty_Hospitalised,Count_Casualty_MedicallyTreated,Count_Casualty_MinorInjury,Count_Casualty_Total,Count_Unit_Car,Count_Unit_Motorcycle_Moped,Count_Unit_Truck,Count_Unit_Bus,Count_Unit_Bicycle,Count_Unit_Pedestrian,Count_Unit_Other
337742,337742,Fatal,2011,October,Friday,5,Head-on,Multi-Vehicle,153.427788256351,-27.987964443787,Gold Coast Hwy,,,Surfers Paradise,Gold Coast City,4217,Surfers Paradise,Gold Coast,South Eastern,SEQ South,South Coast,Surfers Paradise,Surfers Paradise,Gold Coast,Major Cities,Surfers Paradise,Moncrieff,Locally-controlled,No Roadway Feature,No traffic control,0 - 50 km/h,Sealed - Dry,Clear,Daylight,Straight,Level,501,Vehs Overtaking: Head On,02: Head-on,S,1,1,0,0,2,1,0,1,0,0,0,0
337743,337743,Fatal,2011,October,Saturday,13,Fall from vehicle,Single Vehicle,153.300694309657,-28.0005153979573,Beaudesert - Nerang Rd,Nerang - Murwillumbah Rd,Beaudesert - Nerang Road,Mount Nathan,Gold Coast City,4211,Nerang,Gold Coast,South Eastern,SEQ South,South Coast,Nerang - Mount Nathan,Nerang,Gold Coast,Major Cities,Gaven,Wright,State-controlled,Intersection - T-Junction,Operating traffic lights,60 km/h,Sealed - Dry,Clear,Daylight,Curved - view open,Grade,202,Vehs Opposite Approach: Thru-Right,03: Opposing Vehicles Turning,E,1,0,0,0,1,1,1,0,0,0,0,0
337754,337754,Fatal,2014,April,Thursday,14,Head-on,Multi-Vehicle,145.539632713572,-16.9587177200561,Kennedy Hwy,,Kennedy Highway (Cairns - Mareeba),Mareeba,Mareeba Shire,4880,Mareeba,Far North,Far Northern,Northern,North Queensland,Mareeba,Tablelands (east) - Kuranda,Cairns,Outer Regional,Cook,Kennedy,State-controlled,No Roadway Feature,No traffic control,100 - 110 km/h,Sealed - Dry,Clear,Daylight,Straight,Level,201,Vehs Opposite Approach: Head On,02: Head-on,S,1,6,0,0,7,2,0,0,0,0,0,0
338197,338197,Fatal,2017,September,Saturday,2,Hit object,Single Vehicle,150.557114751628,-23.3757291762568,Lakes Creek Rd,,Rockhampton - Emu Park Road,Koongal,Rockhampton Region,4701,Lakes Creek,Capricornia,Central,Central,Central Queensland,Lakes Creek,Rockhampton,Central Queensland,Inner Regional,Rockhampton,Capricornia,State-controlled,No Roadway Feature,No traffic control,70 km/h,Sealed - Dry,Clear,Darkness - Not lighted,Straight,Level,704,Off Path-Straight: Right Off Cway Hit Obj,16: Off Carriageway on Straight Hit Object,E,1,0,0,0,1,1,0,0,0,0,0,0
338203,338203,Fatal,2017,October,Thursday,0,Hit object,Single Vehicle,153.034691063717,-27.2273434440039,Anzac Ave,,Redcliffe Road,Mango Hill,Moreton Bay Region,4509,Mango Hill North Lakes,Moreton,North Coast,SEQ North,North Coast,North Lakes - Mango Hill,North Lakes,Moreton Bay - South,Major Cities,Bancroft,Petrie,State-controlled,No Roadway Feature,No traffic control,80 - 90 km/h,Sealed - Dry,Clear,Darkness - Lighted,Straight,Level,703,Off Path-Straight: Left Off Cway Hit Obj,16: Off Carriageway on Straight Hit Object,E,1,0,0,0,1,1,0,0,0,0,0,0
338207,338207,Fatal,2013,January,Tuesday,12,Angle,Multi-Vehicle,152.962149724846,-26.8635662558368,Steve Irwin Way,Kilcoy - Beerwah Rd,Glass House Mountains Road,Beerwah,Sunshine Coast Region,4519,Beerwah,Sunshine Coast,North Coast,SEQ North,North Coast,Beerwah,Sunshine Coast Hinterland,Sunshine Coast,Inner Regional,Caloundra,Fisher,State-controlled,Intersection - Cross,No traffic control,80 - 90 km/h,Sealed - Dry,Clear,Daylight,Straight,Grade,104,Vehs Adjacent Approach: Thru-Right,01: Intersection: Adjacent Approach,N,1,1,1,0,3,2,0,0,0,0,0,0
338209,338209,Fatal,2013,February,Sunday,22,Hit object,Single Vehicle,153.383980838092,-27.8799189294746,Hope Island Rd,,Hope Island Road,Paradise Point,Gold Coast City,4216,Runaway Bay,Gold Coast,South Eastern,SEQ South,South Coast,Paradise Point - Hollywell,Gold Coast - North,Gold Coast,Major Cities,Broadwater,Fadden,State-controlled,No Roadway Feature,No traffic control,60 km/h,Sealed - Dry,Clear,Darkness - Lighted,Straight,Level,708,Off Path-Straight: Mounts Traffic Island,16: Off Carriageway on Straight Hit Object,N,1,0,0,0,1,1,0,0,0,0,0,0
338533,338533,Fatal,2013,January,Saturday,22,Hit object,Single Vehicle,153.335274345862,-27.9540042001033,Smith St,,,Gaven,Gold Coast City,4211,Nerang,Gold Coast,South Eastern,SEQ South,South Coast,Pacific Pines - Gaven,Nerang,Gold Coast,Major Cities,Gaven,Fadden,Locally-controlled,No Roadway Feature,No traffic control,60 km/h,Sealed - Dry,Clear,Darkness - Lighted,Straight,Level,703,Off Path-Straight: Left Off Cway Hit Obj,16: Off Carriageway on Straight Hit Object,E,1,1,0,0,2,0,1,0,0,0,0,0
338534,338534,Fatal,2013,January,Monday,18,Angle,Multi-Vehicle,152.98833601332,-27.3015774839421,Brisbane - Woodford Rd,Samsonvale Rd,Brisbane - Woodford Road,Strathpine,Moreton Bay Region,4500,Petrie,Moreton,North Coast,SEQ North,North Coast,Strathpine - Brendale,Strathpine,Moreton Bay - South,Major Cities,Pine Rivers,Dickson,State-controlled,Intersection - Cross,Operating traffic lights,60 km/h,Sealed - Dry,Clear,Dawn/Dusk,Straight,Level,408,Vehs Manoeuvring: Entering From Footway,08: Vehicle Leaving Driveway,N,1,0,0,0,1,0,0,0,0,1,0,1
338535,338535,Fatal,2013,January,Wednesday,16,Hit pedestrian,Hit pedestrian,149.896769690567,-22.8243231008342,Bruce Hwy,,Bruce Highway (Rockhampton - St Lawrence),Marlborough,Livingstone Shire,4705,Marlborough,Capricornia,Central,Central,Central Queensland,Rockhampton Region - North,Rockhampton,Central Queensland,Remote,Mirani,Capricornia,State-controlled,No Roadway Feature,Stop sign,60 km/h,Sealed - Dry,Clear,Daylight,Straight,Grade,004,Pedn: Play; Work; Stand; Lie On Cway,12: Pedestrian,W,1,0,1,0,2,0,0,1,0,0,1,0
338536,338536,Fatal,2013,January,Friday,18,Overturned,Single Vehicle,147.84018064039,-21.0114020128177,Bowen Developmental Rd,,Bowen Developmental Road (Collinsville - Belyando Crossing),Newlands,Whitsunday Region,4804,Collinsville,Mackay,Central,Central,Central Queensland,Collinsville,Bowen Basin - North,Mackay - Isaac - Whitsunday,Remote,Burdekin,Capricornia,State-controlled,No Roadway Feature,No traffic control,100 - 110 km/h,Sealed - Dry,Clear,Dawn/Dusk,Straight,Level,701,Off Path-Straight: Left Off Cway,15: Off Carriageway on Straight,S,1,1,0,0,2,1,0,0,0,0,0,0
338537,338537,Fatal,2013,January,Saturday,12,Angle,Multi-Vehicle,152.583232613662,-25.7250015950407,Bruce Hwy,,Bruce Highway (Gympie - Maryborough),Tiaro,Fraser Coast Region,4650,Tiaro,Wide Bay Burnett,North Coast,Southern,Southern Queensland,Maryborough Region - South,Maryborough,Wide Bay,Inner Regional,Maryborough,Wide Bay,State-controlled,No Roadway Feature,No traffic control,0 - 50 km/h,Sealed - Dry,Clear,Daylight,Straight,Grade,408,Vehs Manoeuvring: Entering From Footway,08: Vehicle Leaving Driveway,N,1,0,0,0,1,3,0,0,0,0,1,0
338710,338710,Fatal,2013,January,Sunday,16,Fall from vehicle,Single Vehicle,152.379021939859,-27.5906376918796,Old Laidley - Forest Hill Rd,,,Forest Hill,Lockyer Valley Region,4342,Laidley,Darling Downs,Southern,SEQ South,Southern Queensland,Lockyer Valley - East,Ipswich Hinterland,Ipswich,Inner Regional,Lockyer,Wright,Locally-controlled,No Roadway Feature,No traffic control,80 - 90 km/h,Sealed - Dry,Clear,Daylight,Curved - view obscured,Level,802,Off Path-Curve: Off Cway Left Bend,18: Off Carriageway on Curve,N,1,0,0,0,1,0,1,0,0,0,0,0
338711,338711,Fatal,2013,January,Friday,6,Hit parked vehicle,Single Vehicle,153.210384962913,-27.7165795915763,Pacific Hwy,Pacific Hwy Off Ramp,Pacific Highway (Pacific Motorway),Eagleby,Logan City,4207,Beenleigh,Logan,South Eastern,SEQ South,South Coast,Eagleby,Beenleigh,Logan - Beaudesert,Major Cities,Macalister,Forde,State-controlled,Intersection - Interchange,No traffic control,100 - 110 km/h,Sealed - Dry,Clear,Daylight,Straight,Level,608,Vehs On Path: Accident Or Broken Down,10: Hit Parked Vehicle,S,1,0,1,0,2,1,1,0,0,0,0,0
338712,338712,Fatal,2013,January,Sunday,1,Fall from vehicle,Single Vehicle,148.882016124976,-23.5672169959324,Conachan St,Donovan St,,Blackwater,Central Highlands Region,4717,Blackwater,Capricornia,Central,Central,Central Queensland,Central Highlands - East,Central Highlands (qld),Central Queensland,Outer Regional,Gregory,Flynn,Locally-controlled,Intersection - T-Junction,No traffic control,0 - 50 km/h,Sealed - Dry,Clear,Darkness - Lighted,Curved - view open,Level,807,Vehicle Right-Turning At I/S (Or Driveway),20: Out of Control on Curve,W,1,0,0,0,1,0,1,0,0,0,0,0
338736,338736,Fatal,2017,January,Tuesday,12,Hit parked vehicle,Single Vehicle,153.061347008786,-27.6399884499463,Gateway Arterial Rd,,Gateway Extension Motorway (Drewvale - Eight Mile Plains),Stretton,Brisbane City,4116,Calamvale,South Brisbane,Brisbane,SEQ South,Metropolitan,Calamvale - Stretton,Rocklea - Acacia Ridge,Brisbane - South,Major Cities,Stretton,Rankin,State-controlled,No Roadway Feature,No traffic control,100 - 110 km/h,Sealed - Dry,Clear,Daylight,Curved - view open,Level,004,Pedn: Play; Work; Stand; Lie On Cway,12: Pedestrian,S,1,0,0,0,1,0,0,2,0,0,1,0
338926,338926,Fatal,2021,October,Thursday,1,Hit object,Single Vehicle,153.153185977502,-27.8076404605161,Quinzeh Ck Rd,,,Cedar Creek,Logan City,4207,Logan Village Yarrabilba,Logan,South Eastern,SEQ South,South Coast,Jimboomba,Jimboomba,Logan - Beaudesert,Major Cities,Logan,Wright,Locally-controlled,No Roadway Feature,No traffic control,80 - 90 km/h,Sealed - Dry,Clear,Darkness - Not lighted,Curved - view open,Level,804,Off Path-Curve: Off Cway Lt Bend Hit Obj,19: Off Carriageway on Curve Hit Object,W,1,0,0,0,1,1,0,0,0,0,0,0
338991,338991,Fatal,2020,April,Wednesday,18,Hit pedestrian,Hit pedestrian,139.492273201847,-20.7284647985232,Isa St,,Mount Isa - Duchess Road,Mount Isa City,Mount Isa City,4825,Mount Isa,Mount Isa,Northern,Northern,North Queensland,Mount Isa,Outback - North,Queensland - Outback,Remote,Traeger,Kennedy,State-controlled,No Roadway Feature,No traffic control,0 - 50 km/h,Sealed - Dry,Clear,Dawn/Dusk,Straight,Grade,001,Pedn: Near Side Vehicle Hit From Right,12: Pedestrian,W,1,0,0,0,1,1,0,0,0,0,1,0
339036,339036,Fatal,2013,January,Sunday,3,Hit object,Single Vehicle,152.856781105092,-27.5590421638255,Hawkesbury Rd,,,Anstead,Brisbane City,4070,Indooroopilly,North Brisbane,Brisbane,SEQ North,Metropolitan,Pinjarra Hills - Pullenvale,Kenmore - Brookfield - Moggill,Brisbane - West,Major Cities,Moggill,Ryan,Locally-controlled,No Roadway Feature,No traffic control,70 km/h,Sealed - Wet,Raining,Darkness - Not lighted,Straight,Crest,703,Off Path-Straight: Left Off Cway Hit Obj,16: Off Carriageway on Straight Hit Object,S,2,0,0,0,2,1,0,0,0,0,0,0
339037,339037,Fatal,2013,January,Saturday,16,Fall from vehicle,Single Vehicle,153.115426752226,-26.6766164077351,Meta St,Mooloolaba Esp,,Mooloolaba,Sunshine Coast Region,4557,Maroochydore,Sunshine Coast,North Coast,SEQ North,North Coast,Mooloolaba - Alexandra Headland,Maroochy,Sunshine Coast,Major Cities,Maroochydore,Fisher,Locally-controlled,Intersection - T-Junction,No traffic control,60 km/h,Sealed - Dry,Clear,Daylight,Straight,Grade,202,Vehs Opposite Approach: Thru-Right,03: Opposing Vehicles Turning,S,1,0,0,0,1,1,1,0,0,0,0,0
339053,339053,Fatal,2013,January,Thursday,4,Overturned,Single Vehicle,152.993553836508,-26.9282029854981,Bruce Hwy,,Bruce Highway (Brisbane - Gympie),Glass House Mountains,Sunshine Coast Region,4518,Beerwah,Sunshine Coast,North Coast,SEQ North,North Coast,Glass House Mountains,Sunshine Coast Hinterland,Sunshine Coast,Inner Regional,Glass House,Fisher,State-controlled,No Roadway Feature,No traffic control,100 - 110 km/h,Sealed - Dry,Clear,Dawn/Dusk,Straight,Level,702,Off Path-Straight: Right Off Cway,15: Off Carriageway on Straight,N,1,3,0,0,4,1,0,0,0,0,0,0
339147,339147,Fatal,2018,March,Friday,19,Hit object,Single Vehicle,152.897715286878,-25.3343478920695,Barallen Cl,,,Booral,Fraser Coast Region,4655,Hervey Bay,Wide Bay Burnett,North Coast,Southern,Southern Queensland,Booral - River Heads,Hervey Bay,Wide Bay,Inner Regional,Hervey Bay,Hinkler,Locally-controlled,No Roadway Feature,No traffic control,60 km/h,Sealed - Dry,Clear,Darkness - Not lighted,Curved - view open,Level,803,Off Path-Curve: Off Cway Rt Bend Hit Obj,19: Off Carriageway on Curve Hit Object,N,1,0,0,0,1,1,0,0,0,0,0,0
339268,339268,Fatal,2013,January,Wednesday,10,Sideswipe,Multi-Vehicle,148.615174905088,-20.5523205586853,Bruce Hwy,Maloney Rd,Bruce Highway (Mackay - Proserpine),Thoopara,Whitsunday Region,4800,Proserpine,Mackay,Central,Central,Central Queensland,Proserpine,Whitsunday,Mackay - Isaac - Whitsunday,Outer Regional,Whitsunday,Dawson,State-controlled,Intersection - T-Junction,No traffic control,100 - 110 km/h,Sealed - Wet,Raining,Daylight,Curved - view open,Level,201,Vehs Opposite Approach: Head On,02: Head-on,S,1,2,0,0,3,2,0,1,0,0,0,0
339269,339269,Fatal,2013,January,Wednesday,22,Head-on,Multi-Vehicle,152.975038268131,-26.6089833000934,Bruce Hwy,,Bruce Highway (Brisbane - Gympie),Nambour,Sunshine Coast Region,4560,Nambour,Sunshine Coast,North Coast,SEQ North,North Coast,Bli Bli,Nambour,Sunshine Coast,Major Cities,Nicklin,Fairfax,State-controlled,No Roadway Feature,No traffic control,100 - 110 km/h,Sealed - Dry,Clear,Darkness - Not lighted,Straight,Crest,201,Vehs Opposite Approach: Head On,02: Head-on,S,3,2,0,0,5,2,0,1,0,0,0,0
339271,339271,Fatal,2013,January,Monday,0,Hit object,Single Vehicle,152.972221590197,-27.7050902875153,Goodna Rd,,,Greenbank,Logan City,4124,Jimboomba,Logan,South Eastern,SEQ South,South Coast,Greenbank,Jimboomba,Logan - Beaudesert,Major Cities,Jordan,Wright,Locally-controlled,Bridge/Causeway,No traffic control,0 - 50 km/h,Sealed - Wet,Raining,Darkness - Not lighted,Straight,Grade,607,Vehs On Path: Temporary Object On Cway,21: Other,E,1,0,0,0,1,0,1,0,0,0,0,0
339305,339305,Fatal,2016,May,Wednesday,18,Head-on,Multi-Vehicle,152.815630042536,-27.5829544249137,Warrego Hwy,,Warrego Highway (Ipswich - Toowoomba),Riverview,Ipswich City,4303,Booval,Ipswich,Southern,SEQ South,Metropolitan,Riverview,Ipswich Inner,Ipswich,Major Cities,Bundamba,Blair,State-controlled,No Roadway Feature,No traffic control,100 - 110 km/h,Sealed - Dry,Clear,Darkness - Not lighted,Curved - view open,Level,201,Vehs Opposite Approach: Head On,02: Head-on,W,1,1,0,0,2,2,0,0,0,0,0,0
339370,339370,Fatal,2008,March,Sunday,20,Overturned,Single Vehicle,152.197007629862,-28.0606531138216,Bourkes Rd,,,Gladfield,Southern Downs Region,4370,Yangan,Darling Downs,Southern,Southern,Southern Queensland,Southern Downs - East,Granite Belt,Darling Downs - Maranoa,Inner Regional,Southern Downs,Maranoa,Locally-controlled,No Roadway Feature,No traffic control,100 - 110 km/h,Unsealed - Dry,Clear,Darkness - Not lighted,Straight,Grade,701,Off Path-Straight: Left Off Cway,15: Off Carriageway on Straight,W,1,0,0,0,1,1,0,0,0,0,0,0
339406,339406,Fatal,2007,October,Friday,16,Rear-end,Multi-Vehicle,152.940741664652,-27.5541513301735,Western Arterial Rd,,Centenary Motorway (Ellen Grove - Toowong),Sinnamon Park,Brisbane City,4073,Mount Ommaney,South Brisbane,Brisbane,SEQ South,Metropolitan,Seventeen Mile Rocks - Sinnamon Park,Centenary,Brisbane - West,Major Cities,Mount Ommaney,Oxley,State-controlled,No Roadway Feature,No traffic control,100 - 110 km/h,Sealed - Dry,Clear,Daylight,Straight,Level,301,Vehs Same Direction: Rear End,04: Rear-end,S,1,0,0,0,1,1,1,0,0,0,0,0
339423,339423,Fatal,2009,February,Tuesday,0,Hit object,Single Vehicle,152.584291369242,-26.0595073958459,Bruce Hwy,,Bruce Highway (Gympie - Maryborough),Curra,Gympie Region,4570,Gympie,Wide Bay Burnett,North Coast,Southern,Southern Queensland,Gympie Region,Gympie - Cooloola,Wide Bay,Inner Regional,Gympie,Wide Bay,State-controlled,No Roadway Feature,No traffic control,100 - 110 km/h,Sealed - Dry,Clear,Darkness - Not lighted,Curved - view open,Grade,803,Off Path-Curve: Off Cway Rt Bend Hit Obj,19: Off Carriageway on Curve Hit Object,S,1,0,0,0,1,1,0,0,0,0,0,0
339609,339609,Fatal,2008,October,Wednesday,3,Hit object,Single Vehicle,152.752976064141,-26.2981889894567,Tandur Rd,,,Tandur,Gympie Region,4570,Gympie,Wide Bay Burnett,North Coast,Southern,Southern Queensland,Gympie Region,Gympie - Cooloola,Wide Bay,Inner Regional,Gympie,Wide Bay,Locally-controlled,No Roadway Feature,No traffic control,100 - 110 km/h,Sealed - Dry,Clear,Darkness - Not lighted,Curved - view obscured,Dip,804,Off Path-Curve: Off Cway Lt Bend Hit Obj,19: Off Carriageway on Curve Hit Object,E,1,0,0,0,1,1,0,0,0,0,0,0
339611,339611,Fatal,2008,October,Wednesday,11,Head-on,Multi-Vehicle,152.015699653995,-26.8640522638463,D'Aguilar Hwy,,D'Aguilar Highway (Kilcoy - Yarraman),Yarraman,Toowoomba Region,4614,Yarraman,Darling Downs,Southern,Southern,Southern Queensland,Crows Nest - Rosalie,Darling Downs - East,Darling Downs - Maranoa,Inner Regional,Nanango,Maranoa,State-controlled,No Roadway Feature,No traffic control,100 - 110 km/h,Sealed - Dry,Clear,Daylight,Curved - view open,Grade,201,Vehs Opposite Approach: Head On,02: Head-on,S,1,1,1,0,3,2,0,1,0,0,0,0
339669,339669,Fatal,2007,October,Wednesday,15,Fall from vehicle,Single Vehicle,153.211394088413,-27.7118074616407,Fryar Rd,,,Eagleby,Logan City,4207,Beenleigh,Logan,South Eastern,SEQ South,South Coast,Eagleby,Beenleigh,Logan - Beaudesert,Major Cities,Macalister,Forde,Locally-controlled,No Roadway Feature,No traffic control,60 km/h,Sealed - Dry,Clear,Daylight,Straight,Grade,207,Vehs Opposite Approach: U-Turn,07: U-turn,,1,0,0,0,1,1,1,0,0,0,0,0
339919,339919,Fatal,2007,November,Wednesday,6,Head-on,Multi-Vehicle,152.923430419579,-27.3307489936757,Strathpine - Samford Rd,,Strathpine - Samford Road,Eatons Hill,Moreton Bay Region,4037,Albany Creek,North Brisbane,Brisbane,SEQ North,North Coast,Eatons Hill,The Hills District,Moreton Bay - South,Major Cities,Everton,Dickson,State-controlled,No Roadway Feature,No traffic control,80 - 90 km/h,Sealed - Dry,Clear,Daylight,Curved - view open,Dip,201,Vehs Opposite Approach: Head On,02: Head-on,E,1,0,0,0,1,1,0,0,0,0,0,1
339924,339924,Fatal,2007,November,Wednesday,5,Head-on,Multi-Vehicle,152.958340706166,-27.4635377312191,Sir Samuel Griffith Dr,,,Mount Coot-tha,Brisbane City,4066,Indooroopilly,North Brisbane,Brisbane,SEQ North,Metropolitan,Mount Coot-tha,The Gap - Enoggera,Brisbane - West,Major Cities,Maiwar,Ryan,Locally-controlled,No Roadway Feature,No traffic control,0 - 50 km/h,Sealed - Dry,Clear,Daylight,Curved - view obscured,Grade,201,Vehs Opposite Approach: Head On,02: Head-on,S,1,0,0,0,1,1,0,0,0,1,0,0
339970,339970,Fatal,2008,April,Thursday,16,Hit pedestrian,Hit pedestrian,152.333457934538,-24.8777450436478,Bundaberg - Port Rd,Steffensen St,Bundaberg - Port Road,Svensson Heights,Bundaberg Region,4670,Bundaberg,Wide Bay Burnett,North Coast,Southern,Southern Queensland,Svensson Heights - Norville,Bundaberg,Wide Bay,Inner Regional,Bundaberg,Hinkler,State-controlled,Intersection - T-Junction,No traffic control,60 km/h,Sealed - Dry,Clear,Daylight,Straight,Level,004,Pedn: Play; Work; Stand; Lie On Cway,12: Pedestrian,W,1,0,0,0,1,0,0,1,0,0,1,0
340048,340048,Fatal,2008,March,Tuesday,18,Hit pedestrian,Hit pedestrian,152.753825906188,-26.5990554809529,Coolabine Ck Rd,,,Coolabine,Sunshine Coast Region,4574,Kenilworth,Sunshine Coast,North Coast,SEQ North,North Coast,Maroochy Hinterland,Sunshine Coast Hinterland,Sunshine Coast,Inner Regional,Nicklin,Fairfax,Locally-controlled,No Roadway Feature,No traffic control,100 - 110 km/h,Unsealed - Dry,Clear,Dawn/Dusk,Curved - view open,Grade,906,Pass & Misc: Parked Car Ran Away,21: Other,,1,0,0,0,1,0,0,0,0,0,1,1
340088,340088,Fatal,2008,January,Sunday,18,Hit object,Single Vehicle,152.272540356124,-25.6778284602164,Beldon Rd,,,Gigoomgan,Fraser Coast Region,4620,Maryborough,Wide Bay Burnett,North Coast,Southern,Southern Queensland,Maryborough Region - South,Maryborough,Wide Bay,Outer Regional,Maryborough,Wide Bay,Locally-controlled,No Roadway Feature,No traffic control,100 - 110 km/h,Unsealed - Dry,Clear,Dawn/Dusk,Curved - view open,Level,804,Off Path-Curve: Off Cway Lt Bend Hit Obj,19: Off Carriageway on Curve Hit Object,N,1,0,0,0,1,0,1,0,0,0,0,0
340168,340168,Fatal,2008,October,Wednesday,6,Angle,Multi-Vehicle,145.88446866368,-17.9836332940665,Harney Rd,Syndicate Rd,,Jarra Creek,Cassowary Coast Region,4854,Tully,Far North,Far Northern,Northern,North Queensland,Tully,Innisfail - Cassowary Coast,Cairns,Remote,Hinchinbrook,Kennedy,Locally-controlled,Railway Crossing,Give way sign,100 - 110 km/h,Unsealed - Dry,Clear,Daylight,Straight,Level,903,Pass & Misc: Hit Train,11: Train,N,1,0,0,0,1,1,0,0,0,0,0,2
340181,340181,Fatal,2007,July,Thursday,17,Head-on,Multi-Vehicle,152.417204853894,-24.7898009531146,Burnett Heads Rd,,Burnett Heads Road,Burnett Heads,Bundaberg Region,4670,Bargara,Wide Bay Burnett,North Coast,Southern,Southern Queensland,Bargara - Burnett Heads,Bundaberg,Wide Bay,Inner Regional,Burnett,Hinkler,State-controlled,No Roadway Feature,No traffic control,100 - 110 km/h,Sealed - Dry,Clear,Dawn/Dusk,Straight,Level,201,Vehs Opposite Approach: Head On,02: Head-on,S,1,2,0,0,3,2,0,0,0,0,0,0
340190,340190,Fatal,2007,August,Monday,14,Head-on,Multi-Vehicle,153.210432821861,-27.5993302606562,West Mt Cotton Rd,,,Sheldon,Redland City,4157,Redland Bay,South Brisbane,Brisbane,SEQ South,Metropolitan,Sheldon - Mount Cotton,Cleveland - Stradbroke,Brisbane - East,Major Cities,Springwood,Bowman,Locally-controlled,No Roadway Feature,No traffic control,80 - 90 km/h,Sealed - Dry,Clear,Daylight,Curved - view open,Grade,201,Vehs Opposite Approach: Head On,02: Head-on,N,1,1,0,0,2,1,0,1,0,0,0,0
340191,340191,Fatal,2007,August,Monday,16,Rear-end,Multi-Vehicle,152.301275271576,-25.2440596734968,Bruce Hwy,Lucketts Rd,Bruce Highway (Maryborough - Gin Gin),South Isis,Bundaberg Region,4660,Childers,Wide Bay Burnett,North Coast,Southern,Southern Queensland,Bundaberg Region - South,Bundaberg,Wide Bay,Inner Regional,Burnett,Hinkler,State-controlled,Intersection - T-Junction,No traffic control,100 - 110 km/h,Sealed - Dry,Clear,Daylight,Straight,Level,505,Vehs Overtaking: Pulling Out Rear End,09: Overtaking Same Direction,E,2,3,0,1,6,3,0,0,0,0,0,0
340192,340192,Fatal,2007,August,Monday,17,Hit object,Single Vehicle,152.944169632998,-27.0219251812986,Hamilton Rd,Mansfield Rd,,Elimbah,Moreton Bay Region,4516,Caboolture,Moreton,North Coast,SEQ North,North Coast,Elimbah,Caboolture,Moreton Bay - North,Major Cities,Glass House,Longman,Locally-controlled,Intersection - T-Junction,No traffic control,60 km/h,Sealed - Dry,Clear,Dawn/Dusk,Straight,Level,700,Off Path-Straight: Other,21: Other,W,1,0,0,0,1,0,1,0,0,0,0,0
340193,340193,Fatal,2007,September,Tuesday,17,Head-on,Multi-Vehicle,152.363207529636,-25.0399122068774,Goodwood Rd,,Goodwood Road,Goodwood,Bundaberg Region,4670,Bundaberg,Wide Bay Burnett,North Coast,Southern,Southern Queensland,Bundaberg Region - South,Bundaberg,Wide Bay,Inner Regional,Burnett,Hinkler,State-controlled,No Roadway Feature,No traffic control,100 - 110 km/h,Sealed - Dry,Clear,Dawn/Dusk,Curved - view open,Level,201,Vehs Opposite Approach: Head On,02: Head-on,N,1,1,0,0,2,2,0,0,0,0,0,0
340195,340195,Fatal,2007,September,Wednesday,11,Angle,Multi-Vehicle,153.12278406394,-26.8088396985331,Landsborough Pde,Landsborough Pde,,Golden Beach,Sunshine Coast Region,4551,Caloundra,Sunshine Coast,North Coast,SEQ North,North Coast,Golden Beach - Pelican Waters,Caloundra,Sunshine Coast,Major Cities,Caloundra,Fisher,Locally-controlled,Intersection - T-Junction,No traffic control,60 km/h,Sealed - Dry,Clear,Daylight,Curved - view open,Level,202,Vehs Opposite Approach: Thru-Right,03: Opposing Vehicles Turning,S,1,1,0,0,2,1,1,0,0,0,0,0
340351,340351,Fatal,2007,September,Thursday,9,Angle,Multi-Vehicle,153.040422287325,-27.5587894352029,Griffith Arterial Rd,Orange Grove Rd,,Salisbury,Brisbane City,4107,Upper Mount Gravatt,South Brisbane,Brisbane,SEQ South,Metropolitan,Coopers Plains,Nathan,Brisbane - South,Major Cities,Toohey,Moreton,Locally-controlled,Intersection - Cross,Operating traffic lights,60 km/h,Sealed - Wet,Raining,Daylight,Straight,Grade,202,Vehs Opposite Approach: Thru-Right,03: Opposing Vehicles Turning,N,1,1,0,0,2,2,0,0,0,0,0,0
340360,340360,Fatal,2007,September,Thursday,15,Hit object,Single Vehicle,152.920144423945,-26.4377248432288,Bruce Hwy,,Bruce Highway (Brisbane - Gympie),Cooroy,Noosa Shire,4563,Cooroy,Sunshine Coast,North Coast,SEQ North,North Coast,Noosa Hinterland,Noosa Hinterland,Sunshine Coast,Inner Regional,Noosa,Wide Bay,State-controlled,No Roadway Feature,No traffic control,100 - 110 km/h,Sealed - Wet,Raining,Daylight,Straight,Level,704,Off Path-Straight: Right Off Cway Hit Obj,16: Off Carriageway on Straight Hit Object,N,1,1,0,0,2,1,0,0,0,0,0,0