_id,Crash_Ref_Number,Crash_Severity,Crash_Year,Crash_Month,Crash_Day_Of_Week,Crash_Hour,Crash_Nature,Crash_Type,Crash_Longitude,Crash_Latitude,Crash_Street,Crash_Street_Intersecting,State_Road_Name,Loc_Suburb,Loc_Local_Government_Area,Loc_Post_Code,Loc_Police_Division,Loc_Police_District,Loc_Police_Region,Loc_Queensland_Transport_Region,Loc_Main_Roads_Region,Loc_ABS_Statistical_Area_2,Loc_ABS_Statistical_Area_3,Loc_ABS_Statistical_Area_4,Loc_ABS_Remoteness,Loc_State_Electorate,Loc_Federal_Electorate,Crash_Controlling_Authority,Crash_Roadway_Feature,Crash_Traffic_Control,Crash_Speed_Limit,Crash_Road_Surface_Condition,Crash_Atmospheric_Condition,Crash_Lighting_Condition,Crash_Road_Horiz_Align,Crash_Road_Vert_Align,Crash_DCA_Code,Crash_DCA_Description,Crash_DCA_Group_Description,DCA_Key_Approach_Dir,Count_Casualty_Fatality,Count_Casualty_Hospitalised,Count_Casualty_MedicallyTreated,Count_Casualty_MinorInjury,Count_Casualty_Total,Count_Unit_Car,Count_Unit_Motorcycle_Moped,Count_Unit_Truck,Count_Unit_Bus,Count_Unit_Bicycle,Count_Unit_Pedestrian,Count_Unit_Other
345336,345336,Fatal,2009,November,Monday,7,Hit object,Single Vehicle,152.230558223289,-25.2113599993479,Bruce Hwy,Isis Hwy,Bruce Highway (Maryborough - Gin Gin),Apple Tree Creek,Bundaberg Region,4660,Childers,Wide Bay Burnett,North Coast,Southern,Southern Queensland,Bundaberg Region - South,Bundaberg,Wide Bay,Inner Regional,Burnett,Hinkler,State-controlled,Intersection - T-Junction,No traffic control,80 - 90 km/h,Sealed - Dry,Clear,Daylight,Curved - view open,Level,805,Off Path-Curve: Out Of Control On Cway,20: Out of Control on Curve,E,1,1,1,0,3,1,0,0,0,0,0,0
345522,345522,Fatal,2009,November,Monday,17,Head-on,Multi-Vehicle,150.790241734652,-23.2272444722255,Western Yeppoon - Emu Park Rd,,Western Yeppoon - Emu Park Road,Kinka Beach,Livingstone Shire,4703,Emu Park,Capricornia,Central,Central,Central Queensland,Emu Park,Rockhampton,Central Queensland,Inner Regional,Keppel,Capricornia,State-controlled,No Roadway Feature,No traffic control,80 - 90 km/h,Sealed - Dry,Clear,Dawn/Dusk,Straight,Level,501,Vehs Overtaking: Head On,02: Head-on,S,1,1,0,0,2,2,0,0,0,0,0,0
345538,345538,Fatal,2009,November,Tuesday,12,Overturned,Single Vehicle,141.502530518678,-20.661186670024,Flinders Hwy,,Flinders Highway (Julia Creek - Cloncurry),Julia Creek,Mckinlay Shire,4823,Julia Creek,Mount Isa,Northern,Northern,North Queensland,Northern Highlands,Outback - North,Queensland - Outback,Very Remote,Traeger,Kennedy,State-controlled,No Roadway Feature,No traffic control,100 - 110 km/h,Sealed - Dry,Clear,Daylight,Straight,Level,701,Off Path-Straight: Left Off Cway,15: Off Carriageway on Straight,W,1,1,0,0,2,1,0,0,0,0,0,0
346179,346179,Fatal,2010,October,Saturday,2,Overturned,Single Vehicle,145.242113810043,-17.6639754135052,Kennedy Hwy,,Kennedy Highway (Ravenshoe - Mount Garnet),Innot Hot Springs,Tablelands Region,4872,Mount Garnet,Far North,Far Northern,Northern,North Queensland,Herberton,Tablelands (east) - Kuranda,Cairns,Remote,Hill,Kennedy,State-controlled,No Roadway Feature,No traffic control,60 km/h,Sealed - Dry,Clear,Darkness - Not lighted,Curved - view open,Dip,801,Off Path-Curve: Off Cway Right Bend,18: Off Carriageway on Curve,S,1,0,0,0,1,1,0,0,0,0,0,0
346719,346719,Fatal,2010,October,Sunday,12,Hit object,Single Vehicle,151.903802851758,-26.6626368504829,Kunioon Rd,,,Kunioon,South Burnett Region,4615,Nanango,Darling Downs,Southern,Southern,Southern Queensland,Nanango,Burnett,Wide Bay,Inner Regional,Nanango,Maranoa,Locally-controlled,Bridge/Causeway,No traffic control,100 - 110 km/h,Sealed - Wet,Raining,Daylight,Curved - view obscured,Dip,607,Vehs On Path: Temporary Object On Cway,21: Other,W,1,0,0,0,1,1,0,0,0,0,0,0
346720,346720,Fatal,2010,October,Friday,0,Overturned,Single Vehicle,149.671159500034,-23.7210438365227,Capricorn Hwy,,Capricorn Highway (Rockhampton - Duaringa),Duaringa,Central Highlands Region,4712,Duaringa,Capricornia,Central,Central,Central Queensland,Central Highlands - East,Central Highlands (qld),Central Queensland,Outer Regional,Gregory,Flynn,State-controlled,No Roadway Feature,No traffic control,80 - 90 km/h,Sealed - Dry,Clear,Darkness - Lighted,Curved - view open,Level,801,Off Path-Curve: Off Cway Right Bend,18: Off Carriageway on Curve,E,1,0,1,0,2,1,0,0,0,0,0,0
346724,346724,Fatal,2010,October,Saturday,17,Hit object,Single Vehicle,153.043299135469,-27.6421064611493,Mt Lindesay Art. Rd,,Mount Lindesay Arterial Road,Parkinson,Brisbane City,4115,Calamvale,South Brisbane,Brisbane,SEQ South,Metropolitan,Parkinson - Drewvale,Rocklea - Acacia Ridge,Brisbane - South,Major Cities,Algester,Rankin,State-controlled,No Roadway Feature,No traffic control,80 - 90 km/h,Sealed - Dry,Clear,Daylight,Curved - view open,Dip,803,Off Path-Curve: Off Cway Rt Bend Hit Obj,19: Off Carriageway on Curve Hit Object,N,1,0,0,0,1,0,0,1,0,0,0,0
346725,346725,Fatal,2010,October,Saturday,13,Angle,Multi-Vehicle,148.039886609241,-22.0060534310369,Goonyella Rd,Mills Ave,,Moranbah,Isaac Region,4744,Moranbah,Mackay,Central,Central,Central Queensland,Moranbah,Bowen Basin - North,Mackay - Isaac - Whitsunday,Outer Regional,Burdekin,Capricornia,Locally-controlled,Intersection - T-Junction,No traffic control,60 km/h,Sealed - Dry,Clear,Daylight,Straight,Level,202,Vehs Opposite Approach: Thru-Right,03: Opposing Vehicles Turning,N,1,0,0,0,1,1,1,0,0,0,0,0
347933,347933,Fatal,2011,February,Friday,7,Head-on,Multi-Vehicle,148.59199082922,-20.4194877676519,Bruce Hwy,,Bruce Highway (Mackay - Proserpine),Proserpine,Whitsunday Region,4800,Proserpine,Mackay,Central,Central,Central Queensland,Proserpine,Whitsunday,Mackay - Isaac - Whitsunday,Outer Regional,Whitsunday,Dawson,State-controlled,No Roadway Feature,No traffic control,100 - 110 km/h,Sealed - Dry,Clear,Daylight,Straight,Level,201,Vehs Opposite Approach: Head On,02: Head-on,N,1,0,0,0,1,2,0,0,0,0,0,0
347934,347934,Fatal,2011,February,Friday,19,Overturned,Single Vehicle,143.544094993404,-26.62795456413,Cooper Developmental Rd,,Cooper Developmental Road (Quilpie - Bundeena),Eromanga,Quilpie Shire,4480,Eromanga,South West,Southern,Southern,Southern Queensland,Far South West,Outback - South,Queensland - Outback,Very Remote,Warrego,Maranoa,State-controlled,No Roadway Feature,No traffic control,100 - 110 km/h,Sealed - Dry,Clear,Dawn/Dusk,Curved - view open,Level,805,Off Path-Curve: Out Of Control On Cway,20: Out of Control on Curve,W,1,0,0,3,4,1,0,0,0,0,0,0
347935,347935,Fatal,2011,February,Sunday,7,Overturned,Single Vehicle,150.467385262563,-23.1873660325971,Bruce Hwy,,Bruce Highway (Rockhampton - St Lawrence),The Caves,Livingstone Shire,4702,North Rockhampton,Capricornia,Central,Central,Central Queensland,Glenlee - Rockyview,Rockhampton,Central Queensland,Inner Regional,Keppel,Capricornia,State-controlled,No Roadway Feature,No traffic control,100 - 110 km/h,Sealed - Dry,Clear,Daylight,Curved - view open,Crest,802,Off Path-Curve: Off Cway Left Bend,18: Off Carriageway on Curve,S,1,0,0,0,1,1,0,0,0,0,0,0
348538,348538,Fatal,2010,September,Monday,5,Head-on,Multi-Vehicle,145.450540008494,-17.1816660357664,Kennedy Hwy,,Kennedy Highway (Mareeba - Ravenshoe),Tolga,Tablelands Region,4882,Atherton,Far North,Far Northern,Northern,North Queensland,Atherton,Tablelands (east) - Kuranda,Cairns,Outer Regional,Hill,Kennedy,State-controlled,No Roadway Feature,No traffic control,100 - 110 km/h,Sealed - Wet,Raining,Dawn/Dusk,Curved - view open,Level,201,Vehs Opposite Approach: Head On,02: Head-on,E,1,1,0,0,2,1,0,1,0,0,0,0
348543,348543,Fatal,2010,September,Thursday,12,Hit object,Single Vehicle,144.781119484138,-16.4339569449393,Mulligan Hwy,,Mulligan Highway (Mount Molloy - Lakeland),Desailly,Mareeba Shire,4871,Mount Molloy,Far North,Far Northern,Northern,North Queensland,Tablelands,Far North,Queensland - Outback,Very Remote,Cook,Leichhardt,State-controlled,No Roadway Feature,No traffic control,100 - 110 km/h,Sealed - Dry,Clear,Daylight,Curved - view open,Grade,803,Off Path-Curve: Off Cway Rt Bend Hit Obj,19: Off Carriageway on Curve Hit Object,N,2,0,0,0,2,1,0,0,0,0,0,0
348544,348544,Fatal,2010,September,Thursday,12,Head-on,Multi-Vehicle,153.096579990779,-26.5915044331564,Maroochydore - Noosa Rd,,Maroochydore - Noosa Road,Marcoola,Sunshine Coast Region,4564,Coolum,Sunshine Coast,North Coast,SEQ North,North Coast,Marcoola - Mudjimba,Maroochy,Sunshine Coast,Major Cities,Maroochydore,Fairfax,State-controlled,No Roadway Feature,No traffic control,80 - 90 km/h,Sealed - Dry,Clear,Daylight,Curved - view open,Level,201,Vehs Opposite Approach: Head On,02: Head-on,S,1,1,0,0,2,2,0,0,0,0,0,0
348547,348547,Fatal,2010,September,Tuesday,12,Hit object,Single Vehicle,152.222291503727,-27.7223318226284,Mount Sylvia Rd,,Mount Sylvia Road,Mount Sylvia,Lockyer Valley Region,4343,Gatton,Darling Downs,Southern,SEQ South,Southern Queensland,Lockyer Valley - West,Toowoomba,Toowoomba,Inner Regional,Lockyer,Wright,State-controlled,Bridge/Causeway,No traffic control,80 - 90 km/h,Sealed - Dry,Clear,Daylight,Curved - view open,Level,803,Off Path-Curve: Off Cway Rt Bend Hit Obj,19: Off Carriageway on Curve Hit Object,N,1,2,5,0,8,0,0,0,1,0,0,0
348898,348898,Fatal,2011,March,Wednesday,5,Angle,Multi-Vehicle,153.028050284671,-26.8499196843343,Bells Ck Rd,Bruce Hwy,Bruce Highway (Brisbane - Gympie),Bells Creek,Sunshine Coast Region,4551,Beerwah,Sunshine Coast,North Coast,SEQ North,North Coast,Caloundra - West,Caloundra,Sunshine Coast,Major Cities,Caloundra,Fisher,State-controlled,Intersection - Cross,Stop sign,100 - 110 km/h,Sealed - Dry,Clear,Dawn/Dusk,Straight,Level,204,Vehs Opposite Approach: Right-Right,03: Opposing Vehicles Turning,E,2,0,0,0,2,0,2,0,0,0,0,0
349052,349052,Fatal,2011,March,Friday,7,Angle,Multi-Vehicle,152.067224342697,-28.1223672267297,Cunningham Hwy,New England Hwy,Cunningham Highway (Ipswich - Warwick),Glengallan,Southern Downs Region,4370,Warwick,Darling Downs,Southern,Southern,Southern Queensland,Southern Downs - East,Granite Belt,Darling Downs - Maranoa,Inner Regional,Southern Downs,Maranoa,State-controlled,Intersection - T-Junction,Stop sign,80 - 90 km/h,Sealed - Dry,Clear,Daylight,Curved - view open,Level,104,Vehs Adjacent Approach: Thru-Right,01: Intersection: Adjacent Approach,E,1,0,0,0,1,1,0,1,0,0,0,0
349054,349054,Fatal,2011,March,Saturday,17,Angle,Multi-Vehicle,151.166543620485,-24.020386159456,Dawson Hwy,Gladstone - Monto Rd,Dawson Highway (Gladstone - Biloela),Calliope,Gladstone Region,4680,Calliope,Capricornia,Central,Central,Central Queensland,Gladstone Hinterland,Gladstone,Central Queensland,Inner Regional,Callide,Flynn,State-controlled,Intersection - T-Junction,Give way sign,100 - 110 km/h,Sealed - Wet,Raining,Dawn/Dusk,Straight,Level,104,Vehs Adjacent Approach: Thru-Right,01: Intersection: Adjacent Approach,W,1,0,0,0,1,2,0,0,0,0,0,0
349072,349072,Fatal,2010,August,Friday,6,Sideswipe,Multi-Vehicle,149.504179197356,-22.0788496504816,Bruce Hwy,,Bruce Highway (St Lawrence - Mackay),Clairview,Isaac Region,4741,Saint Lawrence,Mackay,Central,Central,Central Queensland,Broadsound - Nebo,Bowen Basin - North,Mackay - Isaac - Whitsunday,Remote,Mirani,Capricornia,State-controlled,No Roadway Feature,No traffic control,100 - 110 km/h,Sealed - Dry,Clear,Daylight,Curved - view open,Level,201,Vehs Opposite Approach: Head On,02: Head-on,S,1,0,0,0,1,1,0,1,0,0,0,0
349107,349107,Fatal,2011,December,Tuesday,14,Hit object,Single Vehicle,152.593231761803,-26.9419081647923,Neurum Rd,,,Winya,Somerset Region,4515,Kilcoy,Moreton,North Coast,SEQ North,North Coast,Kilcoy,Caboolture Hinterland,Moreton Bay - North,Inner Regional,Nanango,Blair,Locally-controlled,No Roadway Feature,No traffic control,100 - 110 km/h,Sealed - Dry,Clear,Daylight,Curved - view open,Level,804,Off Path-Curve: Off Cway Lt Bend Hit Obj,19: Off Carriageway on Curve Hit Object,S,3,1,0,0,4,1,0,0,0,0,0,0
349111,349111,Fatal,2011,December,Thursday,14,Head-on,Multi-Vehicle,152.87370335415,-27.837830875709,Undullah Rd,,,Undullah,Logan City,4285,Jimboomba,Logan,South Eastern,SEQ South,South Coast,Greenbank,Jimboomba,Logan - Beaudesert,Inner Regional,Jordan,Wright,Locally-controlled,No Roadway Feature,No traffic control,0 - 50 km/h,Unsealed - Wet,Clear,Daylight,Curved - view obscured,Grade,201,Vehs Opposite Approach: Head On,02: Head-on,N,1,0,0,0,1,1,1,0,0,0,0,0
349653,349653,Fatal,2011,December,Saturday,14,Angle,Multi-Vehicle,153.400151245551,-27.940188701595,Beitz Ave,Government Rd,,Labrador,Gold Coast City,4215,Southport,Gold Coast,South Eastern,SEQ South,South Coast,Labrador,Gold Coast - North,Gold Coast,Major Cities,Bonney,Fadden,Locally-controlled,Intersection - T-Junction,Stop sign,60 km/h,Sealed - Dry,Clear,Daylight,Straight,Grade,102,Vehs Adjacent Approach: Right-Thru,01: Intersection: Adjacent Approach,E,1,0,0,1,2,1,0,0,0,0,0,1
349654,349654,Fatal,2011,December,Saturday,19,Head-on,Multi-Vehicle,151.867383291315,-26.3011759421043,Bunya Hwy,,Bunya Highway (Kingaroy - Goomeri),Wondai,South Burnett Region,4606,Wondai,Darling Downs,Southern,Southern,Southern Queensland,Kingaroy Region - North,Burnett,Wide Bay,Outer Regional,Nanango,Flynn,State-controlled,No Roadway Feature,No traffic control,100 - 110 km/h,Sealed - Dry,Clear,Dawn/Dusk,Straight,Level,201,Vehs Opposite Approach: Head On,02: Head-on,N,2,1,0,0,3,2,0,0,0,0,0,0
349655,349655,Fatal,2011,December,Sunday,13,Hit object,Single Vehicle,148.982763192826,-20.9072974452842,Haliday Bay Rd,,,Haliday Bay,Mackay Region,4740,Seaforth,Mackay,Central,Central,Central Queensland,Seaforth - Calen,Mackay,Mackay - Isaac - Whitsunday,Outer Regional,Whitsunday,Dawson,Locally-controlled,No Roadway Feature,No traffic control,80 - 90 km/h,Sealed - Dry,Clear,Daylight,Curved - view open,Level,803,Off Path-Curve: Off Cway Rt Bend Hit Obj,19: Off Carriageway on Curve Hit Object,N,1,1,0,0,2,0,1,0,0,0,0,0
349656,349656,Fatal,2011,December,Sunday,20,Hit object,Single Vehicle,145.740527858983,-17.1413809976974,Gillies Range Rd,,Gillies Range Road,Little Mulgrave,Cairns Region,4865,Gordonvale,Far North,Far Northern,Northern,North Queensland,Gordonvale - Trinity,Cairns - South,Cairns,Outer Regional,Mulgrave,Kennedy,State-controlled,No Roadway Feature,No traffic control,80 - 90 km/h,Sealed - Dry,Clear,Darkness - Not lighted,Curved - view obscured,Level,803,Off Path-Curve: Off Cway Rt Bend Hit Obj,19: Off Carriageway on Curve Hit Object,W,1,1,0,0,2,1,0,0,0,0,0,0
349657,349657,Fatal,2011,December,Wednesday,8,Head-on,Multi-Vehicle,152.56179635651,-27.9720880018257,Cunningham Hwy,,Cunningham Highway (Ipswich - Warwick),Aratula,Scenic Rim Region,4309,Boonah,Ipswich,Southern,SEQ South,South Coast,Boonah,Ipswich Hinterland,Ipswich,Inner Regional,Scenic Rim,Wright,State-controlled,No Roadway Feature,No traffic control,100 - 110 km/h,Sealed - Dry,Clear,Daylight,Straight,Grade,201,Vehs Opposite Approach: Head On,02: Head-on,N,1,2,0,0,3,2,0,0,0,0,0,0
349658,349658,Fatal,2011,December,Friday,3,Hit object,Single Vehicle,152.341051228573,-27.5451690228091,Warrego Hwy,,Warrego Highway (Ipswich - Toowoomba),Lawes,Lockyer Valley Region,4345,Gatton,Darling Downs,Southern,SEQ South,Southern Queensland,Gatton,Toowoomba,Toowoomba,Inner Regional,Lockyer,Wright,State-controlled,No Roadway Feature,No traffic control,100 - 110 km/h,Sealed - Dry,Clear,Darkness - Not lighted,Curved - view open,Level,804,Off Path-Curve: Off Cway Lt Bend Hit Obj,19: Off Carriageway on Curve Hit Object,W,1,0,0,0,1,1,0,0,0,0,0,0
349659,349659,Fatal,2011,December,Friday,18,Hit pedestrian,Hit pedestrian,150.076619413402,-24.9476205080981,Eidsvold - Theodore Rd,,,Theodore,Banana Shire,4719,Theodore,Capricornia,Central,Central,Central Queensland,Banana,Biloela,Central Queensland,Outer Regional,Callide,Flynn,Locally-controlled,Median Opening,No traffic control,60 km/h,Sealed - Dry,Clear,Dawn/Dusk,Straight,Level,004,Pedn: Play; Work; Stand; Lie On Cway,12: Pedestrian,N,1,0,0,0,1,0,0,0,0,0,1,1
349661,349661,Fatal,2012,January,Tuesday,6,Hit object,Single Vehicle,152.239489920417,-25.2199214652858,Bruce Hwy,,Bruce Highway (Maryborough - Gin Gin),Apple Tree Creek,Bundaberg Region,4660,Childers,Wide Bay Burnett,North Coast,Southern,Southern Queensland,Bundaberg Region - South,Bundaberg,Wide Bay,Inner Regional,Burnett,Hinkler,State-controlled,No Roadway Feature,No traffic control,80 - 90 km/h,Sealed - Dry,Clear,Daylight,Curved - view open,Level,803,Off Path-Curve: Off Cway Rt Bend Hit Obj,19: Off Carriageway on Curve Hit Object,S,1,0,1,0,2,1,0,0,0,0,0,0
349662,349662,Fatal,2012,January,Wednesday,14,Head-on,Multi-Vehicle,152.95876967146,-27.6908224170557,Springfield Greenbank Art Rd,,,Greenbank,Logan City,4124,Jimboomba,Logan,South Eastern,SEQ South,South Coast,Greenbank,Jimboomba,Logan - Beaudesert,Major Cities,Jordan,Wright,Locally-controlled,No Roadway Feature,No traffic control,80 - 90 km/h,Sealed - Dry,Clear,Daylight,Straight,Level,501,Vehs Overtaking: Head On,02: Head-on,E,1,1,0,0,2,2,0,0,0,0,0,0
349786,349786,Fatal,2011,August,Monday,13,Head-on,Multi-Vehicle,142.890411056945,-13.3841953278273,Peninsula Developmental Rd,,Peninsula Developmental Road (Coen - Weipa),Archer River,Cook Shire,4892,Lockhart River,Far North,Far Northern,Northern,North Queensland,Cape York,Far North,Queensland - Outback,Very Remote,Cook,Leichhardt,State-controlled,No Roadway Feature,No traffic control,100 - 110 km/h,Unsealed - Dry,Smoke/Dust,Daylight,Curved - view open,Grade,201,Vehs Opposite Approach: Head On,02: Head-on,N,1,2,0,0,3,1,0,1,0,0,0,0
349787,349787,Fatal,2011,August,Wednesday,21,Hit animal,Other,149.246592954812,-21.4359168270397,Armstrong Beach Rd,,,Armstrong Beach,Mackay Region,4737,Sarina,Mackay,Central,Central,Central Queensland,Sarina,Mackay,Mackay - Isaac - Whitsunday,Outer Regional,Mirani,Capricornia,Locally-controlled,No Roadway Feature,No traffic control,100 - 110 km/h,Sealed - Dry,Clear,Darkness - Not lighted,Straight,Level,609,Pass & Misc: Hit Animal,14: Hit Animal,E,1,0,0,0,1,0,1,0,0,0,0,1
349790,349790,Fatal,2011,August,Friday,14,Angle,Multi-Vehicle,150.399763909734,-23.1287204170279,Bruce Hwy,Milman Rd,Bruce Highway (Rockhampton - St Lawrence),Milman,Livingstone Shire,4702,North Rockhampton,Capricornia,Central,Central,Central Queensland,Rockhampton Region - North,Rockhampton,Central Queensland,Outer Regional,Mirani,Capricornia,State-controlled,Intersection - T-Junction,No traffic control,100 - 110 km/h,Sealed - Wet,Raining,Daylight,Curved - view open,Level,202,Vehs Opposite Approach: Thru-Right,03: Opposing Vehicles Turning,W,1,0,1,0,2,1,0,1,0,0,0,0
349791,349791,Fatal,2011,August,Sunday,1,Hit object,Single Vehicle,152.242449541666,-25.2323757316749,Bruce Hwy,Gentle Annie Rd,Bruce Highway (Maryborough - Gin Gin),Apple Tree Creek,Bundaberg Region,4660,Childers,Wide Bay Burnett,North Coast,Southern,Southern Queensland,Bundaberg Region - South,Bundaberg,Wide Bay,Inner Regional,Burnett,Hinkler,State-controlled,Intersection - T-Junction,No traffic control,100 - 110 km/h,Sealed - Dry,Clear,Darkness - Not lighted,Curved - view open,Grade,803,Off Path-Curve: Off Cway Rt Bend Hit Obj,19: Off Carriageway on Curve Hit Object,N,2,4,0,1,7,1,0,0,0,0,0,0
349792,349792,Fatal,2011,August,Sunday,12,Fall from vehicle,Single Vehicle,152.968871029906,-28.0256358006983,Mt Lindesay Hwy,,Mount Lindesay Highway (Beaudesert - Border),Beaudesert,Scenic Rim Region,4285,Beaudesert,Logan,South Eastern,SEQ South,South Coast,Beaudesert,Beaudesert,Logan - Beaudesert,Inner Regional,Scenic Rim,Wright,State-controlled,No Roadway Feature,No traffic control,100 - 110 km/h,Sealed - Dry,Clear,Daylight,Curved - view open,Level,805,Off Path-Curve: Out Of Control On Cway,20: Out of Control on Curve,N,1,0,0,0,1,0,1,0,0,0,0,0
349968,349968,Fatal,2011,July,Sunday,8,Sideswipe,Multi-Vehicle,152.694329121384,-27.6571536454503,Ipswich - Rosewood Rd,Southern Amberley Rd,Ipswich - Rosewood Road,Amberley,Ipswich City,4306,Yamanto,Ipswich,Southern,SEQ South,Metropolitan,Rosewood,Ipswich Hinterland,Ipswich,Major Cities,Ipswich West,Blair,State-controlled,Intersection - Cross,Give way sign,60 km/h,Sealed - Dry,Clear,Daylight,Straight,Level,107,Vehs Adjacent Approach: Thru-Left,01: Intersection: Adjacent Approach,S,1,0,0,0,1,1,0,0,0,1,0,0
349969,349969,Fatal,2011,August,Wednesday,9,Rear-end,Multi-Vehicle,152.666028823606,-27.5757896230066,Haigslea - Amberley Rd,,Haigslea - Amberley Road,Walloon,Ipswich City,4306,Marburg,Ipswich,Southern,SEQ South,Metropolitan,Rosewood,Ipswich Hinterland,Ipswich,Major Cities,Ipswich West,Blair,State-controlled,No Roadway Feature,No traffic control,60 km/h,Sealed - Dry,Clear,Daylight,Curved - view open,Grade,301,Vehs Same Direction: Rear End,04: Rear-end,N,1,0,0,0,1,2,0,0,0,0,0,0
349971,349971,Fatal,2011,August,Wednesday,6,Angle,Multi-Vehicle,149.206357432677,-21.4298779225679,Marlborough - Sarina Rd,Webster Rd,Marlborough - Sarina Road,Sarina,Mackay Region,4737,Sarina,Mackay,Central,Central,Central Queensland,Sarina,Mackay,Mackay - Isaac - Whitsunday,Outer Regional,Mirani,Capricornia,State-controlled,Intersection - T-Junction,No traffic control,80 - 90 km/h,Sealed - Dry,Clear,Daylight,Straight,Grade,103,Vehs Adjacent Approach: Left-Thru,01: Intersection: Adjacent Approach,E,1,0,0,0,1,0,0,1,0,1,0,0
349972,349972,Fatal,2011,August,Saturday,0,Hit pedestrian,Hit pedestrian,143.422437886927,-21.6580242996358,Kennedy Developmental Rd,,Kennedy Developmental Road (Hughenden - Winton),Corfield,Winton Shire,4733,Winton,Capricornia,Central,Central,Central Queensland,Far Central West,Outback - South,Queensland - Outback,Very Remote,Gregory,Maranoa,State-controlled,No Roadway Feature,No traffic control,100 - 110 km/h,Sealed - Dry,Clear,Darkness - Not lighted,Straight,Level,004,Pedn: Play; Work; Stand; Lie On Cway,12: Pedestrian,E,1,0,0,0,1,1,0,0,0,0,1,0
349973,349973,Fatal,2011,August,Sunday,12,Overturned,Single Vehicle,145.454700876374,-26.6424022221525,Diamantina Development Rd,,Diamantina Developmental Road (Charleville - Quilpie),Cooladdi,Murweh Shire,4479,Quilpie,South West,Southern,Southern,Southern Queensland,Charleville,Outback - South,Queensland - Outback,Very Remote,Warrego,Maranoa,State-controlled,No Roadway Feature,No traffic control,100 - 110 km/h,Sealed - Dry,Clear,Daylight,Straight,Level,502,Vehs Overtaking: Out Of Control,15: Off Carriageway on Straight,E,1,1,0,0,2,1,0,0,0,0,0,0
350020,350020,Fatal,2011,August,Tuesday,8,Head-on,Multi-Vehicle,149.07772832322,-26.5848986596545,Warrego Hwy,,Warrego Highway (Miles - Roma),Pickanjinnie,Maranoa Region,4428,Wallumbilla,South West,Southern,Southern,Southern Queensland,Roma Region,Darling Downs (west) - Maranoa,Darling Downs - Maranoa,Remote,Warrego,Maranoa,State-controlled,No Roadway Feature,No traffic control,100 - 110 km/h,Sealed - Dry,Clear,Daylight,Straight,Level,201,Vehs Opposite Approach: Head On,02: Head-on,E,1,1,0,0,2,2,0,0,0,0,0,0
350510,350510,Fatal,2010,September,Wednesday,16,Sideswipe,Multi-Vehicle,145.760977565532,-16.9335384173639,Aumuller St,Scott St,,Bungalow,Cairns Region,4870,Cairns,Far North,Far Northern,Northern,North Queensland,Westcourt - Bungalow,Cairns - South,Cairns,Outer Regional,Cairns,Leichhardt,Locally-controlled,Intersection - Roundabout,No traffic control,60 km/h,Sealed - Dry,Clear,Daylight,Straight,Level,703,Off Path-Straight: Left Off Cway Hit Obj,16: Off Carriageway on Straight Hit Object,N,1,0,0,0,1,0,0,1,0,1,0,0
350511,350511,Fatal,2010,September,Wednesday,21,Fall from vehicle,Single Vehicle,152.740561494954,-27.5885253314947,Fernvale Rd,,Ipswich - Warrego Hwy Connection Road,Brassall,Ipswich City,4305,Karana Downs,Ipswich,Southern,SEQ South,Metropolitan,Brassall,Ipswich Inner,Ipswich,Major Cities,Ipswich West,Blair,State-controlled,No Roadway Feature,No traffic control,60 km/h,Sealed - Dry,Clear,Darkness - Lighted,Curved - view obscured,Grade,804,Off Path-Curve: Off Cway Lt Bend Hit Obj,19: Off Carriageway on Curve Hit Object,S,1,1,0,0,2,0,1,0,0,0,0,0
350572,350572,Fatal,2010,January,Sunday,14,Head-on,Multi-Vehicle,151.289500728822,-23.9239083161174,Gladstone - Benaraby Rd,,Gladstone - Benaraby Road,South Trees,Gladstone Region,4680,Gladstone,Capricornia,Central,Central,Central Queensland,South Trees,Gladstone,Central Queensland,Inner Regional,Gladstone,Flynn,State-controlled,No Roadway Feature,No traffic control,100 - 110 km/h,Sealed - Wet,Raining,Daylight,Curved - view open,Level,201,Vehs Opposite Approach: Head On,02: Head-on,S,1,0,0,0,1,2,0,0,0,0,0,0
350575,350575,Fatal,2010,January,Saturday,10,Head-on,Multi-Vehicle,152.380046286942,-26.0086968793783,Bauple - Woolooga Rd,,Bauple - Woolooga Road,Woolooga,Gympie Region,4570,Kilkivan,Wide Bay Burnett,North Coast,Southern,Southern Queensland,Kilkivan,Gympie - Cooloola,Wide Bay,Inner Regional,Nanango,Wide Bay,State-controlled,No Roadway Feature,No traffic control,80 - 90 km/h,Sealed - Dry,Clear,Daylight,Curved - view obscured,Grade,201,Vehs Opposite Approach: Head On,02: Head-on,N,1,0,0,0,1,1,1,0,0,0,0,0
350579,350579,Fatal,2010,May,Thursday,22,Angle,Multi-Vehicle,146.830430421798,-19.3883944471643,Flinders Hwy,,Flinders Highway (Townsville - Charters Towers),Brookhill,Townsville City,4816,Stuart,Townsville,Northern,Northern,North Queensland,Townsville - South,Townsville,Townsville,Outer Regional,Burdekin,Kennedy,State-controlled,No Roadway Feature,No traffic control,100 - 110 km/h,Sealed - Dry,Clear,Darkness - Not lighted,Straight,Level,408,Vehs Manoeuvring: Entering From Footway,08: Vehicle Leaving Driveway,W,1,2,0,0,3,1,0,1,0,0,0,0