_id,Crash_Ref_Number,Crash_Severity,Crash_Year,Crash_Month,Crash_Day_Of_Week,Crash_Hour,Crash_Nature,Crash_Type,Crash_Longitude,Crash_Latitude,Crash_Street,Crash_Street_Intersecting,State_Road_Name,Loc_Suburb,Loc_Local_Government_Area,Loc_Post_Code,Loc_Police_Division,Loc_Police_District,Loc_Police_Region,Loc_Queensland_Transport_Region,Loc_Main_Roads_Region,Loc_ABS_Statistical_Area_2,Loc_ABS_Statistical_Area_3,Loc_ABS_Statistical_Area_4,Loc_ABS_Remoteness,Loc_State_Electorate,Loc_Federal_Electorate,Crash_Controlling_Authority,Crash_Roadway_Feature,Crash_Traffic_Control,Crash_Speed_Limit,Crash_Road_Surface_Condition,Crash_Atmospheric_Condition,Crash_Lighting_Condition,Crash_Road_Horiz_Align,Crash_Road_Vert_Align,Crash_DCA_Code,Crash_DCA_Description,Crash_DCA_Group_Description,DCA_Key_Approach_Dir,Count_Casualty_Fatality,Count_Casualty_Hospitalised,Count_Casualty_MedicallyTreated,Count_Casualty_MinorInjury,Count_Casualty_Total,Count_Unit_Car,Count_Unit_Motorcycle_Moped,Count_Unit_Truck,Count_Unit_Bus,Count_Unit_Bicycle,Count_Unit_Pedestrian,Count_Unit_Other
352962,352962,Fatal,2010,April,Friday,7,Angle,Multi-Vehicle,152.994424792195,-27.5832328717798,Bowhill Rd,,,Willawong,Brisbane City,4110,Inala,South Brisbane,Brisbane,SEQ South,Metropolitan,Pallara - Willawong,Rocklea - Acacia Ridge,Brisbane - South,Major Cities,Algester,Moreton,Locally-controlled,No Roadway Feature,No traffic control,70 km/h,Sealed - Dry,Clear,Daylight,Straight,Level,406,Vehs Manoeuvring: Leaving Driveway,08: Vehicle Leaving Driveway,E,1,0,0,0,1,0,1,1,0,0,0,0
352963,352963,Fatal,2010,April,Sunday,18,Hit object,Single Vehicle,148.885935659431,-21.1609986563024,Mackay - Eungella Rd,,Mackay - Eungella Road,Mirani,Mackay Region,4754,Mirani,Mackay,Central,Central,Central Queensland,Pioneer Valley,Mackay,Mackay - Isaac - Whitsunday,Outer Regional,Mirani,Capricornia,State-controlled,No Roadway Feature,No traffic control,100 - 110 km/h,Sealed - Dry,Clear,Darkness - Not lighted,Curved - view open,Level,803,Off Path-Curve: Off Cway Rt Bend Hit Obj,19: Off Carriageway on Curve Hit Object,W,1,0,0,0,1,1,0,0,0,0,0,0
352964,352964,Fatal,2010,April,Friday,17,Hit object,Single Vehicle,152.908842803268,-27.4333672670297,Mount Nebo Rd,,,Enoggera Reservoir,Brisbane City,4520,The Gap,North Brisbane,Brisbane,SEQ North,Metropolitan,Enoggera Reservoir,The Gap - Enoggera,Brisbane - West,Inner Regional,Cooper,Ryan,Locally-controlled,No Roadway Feature,No traffic control,80 - 90 km/h,Sealed - Dry,Clear,Daylight,Curved - view open,Grade,803,Off Path-Curve: Off Cway Rt Bend Hit Obj,19: Off Carriageway on Curve Hit Object,W,1,0,0,0,1,0,1,0,0,0,0,0
353471,353471,Fatal,2010,January,Saturday,10,Hit object,Single Vehicle,151.764274509968,-27.6219983027228,Gore Hwy,,Gore Highway (Toowoomba - Millmerran),Athol,Toowoomba Region,4350,Drayton,Darling Downs,Southern,Southern,Southern Queensland,Pittsworth,Darling Downs - East,Darling Downs - Maranoa,Inner Regional,Condamine,Groom,State-controlled,No Roadway Feature,No traffic control,100 - 110 km/h,Sealed - Dry,Clear,Daylight,Straight,Level,703,Off Path-Straight: Left Off Cway Hit Obj,16: Off Carriageway on Straight Hit Object,E,1,0,0,0,1,1,0,0,0,0,0,0
353472,353472,Fatal,2010,January,Sunday,11,Angle,Multi-Vehicle,151.091345864468,-27.0562131579626,Old Warrego Hwy,Warrego Hwy,Warrego Highway (Dalby - Miles),Macalister,Western Downs Region,4406,Dalby,South West,Southern,Southern,Southern Queensland,Wambo,Darling Downs - East,Darling Downs - Maranoa,Outer Regional,Warrego,Maranoa,State-controlled,Intersection - T-Junction,Give way sign,100 - 110 km/h,Sealed - Dry,Clear,Daylight,Straight,Level,104,Vehs Adjacent Approach: Thru-Right,01: Intersection: Adjacent Approach,N,1,2,0,0,3,1,0,0,0,0,0,1
353473,353473,Fatal,2010,January,Tuesday,15,Hit object,Single Vehicle,145.775567924515,-16.9217273332932,Lake St,,,Cairns City,Cairns Region,4870,Cairns,Far North,Far Northern,Northern,North Queensland,Cairns City,Cairns - South,Cairns,Outer Regional,Cairns,Leichhardt,Locally-controlled,No Roadway Feature,No traffic control,0 - 50 km/h,Sealed - Dry,Clear,Daylight,Straight,Level,000,Pedn: Hit Other,21: Other,S,1,2,0,0,3,1,0,0,0,0,2,0
353619,353619,Fatal,2002,October,Wednesday,8,Hit pedestrian,Hit pedestrian,153.466169303377,-28.1095346116577,Gold Coast Hwy,Nineteenth Ave,Gold Coast Highway (Broadbeach - Coolangatta),Palm Beach,Gold Coast City,4221,Palm Beach,Gold Coast,South Eastern,SEQ South,South Coast,Palm Beach,Coolangatta,Gold Coast,Major Cities,Burleigh,Mcpherson,State-controlled,Intersection - Cross,Operating traffic lights,70 km/h,Sealed - Dry,Clear,Daylight,Straight,Level,003,Pedn: Far Side Vehicle Hit From Left,12: Pedestrian,E,1,0,0,0,1,1,0,0,0,0,1,0
353815,353815,Fatal,2006,November,Saturday,19,Hit object,Single Vehicle,152.84103610243,-25.2841703140092,Hunter St,,,Pialba,Fraser Coast Region,4655,Hervey Bay,Wide Bay Burnett,North Coast,Southern,Southern Queensland,Pialba - Eli Waters,Hervey Bay,Wide Bay,Inner Regional,Hervey Bay,Hinkler,Locally-controlled,No Roadway Feature,No traffic control,0 - 50 km/h,Sealed - Dry,Clear,Darkness - Lighted,Straight,Grade,708,Off Path-Straight: Mounts Traffic Island,16: Off Carriageway on Straight Hit Object,N,1,1,0,0,2,1,0,0,0,0,0,0
354073,354073,Fatal,2002,October,Saturday,2,Overturned,Single Vehicle,148.829660278268,-28.3846467787643,Carnarvon Hwy,,Carnarvon Highway (Mungindi - St George),Thallon,Balonne Shire,4497,Thallon,South West,Southern,Southern,Southern Queensland,Balonne,Darling Downs (west) - Maranoa,Darling Downs - Maranoa,Remote,Warrego,Maranoa,State-controlled,No Roadway Feature,No traffic control,100 - 110 km/h,Sealed - Dry,Clear,Darkness - Not lighted,Curved - view open,Level,805,Off Path-Curve: Out Of Control On Cway,20: Out of Control on Curve,S,1,0,0,0,1,1,0,0,0,0,0,0
354196,354196,Fatal,2006,October,Tuesday,17,Angle,Multi-Vehicle,146.604125328576,-19.301792397534,Rock Rd,,,Rangewood,Townsville City,4817,Deeragun,Townsville,Northern,Northern,North Queensland,Bohle Plains,Townsville,Townsville,Outer Regional,Hinchinbrook,Herbert,Locally-controlled,No Roadway Feature,No traffic control,60 km/h,Unsealed - Dry,Clear,Daylight,Straight,Level,408,Vehs Manoeuvring: Entering From Footway,08: Vehicle Leaving Driveway,W,1,0,0,0,1,1,1,0,0,0,0,0
354239,354239,Fatal,2002,July,Tuesday,22,Hit object,Single Vehicle,153.452667269861,-28.1172523753396,Pacific Hwy,,Pacific Highway (Pacific Motorway),Palm Beach,Gold Coast City,4221,Palm Beach,Gold Coast,South Eastern,SEQ South,South Coast,Elanora,Coolangatta,Gold Coast,Major Cities,Currumbin,Mcpherson,State-controlled,No Roadway Feature,No traffic control,100 - 110 km/h,Sealed - Dry,Clear,Darkness - Lighted,Straight,Level,700,Off Path-Straight: Other,21: Other,N,1,1,0,0,2,1,0,0,0,0,0,0
354244,354244,Fatal,2002,July,Friday,8,Angle,Multi-Vehicle,145.971055406832,-17.8811198113722,Bruce Hwy,East Feluga Rd,Bruce Highway (Ingham - Innisfail),East Feluga,Cassowary Coast Region,4854,Tully,Far North,Far Northern,Northern,North Queensland,Tully,Innisfail - Cassowary Coast,Cairns,Outer Regional,Hill,Kennedy,State-controlled,Intersection - Cross,Give way sign,100 - 110 km/h,Sealed - Dry,Clear,Daylight,Straight,Level,101,Vehs Adjacent Approach: Thru-Thru,01: Intersection: Adjacent Approach,E,1,0,1,0,2,1,0,1,0,0,0,0
354245,354245,Fatal,2002,July,Friday,23,Hit object,Single Vehicle,153.173551648478,-27.4998540001439,New Cleveland Rd,,,Gumdale,Brisbane City,4154,Capalaba,South Brisbane,Brisbane,SEQ South,Metropolitan,Belmont - Gumdale,Capalaba,Brisbane - East,Major Cities,Chatsworth,Bonner,Locally-controlled,No Roadway Feature,No traffic control,80 - 90 km/h,Sealed - Dry,Clear,Darkness - Not lighted,Straight,Level,704,Off Path-Straight: Right Off Cway Hit Obj,16: Off Carriageway on Straight Hit Object,N,1,1,0,0,2,1,0,0,0,0,0,0
354246,354246,Fatal,2002,July,Saturday,11,Angle,Multi-Vehicle,152.566692535043,-26.001303269642,Bruce Hwy,,Bruce Highway (Gympie - Maryborough),Gunalda,Gympie Region,4570,Tiaro,Wide Bay Burnett,North Coast,Southern,Southern Queensland,Gympie Region,Gympie - Cooloola,Wide Bay,Inner Regional,Gympie,Wide Bay,State-controlled,No Roadway Feature,No traffic control,100 - 110 km/h,Sealed - Dry,Clear,Daylight,Straight,Crest,406,Vehs Manoeuvring: Leaving Driveway,08: Vehicle Leaving Driveway,W,1,0,0,0,1,1,1,0,0,0,0,0
354247,354247,Fatal,2002,July,Saturday,17,Hit object,Single Vehicle,153.426073271779,-28.0479053690827,Markeri St,,,Mermaid Waters,Gold Coast City,4218,Broadbeach,Gold Coast,South Eastern,SEQ South,South Coast,Mermaid Waters,Broadbeach - Burleigh,Gold Coast,Major Cities,Mermaid Beach,Moncrieff,Locally-controlled,Median Opening,No traffic control,60 km/h,Sealed - Dry,Clear,Daylight,Curved - view open,Level,201,Vehs Opposite Approach: Head On,02: Head-on,W,1,0,0,0,1,1,1,0,0,0,0,0
354341,354341,Fatal,2002,October,Sunday,13,Hit object,Single Vehicle,153.107989580743,-27.5690781600798,Gateway Arterial Rd,,Gateway Motorway (Eight Mile Plains - Nudgee),Rochedale,Brisbane City,4123,Upper Mount Gravatt,South Brisbane,Brisbane,SEQ South,Metropolitan,Rochedale - Burbank,Mt Gravatt,Brisbane - South,Major Cities,Mansfield,Bonner,State-controlled,No Roadway Feature,No traffic control,100 - 110 km/h,Sealed - Dry,Clear,Daylight,Curved - view open,Dip,800,Off Path-Curve: Other,21: Other,S,1,0,0,0,1,0,0,0,0,0,0,1
355974,355974,Fatal,2002,May,Sunday,11,Hit object,Single Vehicle,152.641906474559,-27.8134128434902,Warrill View - Peak Crossing Rd,,Warrill View - Peak Crossing Road,Warrill View,Scenic Rim Region,4307,Harrisville,Ipswich,Southern,SEQ South,South Coast,Boonah,Ipswich Hinterland,Ipswich,Inner Regional,Scenic Rim,Wright,State-controlled,Bridge/Causeway,No traffic control,100 - 110 km/h,Sealed - Dry,Clear,Daylight,Curved - view obscured,Level,803,Off Path-Curve: Off Cway Rt Bend Hit Obj,19: Off Carriageway on Curve Hit Object,E,1,0,0,0,1,0,1,0,0,0,0,0
355975,355975,Fatal,2002,May,Sunday,3,Hit object,Single Vehicle,152.997739979902,-27.4241378908552,Samford Rd,,,Alderley,Brisbane City,4051,Stafford,North Brisbane,Brisbane,SEQ North,Metropolitan,Alderley,Brisbane Inner - North,Brisbane Inner City,Major Cities,Ferny Grove,Brisbane,Locally-controlled,No Roadway Feature,No traffic control,60 km/h,Sealed - Dry,Fog,Darkness - Lighted,Straight,Level,703,Off Path-Straight: Left Off Cway Hit Obj,16: Off Carriageway on Straight Hit Object,W,1,1,0,0,2,1,0,0,0,0,0,0
355998,355998,Fatal,2002,May,Monday,15,Collision - miscellaneous,Other,152.809831538687,-27.6345817447435,Cunningham Hwy,,Cunningham Highway (Ipswich - Warwick),Blackstone,Ipswich City,4304,Booval,Ipswich,Southern,SEQ South,Metropolitan,Ripley,Ipswich Inner,Ipswich,Major Cities,Bundamba,Blair,State-controlled,No Roadway Feature,No traffic control,100 - 110 km/h,Sealed - Dry,Clear,Daylight,Straight,Level,600,Vehs On Path: Other,21: Other,W,1,1,1,0,3,1,0,0,0,0,0,0
356005,356005,Fatal,2002,May,Wednesday,18,Hit object,Single Vehicle,152.607300793419,-27.9647084362575,Boonah - Fassifern Rd,,Boonah - Fassifern Road,Fassifern Valley,Scenic Rim Region,4309,Kalbar,Ipswich,Southern,SEQ South,South Coast,Boonah,Ipswich Hinterland,Ipswich,Inner Regional,Scenic Rim,Wright,State-controlled,No Roadway Feature,No traffic control,100 - 110 km/h,Sealed - Dry,Clear,Daylight,Straight,Level,703,Off Path-Straight: Left Off Cway Hit Obj,16: Off Carriageway on Straight Hit Object,E,1,2,0,0,3,1,0,0,0,0,0,0
356006,356006,Fatal,2002,May,Wednesday,23,Hit object,Single Vehicle,151.288051066004,-25.5040118758748,Burnett Hwy,,Burnett Highway (Gayndah - Monto),Mundowran,North Burnett Region,4626,Mundubbera,Wide Bay Burnett,North Coast,Southern,Southern Queensland,Gayndah - Mundubbera,Burnett,Wide Bay,Outer Regional,Callide,Flynn,State-controlled,No Roadway Feature,No traffic control,100 - 110 km/h,Sealed - Dry,Clear,Darkness - Not lighted,Curved - view open,Level,804,Off Path-Curve: Off Cway Lt Bend Hit Obj,19: Off Carriageway on Curve Hit Object,N,1,0,0,0,1,0,0,1,0,0,0,0
356007,356007,Fatal,2002,May,Thursday,14,Angle,Multi-Vehicle,151.886308256145,-27.5019022054517,Ganzers Rd,Charlton - Gowrie Junction Rd,,Gowrie Junction,Toowoomba Region,4352,Toowoomba,Darling Downs,Southern,Southern,Southern Queensland,Toowoomba - West,Toowoomba,Toowoomba,Inner Regional,Condamine,Groom,Locally-controlled,Intersection - T-Junction,No traffic control,80 - 90 km/h,Sealed - Dry,Clear,Daylight,Straight,Level,506,Vehs Overtaking: Overtake-Right Turn,09: Overtaking Same Direction,N,1,0,0,0,1,0,1,1,0,0,0,0
356008,356008,Fatal,2002,May,Saturday,3,Hit object,Single Vehicle,153.091893647898,-26.5783556925795,Maroochydore - Noosa Rd,,Maroochydore - Noosa Road,Marcoola,Sunshine Coast Region,4564,Coolum,Sunshine Coast,North Coast,SEQ North,North Coast,Marcoola - Mudjimba,Maroochy,Sunshine Coast,Major Cities,Maroochydore,Fairfax,State-controlled,No Roadway Feature,No traffic control,80 - 90 km/h,Sealed - Dry,Clear,Darkness - Lighted,Straight,Crest,703,Off Path-Straight: Left Off Cway Hit Obj,16: Off Carriageway on Straight Hit Object,S,1,0,0,0,1,1,0,0,0,0,0,0
356017,356017,Fatal,2002,May,Monday,15,Hit pedestrian,Hit pedestrian,153.403011896914,-28.0664203028775,Cheltenham Dr,,,Robina,Gold Coast City,4226,Robina,Gold Coast,South Eastern,SEQ South,South Coast,Robina,Robina,Gold Coast,Major Cities,Mermaid Beach,Mcpherson,Locally-controlled,No Roadway Feature,Pedestrian crossing sign,60 km/h,Sealed - Dry,Clear,Daylight,Straight,Dip,001,Pedn: Near Side Vehicle Hit From Right,12: Pedestrian,W,1,0,0,0,1,1,0,0,0,0,1,0
356018,356018,Fatal,2002,May,Monday,20,Fall from vehicle,Single Vehicle,142.618912201876,-9.38021282259915,Esplanade Rd,,,Torres Strait,Torres Shire,4875,Thursday Island,Far North,Far Northern,Northern,North Queensland,Torres Strait Islands,Far North,Queensland - Outback,Very Remote,Cook,Leichhardt,Locally-controlled,No Roadway Feature,No traffic control,0 - 50 km/h,Sealed - Dry,Clear,Darkness - Lighted,Curved - view open,Level,901,Pass & Misc: Fell In/From Vehicle,21: Other,W,1,0,0,0,1,1,0,0,0,0,0,0
356030,356030,Fatal,2002,April,Tuesday,14,Hit object,Single Vehicle,145.418643251745,-16.8577780157954,Hodzic Rd,,,Biboohra,Mareeba Shire,4880,Mareeba,Far North,Far Northern,Northern,North Queensland,Tablelands,Far North,Queensland - Outback,Outer Regional,Cook,Kennedy,Locally-controlled,No Roadway Feature,No traffic control,100 - 110 km/h,Unsealed - Dry,Clear,Daylight,Curved - view obscured,Dip,803,Off Path-Curve: Off Cway Rt Bend Hit Obj,19: Off Carriageway on Curve Hit Object,W,1,3,0,0,4,1,0,0,0,0,0,0
356033,356033,Fatal,2002,May,Friday,13,Hit pedestrian,Hit pedestrian,153.474080525724,-28.1232502375732,Gold Coast Hwy,Third Ave,Gold Coast Highway (Broadbeach - Coolangatta),Palm Beach,Gold Coast City,4221,Palm Beach,Gold Coast,South Eastern,SEQ South,South Coast,Palm Beach,Coolangatta,Gold Coast,Major Cities,Burleigh,Mcpherson,State-controlled,Intersection - Cross,No traffic control,70 km/h,Sealed - Dry,Clear,Daylight,Straight,Level,003,Pedn: Far Side Vehicle Hit From Left,12: Pedestrian,S,1,0,0,0,1,0,0,1,0,0,1,0
356034,356034,Fatal,2002,May,Friday,17,Head-on,Multi-Vehicle,152.855413052339,-26.3908261383913,Bruce Hwy,,Cooroy - Gympie Road,Pomona,Noosa Shire,4568,Pomona,Sunshine Coast,North Coast,SEQ North,North Coast,Noosa Hinterland,Noosa Hinterland,Sunshine Coast,Inner Regional,Noosa,Wide Bay,State-controlled,No Roadway Feature,No traffic control,100 - 110 km/h,Sealed - Wet,Raining,Dawn/Dusk,Straight,Level,201,Vehs Opposite Approach: Head On,02: Head-on,W,1,1,1,0,3,6,0,0,0,0,0,0
356418,356418,Fatal,2002,May,Friday,16,Head-on,Multi-Vehicle,152.70346076971,-26.1460814123225,Tompkins Rd,,,Veteran,Gympie Region,4570,Gympie,Wide Bay Burnett,North Coast,Southern,Southern Queensland,Gympie Region,Gympie - Cooloola,Wide Bay,Inner Regional,Gympie,Wide Bay,Locally-controlled,No Roadway Feature,No traffic control,80 - 90 km/h,Sealed - Dry,Clear,Daylight,Straight,Grade,201,Vehs Opposite Approach: Head On,02: Head-on,S,1,2,0,0,3,2,0,0,0,0,0,0
356419,356419,Fatal,2002,May,Saturday,20,Angle,Multi-Vehicle,151.268549016509,-23.8626246736559,Ann St,Derby St,,South Gladstone,Gladstone Region,4680,Gladstone,Capricornia,Central,Central,Central Queensland,Gladstone,Gladstone,Central Queensland,Inner Regional,Gladstone,Flynn,Locally-controlled,Intersection - Cross,Give way sign,60 km/h,Sealed - Dry,Clear,Darkness - Lighted,Straight,Dip,101,Vehs Adjacent Approach: Thru-Thru,01: Intersection: Adjacent Approach,N,2,1,0,0,3,1,0,0,1,0,0,0
356420,356420,Fatal,2002,May,Sunday,3,Hit object,Single Vehicle,152.975557563213,-27.0818182049173,Bruce Hwy,,Bruce Highway (Brisbane - Gympie),Caboolture,Moreton Bay Region,4510,Caboolture,Moreton,North Coast,SEQ North,North Coast,Caboolture,Caboolture,Moreton Bay - North,Major Cities,Pumicestone,Longman,State-controlled,No Roadway Feature,No traffic control,100 - 110 km/h,Sealed - Wet,Clear,Darkness - Not lighted,Straight,Level,704,Off Path-Straight: Right Off Cway Hit Obj,16: Off Carriageway on Straight Hit Object,S,1,0,0,0,1,1,0,0,0,0,0,0
356434,356434,Fatal,2002,May,Tuesday,18,Rear-end,Multi-Vehicle,153.030496671354,-27.7249763135166,Mt Lindesay Hwy,Stoney Camp Rd,Mount Lindesay Highway (Brisbane - Beaudesert),Greenbank,Logan City,4124,Jimboomba,Logan,South Eastern,SEQ South,South Coast,Boronia Heights - Park Ridge,Browns Plains,Logan - Beaudesert,Major Cities,Logan,Forde,State-controlled,Intersection - Cross,No traffic control,80 - 90 km/h,Sealed - Dry,Clear,Darkness - Not lighted,Straight,Level,303,Vehs Same Direction: Right Rear,04: Rear-end,S,1,0,0,0,1,1,0,1,0,0,0,0
356436,356436,Fatal,2002,May,Thursday,9,Angle,Multi-Vehicle,151.247885628008,-23.884296233907,Witney St,,,Kin Kora,Gladstone Region,4680,Gladstone,Capricornia,Central,Central,Central Queensland,Clinton - New Auckland,Gladstone,Central Queensland,Inner Regional,Gladstone,Flynn,Locally-controlled,Railway Crossing,Railway - lights only,60 km/h,Sealed - Dry,Clear,Daylight,Straight,Grade,903,Pass & Misc: Hit Train,11: Train,S,1,0,0,0,1,1,0,0,0,0,0,1
356437,356437,Fatal,2002,May,Tuesday,7,Rear-end,Multi-Vehicle,153.082627893337,-27.467456867724,Wynnum Rd,,,Cannon Hill,Brisbane City,4170,Morningside,South Brisbane,Brisbane,SEQ South,Metropolitan,Cannon Hill,Carindale,Brisbane - South,Major Cities,Bulimba,Griffith,Locally-controlled,No Roadway Feature,No traffic control,70 km/h,Sealed - Dry,Clear,Daylight,Straight,Crest,302,Vehs Same Direction: Left Rear,04: Rear-end,W,1,0,0,0,1,0,1,0,0,0,0,1
356438,356438,Fatal,2002,June,Sunday,17,Hit pedestrian,Hit pedestrian,153.444455181447,-28.0734580851582,Gold Coast Hwy,,Gold Coast Highway (Broadbeach - Coolangatta),Miami,Gold Coast City,4220,Broadbeach,Gold Coast,South Eastern,SEQ South,South Coast,Miami,Broadbeach - Burleigh,Gold Coast,Major Cities,Mermaid Beach,Moncrieff,State-controlled,No Roadway Feature,Pedestrian operated lights,70 km/h,Sealed - Wet,Raining,Darkness - Lighted,Straight,Level,002,Pedn: Hit Emerging Behind Vehicle,12: Pedestrian,W,1,0,0,0,1,1,0,0,0,0,1,0
356485,356485,Fatal,2002,May,Friday,20,Angle,Multi-Vehicle,153.041223176667,-27.436643476318,Abbotsford Rd,Burrows St,,Bowen Hills,Brisbane City,4006,Fortitude Valley,North Brisbane,Brisbane,SEQ North,Metropolitan,Newstead - Bowen Hills,Brisbane Inner - North,Brisbane Inner City,Major Cities,Mcconnel,Brisbane,Locally-controlled,Intersection - T-Junction,Operating traffic lights,60 km/h,Sealed - Wet,Raining,Darkness - Lighted,Straight,Level,101,Vehs Adjacent Approach: Thru-Thru,01: Intersection: Adjacent Approach,N,1,0,0,1,2,1,0,0,1,0,0,0
356486,356486,Fatal,2002,May,Friday,21,Hit object,Single Vehicle,146.529939704007,-19.9334793653525,Flinders Hwy,,Flinders Highway (Townsville - Charters Towers),Dotswood,Charters Towers Region,4820,Charters Towers,Townsville,Northern,Northern,North Queensland,Dalrymple,Charters Towers - Ayr - Ingham,Townsville,Remote,Traeger,Kennedy,State-controlled,No Roadway Feature,No traffic control,100 - 110 km/h,Sealed - Dry,Clear,Darkness - Not lighted,Curved - view open,Level,201,Vehs Opposite Approach: Head On,02: Head-on,W,1,3,1,0,5,1,0,1,0,0,0,0
356487,356487,Fatal,2002,May,Friday,21,Hit object,Single Vehicle,151.981024471543,-24.9871759253937,Bundaberg - Gin Gin Rd,,Bundaberg - Gin Gin Road,Gin Gin,Bundaberg Region,4671,Gin Gin,Wide Bay Burnett,North Coast,Southern,Southern Queensland,Gin Gin,Burnett,Wide Bay,Outer Regional,Callide,Flynn,State-controlled,No Roadway Feature,No traffic control,100 - 110 km/h,Sealed - Dry,Clear,Darkness - Not lighted,Straight,Level,703,Off Path-Straight: Left Off Cway Hit Obj,16: Off Carriageway on Straight Hit Object,N,1,3,0,0,4,1,0,0,0,0,0,0
356488,356488,Fatal,2002,May,Saturday,2,Hit object,Single Vehicle,149.125104814114,-21.193123109691,Stockroute Rd,,,Racecourse,Mackay Region,4740,Mackay,Mackay,Central,Central,Central Queensland,Ooralea - Bakers Creek,Mackay,Mackay - Isaac - Whitsunday,Inner Regional,Mirani,Capricornia,Locally-controlled,No Roadway Feature,No traffic control,100 - 110 km/h,Sealed - Wet,Clear,Darkness - Not lighted,Straight,Level,704,Off Path-Straight: Right Off Cway Hit Obj,16: Off Carriageway on Straight Hit Object,W,1,5,0,0,6,1,0,0,0,0,0,0
356894,356894,Fatal,2016,April,Friday,11,Head-on,Multi-Vehicle,152.897841316901,-25.2843914146751,Elizabeth St,,,Urangan,Fraser Coast Region,4655,Hervey Bay,Wide Bay Burnett,North Coast,Southern,Southern Queensland,Urangan - Wondunna,Hervey Bay,Wide Bay,Inner Regional,Hervey Bay,Hinkler,Locally-controlled,No Roadway Feature,No traffic control,60 km/h,Sealed - Dry,Clear,Daylight,Straight,Level,501,Vehs Overtaking: Head On,02: Head-on,S,1,0,1,0,2,2,0,0,0,0,0,0
356895,356895,Fatal,2016,April,Saturday,7,Angle,Multi-Vehicle,152.934757232721,-25.9471254237402,Rainbow Beach Rd,Tin Can Bay Rd,Tin Can Bay Road,Wallu,Gympie Region,4570,Tin Can Bay,Wide Bay Burnett,North Coast,Southern,Southern Queensland,Cooloola,Gympie - Cooloola,Wide Bay,Inner Regional,Gympie,Wide Bay,State-controlled,Intersection - T-Junction,Give way sign,100 - 110 km/h,Sealed - Dry,Clear,Daylight,Curved - view open,Level,104,Vehs Adjacent Approach: Thru-Right,01: Intersection: Adjacent Approach,W,1,1,2,0,4,0,1,1,0,0,0,0
357041,357041,Fatal,2014,July,Sunday,13,Hit object,Single Vehicle,152.640221233899,-26.1807643963435,Widgee Crossing Rd,,,Gympie,Gympie Region,4570,Gympie,Wide Bay Burnett,North Coast,Southern,Southern Queensland,Gympie - North,Gympie - Cooloola,Wide Bay,Inner Regional,Gympie,Wide Bay,Locally-controlled,No Roadway Feature,No traffic control,80 - 90 km/h,Sealed - Dry,Clear,Daylight,Curved - view open,Dip,804,Off Path-Curve: Off Cway Lt Bend Hit Obj,19: Off Carriageway on Curve Hit Object,W,1,0,0,0,1,1,0,0,0,0,0,0
357042,357042,Fatal,2014,July,Wednesday,16,Hit object,Single Vehicle,152.529572286858,-25.83438638264,Emerys Bridge Rd,,,Gundiah,Fraser Coast Region,4650,Tiaro,Wide Bay Burnett,North Coast,Southern,Southern Queensland,Maryborough Region - South,Maryborough,Wide Bay,Inner Regional,Gympie,Wide Bay,Locally-controlled,No Roadway Feature,No traffic control,100 - 110 km/h,Sealed - Dry,Clear,Daylight,Curved - view open,Level,804,Off Path-Curve: Off Cway Lt Bend Hit Obj,19: Off Carriageway on Curve Hit Object,E,1,0,0,0,1,1,0,0,0,0,0,0
357043,357043,Fatal,2014,July,Wednesday,19,Hit object,Single Vehicle,152.942941100431,-27.0114714330925,Twin View Rd,,,Elimbah,Moreton Bay Region,4516,Caboolture,Moreton,North Coast,SEQ North,North Coast,Elimbah,Caboolture,Moreton Bay - North,Major Cities,Glass House,Longman,Locally-controlled,No Roadway Feature,No traffic control,60 km/h,Sealed - Dry,Clear,Darkness - Not lighted,Curved - view open,Level,804,Off Path-Curve: Off Cway Lt Bend Hit Obj,19: Off Carriageway on Curve Hit Object,E,1,0,0,0,1,1,0,0,0,0,0,0
357044,357044,Fatal,2014,August,Friday,16,Angle,Multi-Vehicle,152.319956424133,-24.8495183540998,Bundaberg - Gin Gin Rd,Moore Park Rd,Bundaberg - Gin Gin Road,Bundaberg North,Bundaberg Region,4670,Bundaberg,Wide Bay Burnett,North Coast,Southern,Southern Queensland,Bundaberg North - Gooburrum,Bundaberg,Wide Bay,Inner Regional,Bundaberg,Hinkler,State-controlled,Intersection - T-Junction,No traffic control,70 km/h,Sealed - Dry,Clear,Daylight,Straight,Level,202,Vehs Opposite Approach: Thru-Right,03: Opposing Vehicles Turning,W,1,1,0,0,2,1,1,0,0,0,0,0
357045,357045,Fatal,2014,August,Sunday,9,Fall from vehicle,Single Vehicle,153.161165017751,-27.4845424587726,Tilley Rd,,,Wakerley,Brisbane City,4154,Wynnum,South Brisbane,Brisbane,SEQ South,Metropolitan,Wakerley,Wynnum - Manly,Brisbane - East,Major Cities,Chatsworth,Bonner,Locally-controlled,No Roadway Feature,No traffic control,70 km/h,Sealed - Dry,Clear,Daylight,Straight,Level,701,Off Path-Straight: Left Off Cway,15: Off Carriageway on Straight,W,1,0,0,0,1,0,1,0,0,0,0,0