_id,Crash_Ref_Number,Crash_Severity,Crash_Year,Crash_Month,Crash_Day_Of_Week,Crash_Hour,Crash_Nature,Crash_Type,Crash_Longitude,Crash_Latitude,Crash_Street,Crash_Street_Intersecting,State_Road_Name,Loc_Suburb,Loc_Local_Government_Area,Loc_Post_Code,Loc_Police_Division,Loc_Police_District,Loc_Police_Region,Loc_Queensland_Transport_Region,Loc_Main_Roads_Region,Loc_ABS_Statistical_Area_2,Loc_ABS_Statistical_Area_3,Loc_ABS_Statistical_Area_4,Loc_ABS_Remoteness,Loc_State_Electorate,Loc_Federal_Electorate,Crash_Controlling_Authority,Crash_Roadway_Feature,Crash_Traffic_Control,Crash_Speed_Limit,Crash_Road_Surface_Condition,Crash_Atmospheric_Condition,Crash_Lighting_Condition,Crash_Road_Horiz_Align,Crash_Road_Vert_Align,Crash_DCA_Code,Crash_DCA_Description,Crash_DCA_Group_Description,DCA_Key_Approach_Dir,Count_Casualty_Fatality,Count_Casualty_Hospitalised,Count_Casualty_MedicallyTreated,Count_Casualty_MinorInjury,Count_Casualty_Total,Count_Unit_Car,Count_Unit_Motorcycle_Moped,Count_Unit_Truck,Count_Unit_Bus,Count_Unit_Bicycle,Count_Unit_Pedestrian,Count_Unit_Other
363180,363180,Fatal,2020,April,Thursday,16,Angle,Multi-Vehicle,153.185251500784,-27.0765650579683,First Ave,,,Woorim,Moreton Bay Region,4507,Bribie Island,Moreton,North Coast,SEQ North,North Coast,Bribie Island,Bribie - Beachmere,Moreton Bay - North,Inner Regional,Pumicestone,Longman,Locally-controlled,No Roadway Feature,No traffic control,80 - 90 km/h,Sealed - Dry,Clear,Daylight,Straight,Level,408,Vehs Manoeuvring: Entering From Footway,08: Vehicle Leaving Driveway,N,1,0,0,0,1,1,0,0,0,1,0,0
363245,363245,Fatal,2019,January,Thursday,1,Hit object,Single Vehicle,152.841848218192,-26.142244416041,Tagigan Rd,,,Wolvi,Gympie Region,4570,Gympie,Wide Bay Burnett,North Coast,Southern,Southern Queensland,Gympie Region,Gympie - Cooloola,Wide Bay,Inner Regional,Gympie,Wide Bay,Locally-controlled,No Roadway Feature,No traffic control,80 - 90 km/h,Sealed - Dry,Clear,Darkness - Not lighted,Curved - view open,Level,803,Off Path-Curve: Off Cway Rt Bend Hit Obj,19: Off Carriageway on Curve Hit Object,E,1,0,0,0,1,1,0,0,0,0,0,0
363249,363249,Fatal,2020,August,Sunday,8,Hit pedestrian,Hit pedestrian,152.952282089645,-27.0899964346517,Fortune Esp,,,Caboolture South,Moreton Bay Region,4510,Caboolture,Moreton,North Coast,SEQ North,North Coast,Caboolture - South,Caboolture,Moreton Bay - North,Major Cities,Morayfield,Longman,Locally-controlled,No Roadway Feature,No traffic control,0 - 50 km/h,Sealed - Dry,Clear,Daylight,Straight,Level,007,Pedn: Hit By Vehicle Enter/Leave Dway,12: Pedestrian,S,1,0,0,0,1,1,0,0,0,0,1,0
363250,363250,Fatal,2018,December,Wednesday,21,Hit object,Single Vehicle,146.667606461263,-19.1887278202982,Coutts Dr,,,Bushland Beach,Townsville City,4818,Deeragun,Townsville,Northern,Northern,North Queensland,Deeragun,Townsville,Townsville,Outer Regional,Hinchinbrook,Herbert,Locally-controlled,Bridge/Causeway,No traffic control,0 - 50 km/h,Sealed - Dry,Clear,Darkness - Not lighted,Straight,Level,703,Off Path-Straight: Left Off Cway Hit Obj,16: Off Carriageway on Straight Hit Object,E,1,0,0,0,1,0,0,0,0,1,0,0
363259,363259,Fatal,2020,August,Thursday,12,Head-on,Multi-Vehicle,152.990716972952,-27.9828014455518,Beaudesert Town Centre Bypa,,Mount Lindesay Highway (Brisbane - Beaudesert),Beaudesert,Scenic Rim Region,4285,Beaudesert,Logan,South Eastern,SEQ South,South Coast,Beaudesert,Beaudesert,Logan - Beaudesert,Inner Regional,Scenic Rim,Wright,State-controlled,No Roadway Feature,No traffic control,80 - 90 km/h,Sealed - Dry,Clear,Daylight,Straight,Level,201,Vehs Opposite Approach: Head On,02: Head-on,S,2,0,0,0,2,1,0,1,0,0,0,0
363416,363416,Fatal,2019,June,Tuesday,15,Head-on,Multi-Vehicle,146.139767561107,-18.417881775056,Bruce Hwy,,Bruce Highway (Ingham - Innisfail),Damper Creek,Cassowary Coast Region,4849,Cardwell,Far North,Far Northern,Northern,North Queensland,Tully,Innisfail - Cassowary Coast,Cairns,Remote,Hinchinbrook,Kennedy,State-controlled,No Roadway Feature,No traffic control,100 - 110 km/h,Sealed - Dry,Clear,Daylight,Straight,Level,201,Vehs Opposite Approach: Head On,02: Head-on,N,2,1,1,0,4,1,0,1,0,0,0,0
363496,363496,Fatal,2021,October,Friday,22,Overturned,Single Vehicle,138.733747109192,-17.9230033507772,Doomadgee - Westmoreland Rd,,,Doomadgee,Doomadgee Aboriginal Shire,4830,Doomadgee,Mount Isa,Northern,Northern,North Queensland,Carpentaria,Outback - North,Queensland - Outback,Very Remote,Traeger,Kennedy,Locally-controlled,No Roadway Feature,No traffic control,100 - 110 km/h,Sealed - Dry,Clear,Darkness - Not lighted,Curved - view open,Level,805,Off Path-Curve: Out Of Control On Cway,20: Out of Control on Curve,,1,0,0,0,1,1,0,0,0,0,0,0
363535,363535,Fatal,2019,July,Thursday,15,Hit object,Single Vehicle,150.964197141405,-28.4603072541742,Cunningham Hwy,,Cunningham Highway (Inglewood - Goondiwindi),Inglewood,Goondiwindi Region,4387,Inglewood,Darling Downs,Southern,Southern,Southern Queensland,Inglewood - Waggamba,Darling Downs (west) - Maranoa,Darling Downs - Maranoa,Outer Regional,Southern Downs,Maranoa,State-controlled,No Roadway Feature,No traffic control,100 - 110 km/h,Sealed - Dry,Clear,Daylight,Curved - view open,Level,803,Off Path-Curve: Off Cway Rt Bend Hit Obj,19: Off Carriageway on Curve Hit Object,E,1,1,0,0,2,1,0,0,0,0,0,0
363641,363641,Fatal,2021,March,Sunday,11,Head-on,Multi-Vehicle,151.180286494053,-25.1991222483599,Burnett Hwy,,Burnett Highway (Gayndah - Monto),Cynthia,North Burnett Region,4627,Eidsvold,Wide Bay Burnett,North Coast,Southern,Southern Queensland,Monto - Eidsvold,Burnett,Wide Bay,Outer Regional,Callide,Flynn,State-controlled,No Roadway Feature,No traffic control,100 - 110 km/h,Sealed - Dry,Clear,Daylight,Curved - view open,Level,201,Vehs Opposite Approach: Head On,02: Head-on,N,1,0,1,0,2,2,0,0,0,0,0,0
363751,363751,Fatal,2024,April,Wednesday,15,Angle,Multi-Vehicle,152.341475417311,-24.8902103565323,Maynard St,,,Norville,Bundaberg Region,4670,Bundaberg,Wide Bay Burnett,North Coast,Southern,Southern Queensland,Svensson Heights - Norville,Bundaberg,Wide Bay,Inner Regional,Bundaberg,Hinkler,Locally-controlled,No Roadway Feature,No traffic control,60 km/h,Sealed - Dry,Clear,Daylight,Straight,Level,202,Vehs Opposite Approach: Thru-Right,03: Opposing Vehicles Turning,,1,0,0,0,1,1,0,0,0,0,0,1
363752,363752,Fatal,2024,April,Wednesday,13,Angle,Multi-Vehicle,153.270730997569,-27.5507154703761,Clifford Perske St,Kriskyle Pl,,Thornlands,Redland City,4164,Cleveland,South Brisbane,Brisbane,SEQ South,Metropolitan,Thornlands,Cleveland - Stradbroke,Brisbane - East,Major Cities,Oodgeroo,Bowman,Locally-controlled,Intersection - T-Junction,No traffic control,60 km/h,Sealed - Dry,Clear,Daylight,Straight,Level,202,Vehs Opposite Approach: Thru-Right,03: Opposing Vehicles Turning,,1,0,1,0,2,1,1,0,0,0,0,0
363758,363758,Fatal,2023,July,Tuesday,18,Hit object,Single Vehicle,152.9806861356,-26.697218434365,Chevallum Rd,,,Palmwoods,Sunshine Coast Region,4555,Palmwoods,Sunshine Coast,North Coast,SEQ North,North Coast,Palmwoods,Sunshine Coast Hinterland,Sunshine Coast,Major Cities,Nicklin,Fisher,Locally-controlled,No Roadway Feature,No traffic control,80 - 90 km/h,Sealed - Dry,Clear,Darkness - Not lighted,Curved - view open,Level,803,Off Path-Curve: Off Cway Rt Bend Hit Obj,19: Off Carriageway on Curve Hit Object,,1,0,0,0,1,0,1,0,0,0,0,0
363835,363835,Fatal,2020,August,Thursday,9,Hit object,Single Vehicle,153.019501249361,-26.7070234243351,Bruce Hwy,,Bruce Highway (Brisbane - Gympie),Tanawha,Sunshine Coast Region,4556,Palmwoods,Sunshine Coast,North Coast,SEQ North,North Coast,Buderim - South,Buderim,Sunshine Coast,Major Cities,Nicklin,Fisher,State-controlled,No Roadway Feature,No traffic control,100 - 110 km/h,Sealed - Dry,Clear,Daylight,Curved - view open,Level,803,Off Path-Curve: Off Cway Rt Bend Hit Obj,19: Off Carriageway on Curve Hit Object,N,1,0,0,0,1,1,0,0,0,0,0,0
363838,363838,Fatal,2019,November,Friday,8,Hit parked vehicle,Single Vehicle,152.971683146992,-26.6128954327887,City View Tce,Nambour Connection Rd,Nambour Connection Road,Nambour,Sunshine Coast Region,4560,Nambour,Sunshine Coast,North Coast,SEQ North,North Coast,Nambour,Nambour,Sunshine Coast,Major Cities,Nicklin,Fairfax,State-controlled,Intersection - T-Junction,No traffic control,80 - 90 km/h,Sealed - Dry,Clear,Daylight,Curved - view open,Level,803,Off Path-Curve: Off Cway Rt Bend Hit Obj,19: Off Carriageway on Curve Hit Object,S,1,0,0,0,1,1,0,0,0,0,0,1
363856,363856,Fatal,2023,February,Monday,8,Hit parked vehicle,Single Vehicle,153.0789220574,-26.7776212248685,Caloundra - Mooloolaba Rd,,Caloundra - Mooloolaba Road,Little Mountain,Sunshine Coast Region,4551,Caloundra,Sunshine Coast,North Coast,SEQ North,North Coast,Caloundra - West,Caloundra,Sunshine Coast,Major Cities,Kawana,Fisher,State-controlled,No Roadway Feature,No traffic control,80 - 90 km/h,Sealed - Dry,Clear,Daylight,Straight,Level,201,Vehs Opposite Approach: Head On,02: Head-on,N,1,1,0,0,2,3,0,0,0,0,0,0
363924,363924,Fatal,2024,May,Saturday,17,Hit object,Single Vehicle,152.920380020167,-27.670673436056,Summit Dr,,,Springfield Lakes,Ipswich City,4300,Springfield,Ipswich,Southern,SEQ South,Metropolitan,Springfield Lakes,Springfield - Redbank,Ipswich,Major Cities,Jordan,Oxley,Locally-controlled,No Roadway Feature,No traffic control,0 - 50 km/h,Sealed - Dry,Clear,Dawn/Dusk,Curved - view open,Level,803,Off Path-Curve: Off Cway Rt Bend Hit Obj,19: Off Carriageway on Curve Hit Object,W,1,0,0,0,1,1,0,0,0,0,0,0
363925,363925,Fatal,2024,May,Friday,21,Fall from vehicle,Single Vehicle,149.235626066718,-21.3842420436727,Lamberts Rd,Sarina Beach Rd,Sarina - Coast Road,Sarina,Mackay Region,4737,Sarina,Mackay,Central,Central,Central Queensland,Sarina,Mackay,Mackay - Isaac - Whitsunday,Outer Regional,Mirani,Capricornia,State-controlled,No Roadway Feature,No traffic control,80 - 90 km/h,Sealed - Dry,Clear,Darkness - Not lighted,Curved - view open,Grade,803,Off Path-Curve: Off Cway Rt Bend Hit Obj,19: Off Carriageway on Curve Hit Object,E,1,0,0,0,1,0,1,0,0,0,0,0
363927,363927,Fatal,2022,May,Saturday,23,Hit object,Single Vehicle,146.593578456249,-19.3151538158643,Hervey Range Rd,,Hervey Range Developmental Road (Townsville - Battery),Hervey Range,Townsville City,4817,Deeragun,Townsville,Northern,Northern,North Queensland,Northern Beaches,Townsville,Townsville,Outer Regional,Hinchinbrook,Herbert,State-controlled,No Roadway Feature,No traffic control,100 - 110 km/h,Sealed - Dry,Clear,Darkness - Not lighted,Curved - view open,Level,803,Off Path-Curve: Off Cway Rt Bend Hit Obj,19: Off Carriageway on Curve Hit Object,E,1,0,0,0,1,1,0,0,0,0,0,0
363942,363942,Fatal,2024,June,Thursday,21,Overturned,Single Vehicle,153.179644970711,-27.8382444634277,Beaudesert - Beenleigh Rd,,Beaudesert - Beenleigh Road,Cedar Creek,Gold Coast City,4207,North Tamborine,Logan,South Eastern,SEQ South,South Coast,Upper Coomera - Willow Vale,Ormeau - Oxenford,Gold Coast,Inner Regional,Coomera,Forde,State-controlled,No Roadway Feature,No traffic control,80 - 90 km/h,Sealed - Dry,Clear,Darkness - Not lighted,Curved - view obscured,Grade,803,Off Path-Curve: Off Cway Rt Bend Hit Obj,19: Off Carriageway on Curve Hit Object,S,1,0,0,0,1,1,0,0,0,0,0,0
364096,364096,Fatal,2021,November,Friday,16,Overturned,Single Vehicle,148.785780091336,-21.5106800068775,Peak Downs Hwy,,Peak Downs Highway (Nebo - Mackay),Epsom,Isaac Region,4741,Nebo,Mackay,Central,Central,Central Queensland,Broadsound - Nebo,Bowen Basin - North,Mackay - Isaac - Whitsunday,Outer Regional,Burdekin,Capricornia,State-controlled,No Roadway Feature,No traffic control,100 - 110 km/h,Sealed - Wet,Raining,Daylight,Curved - view obscured,Crest,804,Off Path-Curve: Off Cway Lt Bend Hit Obj,19: Off Carriageway on Curve Hit Object,W,1,0,0,0,1,0,0,1,0,0,0,0
364146,364146,Fatal,2022,May,Tuesday,12,Sideswipe,Multi-Vehicle,146.040226622933,-17.7182957619427,Bruce Hwy,,Bruce Highway (Ingham - Innisfail),Goolboo,Cassowary Coast Region,4856,Silkwood,Far North,Far Northern,Northern,North Queensland,Johnstone,Innisfail - Cassowary Coast,Cairns,Outer Regional,Hill,Kennedy,State-controlled,No Roadway Feature,No traffic control,100 - 110 km/h,Sealed - Wet,Raining,Daylight,Curved - view open,Level,201,Vehs Opposite Approach: Head On,02: Head-on,S,1,0,0,0,1,7,0,1,0,0,0,1
364204,364204,Fatal,2021,June,Monday,17,Overturned,Single Vehicle,144.311797470395,-21.4338906748357,Hughenden - Muttaburra Rd,,Hughenden - Muttaburra Road,Tangorin,Flinders Shire,4821,Hughenden,Townsville,Northern,Northern,North Queensland,Northern Highlands,Outback - North,Queensland - Outback,Very Remote,Traeger,Kennedy,State-controlled,No Roadway Feature,No traffic control,100 - 110 km/h,Unsealed - Dry,Clear,Daylight,Curved - view open,Level,805,Off Path-Curve: Out Of Control On Cway,20: Out of Control on Curve,N,1,1,0,0,2,1,0,0,0,0,0,0
364211,364211,Fatal,2018,July,Tuesday,17,Hit object,Single Vehicle,152.729048210118,-26.3428947984412,Old Bruce Hwy,,Cooroy - Gympie Road,Coles Creek,Gympie Region,4570,Imbil,Wide Bay Burnett,North Coast,Southern,Southern Queensland,Gympie Region,Gympie - Cooloola,Wide Bay,Inner Regional,Gympie,Wide Bay,State-controlled,No Roadway Feature,No traffic control,60 km/h,Sealed - Dry,Clear,Darkness - Lighted,Curved - view open,Level,803,Off Path-Curve: Off Cway Rt Bend Hit Obj,19: Off Carriageway on Curve Hit Object,N,1,1,0,0,2,0,1,0,0,0,0,0
364439,364439,Fatal,2022,May,Monday,14,Head-on,Multi-Vehicle,153.074037145896,-26.5368454424508,Sunshine Mwy,,Sunshine Motorway (Mooloolaba - Peregian),Coolum Beach,Sunshine Coast Region,4573,Coolum,Sunshine Coast,North Coast,SEQ North,North Coast,Coolum Beach,Maroochy,Sunshine Coast,Major Cities,Ninderry,Fairfax,State-controlled,No Roadway Feature,No traffic control,60 km/h,Sealed - Dry,Clear,Daylight,Straight,Level,201,Vehs Opposite Approach: Head On,02: Head-on,S,1,5,0,0,6,2,0,0,0,0,0,0
364484,364484,Fatal,2021,November,Wednesday,13,Hit object,Single Vehicle,151.707188491686,-24.7704282944329,Bruce Hwy,,Bruce Highway (Gin Gin - Benaraby),Kolonga,Bundaberg Region,4671,Gin Gin,Wide Bay Burnett,North Coast,Southern,Southern Queensland,Gin Gin,Burnett,Wide Bay,Outer Regional,Callide,Flynn,State-controlled,No Roadway Feature,No traffic control,100 - 110 km/h,Sealed - Wet,Raining,Daylight,Curved - view open,Crest,803,Off Path-Curve: Off Cway Rt Bend Hit Obj,19: Off Carriageway on Curve Hit Object,N,1,0,0,0,1,1,0,0,0,0,0,0
364487,364487,Fatal,2021,November,Tuesday,17,Overturned,Single Vehicle,153.044609131657,-26.6757254406054,Lindsay Rd,,,Buderim,Sunshine Coast Region,4556,Maroochydore,Sunshine Coast,North Coast,SEQ North,North Coast,Buderim - North,Buderim,Sunshine Coast,Major Cities,Buderim,Fairfax,Locally-controlled,No Roadway Feature,No traffic control,60 km/h,Sealed - Dry,Clear,Daylight,Curved - view open,Crest,803,Off Path-Curve: Off Cway Rt Bend Hit Obj,19: Off Carriageway on Curve Hit Object,S,2,0,0,0,2,1,0,0,0,0,0,0
364516,364516,Fatal,2024,January,Thursday,17,Sideswipe,Multi-Vehicle,151.845347152014,-27.5482043298913,Acton Vale Stud Rd,Toowoomba - Cecil Plains Rd,Toowoomba - Cecil Plains Road,Wellcamp,Toowoomba Region,4350,Toowoomba,Darling Downs,Southern,Southern,Southern Queensland,Toowoomba - West,Toowoomba,Toowoomba,Inner Regional,Condamine,Groom,State-controlled,Intersection - T-Junction,No traffic control,80 - 90 km/h,Sealed - Dry,Clear,Daylight,Curved - view open,Level,201,Vehs Opposite Approach: Head On,02: Head-on,W,1,1,1,0,3,3,0,0,0,0,0,0
364523,364523,Fatal,2023,June,Friday,17,Rear-end,Multi-Vehicle,152.685440026259,-27.8256954138953,Kalbar - Peak Crossing Rd,,,Harrisville,Scenic Rim Region,4307,Harrisville,Ipswich,Southern,SEQ South,South Coast,Boonah,Ipswich Hinterland,Ipswich,Inner Regional,Scenic Rim,Wright,Locally-controlled,No Roadway Feature,No traffic control,100 - 110 km/h,Sealed - Dry,Clear,Dawn/Dusk,Straight,Crest,301,Vehs Same Direction: Rear End,04: Rear-end,N,1,0,0,0,1,0,1,1,0,0,0,0
364622,364622,Fatal,2023,September,Monday,15,Hit parked vehicle,Single Vehicle,152.933244062303,-27.5554042104333,Dandenong Rd,,,Jamboree Heights,Brisbane City,4074,Mount Ommaney,South Brisbane,Brisbane,SEQ South,Metropolitan,Middle Park - Jamboree Heights,Centenary,Brisbane - West,Major Cities,Mount Ommaney,Oxley,Locally-controlled,No Roadway Feature,No traffic control,60 km/h,Sealed - Dry,Clear,Daylight,Straight,Grade,601,Vehs On Path: Parked,10: Hit Parked Vehicle,N,1,0,0,0,1,2,0,0,0,0,0,0
364644,364644,Fatal,2022,May,Tuesday,7,Head-on,Multi-Vehicle,152.602907266119,-25.9456933907647,Bruce Hwy,,Bruce Highway (Gympie - Maryborough),Glenwood,Fraser Coast Region,4570,Tiaro,Wide Bay Burnett,North Coast,Southern,Southern Queensland,Maryborough Region - South,Maryborough,Wide Bay,Inner Regional,Gympie,Wide Bay,State-controlled,No Roadway Feature,No traffic control,100 - 110 km/h,Sealed - Dry,Clear,Daylight,Straight,Level,201,Vehs Opposite Approach: Head On,02: Head-on,N,1,2,0,0,3,2,0,0,0,0,0,0
364660,364660,Fatal,2021,June,Sunday,22,Hit object,Single Vehicle,153.097246127255,-26.6673864458309,Centenary Cres,,,Maroochydore,Sunshine Coast Region,4558,Maroochydore,Sunshine Coast,North Coast,SEQ North,North Coast,Maroochydore - Kuluin,Maroochy,Sunshine Coast,Major Cities,Maroochydore,Fairfax,Locally-controlled,No Roadway Feature,No traffic control,0 - 50 km/h,Sealed - Dry,Clear,Darkness - Not lighted,Curved - view open,Level,804,Off Path-Curve: Off Cway Lt Bend Hit Obj,19: Off Carriageway on Curve Hit Object,,1,0,1,0,2,0,1,0,0,0,0,0
364661,364661,Fatal,2021,July,Saturday,2,Hit object,Single Vehicle,152.245570285921,-26.0806593568409,Wide Bay Hwy,,Wide Bay Highway (Gympie - Goomeri),Kilkivan,Gympie Region,4600,Kilkivan,Wide Bay Burnett,North Coast,Southern,Southern Queensland,Kilkivan,Gympie - Cooloola,Wide Bay,Outer Regional,Nanango,Wide Bay,State-controlled,No Roadway Feature,No traffic control,60 km/h,Sealed - Dry,Clear,Darkness - Not lighted,Curved - view open,Crest,804,Off Path-Curve: Off Cway Lt Bend Hit Obj,19: Off Carriageway on Curve Hit Object,W,1,0,0,0,1,1,0,0,0,0,0,0
364664,364664,Fatal,2021,December,Thursday,16,Angle,Multi-Vehicle,152.31934742799,-24.8170803537751,Tantitha Rd,,,Gooburrum,Bundaberg Region,4670,Bundaberg,Wide Bay Burnett,North Coast,Southern,Southern Queensland,Bundaberg North - Gooburrum,Bundaberg,Wide Bay,Inner Regional,Burnett,Flynn,Locally-controlled,No Roadway Feature,No traffic control,80 - 90 km/h,Sealed - Dry,Clear,Daylight,Straight,Grade,408,Vehs Manoeuvring: Entering From Footway,08: Vehicle Leaving Driveway,N,1,0,0,0,1,1,0,0,0,1,0,0
364682,364682,Fatal,2023,December,Thursday,15,Hit object,Single Vehicle,152.996785121701,-26.7955664367641,Steve Irwin Way,,Glass House Mountains Road,Landsborough,Sunshine Coast Region,4550,Beerwah,Sunshine Coast,North Coast,SEQ North,North Coast,Landsborough,Sunshine Coast Hinterland,Sunshine Coast,Inner Regional,Caloundra,Fisher,State-controlled,No Roadway Feature,No traffic control,80 - 90 km/h,Sealed - Dry,Clear,Daylight,Curved - view open,Level,703,Off Path-Straight: Left Off Cway Hit Obj,16: Off Carriageway on Straight Hit Object,S,1,0,0,0,1,1,0,0,0,0,0,0
364741,364741,Fatal,2021,December,Saturday,16,Angle,Multi-Vehicle,145.736287705343,-16.9038547333684,Polentz St,Purbeck Pl,,Edge Hill,Cairns Region,4870,Cairns,Far North,Far Northern,Northern,North Queensland,Whitfield - Edge Hill,Cairns - South,Cairns,Outer Regional,Cairns,Leichhardt,Locally-controlled,Intersection - T-Junction,No traffic control,0 - 50 km/h,Sealed - Wet,Clear,Daylight,Straight,Level,408,Vehs Manoeuvring: Entering From Footway,08: Vehicle Leaving Driveway,W,1,0,0,0,1,1,0,0,0,1,0,0
364745,364745,Fatal,2019,December,Friday,17,Fall from vehicle,Single Vehicle,151.874478116377,-27.816641334789,Toowoomba - Karara Rd,,,Nobby,Toowoomba Region,4360,Clifton,Darling Downs,Southern,Southern,Southern Queensland,Clifton - Greenmount,Granite Belt,Darling Downs - Maranoa,Inner Regional,Condamine,Groom,Locally-controlled,No Roadway Feature,No traffic control,100 - 110 km/h,Sealed - Dry,Clear,Daylight,Curved - view open,Level,804,Off Path-Curve: Off Cway Lt Bend Hit Obj,19: Off Carriageway on Curve Hit Object,S,1,0,0,0,1,0,1,0,0,0,0,0
364770,364770,Fatal,2024,January,Friday,19,Angle,Multi-Vehicle,153.379962972045,-27.6582484823191,Bamboo Rd,High St,,Russell Island,Redland City,4184,Russell Island,South Brisbane,Brisbane,SEQ South,Metropolitan,Redland Islands,Cleveland - Stradbroke,Brisbane - East,Outer Regional,Redlands,Bowman,Locally-controlled,Intersection - T-Junction,No traffic control,0 - 50 km/h,Sealed - Dry,Clear,Darkness - Lighted,Straight,Grade,202,Vehs Opposite Approach: Thru-Right,03: Opposing Vehicles Turning,,1,0,1,0,2,2,0,0,0,0,0,0
364780,364780,Fatal,2023,August,Sunday,9,Head-on,Multi-Vehicle,148.042766106621,-22.0101269503017,Moranbah Access Rd,,,Moranbah,Isaac Region,4744,Moranbah,Mackay,Central,Central,Central Queensland,Moranbah,Bowen Basin - North,Mackay - Isaac - Whitsunday,Outer Regional,Burdekin,Capricornia,Locally-controlled,No Roadway Feature,No traffic control,60 km/h,Sealed - Dry,Clear,Daylight,Curved - view open,Level,201,Vehs Opposite Approach: Head On,02: Head-on,,1,1,0,0,2,0,0,2,0,0,0,0
364813,364813,Fatal,2023,December,Wednesday,16,Hit object,Single Vehicle,151.223209637025,-23.8774222415507,Dawson Hwy,,Dawson Highway (Gladstone - Biloela),Clinton,Gladstone Region,4680,Gladstone,Capricornia,Central,Central,Central Queensland,Clinton - New Auckland,Gladstone,Central Queensland,Inner Regional,Gladstone,Flynn,State-controlled,No Roadway Feature,No traffic control,60 km/h,Sealed - Dry,Clear,Daylight,Straight,Level,703,Off Path-Straight: Left Off Cway Hit Obj,16: Off Carriageway on Straight Hit Object,S,1,0,0,0,1,0,1,0,0,0,0,0
364889,364889,Fatal,2020,October,Monday,15,Head-on,Multi-Vehicle,146.434779487105,-19.0792108021487,Bruce Hwy,,Bruce Highway (Townsville - Ingham),Clemant,Townsville City,4816,Rollingstone,Townsville,Northern,Northern,North Queensland,Northern Beaches,Townsville,Townsville,Outer Regional,Hinchinbrook,Kennedy,State-controlled,No Roadway Feature,No traffic control,80 - 90 km/h,Sealed - Dry,Clear,Daylight,Straight,Level,201,Vehs Opposite Approach: Head On,02: Head-on,N,1,1,0,0,2,1,0,1,0,0,0,0
364897,364897,Fatal,2021,May,Friday,22,Sideswipe,Multi-Vehicle,148.547968677139,-25.9692290235261,Carnarvon Hwy,,,Gunnewin,Maranoa Region,4455,Injune,South West,Southern,Southern,Southern Queensland,Roma Region,Darling Downs (west) - Maranoa,Darling Downs - Maranoa,Remote,Warrego,Maranoa,Locally-controlled,No Roadway Feature,No traffic control,100 - 110 km/h,Sealed - Dry,Clear,Darkness - Not lighted,Curved - view obscured,Level,201,Vehs Opposite Approach: Head On,02: Head-on,,1,1,0,0,2,0,0,2,0,0,0,0
364898,364898,Fatal,2022,October,Friday,16,Overturned,Single Vehicle,153.243073944513,-27.988568471023,Beaudesert - Nerang Rd,Clagiraba Rd,Beaudesert - Nerang Road,Clagiraba,Gold Coast City,4211,Nerang,Gold Coast,South Eastern,SEQ South,South Coast,Guanaba - Springbrook,Gold Coast Hinterland,Gold Coast,Major Cities,Theodore,Wright,State-controlled,Intersection - T-Junction,No traffic control,80 - 90 km/h,Sealed - Dry,Clear,Daylight,Straight,Dip,705,Off Path-Straight: Out Of Control On Cway,17: Out of Control on Straight,S,1,2,0,0,3,2,0,0,0,0,0,0
364901,364901,Fatal,2024,January,Wednesday,6,Angle,Multi-Vehicle,153.383992924512,-28.0238314856065,Nerang - Broadbeach Rd,Nielsens Rd,Nerang - Broadbeach Road,Carrara,Gold Coast City,4211,Broadbeach,Gold Coast,South Eastern,SEQ South,South Coast,Carrara,Nerang,Gold Coast,Major Cities,Surfers Paradise,Moncrieff,State-controlled,Intersection - T-Junction,Operating traffic lights,80 - 90 km/h,Sealed - Dry,Clear,Daylight,Curved - view open,Level,408,Vehs Manoeuvring: Entering From Footway,08: Vehicle Leaving Driveway,W,1,0,0,0,1,1,0,0,0,1,0,0
364911,364911,Fatal,2023,July,Monday,6,Hit object,Single Vehicle,149.495179938223,-22.4699050749635,Bruce Hwy,,Bruce Highway (Rockhampton - St Lawrence),St Lawrence,Isaac Region,4707,Saint Lawrence,Mackay,Central,Central,Central Queensland,Broadsound - Nebo,Bowen Basin - North,Mackay - Isaac - Whitsunday,Remote,Mirani,Capricornia,State-controlled,No Roadway Feature,No traffic control,100 - 110 km/h,Sealed - Dry,Clear,Daylight,Straight,Level,703,Off Path-Straight: Left Off Cway Hit Obj,16: Off Carriageway on Straight Hit Object,S,1,1,0,0,2,1,0,0,0,0,0,0
364916,364916,Fatal,2022,July,Saturday,8,Hit object,Single Vehicle,151.968349295264,-26.2394293313006,Bunya Hwy,,Bunya Highway (Kingaroy - Goomeri),Murgon,South Burnett Region,4605,Murgon,Darling Downs,Southern,Southern,Southern Queensland,Kingaroy Region - North,Burnett,Wide Bay,Outer Regional,Nanango,Wide Bay,State-controlled,No Roadway Feature,No traffic control,100 - 110 km/h,Sealed - Dry,Clear,Daylight,Curved - view obscured,Crest,803,Off Path-Curve: Off Cway Rt Bend Hit Obj,19: Off Carriageway on Curve Hit Object,E,1,0,0,0,1,1,0,0,0,0,0,0