_id,Crash_Ref_Number,Crash_Severity,Crash_Year,Crash_Month,Crash_Day_Of_Week,Crash_Hour,Crash_Nature,Crash_Type,Crash_Longitude,Crash_Latitude,Crash_Street,Crash_Street_Intersecting,State_Road_Name,Loc_Suburb,Loc_Local_Government_Area,Loc_Post_Code,Loc_Police_Division,Loc_Police_District,Loc_Police_Region,Loc_Queensland_Transport_Region,Loc_Main_Roads_Region,Loc_ABS_Statistical_Area_2,Loc_ABS_Statistical_Area_3,Loc_ABS_Statistical_Area_4,Loc_ABS_Remoteness,Loc_State_Electorate,Loc_Federal_Electorate,Crash_Controlling_Authority,Crash_Roadway_Feature,Crash_Traffic_Control,Crash_Speed_Limit,Crash_Road_Surface_Condition,Crash_Atmospheric_Condition,Crash_Lighting_Condition,Crash_Road_Horiz_Align,Crash_Road_Vert_Align,Crash_DCA_Code,Crash_DCA_Description,Crash_DCA_Group_Description,DCA_Key_Approach_Dir,Count_Casualty_Fatality,Count_Casualty_Hospitalised,Count_Casualty_MedicallyTreated,Count_Casualty_MinorInjury,Count_Casualty_Total,Count_Unit_Car,Count_Unit_Motorcycle_Moped,Count_Unit_Truck,Count_Unit_Bus,Count_Unit_Bicycle,Count_Unit_Pedestrian,Count_Unit_Other
364945,364945,Fatal,2024,June,Wednesday,12,Hit object,Single Vehicle,145.551289445916,-20.4290657500925,Flinders Hwy,,Flinders Highway (Charters Towers - Hughenden),Homestead,Charters Towers Region,4816,Pentland,Townsville,Northern,Northern,North Queensland,Dalrymple,Charters Towers - Ayr - Ingham,Townsville,Very Remote,Traeger,Kennedy,State-controlled,No Roadway Feature,No traffic control,100 - 110 km/h,Sealed - Dry,Clear,Daylight,Straight,Level,704,Off Path-Straight: Right Off Cway Hit Obj,16: Off Carriageway on Straight Hit Object,S,1,0,0,0,1,1,0,0,0,0,0,0
364946,364946,Fatal,2021,May,Saturday,9,Head-on,Multi-Vehicle,152.260336284461,-26.0803643582753,Rossmore Rd,Wide Bay Hwy,Wide Bay Highway (Gympie - Goomeri),Kilkivan,Gympie Region,4600,Kilkivan,Wide Bay Burnett,North Coast,Southern,Southern Queensland,Kilkivan,Gympie - Cooloola,Wide Bay,Outer Regional,Nanango,Wide Bay,State-controlled,Intersection - Cross,No traffic control,100 - 110 km/h,Sealed - Dry,Clear,Daylight,Straight,Dip,202,Vehs Opposite Approach: Thru-Right,03: Opposing Vehicles Turning,E,1,0,0,0,1,1,0,0,0,1,0,0
364952,364952,Fatal,2022,March,Wednesday,17,Fall from vehicle,Single Vehicle,145.471663583606,-16.5205510605843,Barrier St,Reef St,,Port Douglas,Douglas Shire,4877,Port Douglas,Far North,Far Northern,Northern,North Queensland,Port Douglas,Port Douglas - Daintree,Cairns,Outer Regional,Cook,Leichhardt,Locally-controlled,Intersection - T-Junction,No traffic control,0 - 50 km/h,Sealed - Dry,Clear,Daylight,Curved - view open,Level,805,Off Path-Curve: Out Of Control On Cway,20: Out of Control on Curve,W,1,0,0,1,2,0,1,0,0,0,0,0
365154,365154,Fatal,2018,March,Monday,5,Head-on,Multi-Vehicle,153.228538000263,-27.5651734662177,Duncan Rd,,Redland Bay Road,Sheldon,Redland City,4157,Capalaba,South Brisbane,Brisbane,SEQ South,Metropolitan,Sheldon - Mount Cotton,Cleveland - Stradbroke,Brisbane - East,Major Cities,Redlands,Bowman,State-controlled,No Roadway Feature,No traffic control,70 km/h,Sealed - Wet,Raining,Dawn/Dusk,Curved - view open,Level,201,Vehs Opposite Approach: Head On,02: Head-on,E,1,1,0,0,2,2,0,0,0,0,0,0
365263,365263,Fatal,2023,September,Thursday,19,Overturned,Single Vehicle,140.864850807743,-20.6660314701153,Flinders Hwy,,Flinders Highway (Julia Creek - Cloncurry),Cloncurry,Cloncurry Shire,4824,Cloncurry,Mount Isa,Northern,Northern,North Queensland,Mount Isa Region,Outback - North,Queensland - Outback,Very Remote,Traeger,Kennedy,State-controlled,No Roadway Feature,No traffic control,100 - 110 km/h,Sealed - Dry,Clear,Darkness - Not lighted,Straight,Level,704,Off Path-Straight: Right Off Cway Hit Obj,16: Off Carriageway on Straight Hit Object,W,2,2,0,0,4,1,0,0,0,0,0,0
365266,365266,Fatal,2023,October,Saturday,7,Head-on,Multi-Vehicle,152.559876021614,-27.9729474026432,Cunningham Hwy,,Cunningham Highway (Ipswich - Warwick),Morwincha,Scenic Rim Region,4309,Boonah,Ipswich,Southern,SEQ South,South Coast,Boonah,Ipswich Hinterland,Ipswich,Inner Regional,Scenic Rim,Wright,State-controlled,No Roadway Feature,No traffic control,100 - 110 km/h,Sealed - Dry,Clear,Daylight,Curved - view open,Grade,201,Vehs Opposite Approach: Head On,02: Head-on,S,1,1,2,0,4,2,0,0,0,0,0,0
365359,365359,Fatal,2017,June,Saturday,7,Fall from vehicle,Single Vehicle,152.372345415131,-24.8836923594943,Keenan St,Rattray St,,Avenell Heights,Bundaberg Region,4670,Bundaberg,Wide Bay Burnett,North Coast,Southern,Southern Queensland,Walkervale - Avenell Heights,Bundaberg,Wide Bay,Inner Regional,Bundaberg,Hinkler,Locally-controlled,Intersection - T-Junction,No traffic control,0 - 50 km/h,Sealed - Dry,Clear,Daylight,Straight,Level,705,Off Path-Straight: Out Of Control On Cway,17: Out of Control on Straight,W,1,0,0,0,1,1,1,0,0,0,0,0
365811,365811,Fatal,2016,July,Friday,11,Overturned,Single Vehicle,143.852794731985,-18.2592671193704,Gulf Developmental Rd,,Gulf Developmental Road (Georgetown - Mount Garnet),Einasleigh,Etheridge Shire,4871,Georgetown,Far North,Far Northern,Northern,North Queensland,Croydon - Etheridge,Far North,Queensland - Outback,Very Remote,Traeger,Kennedy,State-controlled,No Roadway Feature,No traffic control,100 - 110 km/h,Sealed - Wet,Raining,Daylight,Curved - view open,Grade,805,Off Path-Curve: Out Of Control On Cway,20: Out of Control on Curve,E,1,1,0,0,2,0,0,1,0,0,0,0
365812,365812,Fatal,2016,July,Friday,12,Rear-end,Multi-Vehicle,148.979659117422,-21.0716081194069,Bruce Hwy,,Bruce Highway (Mackay - Proserpine),Hampden,Mackay Region,4741,Marian,Mackay,Central,Central,Central Queensland,Seaforth - Calen,Mackay,Mackay - Isaac - Whitsunday,Outer Regional,Whitsunday,Dawson,State-controlled,No Roadway Feature,No traffic control,100 - 110 km/h,Sealed - Wet,Raining,Daylight,Straight,Level,301,Vehs Same Direction: Rear End,04: Rear-end,W,1,0,1,0,2,3,0,0,0,0,0,0
365813,365813,Fatal,2016,July,Saturday,19,Hit object,Single Vehicle,145.819873693065,-16.9958147400612,Pine Creek - Yarrabah Rd,,Pine Creek - Yarrabah Road,East Trinity,Cairns Region,4871,Gordonvale,Far North,Far Northern,Northern,North Queensland,Gordonvale - Trinity,Cairns - South,Cairns,Outer Regional,Mulgrave,Kennedy,State-controlled,No Roadway Feature,No traffic control,100 - 110 km/h,Sealed - Dry,Clear,Darkness - Not lighted,Curved - view open,Level,804,Off Path-Curve: Off Cway Lt Bend Hit Obj,19: Off Carriageway on Curve Hit Object,N,1,0,0,0,1,1,0,0,0,0,0,0
365814,365814,Fatal,2016,July,Sunday,7,Overturned,Single Vehicle,152.304180038885,-28.0613306782602,Cunningham Hwy,,Cunningham Highway (Ipswich - Warwick),Tregony,Southern Downs Region,4370,Yangan,Darling Downs,Southern,Southern,Southern Queensland,Southern Downs - East,Granite Belt,Darling Downs - Maranoa,Inner Regional,Southern Downs,Maranoa,State-controlled,No Roadway Feature,No traffic control,100 - 110 km/h,Sealed - Dry,Clear,Daylight,Straight,Grade,802,Off Path-Curve: Off Cway Left Bend,18: Off Carriageway on Curve,E,1,0,0,0,1,1,0,0,0,0,0,0
366257,366257,Fatal,2012,December,Tuesday,7,Head-on,Multi-Vehicle,149.525805926999,-22.1546662949789,Bruce Hwy,,Bruce Highway (St Lawrence - Mackay),St Lawrence,Isaac Region,4707,Saint Lawrence,Mackay,Central,Central,Central Queensland,Broadsound - Nebo,Bowen Basin - North,Mackay - Isaac - Whitsunday,Remote,Mirani,Capricornia,State-controlled,No Roadway Feature,No traffic control,100 - 110 km/h,Sealed - Dry,Clear,Daylight,Curved - view open,Level,201,Vehs Opposite Approach: Head On,02: Head-on,N,1,1,0,0,2,1,0,1,0,0,0,0
366258,366258,Fatal,2012,December,Tuesday,15,Rear-end,Multi-Vehicle,152.978772673129,-27.4781793823813,Western Arterial Rd,,Centenary Motorway (Ellen Grove - Toowong),Mount Coot-tha,Brisbane City,4066,Indooroopilly,North Brisbane,Brisbane,SEQ North,Metropolitan,Mount Coot-tha,The Gap - Enoggera,Brisbane - West,Major Cities,Maiwar,Ryan,State-controlled,No Roadway Feature,No traffic control,60 km/h,Sealed - Dry,Clear,Daylight,Straight,Level,301,Vehs Same Direction: Rear End,04: Rear-end,N,1,3,0,1,5,2,0,2,0,0,0,0
366259,366259,Fatal,2012,December,Wednesday,11,Overturned,Single Vehicle,152.989249124832,-26.9532649782663,Bruce Hwy,,Bruce Highway (Brisbane - Gympie),Beerburrum,Sunshine Coast Region,4517,Beerwah,Sunshine Coast,North Coast,SEQ North,North Coast,Glass House Mountains,Sunshine Coast Hinterland,Sunshine Coast,Inner Regional,Glass House,Fisher,State-controlled,No Roadway Feature,No traffic control,100 - 110 km/h,Sealed - Dry,Clear,Daylight,Straight,Level,705,Off Path-Straight: Out Of Control On Cway,17: Out of Control on Straight,S,1,0,0,0,1,0,0,1,0,0,0,0
366273,366273,Fatal,2012,December,Friday,6,Sideswipe,Multi-Vehicle,152.876128287241,-27.6208020292427,Kruger Pde,,,Redbank,Ipswich City,4301,Goodna,Ipswich,Southern,SEQ South,Metropolitan,Collingwood Park - Redbank,Springfield - Redbank,Ipswich,Major Cities,Bundamba,Oxley,Locally-controlled,No Roadway Feature,No traffic control,60 km/h,Sealed - Dry,Clear,Daylight,Curved - view open,Level,803,Off Path-Curve: Off Cway Rt Bend Hit Obj,19: Off Carriageway on Curve Hit Object,S,1,1,0,0,2,1,0,0,0,1,0,0
366274,366274,Fatal,2012,December,Saturday,14,Angle,Multi-Vehicle,151.773826430811,-27.7971986820085,Felton - Clifton Rd,Toowoomba - Karara Rd,Toowoomba - Karara Road,Felton,Toowoomba Region,4358,Clifton,Darling Downs,Southern,Southern,Southern Queensland,Clifton - Greenmount,Granite Belt,Darling Downs - Maranoa,Inner Regional,Condamine,Groom,State-controlled,Intersection - T-Junction,No traffic control,100 - 110 km/h,Sealed - Dry,Clear,Daylight,Straight,Level,506,Vehs Overtaking: Overtake-Right Turn,09: Overtaking Same Direction,N,1,0,0,0,1,1,1,0,0,0,0,0
366275,366275,Fatal,2012,December,Saturday,3,Hit object,Single Vehicle,153.309218163866,-27.9994023418136,Koola Dr,,,Nerang,Gold Coast City,4211,Nerang,Gold Coast,South Eastern,SEQ South,South Coast,Nerang - Mount Nathan,Nerang,Gold Coast,Major Cities,Gaven,Moncrieff,Locally-controlled,No Roadway Feature,No traffic control,0 - 50 km/h,Sealed - Dry,Clear,Darkness - Not lighted,Curved - view open,Level,803,Off Path-Curve: Off Cway Rt Bend Hit Obj,19: Off Carriageway on Curve Hit Object,E,1,0,0,0,1,1,0,0,0,0,0,0
366276,366276,Fatal,2012,December,Friday,23,Hit object,Single Vehicle,146.670478794351,-19.2093682016865,Mt Low Pkwy,,,Mount Low,Townsville City,4818,Deeragun,Townsville,Northern,Northern,North Queensland,Deeragun,Townsville,Townsville,Outer Regional,Hinchinbrook,Herbert,Locally-controlled,No Roadway Feature,No traffic control,80 - 90 km/h,Sealed - Dry,Clear,Darkness - Not lighted,Straight,Grade,400,Vehs Manoeuvring: Other,21: Other,S,1,0,0,0,1,0,0,0,0,1,0,0
366334,366334,Fatal,2012,November,Friday,6,Hit object,Single Vehicle,148.945221930447,-21.0687668724924,Bruce Hwy,,Bruce Highway (Mackay - Proserpine),Hampden,Mackay Region,4741,Marian,Mackay,Central,Central,Central Queensland,Seaforth - Calen,Mackay,Mackay - Isaac - Whitsunday,Outer Regional,Whitsunday,Dawson,State-controlled,No Roadway Feature,No traffic control,100 - 110 km/h,Sealed - Dry,Clear,Dawn/Dusk,Straight,Level,703,Off Path-Straight: Left Off Cway Hit Obj,16: Off Carriageway on Straight Hit Object,E,1,0,0,0,1,0,0,0,0,0,0,1
366335,366335,Fatal,2012,November,Friday,20,Hit object,Single Vehicle,150.550323453225,-24.4224261182427,Valentine Plains Rd,,,Valentine Plains,Banana Shire,4715,Biloela,Capricornia,Central,Central,Central Queensland,Banana,Biloela,Central Queensland,Outer Regional,Callide,Flynn,Locally-controlled,No Roadway Feature,No traffic control,60 km/h,Unsealed - Dry,Clear,Darkness - Not lighted,Straight,Level,700,Off Path-Straight: Other,21: Other,E,1,1,0,0,2,1,0,0,0,0,0,0
366336,366336,Fatal,2012,November,Saturday,14,Angle,Multi-Vehicle,153.050811354615,-26.4132168121248,Eenie Ck Rd,Walter Hay Dr,,Noosaville,Noosa Shire,4566,Noosa Heads,Sunshine Coast,North Coast,SEQ North,North Coast,Noosaville,Noosa,Sunshine Coast,Major Cities,Noosa,Wide Bay,Locally-controlled,Intersection - Roundabout,Give way sign,60 km/h,Sealed - Dry,Clear,Daylight,Curved - view open,Level,308,Vehs Same Direction: Right Turn S/Swipe,06: Parallel Lanes Turning,E,1,0,1,0,2,0,1,0,1,0,0,0
366337,366337,Fatal,2012,November,Saturday,15,Fall from vehicle,Single Vehicle,142.439344495207,-10.7991040897355,Pajinka Rd,,,New Mapoon,Northern Peninsula Area Region,4876,Bamaga,Far North,Far Northern,Northern,North Queensland,Northern Peninsula,Far North,Queensland - Outback,Very Remote,Cook,Leichhardt,Locally-controlled,No Roadway Feature,No traffic control,100 - 110 km/h,Unsealed - Dry,Clear,Daylight,Straight,Level,901,Pass & Misc: Fell In/From Vehicle,21: Other,S,1,0,0,0,1,1,0,0,0,0,0,0
366338,366338,Fatal,2012,November,Sunday,5,Hit object,Single Vehicle,152.67130131664,-26.2885058792832,Gympie - Brooloo Rd,,Gympie - Brooloo Road,Lagoon Pocket,Gympie Region,4570,Gympie,Wide Bay Burnett,North Coast,Southern,Southern Queensland,Gympie Region,Gympie - Cooloola,Wide Bay,Inner Regional,Gympie,Wide Bay,State-controlled,No Roadway Feature,No traffic control,80 - 90 km/h,Sealed - Wet,Raining,Daylight,Curved - view open,Level,803,Off Path-Curve: Off Cway Rt Bend Hit Obj,19: Off Carriageway on Curve Hit Object,S,1,0,0,0,1,1,0,0,0,0,0,0
366339,366339,Fatal,2012,November,Sunday,15,Head-on,Multi-Vehicle,145.613959660371,-17.2693429558968,Gillies Range Rd,,Gillies Range Road,Yungaburra,Tablelands Region,4884,Yungaburra,Far North,Far Northern,Northern,North Queensland,Malanda - Yungaburra,Tablelands (east) - Kuranda,Cairns,Outer Regional,Hill,Kennedy,State-controlled,No Roadway Feature,No traffic control,100 - 110 km/h,Sealed - Wet,Raining,Daylight,Curved - view open,Crest,201,Vehs Opposite Approach: Head On,02: Head-on,W,1,1,0,0,2,1,0,1,0,0,0,0
366340,366340,Fatal,2012,November,Saturday,11,Overturned,Single Vehicle,145.981733602652,-18.4233645417374,Broadwater Park Rd,,,Abergowrie,Hinchinbrook Shire,4850,Ingham,Townsville,Northern,Northern,North Queensland,Ingham Region,Charters Towers - Ayr - Ingham,Townsville,Remote,Hinchinbrook,Kennedy,Locally-controlled,Forestry/National Park Road,No traffic control,60 km/h,Unsealed - Dry,Clear,Daylight,Straight,Level,705,Off Path-Straight: Out Of Control On Cway,17: Out of Control on Straight,E,1,0,8,0,9,1,0,0,0,0,0,0
366499,366499,Fatal,2016,April,Wednesday,17,Hit pedestrian,Hit pedestrian,152.766231041015,-27.6377353204321,Jarrah St,,,Raceview,Ipswich City,4305,Yamanto,Ipswich,Southern,SEQ South,Metropolitan,Raceview,Ipswich Inner,Ipswich,Major Cities,Ipswich,Blair,Locally-controlled,No Roadway Feature,No traffic control,0 - 50 km/h,Sealed - Dry,Clear,Daylight,Straight,Level,005,Pedn: Hit Walking With Traffic,12: Pedestrian,W,1,0,0,0,1,1,0,0,0,0,1,0
366911,366911,Fatal,2016,April,Tuesday,12,Hit object,Single Vehicle,153.44818690967,-28.0840004926216,Acanthus Ave,Lower Gold Coast Hwy,Gold Coast Highway (Broadbeach - Coolangatta),Burleigh Heads,Gold Coast City,4220,Palm Beach,Gold Coast,South Eastern,SEQ South,South Coast,Burleigh Heads,Broadbeach - Burleigh,Gold Coast,Major Cities,Burleigh,Mcpherson,State-controlled,Intersection - T-Junction,Give way sign,0 - 50 km/h,Sealed - Dry,Clear,Daylight,Straight,Level,700,Off Path-Straight: Other,21: Other,E,1,0,0,0,1,1,0,0,0,0,0,0
367241,367241,Fatal,2012,December,Tuesday,14,Head-on,Multi-Vehicle,153.068903480503,-27.9581941832096,Beaudesert - Beenleigh Rd,,Beaudesert - Beenleigh Road,Birnam,Scenic Rim Region,4285,Beaudesert,Logan,South Eastern,SEQ South,South Coast,Beaudesert,Beaudesert,Logan - Beaudesert,Inner Regional,Scenic Rim,Wright,State-controlled,No Roadway Feature,No traffic control,100 - 110 km/h,Sealed - Dry,Clear,Daylight,Straight,Grade,201,Vehs Opposite Approach: Head On,02: Head-on,N,1,0,1,0,2,1,0,1,0,0,0,0
367243,367243,Fatal,2012,December,Thursday,23,Hit object,Single Vehicle,147.239495970063,-19.8175499998723,Home Hill - Kirknie Rd,,,Kirknie,Burdekin Shire,4806,Home Hill,Townsville,Northern,Northern,North Queensland,Burdekin,Charters Towers - Ayr - Ingham,Townsville,Outer Regional,Burdekin,Dawson,Locally-controlled,No Roadway Feature,No traffic control,100 - 110 km/h,Sealed - Dry,Clear,Darkness - Not lighted,Straight,Grade,703,Off Path-Straight: Left Off Cway Hit Obj,16: Off Carriageway on Straight Hit Object,N,1,0,0,0,1,1,0,0,0,0,0,0
367244,367244,Fatal,2012,December,Saturday,0,Hit object,Single Vehicle,153.304216623734,-27.8414296570645,Pacific Hwy,,Pacific Highway (Pacific Motorway),Coomera,Gold Coast City,4209,Coomera,Gold Coast,South Eastern,SEQ South,South Coast,Coomera,Ormeau - Oxenford,Gold Coast,Major Cities,Coomera,Fadden,State-controlled,No Roadway Feature,No traffic control,100 - 110 km/h,Sealed - Dry,Clear,Darkness - Not lighted,Straight,Level,703,Off Path-Straight: Left Off Cway Hit Obj,16: Off Carriageway on Straight Hit Object,S,5,1,0,0,6,2,0,0,0,0,0,0
367289,367289,Fatal,2016,January,Sunday,8,Hit object,Single Vehicle,151.855627998647,-28.7961633405978,Eukey Rd,,,Ballandean,Southern Downs Region,4382,Stanthorpe,Darling Downs,Southern,Southern,Southern Queensland,Stanthorpe Region,Granite Belt,Darling Downs - Maranoa,Outer Regional,Southern Downs,Maranoa,Locally-controlled,No Roadway Feature,No traffic control,100 - 110 km/h,Sealed - Dry,Clear,Daylight,Curved - view obscured,Level,201,Vehs Opposite Approach: Head On,02: Head-on,E,1,0,0,0,1,1,1,0,0,0,0,0
367290,367290,Fatal,2016,February,Thursday,5,Head-on,Multi-Vehicle,152.461904356207,-25.3095773717375,Bruce Hwy,,Bruce Highway (Maryborough - Gin Gin),Cherwell,Fraser Coast Region,4660,Howard,Wide Bay Burnett,North Coast,Southern,Southern Queensland,Burrum - Fraser,Maryborough,Wide Bay,Inner Regional,Maryborough,Hinkler,State-controlled,No Roadway Feature,No traffic control,100 - 110 km/h,Sealed - Dry,Clear,Daylight,Curved - view open,Level,201,Vehs Opposite Approach: Head On,02: Head-on,N,1,1,0,0,2,1,0,1,0,0,0,0
367291,367291,Fatal,2016,January,Monday,16,Hit pedestrian,Hit pedestrian,153.442997908475,-28.0976044921988,Bunyip St,Burleigh Connection Rd,Burleigh Connection Road,Burleigh Heads,Gold Coast City,4220,Palm Beach,Gold Coast,South Eastern,SEQ South,South Coast,Burleigh Heads,Broadbeach - Burleigh,Gold Coast,Major Cities,Burleigh,Mcpherson,State-controlled,Intersection - T-Junction,No traffic control,60 km/h,Sealed - Wet,Raining,Daylight,Straight,Level,003,Pedn: Far Side Vehicle Hit From Left,12: Pedestrian,W,1,0,0,0,1,1,0,0,0,0,1,0
367292,367292,Fatal,2016,January,Monday,8,Hit pedestrian,Hit pedestrian,145.75510970183,-16.9344677349577,Brown St,Mulgrave Rd,Mulgrave Road,Westcourt,Cairns Region,4870,Cairns,Far North,Far Northern,Northern,North Queensland,Westcourt - Bungalow,Cairns - South,Cairns,Outer Regional,Cairns,Leichhardt,State-controlled,Intersection - Cross,Operating traffic lights,60 km/h,Sealed - Dry,Clear,Daylight,Straight,Level,001,Pedn: Near Side Vehicle Hit From Right,12: Pedestrian,W,1,0,0,0,1,1,0,0,0,0,1,0
367293,367293,Fatal,2016,January,Tuesday,18,Angle,Multi-Vehicle,152.865494033803,-27.6095764300931,Collingwood Dr,Old Ipswich Rd,,Collingwood Park,Ipswich City,4301,Goodna,Ipswich,Southern,SEQ South,Metropolitan,Collingwood Park - Redbank,Springfield - Redbank,Ipswich,Major Cities,Bundamba,Oxley,Locally-controlled,Intersection - T-Junction,Operating traffic lights,60 km/h,Sealed - Dry,Clear,Dawn/Dusk,Straight,Crest,202,Vehs Opposite Approach: Thru-Right,03: Opposing Vehicles Turning,S,1,0,0,1,2,1,1,0,0,0,0,0
367294,367294,Fatal,2016,January,Wednesday,14,Hit parked vehicle,Single Vehicle,153.10071702941,-27.4436464523562,Gateway Arterial Rd,,Gateway Motorway (Eight Mile Plains - Nudgee),Eagle Farm,Brisbane City,4009,Hendra,North Brisbane,Brisbane,SEQ North,Metropolitan,Eagle Farm - Pinkenba,Nundah,Brisbane - North,Major Cities,Clayfield,Lilley,State-controlled,Bridge/Causeway,No traffic control,80 - 90 km/h,Sealed - Dry,Clear,Daylight,Straight,Crest,608,Vehs On Path: Accident Or Broken Down,10: Hit Parked Vehicle,S,1,0,0,0,1,1,0,1,0,0,0,0
367445,367445,Fatal,2012,December,Tuesday,13,Hit object,Single Vehicle,152.99076490894,-27.4218203661376,Western Arterial Rd,,Western Arterial Road (Toowong - Everton Park),Enoggera,Brisbane City,4051,Ferny Grove,North Brisbane,Brisbane,SEQ North,Metropolitan,Enoggera,The Gap - Enoggera,Brisbane - West,Major Cities,Ferny Grove,Ryan,State-controlled,No Roadway Feature,No traffic control,60 km/h,Sealed - Dry,Clear,Daylight,Straight,Level,703,Off Path-Straight: Left Off Cway Hit Obj,16: Off Carriageway on Straight Hit Object,N,1,1,0,0,2,1,0,0,0,0,0,0
367459,367459,Fatal,2016,January,Friday,14,Hit object,Single Vehicle,151.548856455537,-25.2210572830927,Monto - Mount Perry Rd,,Monto - Mount Perry Road,Mount Perry,North Burnett Region,4671,Mount Perry,Wide Bay Burnett,North Coast,Southern,Southern Queensland,Monto - Eidsvold,Burnett,Wide Bay,Outer Regional,Callide,Flynn,State-controlled,No Roadway Feature,No traffic control,100 - 110 km/h,Sealed - Dry,Clear,Daylight,Curved - view open,Level,803,Off Path-Curve: Off Cway Rt Bend Hit Obj,19: Off Carriageway on Curve Hit Object,W,1,0,0,0,1,0,1,0,0,0,0,0
367460,367460,Fatal,2016,January,Saturday,1,Hit object,Single Vehicle,151.999124373051,-25.551845728723,Isis Hwy,,Isis Highway (Biggenden - Coalstoun Lakes),Biggenden,North Burnett Region,4621,Biggenden,Wide Bay Burnett,North Coast,Southern,Southern Queensland,Gayndah - Mundubbera,Burnett,Wide Bay,Outer Regional,Callide,Flynn,State-controlled,Bridge/Causeway,No traffic control,100 - 110 km/h,Sealed - Wet,Clear,Darkness - Not lighted,Curved - view open,Level,803,Off Path-Curve: Off Cway Rt Bend Hit Obj,19: Off Carriageway on Curve Hit Object,N,1,0,0,0,1,1,0,0,0,0,0,0
367461,367461,Fatal,2016,January,Saturday,22,Hit object,Single Vehicle,151.907541437198,-25.0773233160701,Delaneys Rd,,,St Kilda,Bundaberg Region,4671,Gin Gin,Wide Bay Burnett,North Coast,Southern,Southern Queensland,Gin Gin,Burnett,Wide Bay,Outer Regional,Callide,Flynn,Locally-controlled,Bridge/Causeway,No traffic control,80 - 90 km/h,Sealed - Wet,Raining,Darkness - Not lighted,Curved - view open,Dip,607,Vehs On Path: Temporary Object On Cway,21: Other,E,1,0,0,0,1,1,0,0,0,0,0,0
367462,367462,Fatal,2016,February,Tuesday,15,Head-on,Multi-Vehicle,152.195786283142,-26.1463073525308,Wide Bay Hwy,,Wide Bay Highway (Gympie - Goomeri),Cinnabar,Gympie Region,4600,Kilkivan,Wide Bay Burnett,North Coast,Southern,Southern Queensland,Kilkivan,Gympie - Cooloola,Wide Bay,Outer Regional,Nanango,Wide Bay,State-controlled,No Roadway Feature,No traffic control,100 - 110 km/h,Sealed - Dry,Clear,Daylight,Curved - view open,Grade,201,Vehs Opposite Approach: Head On,02: Head-on,W,1,2,0,0,3,2,0,0,0,0,0,0
367463,367463,Fatal,2016,February,Monday,15,Hit pedestrian,Hit pedestrian,153.057707027482,-27.4953754484387,Harries Rd,Old Cleveland Rd,,Coorparoo,Brisbane City,4151,Coorparoo,South Brisbane,Brisbane,SEQ South,Metropolitan,Coorparoo,Holland Park - Yeronga,Brisbane - South,Major Cities,Greenslopes,Griffith,Locally-controlled,Intersection - T-Junction,No traffic control,60 km/h,Sealed - Dry,Clear,Daylight,Straight,Level,001,Pedn: Near Side Vehicle Hit From Right,12: Pedestrian,S,1,0,0,0,1,1,0,0,0,0,1,0
367464,367464,Fatal,2016,February,Wednesday,6,Sideswipe,Multi-Vehicle,146.796471445645,-19.2640198305644,Echlin St,Francis St,,West End,Townsville City,4810,Townsville,Townsville,Northern,Northern,North Queensland,Garbutt - West End,Townsville,Townsville,Outer Regional,Townsville,Herbert,Locally-controlled,Intersection - T-Junction,No traffic control,60 km/h,Sealed - Dry,Clear,Daylight,Curved - view open,Grade,305,Vehs Same Direction: Lane Side Swipe,05: Lane Change,N,1,1,0,0,2,0,0,1,0,1,0,0
367465,367465,Fatal,2016,February,Friday,4,Hit object,Single Vehicle,153.01107803584,-27.4688254435464,Go Between Bikeway,,,Milton,Brisbane City,4064,Brisbane City,North Brisbane,Brisbane,SEQ North,Metropolitan,Paddington - Milton,Brisbane Inner - West,Brisbane Inner City,Major Cities,Cooper,Brisbane,Locally-controlled,Bikeway,No traffic control,0 - 50 km/h,Sealed - Dry,Clear,Dawn/Dusk,Curved - view obscured,Grade,400,Vehs Manoeuvring: Other,21: Other,N,1,0,0,0,1,0,0,0,0,1,0,0
367466,367466,Fatal,2016,February,Friday,15,Hit object,Single Vehicle,150.609686629736,-24.4674471899882,Eichmanns Rd,,,Thangool,Banana Shire,4716,Biloela,Capricornia,Central,Central,Central Queensland,Banana,Biloela,Central Queensland,Outer Regional,Callide,Flynn,Locally-controlled,No Roadway Feature,No traffic control,100 - 110 km/h,Unsealed - Dry,Clear,Daylight,Straight,Dip,607,Vehs On Path: Temporary Object On Cway,21: Other,S,1,3,1,0,5,1,0,0,0,0,0,0
367467,367467,Fatal,2016,February,Tuesday,6,Angle,Multi-Vehicle,152.830744085932,-27.2228871235713,Mt Samson Rd,,,Armstrong Creek,Moreton Bay Region,4520,Dayboro,Moreton,North Coast,SEQ North,North Coast,Dayboro,The Hills District,Moreton Bay - South,Inner Regional,Pine Rivers,Dickson,Locally-controlled,No Roadway Feature,No traffic control,100 - 110 km/h,Sealed - Dry,Clear,Daylight,Straight,Level,308,Vehs Same Direction: Right Turn S/Swipe,06: Parallel Lanes Turning,S,1,1,0,0,2,0,1,0,0,1,0,0
367468,367468,Fatal,2016,February,Tuesday,18,Hit object,Single Vehicle,152.994476139278,-26.6561034354182,Kiel Mountain Rd,,,Kiels Mountain,Sunshine Coast Region,4559,Maroochydore,Sunshine Coast,North Coast,SEQ North,North Coast,Diddillibah - Rosemount,Nambour,Sunshine Coast,Major Cities,Ninderry,Fairfax,Locally-controlled,No Roadway Feature,No traffic control,70 km/h,Sealed - Dry,Clear,Daylight,Curved - view obscured,Grade,804,Off Path-Curve: Off Cway Lt Bend Hit Obj,19: Off Carriageway on Curve Hit Object,W,1,0,0,0,1,0,0,1,0,0,0,0