_id,Crash_Ref_Number,Crash_Severity,Crash_Year,Crash_Month,Crash_Day_Of_Week,Crash_Hour,Crash_Nature,Crash_Type,Crash_Longitude,Crash_Latitude,Crash_Street,Crash_Street_Intersecting,State_Road_Name,Loc_Suburb,Loc_Local_Government_Area,Loc_Post_Code,Loc_Police_Division,Loc_Police_District,Loc_Police_Region,Loc_Queensland_Transport_Region,Loc_Main_Roads_Region,Loc_ABS_Statistical_Area_2,Loc_ABS_Statistical_Area_3,Loc_ABS_Statistical_Area_4,Loc_ABS_Remoteness,Loc_State_Electorate,Loc_Federal_Electorate,Crash_Controlling_Authority,Crash_Roadway_Feature,Crash_Traffic_Control,Crash_Speed_Limit,Crash_Road_Surface_Condition,Crash_Atmospheric_Condition,Crash_Lighting_Condition,Crash_Road_Horiz_Align,Crash_Road_Vert_Align,Crash_DCA_Code,Crash_DCA_Description,Crash_DCA_Group_Description,DCA_Key_Approach_Dir,Count_Casualty_Fatality,Count_Casualty_Hospitalised,Count_Casualty_MedicallyTreated,Count_Casualty_MinorInjury,Count_Casualty_Total,Count_Unit_Car,Count_Unit_Motorcycle_Moped,Count_Unit_Truck,Count_Unit_Bus,Count_Unit_Bicycle,Count_Unit_Pedestrian,Count_Unit_Other
377349,377349,Fatal,2024,June,Sunday,0,Overturned,Single Vehicle,139.499263919555,-20.6829794054763,Moondarra Dr,Ryan Rd,,Lanskey,Mount Isa City,4825,Mount Isa,Mount Isa,Northern,Northern,North Queensland,Mount Isa,Outback - North,Queensland - Outback,Remote,Traeger,Kennedy,Locally-controlled,Intersection - T-Junction,Give way sign,0 - 50 km/h,Sealed - Dry,Clear,Darkness - Not lighted,Straight,Level,805,Off Path-Curve: Out Of Control On Cway,20: Out of Control on Curve,,1,0,0,0,1,1,0,0,0,0,0,0
377831,377831,Fatal,2021,February,Friday,13,Angle,Multi-Vehicle,153.143789024951,-27.4424354566866,Lindum Rd,North Rd,,Wynnum West,Brisbane City,4178,Wynnum,South Brisbane,Brisbane,SEQ South,Metropolitan,Wynnum West - Hemmant,Wynnum - Manly,Brisbane - East,Major Cities,Lytton,Bonner,Locally-controlled,Railway Crossing,Railway - lights and boom gate,0 - 50 km/h,Sealed - Dry,Clear,Daylight,Straight,Level,903,Pass & Misc: Hit Train,11: Train,S,1,0,0,0,1,1,0,0,0,0,0,1
377832,377832,Fatal,2021,November,Monday,20,Hit parked vehicle,Single Vehicle,153.15771799716,-27.6495154597276,Pacific Hwy,,Pacific Highway (Pacific Motorway),Shailer Park,Logan City,4128,Loganholme,Logan,South Eastern,SEQ South,South Coast,Shailer Park,Loganlea - Carbrook,Logan - Beaudesert,Major Cities,Springwood,Forde,State-controlled,No Roadway Feature,No traffic control,60 km/h,Sealed - Dry,Clear,Darkness - Lighted,Straight,Level,700,Off Path-Straight: Other,21: Other,S,1,0,0,1,2,0,1,0,0,0,0,1
377876,377876,Fatal,2021,February,Friday,6,Angle,Multi-Vehicle,153.120530005495,-27.6155394557098,Baker St,Compton Rd,,Slacks Creek,Logan City,4127,Logan Central,Logan,South Eastern,SEQ South,South Coast,Slacks Creek,Springwood - Kingston,Logan - Beaudesert,Major Cities,Waterford,Rankin,Locally-controlled,Intersection - Cross,Operating traffic lights,70 km/h,Sealed - Dry,Clear,Daylight,Straight,Grade,202,Vehs Opposite Approach: Thru-Right,03: Opposing Vehicles Turning,,1,0,1,0,2,1,1,0,0,0,0,0
377923,377923,Fatal,2018,October,Monday,16,Sideswipe,Multi-Vehicle,152.492328093172,-27.4563863919326,Mount Tarampa Rd,,,Mount Tarampa,Somerset Region,4311,Lowood,Ipswich,Southern,SEQ North,North Coast,Lowood,Ipswich Hinterland,Ipswich,Inner Regional,Nanango,Blair,Locally-controlled,No Roadway Feature,No traffic control,80 - 90 km/h,Sealed - Dry,Clear,Daylight,Straight,Level,305,Vehs Same Direction: Lane Side Swipe,05: Lane Change,E,1,0,0,0,1,0,0,0,1,1,0,0
377971,377971,Fatal,2020,April,Sunday,15,Overturned,Single Vehicle,152.526320321624,-25.5469513799934,Maryborough - Biggenden Rd,,Maryborough - Biggenden Road,Dunmora,Fraser Coast Region,4650,Maryborough,Wide Bay Burnett,North Coast,Southern,Southern Queensland,Maryborough Region - South,Maryborough,Wide Bay,Inner Regional,Maryborough,Wide Bay,State-controlled,No Roadway Feature,No traffic control,100 - 110 km/h,Sealed - Dry,Clear,Daylight,Curved - view open,Level,802,Off Path-Curve: Off Cway Left Bend,18: Off Carriageway on Curve,N,1,0,0,0,1,1,0,0,0,0,0,0
378086,378086,Fatal,2021,June,Wednesday,17,Angle,Multi-Vehicle,153.218111003998,-27.5446424650007,Redland Bay Rd,,Capalaba - Victoria Point Road,Capalaba,Redland City,4157,Capalaba,South Brisbane,Brisbane,SEQ South,Metropolitan,Capalaba,Capalaba,Brisbane - East,Major Cities,Capalaba,Bowman,State-controlled,No Roadway Feature,No traffic control,80 - 90 km/h,Sealed - Dry,Clear,Darkness - Lighted,Straight,Level,703,Off Path-Straight: Left Off Cway Hit Obj,16: Off Carriageway on Straight Hit Object,W,1,0,0,0,1,0,1,1,0,0,0,0
378087,378087,Fatal,2021,June,Monday,5,Hit object,Single Vehicle,152.702573220006,-26.2429654030138,Bruce Hwy,,Cooroy - Gympie Road,Kybong,Gympie Region,4570,Gympie,Wide Bay Burnett,North Coast,Southern,Southern Queensland,Gympie Region,Gympie - Cooloola,Wide Bay,Inner Regional,Gympie,Wide Bay,State-controlled,No Roadway Feature,No traffic control,80 - 90 km/h,Sealed - Dry,Clear,Dawn/Dusk,Curved - view open,Level,201,Vehs Opposite Approach: Head On,02: Head-on,N,1,0,0,0,1,1,0,1,0,0,0,0
378145,378145,Fatal,2021,June,Wednesday,21,Rear-end,Multi-Vehicle,151.762160228627,-26.3649510665577,Chinchilla - Wondai Rd,,Chinchilla - Wondai Road,Cushnie,South Burnett Region,4608,Wondai,Darling Downs,Southern,Southern,Southern Queensland,Kingaroy Region - North,Burnett,Wide Bay,Outer Regional,Nanango,Flynn,State-controlled,No Roadway Feature,No traffic control,100 - 110 km/h,Sealed - Dry,Clear,Darkness - Not lighted,Straight,Grade,300,Vehs Same Direction: Other,21: Other,W,1,0,0,0,1,0,0,0,0,0,0,2
378173,378173,Fatal,2023,April,Monday,13,Head-on,Multi-Vehicle,147.053311417909,-19.3709038508665,Goodsell Rd,,,Cape Cleveland,Townsville City,4810,Giru,Townsville,Northern,Northern,North Queensland,Townsville - South,Townsville,Townsville,Outer Regional,Burdekin,Dawson,Locally-controlled,No Roadway Feature,No traffic control,100 - 110 km/h,Sealed - Dry,Clear,Daylight,Curved - view open,Level,201,Vehs Opposite Approach: Head On,02: Head-on,E,1,2,0,0,3,2,0,0,0,0,0,0
378174,378174,Fatal,2024,March,Saturday,18,Hit object,Single Vehicle,153.082072032684,-27.4335404503998,Kingsford Smith Dr,,Southern Cross Way,Eagle Farm,Brisbane City,4009,Hendra,North Brisbane,Brisbane,SEQ North,Metropolitan,Eagle Farm - Pinkenba,Nundah,Brisbane - North,Major Cities,Clayfield,Brisbane,Locally-controlled,No Roadway Feature,No traffic control,60 km/h,Sealed - Dry,Clear,Dawn/Dusk,Straight,Level,607,Vehs On Path: Temporary Object On Cway,21: Other,W,1,0,0,0,1,0,1,0,0,0,0,0
378203,378203,Fatal,2024,June,Sunday,11,Head-on,Multi-Vehicle,147.588701096586,-19.8316953270772,Bruce Hwy,,Bruce Highway (Bowen - Ayr),Gumlu,Whitsunday Region,4805,Bowen,Mackay,Central,Central,Central Queensland,Collinsville,Bowen Basin - North,Mackay - Isaac - Whitsunday,Outer Regional,Burdekin,Dawson,State-controlled,No Roadway Feature,No traffic control,100 - 110 km/h,Sealed - Dry,Clear,Daylight,Straight,Level,201,Vehs Opposite Approach: Head On,02: Head-on,N,3,3,3,1,10,2,0,0,1,0,0,0
378406,378406,Fatal,2020,December,Tuesday,10,Head-on,Multi-Vehicle,150.892449329487,-26.9102492354452,Warrego Hwy,,Warrego Highway (Dalby - Miles),Warra,Western Downs Region,4411,Chinchilla,South West,Southern,Southern,Southern Queensland,Wambo,Darling Downs - East,Darling Downs - Maranoa,Outer Regional,Callide,Maranoa,State-controlled,No Roadway Feature,No traffic control,100 - 110 km/h,Sealed - Dry,Clear,Daylight,Straight,Level,201,Vehs Opposite Approach: Head On,02: Head-on,E,1,0,0,0,1,1,0,1,0,0,0,0
378451,378451,Fatal,2022,November,Thursday,16,Hit parked vehicle,Single Vehicle,153.091640139394,-26.5745824445237,David Low Way,,Maroochydore - Noosa Road,Marcoola,Sunshine Coast Region,4564,Coolum,Sunshine Coast,North Coast,SEQ North,North Coast,Marcoola - Mudjimba,Maroochy,Sunshine Coast,Major Cities,Maroochydore,Fairfax,State-controlled,No Roadway Feature,No traffic control,70 km/h,Sealed - Dry,Clear,Daylight,Straight,Level,400,Vehs Manoeuvring: Other,21: Other,S,1,0,0,0,1,1,0,0,0,1,0,0
378478,378478,Fatal,2024,January,Sunday,15,Hit object,Single Vehicle,152.049420212009,-25.458547582815,Isis Hwy,,Isis Highway (Childers - Biggenden),Woowoonga,North Burnett Region,4621,Biggenden,Wide Bay Burnett,North Coast,Southern,Southern Queensland,Gayndah - Mundubbera,Burnett,Wide Bay,Outer Regional,Callide,Flynn,State-controlled,No Roadway Feature,No traffic control,100 - 110 km/h,Sealed - Wet,Raining,Daylight,Straight,Level,704,Off Path-Straight: Right Off Cway Hit Obj,16: Off Carriageway on Straight Hit Object,N,1,0,0,0,1,1,0,0,0,0,0,0
378522,378522,Fatal,2022,June,Saturday,19,Overturned,Single Vehicle,149.25687886015,-23.4622700627399,Fitzroy Developmental Rd,,Fitzroy Developmental Road (Dingo - Mount Flora),Dingo,Central Highlands Region,4702,Duaringa,Capricornia,Central,Central,Central Queensland,Central Highlands - East,Central Highlands (qld),Central Queensland,Remote,Gregory,Flynn,State-controlled,No Roadway Feature,No traffic control,100 - 110 km/h,Sealed - Dry,Clear,Darkness - Not lighted,Straight,Grade,703,Off Path-Straight: Left Off Cway Hit Obj,16: Off Carriageway on Straight Hit Object,S,1,0,0,0,1,1,0,0,0,0,0,0
378651,378651,Fatal,2020,November,Monday,11,Angle,Multi-Vehicle,152.378103405693,-24.9593023606751,Goodwood Rd,Mccormacks Rd,Goodwood Road,Alloway,Bundaberg Region,4670,Bundaberg,Wide Bay Burnett,North Coast,Southern,Southern Queensland,Bundaberg Region - South,Bundaberg,Wide Bay,Inner Regional,Burnett,Hinkler,State-controlled,Intersection - T-Junction,No traffic control,100 - 110 km/h,Sealed - Dry,Clear,Daylight,Straight,Level,506,Vehs Overtaking: Overtake-Right Turn,09: Overtaking Same Direction,N,1,0,0,1,2,1,1,0,0,0,0,0
378654,378654,Fatal,2020,November,Saturday,13,Fall from vehicle,Single Vehicle,152.86278918358,-26.4071334202576,Black Mountain Range Rd,Blanckensee Rd,,Black Mountain,Noosa Shire,4563,Cooroy,Sunshine Coast,North Coast,SEQ North,North Coast,Noosa Hinterland,Noosa Hinterland,Sunshine Coast,Inner Regional,Nicklin,Wide Bay,Locally-controlled,Intersection - T-Junction,No traffic control,80 - 90 km/h,Sealed - Dry,Clear,Daylight,Curved - view obscured,Grade,201,Vehs Opposite Approach: Head On,02: Head-on,S,1,0,0,0,1,1,1,0,0,0,0,0
378659,378659,Fatal,2020,November,Sunday,9,Fall from vehicle,Single Vehicle,153.25503193343,-28.0645274728299,Nerang - Murwillumbah Rd,,Nerang - Murwillumbah Road,Advancetown,Gold Coast City,4211,Nerang,Gold Coast,South Eastern,SEQ South,South Coast,Guanaba - Springbrook,Gold Coast Hinterland,Gold Coast,Inner Regional,Mudgeeraba,Wright,State-controlled,No Roadway Feature,No traffic control,80 - 90 km/h,Sealed - Dry,Clear,Daylight,Curved - view open,Grade,900,Pass & Misc: Other,21: Other,S,1,0,0,0,1,0,1,1,0,0,0,0
378663,378663,Fatal,2020,December,Sunday,8,Hit pedestrian,Hit pedestrian,153.262697971021,-27.7652194712544,Goldmine Rd,,,Ormeau,Gold Coast City,4208,Coomera,Gold Coast,South Eastern,SEQ South,South Coast,Ormeau - Yatala,Ormeau - Oxenford,Gold Coast,Major Cities,Coomera,Fadden,Locally-controlled,No Roadway Feature,No traffic control,0 - 50 km/h,Sealed - Dry,Clear,Daylight,Straight,Level,002,Pedn: Hit Emerging Behind Vehicle,12: Pedestrian,,1,0,0,0,1,1,0,0,0,0,1,0
378664,378664,Fatal,2020,December,Tuesday,11,Sideswipe,Multi-Vehicle,152.177361115237,-27.5540053619402,Warrego Hwy,,Warrego Highway (Ipswich - Toowoomba),Grantham,Lockyer Valley Region,4347,Helidon,Darling Downs,Southern,SEQ South,Southern Queensland,Lockyer Valley - West,Toowoomba,Toowoomba,Inner Regional,Lockyer,Wright,State-controlled,No Roadway Feature,No traffic control,100 - 110 km/h,Sealed - Dry,Clear,Daylight,Curved - view obscured,Crest,305,Vehs Same Direction: Lane Side Swipe,05: Lane Change,W,1,1,0,0,2,2,0,0,0,0,0,0
378665,378665,Fatal,2020,December,Friday,6,Hit object,Single Vehicle,145.929847642188,-17.5644877527336,Palmerston Hwy,,Palmerston Highway (Innisfail - Millaa Millaa),Coorumba,Cassowary Coast Region,4860,South Johnstone,Far North,Far Northern,Northern,North Queensland,Johnstone,Innisfail - Cassowary Coast,Cairns,Outer Regional,Hill,Kennedy,State-controlled,No Roadway Feature,No traffic control,100 - 110 km/h,Sealed - Wet,Raining,Daylight,Curved - view open,Grade,803,Off Path-Curve: Off Cway Rt Bend Hit Obj,19: Off Carriageway on Curve Hit Object,E,1,0,0,0,1,1,0,0,0,0,0,0
378666,378666,Fatal,2021,January,Friday,1,Hit pedestrian,Hit pedestrian,153.083380129587,-26.660173444378,Maroochy Blvd,,,Maroochydore,Sunshine Coast Region,4558,Maroochydore,Sunshine Coast,North Coast,SEQ North,North Coast,Maroochydore - Kuluin,Maroochy,Sunshine Coast,Major Cities,Maroochydore,Fairfax,Locally-controlled,Intersection - T-Junction,Operating traffic lights,60 km/h,Sealed - Wet,Raining,Darkness - Lighted,Straight,Level,005,Pedn: Hit Walking With Traffic,12: Pedestrian,,1,0,0,0,1,1,0,0,0,0,1,0
378667,378667,Fatal,2021,January,Tuesday,17,Angle,Multi-Vehicle,153.225800005869,-27.5234574656111,Allenby Rd,Finucane Rd,Capalaba - Cleveland Road,Alexandra Hills,Redland City,4161,Capalaba,South Brisbane,Brisbane,SEQ South,Metropolitan,Alexandra Hills,Capalaba,Brisbane - East,Major Cities,Capalaba,Bowman,State-controlled,Intersection - Cross,Operating traffic lights,70 km/h,Sealed - Dry,Clear,Daylight,Straight,Grade,101,Vehs Adjacent Approach: Thru-Thru,01: Intersection: Adjacent Approach,W,3,0,1,0,4,2,0,0,0,0,3,1
378668,378668,Fatal,2021,February,Monday,14,Hit object,Single Vehicle,152.660365197751,-26.4607754005832,Yabba Ck Rd,,Yabba Creek Road,Imbil,Gympie Region,4570,Imbil,Wide Bay Burnett,North Coast,Southern,Southern Queensland,Gympie Region,Gympie - Cooloola,Wide Bay,Inner Regional,Gympie,Wide Bay,State-controlled,No Roadway Feature,No traffic control,80 - 90 km/h,Sealed - Dry,Clear,Daylight,Curved - view open,Grade,805,Off Path-Curve: Out Of Control On Cway,20: Out of Control on Curve,N,1,0,0,0,1,0,0,1,0,0,0,0
378669,378669,Fatal,2021,February,Sunday,19,Overturned,Single Vehicle,148.149419662247,-26.5350099954379,Warrego Hwy,,Warrego Highway (Roma - Mitchell),Amby,Maranoa Region,4462,Mitchell,South West,Southern,Southern,Southern Queensland,Roma Region,Darling Downs (west) - Maranoa,Darling Downs - Maranoa,Remote,Warrego,Maranoa,State-controlled,No Roadway Feature,No traffic control,100 - 110 km/h,Sealed - Dry,Clear,Darkness - Not lighted,Curved - view open,Level,801,Off Path-Curve: Off Cway Right Bend,18: Off Carriageway on Curve,W,1,0,0,0,1,1,0,0,0,0,0,0
378670,378670,Fatal,2021,February,Monday,1,Hit pedestrian,Hit pedestrian,150.558899734524,-23.535127177735,Bruce Hwy,,Bruce Highway (Benaraby - Rockhampton),Midgee,Rockhampton Region,4702,Gracemere,Capricornia,Central,Central,Central Queensland,Bouldercombe,Rockhampton,Central Queensland,Outer Regional,Mirani,Flynn,State-controlled,No Roadway Feature,No traffic control,100 - 110 km/h,Sealed - Wet,Raining,Darkness - Not lighted,Straight,Level,004,Pedn: Play; Work; Stand; Lie On Cway,12: Pedestrian,U,1,0,0,0,1,0,0,1,0,0,1,0
378671,378671,Fatal,2021,February,Saturday,19,Head-on,Multi-Vehicle,152.93670696059,-27.3193635729133,Lilley Rd,,,Warner,Moreton Bay Region,4500,Albany Creek,North Brisbane,Brisbane,SEQ North,North Coast,Cashmere,The Hills District,Moreton Bay - South,Major Cities,Pine Rivers,Dickson,Locally-controlled,No Roadway Feature,No traffic control,80 - 90 km/h,Sealed - Dry,Clear,Darkness - Not lighted,Straight,Crest,501,Vehs Overtaking: Head On,02: Head-on,N,1,0,0,0,1,1,1,0,0,0,0,0
378672,378672,Fatal,2021,February,Sunday,1,Hit object,Single Vehicle,146.748318444454,-19.3207238274368,Creekwood Wy,Riverside Blvd,,Douglas,Townsville City,4814,Stuart,Townsville,Northern,Northern,North Queensland,Douglas,Townsville,Townsville,Outer Regional,Mundingburra,Herbert,Locally-controlled,Intersection - Roundabout,Give way sign,60 km/h,Sealed - Dry,Clear,Darkness - Lighted,Curved - view open,Level,808,Off Path-Curve: Mounts Traffic Island,19: Off Carriageway on Curve Hit Object,E,1,1,0,0,2,0,1,0,0,0,0,0
378739,378739,Fatal,2022,April,Saturday,2,Hit pedestrian,Hit pedestrian,152.759132044333,-27.6173814195663,Roderick St,,,Ipswich,Ipswich City,4305,Ipswich,Ipswich,Southern,SEQ South,Metropolitan,Ipswich - Central,Ipswich Inner,Ipswich,Major Cities,Ipswich,Blair,Locally-controlled,No Roadway Feature,No traffic control,0 - 50 km/h,Sealed - Dry,Clear,Darkness - Lighted,Straight,Level,004,Pedn: Play; Work; Stand; Lie On Cway,12: Pedestrian,,1,0,0,0,1,1,0,0,0,0,1,0
378975,378975,Fatal,2019,February,Sunday,5,Head-on,Multi-Vehicle,147.007226419215,-19.3954938475736,Bruce Hwy,,Bruce Highway (Ayr - Townsville),Mount Elliot,Townsville City,4816,Giru,Townsville,Northern,Northern,North Queensland,Townsville - South,Townsville,Townsville,Outer Regional,Burdekin,Kennedy,State-controlled,No Roadway Feature,No traffic control,100 - 110 km/h,Sealed - Dry,Clear,Darkness - Not lighted,Straight,Level,201,Vehs Opposite Approach: Head On,02: Head-on,S,1,0,0,0,1,1,0,1,0,0,0,0
378979,378979,Fatal,2022,December,Thursday,12,Rear-end,Multi-Vehicle,151.83112927851,-26.5006563202292,Bunya Hwy,,Bunya Highway (Kingaroy - Goomeri),Kingaroy,South Burnett Region,4610,Kingaroy,Darling Downs,Southern,Southern,Southern Queensland,Kingaroy,Burnett,Wide Bay,Inner Regional,Nanango,Maranoa,State-controlled,No Roadway Feature,No traffic control,100 - 110 km/h,Sealed - Dry,Clear,Daylight,Straight,Grade,303,Vehs Same Direction: Right Rear,04: Rear-end,U,1,4,1,0,6,3,0,0,0,0,0,0
379085,379085,Fatal,2023,December,Wednesday,0,Hit object,Single Vehicle,146.023520563101,-18.4950247673392,Elphinstone Pocket Rd,,,Abergowrie,Hinchinbrook Shire,4850,Ingham,Townsville,Northern,Northern,North Queensland,Ingham Region,Charters Towers - Ayr - Ingham,Townsville,Remote,Hinchinbrook,Kennedy,Locally-controlled,No Roadway Feature,No traffic control,100 - 110 km/h,Sealed - Dry,Clear,Daylight,Curved - view obscured,Level,804,Off Path-Curve: Off Cway Lt Bend Hit Obj,19: Off Carriageway on Curve Hit Object,,1,0,0,0,1,1,0,0,0,0,0,0
379092,379092,Fatal,2023,August,Saturday,11,Head-on,Multi-Vehicle,152.967537969968,-28.02630344357,Mt Lindesay Hwy,River Rd,Mount Lindesay Highway (Beaudesert - Border),Beaudesert,Scenic Rim Region,4285,Beaudesert,Logan,South Eastern,SEQ South,South Coast,Beaudesert,Beaudesert,Logan - Beaudesert,Inner Regional,Scenic Rim,Wright,State-controlled,Intersection - Cross,No traffic control,100 - 110 km/h,Sealed - Dry,Clear,Daylight,Curved - view open,Grade,201,Vehs Opposite Approach: Head On,02: Head-on,N,1,0,0,0,1,1,1,0,0,0,0,0
379182,379182,Fatal,2023,October,Monday,8,Hit pedestrian,Hit pedestrian,153.022981034113,-27.4723944447691,Bicentennial Bikeway,,South-East Arterial Road (Pacific Motorway),Brisbane City,Brisbane City,4000,Brisbane City,North Brisbane,Brisbane,SEQ North,Metropolitan,Brisbane City,Brisbane Inner,Brisbane Inner City,Major Cities,Mcconnel,Brisbane,State-controlled,Bikeway,No traffic control,0 - 50 km/h,Sealed - Dry,Clear,Daylight,Straight,Level,008,Pedn: On Ftway Hit By Vehicle On Ftway,12: Pedestrian,N,1,0,1,0,2,0,0,0,0,1,1,0
379244,379244,Fatal,2020,September,Friday,9,Overturned,Single Vehicle,145.33055072865,-16.9335067053648,Fassio Rd,,,Paddys Green,Mareeba Shire,4880,Mareeba,Far North,Far Northern,Northern,North Queensland,Tablelands,Far North,Queensland - Outback,Outer Regional,Cook,Kennedy,Locally-controlled,No Roadway Feature,No traffic control,70 km/h,Unsealed - Dry,Clear,Daylight,Curved - view open,Level,805,Off Path-Curve: Out Of Control On Cway,20: Out of Control on Curve,,1,0,0,0,1,1,0,0,0,0,0,0
379300,379300,Fatal,2024,January,Wednesday,11,Hit object,Single Vehicle,153.110242320932,-27.193786305335,Bird O'Passage Pde,,,Scarborough,Moreton Bay Region,4020,Redcliffe,Moreton,North Coast,SEQ North,North Coast,Scarborough - Newport - Moreton Island,Redcliffe,Moreton Bay - North,Major Cities,Redcliffe,Petrie,Locally-controlled,No Roadway Feature,No traffic control,0 - 50 km/h,Sealed - Dry,Clear,Daylight,Curved - view open,Level,803,Off Path-Curve: Off Cway Rt Bend Hit Obj,19: Off Carriageway on Curve Hit Object,,1,0,0,0,1,1,0,0,0,0,0,0
379303,379303,Fatal,2024,March,Wednesday,6,Hit object,Single Vehicle,148.924735054651,-21.7742890206876,Oxford Downs - Sarina Rd,,Oxford Downs - Sarina Road,Nebo,Isaac Region,4742,Nebo,Mackay,Central,Central,Central Queensland,Broadsound - Nebo,Bowen Basin - North,Mackay - Isaac - Whitsunday,Outer Regional,Burdekin,Capricornia,State-controlled,No Roadway Feature,No traffic control,100 - 110 km/h,Sealed - Dry,Clear,Daylight,Straight,Level,704,Off Path-Straight: Right Off Cway Hit Obj,16: Off Carriageway on Straight Hit Object,E,1,0,0,0,1,1,0,0,0,0,0,0
379304,379304,Fatal,2024,March,Thursday,10,Angle,Multi-Vehicle,145.425931717737,-16.9990577125053,Constance St,Herberton St,,Mareeba,Mareeba Shire,4880,Mareeba,Far North,Far Northern,Northern,North Queensland,Mareeba,Tablelands (east) - Kuranda,Cairns,Outer Regional,Cook,Kennedy,Locally-controlled,Intersection - Cross,No traffic control,60 km/h,Sealed - Dry,Clear,Daylight,Curved - view open,Level,202,Vehs Opposite Approach: Thru-Right,03: Opposing Vehicles Turning,,1,0,0,0,1,2,1,0,0,0,0,0
379472,379472,Fatal,2020,March,Thursday,8,Rear-end,Multi-Vehicle,152.354757331051,-24.881627839759,Barolin St,Beatrice St,Goodwood Road,Walkervale,Bundaberg Region,4670,Bundaberg,Wide Bay Burnett,North Coast,Southern,Southern Queensland,Walkervale - Avenell Heights,Bundaberg,Wide Bay,Inner Regional,Bundaberg,Hinkler,State-controlled,No Roadway Feature,No traffic control,60 km/h,Sealed - Dry,Clear,Daylight,Straight,Level,301,Vehs Same Direction: Rear End,04: Rear-end,N,1,0,0,0,1,1,1,0,0,0,0,0
379876,379876,Fatal,2022,February,Friday,6,Angle,Multi-Vehicle,148.224921946145,-23.5490489776475,Weemah Rd,,,Emerald,Central Highlands Region,4720,Emerald,Capricornia,Central,Central,Central Queensland,Central Highlands - West,Central Highlands (qld),Central Queensland,Outer Regional,Gregory,Flynn,Locally-controlled,Railway Crossing,Railway crossing sign,0 - 50 km/h,Sealed - Dry,Clear,Daylight,Straight,Level,903,Pass & Misc: Hit Train,11: Train,N,1,0,0,0,1,1,0,0,0,0,0,1
379893,379893,Fatal,2022,January,Friday,18,Hit object,Single Vehicle,152.601124268025,-25.9313763904732,Cherry Tree Rd,,,Kanigan,Fraser Coast Region,4570,Tiaro,Wide Bay Burnett,North Coast,Southern,Southern Queensland,Maryborough Region - South,Maryborough,Wide Bay,Inner Regional,Gympie,Wide Bay,Locally-controlled,Bridge/Causeway,No traffic control,0 - 50 km/h,Sealed - Wet,Raining,Dawn/Dusk,Curved - view obscured,Dip,607,Vehs On Path: Temporary Object On Cway,21: Other,W,1,0,0,0,1,1,0,0,0,0,0,0
379964,379964,Fatal,2020,December,Sunday,18,Hit object,Single Vehicle,153.092082124955,-26.690114445493,Golf Links Rd,,,Buderim,Sunshine Coast Region,4556,Maroochydore,Sunshine Coast,North Coast,SEQ North,North Coast,Buderim - South,Buderim,Sunshine Coast,Major Cities,Buderim,Fairfax,Locally-controlled,No Roadway Feature,No traffic control,60 km/h,Sealed - Wet,Raining,Darkness - Lighted,Straight,Grade,703,Off Path-Straight: Left Off Cway Hit Obj,16: Off Carriageway on Straight Hit Object,,1,0,0,0,1,1,0,0,0,0,0,0
380036,380036,Fatal,2017,August,Wednesday,8,Hit object,Single Vehicle,151.997669084459,-27.9670783478054,New England Hwy,,New England Highway (Toowoomba - Warwick),Spring Creek,Southern Downs Region,4361,Allora,Darling Downs,Southern,Southern,Southern Queensland,Southern Downs - West,Granite Belt,Darling Downs - Maranoa,Inner Regional,Southern Downs,Maranoa,State-controlled,No Roadway Feature,No traffic control,100 - 110 km/h,Sealed - Dry,Clear,Daylight,Straight,Grade,704,Off Path-Straight: Right Off Cway Hit Obj,16: Off Carriageway on Straight Hit Object,N,2,0,0,0,2,1,0,0,0,0,0,0
380037,380037,Fatal,2017,December,Saturday,13,Hit object,Single Vehicle,149.484989961921,-22.2406130721777,Bruce Hwy,,Bruce Highway (St Lawrence - Mackay),St Lawrence,Isaac Region,4707,Saint Lawrence,Mackay,Central,Central,Central Queensland,Broadsound - Nebo,Bowen Basin - North,Mackay - Isaac - Whitsunday,Remote,Mirani,Capricornia,State-controlled,No Roadway Feature,No traffic control,100 - 110 km/h,Sealed - Dry,Clear,Daylight,Straight,Level,704,Off Path-Straight: Right Off Cway Hit Obj,16: Off Carriageway on Straight Hit Object,S,1,1,0,0,2,1,0,0,0,0,0,0
380049,380049,Fatal,2018,January,Friday,6,Hit object,Single Vehicle,153.07148301606,-27.5739404504443,Delafield St,Salix Pl,,Sunnybank,Brisbane City,4109,Upper Mount Gravatt,South Brisbane,Brisbane,SEQ South,Metropolitan,Sunnybank,Sunnybank,Brisbane - South,Major Cities,Toohey,Moreton,Locally-controlled,Intersection - T-Junction,No traffic control,0 - 50 km/h,Sealed - Dry,Clear,Daylight,Curved - view open,Level,803,Off Path-Curve: Off Cway Rt Bend Hit Obj,19: Off Carriageway on Curve Hit Object,S,1,1,0,0,2,1,0,0,0,0,0,0