_id,Crash_Ref_Number,Crash_Severity,Crash_Year,Crash_Month,Crash_Day_Of_Week,Crash_Hour,Crash_Nature,Crash_Type,Crash_Longitude,Crash_Latitude,Crash_Street,Crash_Street_Intersecting,State_Road_Name,Loc_Suburb,Loc_Local_Government_Area,Loc_Post_Code,Loc_Police_Division,Loc_Police_District,Loc_Police_Region,Loc_Queensland_Transport_Region,Loc_Main_Roads_Region,Loc_ABS_Statistical_Area_2,Loc_ABS_Statistical_Area_3,Loc_ABS_Statistical_Area_4,Loc_ABS_Remoteness,Loc_State_Electorate,Loc_Federal_Electorate,Crash_Controlling_Authority,Crash_Roadway_Feature,Crash_Traffic_Control,Crash_Speed_Limit,Crash_Road_Surface_Condition,Crash_Atmospheric_Condition,Crash_Lighting_Condition,Crash_Road_Horiz_Align,Crash_Road_Vert_Align,Crash_DCA_Code,Crash_DCA_Description,Crash_DCA_Group_Description,DCA_Key_Approach_Dir,Count_Casualty_Fatality,Count_Casualty_Hospitalised,Count_Casualty_MedicallyTreated,Count_Casualty_MinorInjury,Count_Casualty_Total,Count_Unit_Car,Count_Unit_Motorcycle_Moped,Count_Unit_Truck,Count_Unit_Bus,Count_Unit_Bicycle,Count_Unit_Pedestrian,Count_Unit_Other
380051,380051,Fatal,2018,July,Thursday,14,Overturned,Single Vehicle,144.760827669396,-18.2517066779825,Kennedy Developmental Rd,,Kennedy Developmental Road (Mount Garnet - The Lynd),Minnamoolka,Tablelands Region,4872,Mount Garnet,Far North,Far Northern,Northern,North Queensland,Herberton,Tablelands (east) - Kuranda,Cairns,Remote,Hill,Kennedy,State-controlled,No Roadway Feature,No traffic control,100 - 110 km/h,Sealed - Dry,Clear,Daylight,Straight,Crest,705,Off Path-Straight: Out Of Control On Cway,17: Out of Control on Straight,N,1,0,1,0,2,1,0,0,0,0,0,0
380066,380066,Fatal,2019,March,Sunday,16,Overturned,Single Vehicle,138.45008403915,-19.9614113554402,Barkly Hwy,,Barkly Highway (Mount Isa - Camooweal),Camooweal,Mount Isa City,4828,Camooweal,Mount Isa,Northern,Northern,North Queensland,Mount Isa Region,Outback - North,Queensland - Outback,Very Remote,Traeger,Kennedy,State-controlled,No Roadway Feature,No traffic control,100 - 110 km/h,Sealed - Dry,Clear,Daylight,Straight,Level,705,Off Path-Straight: Out Of Control On Cway,17: Out of Control on Straight,E,1,2,0,0,3,1,0,0,0,0,0,0
380126,380126,Fatal,2022,November,Thursday,17,Angle,Multi-Vehicle,150.512961646504,-24.3969581806572,Bell St,Prairie St,,Biloela,Banana Shire,4715,Biloela,Capricornia,Central,Central,Central Queensland,Biloela,Biloela,Central Queensland,Outer Regional,Callide,Flynn,Locally-controlled,Intersection - Cross,Stop sign,60 km/h,Sealed - Dry,Clear,Daylight,Straight,Level,101,Vehs Adjacent Approach: Thru-Thru,01: Intersection: Adjacent Approach,E,1,0,1,0,2,1,0,0,0,1,0,0
380201,380201,Fatal,2017,January,Saturday,14,Sideswipe,Multi-Vehicle,153.021205993114,-27.7978874471578,Mt Lindesay Hwy,,Mount Lindesay Highway (Brisbane - Beaudesert),South Maclean,Logan City,4280,Jimboomba,Logan,South Eastern,SEQ South,South Coast,Greenbank,Jimboomba,Logan - Beaudesert,Major Cities,Logan,Wright,State-controlled,No Roadway Feature,No traffic control,80 - 90 km/h,Sealed - Wet,Raining,Daylight,Curved - view open,Grade,201,Vehs Opposite Approach: Head On,02: Head-on,N,2,3,0,0,5,2,0,0,0,0,0,0
380250,380250,Fatal,2017,November,Tuesday,11,Sideswipe,Multi-Vehicle,151.959501139109,-27.5522723408776,Bridge St,,,North Toowoomba,Toowoomba Region,4350,Toowoomba,Darling Downs,Southern,Southern,Southern Queensland,North Toowoomba - Harlaxton,Toowoomba,Toowoomba,Inner Regional,Toowoomba North,Groom,Locally-controlled,No Roadway Feature,No traffic control,60 km/h,Sealed - Dry,Clear,Daylight,Straight,Grade,305,Vehs Same Direction: Lane Side Swipe,05: Lane Change,E,1,0,1,2,4,3,0,0,0,0,0,0
380253,380253,Fatal,2017,December,Thursday,15,Head-on,Multi-Vehicle,152.66601159215,-27.5874802690971,Haigslea - Amberley Rd,,Haigslea - Amberley Road,Walloon,Ipswich City,4306,Marburg,Ipswich,Southern,SEQ South,Metropolitan,Rosewood,Ipswich Hinterland,Ipswich,Major Cities,Ipswich West,Blair,State-controlled,No Roadway Feature,No traffic control,80 - 90 km/h,Sealed - Dry,Clear,Daylight,Curved - view obscured,Grade,201,Vehs Opposite Approach: Head On,02: Head-on,S,1,1,2,0,4,2,0,0,0,0,0,0
380654,380654,Fatal,2021,October,Wednesday,11,Hit pedestrian,Hit pedestrian,152.815613042509,-27.5831834249138,Warrego Hwy,,Warrego Highway (Ipswich - Toowoomba),Bundamba,Ipswich City,4304,Booval,Ipswich,Southern,SEQ South,Metropolitan,Bundamba,Ipswich Inner,Ipswich,Major Cities,Bundamba,Blair,State-controlled,No Roadway Feature,No traffic control,100 - 110 km/h,Sealed - Dry,Clear,Daylight,Curved - view open,Level,001,Pedn: Near Side Vehicle Hit From Right,12: Pedestrian,W,1,0,0,0,1,0,0,1,0,0,1,0
380739,380739,Fatal,2018,May,Monday,8,Hit pedestrian,Hit pedestrian,149.384099522842,-26.6116220989847,Roma St,,Warrego Highway (Miles - Roma),Yuleba,Maranoa Region,4427,Yuleba,South West,Southern,Southern,Southern Queensland,Roma Region,Darling Downs (west) - Maranoa,Darling Downs - Maranoa,Remote,Warrego,Maranoa,State-controlled,No Roadway Feature,No traffic control,80 - 90 km/h,Sealed - Dry,Clear,Daylight,Curved - view obscured,Level,001,Pedn: Near Side Vehicle Hit From Right,12: Pedestrian,W,1,0,0,0,1,0,0,1,0,0,1,0
380829,380829,Fatal,2006,December,Wednesday,8,Overturned,Single Vehicle,145.337914207072,-24.0707507598677,Landsborough Hwy,,Landsborough Highway (Blackall - Barcaldine),Home Creek,Barcaldine Region,4725,Barcaldine,Capricornia,Central,Central,Central Queensland,Barcaldine - Blackall,Outback - South,Queensland - Outback,Very Remote,Gregory,Maranoa,State-controlled,No Roadway Feature,No traffic control,100 - 110 km/h,Sealed - Dry,Clear,Daylight,Straight,Level,702,Off Path-Straight: Right Off Cway,15: Off Carriageway on Straight,N,1,1,0,0,2,0,0,0,0,0,0,1
380831,380831,Fatal,2007,October,Thursday,20,Hit pedestrian,Hit pedestrian,145.734889602268,-17.0242612462994,Graham St,,,Edmonton,Cairns Region,4869,Edmonton,Far North,Far Northern,Northern,North Queensland,Edmonton,Cairns - South,Cairns,Outer Regional,Mulgrave,Kennedy,Locally-controlled,No Roadway Feature,No traffic control,0 - 50 km/h,Sealed - Dry,Clear,Darkness - Lighted,Straight,Level,005,Pedn: Hit Walking With Traffic,12: Pedestrian,S,1,0,1,1,3,1,0,0,0,0,3,1
380833,380833,Fatal,2006,February,Sunday,2,Hit object,Single Vehicle,153.149132679345,-27.6474887828455,Nujooloo Rd,,,Slacks Creek,Logan City,4127,Springwood,Logan,South Eastern,SEQ South,South Coast,Slacks Creek,Springwood - Kingston,Logan - Beaudesert,Major Cities,Waterford,Rankin,Locally-controlled,No Roadway Feature,No traffic control,60 km/h,Sealed - Wet,Raining,Darkness - Lighted,Curved - view open,Crest,804,Off Path-Curve: Off Cway Lt Bend Hit Obj,19: Off Carriageway on Curve Hit Object,E,1,0,0,0,1,1,0,0,0,0,0,0
380835,380835,Fatal,2007,October,Thursday,23,Hit object,Single Vehicle,153.322163052239,-27.9932533430797,Beaudesert - Nerang Rd,,Beaudesert - Nerang Road,Nerang,Gold Coast City,4211,Nerang,Gold Coast,South Eastern,SEQ South,South Coast,Nerang - Mount Nathan,Nerang,Gold Coast,Major Cities,Gaven,Moncrieff,State-controlled,No Roadway Feature,No traffic control,60 km/h,Sealed - Wet,Raining,Darkness - Not lighted,Straight,Level,703,Off Path-Straight: Left Off Cway Hit Obj,16: Off Carriageway on Straight Hit Object,W,1,0,0,0,1,1,0,0,0,0,0,0
380842,380842,Fatal,2009,March,Sunday,4,Sideswipe,Multi-Vehicle,153.082357758649,-27.6783337773617,Browns Plains Rd,,,Marsden,Logan City,4132,Crestmead,Logan,South Eastern,SEQ South,South Coast,Marsden,Browns Plains,Logan - Beaudesert,Major Cities,Woodridge,Rankin,Locally-controlled,No Roadway Feature,No traffic control,70 km/h,Sealed - Dry,Clear,Darkness - Lighted,Straight,Grade,305,Vehs Same Direction: Lane Side Swipe,05: Lane Change,E,1,0,1,0,2,2,0,0,0,0,0,0
380944,380944,Fatal,2016,July,Monday,16,Hit pedestrian,Hit pedestrian,153.193439984962,-27.7149088638503,George St,,Brisbane - Beenleigh Road,Beenleigh,Logan City,4207,Beenleigh,Logan,South Eastern,SEQ South,South Coast,Beenleigh,Beenleigh,Logan - Beaudesert,Major Cities,Macalister,Forde,State-controlled,No Roadway Feature,No traffic control,70 km/h,Sealed - Dry,Clear,Daylight,Curved - view open,Level,003,Pedn: Far Side Vehicle Hit From Left,12: Pedestrian,S,1,0,0,1,2,1,0,0,0,0,1,0
381179,381179,Fatal,2015,November,Tuesday,18,Hit object,Single Vehicle,152.987070176724,-26.3598064323008,Coolah Pl,,,Cooroibah,Noosa Shire,4565,Noosa Heads,Sunshine Coast,North Coast,SEQ North,North Coast,Noosa Hinterland,Noosa Hinterland,Sunshine Coast,Inner Regional,Noosa,Wide Bay,Locally-controlled,Bridge/Causeway,No traffic control,0 - 50 km/h,Sealed - Dry,Clear,Dawn/Dusk,Curved - view open,Level,804,Off Path-Curve: Off Cway Lt Bend Hit Obj,19: Off Carriageway on Curve Hit Object,N,1,0,0,0,1,0,1,0,0,0,0,0
381180,381180,Fatal,2015,November,Tuesday,11,Head-on,Multi-Vehicle,151.448755170705,-27.7547182938545,Gore Hwy,,Gore Highway (Toowoomba - Millmerran),Brookstead,Toowoomba Region,4364,Pittsworth,Darling Downs,Southern,Southern,Southern Queensland,Pittsworth,Darling Downs - East,Darling Downs - Maranoa,Inner Regional,Condamine,Groom,State-controlled,No Roadway Feature,No traffic control,100 - 110 km/h,Sealed - Dry,Clear,Daylight,Curved - view open,Level,201,Vehs Opposite Approach: Head On,02: Head-on,S,3,0,0,0,3,1,0,1,0,0,0,0
381181,381181,Fatal,2015,November,Wednesday,12,Angle,Multi-Vehicle,151.897550132619,-27.6616723357861,Drayton Connection Rd,Newman Rd,Drayton Connection Road,Vale View,Toowoomba Region,4352,Drayton,Darling Downs,Southern,Southern,Southern Queensland,Cambooya - Wyreema,Toowoomba,Toowoomba,Inner Regional,Condamine,Groom,State-controlled,Intersection - Cross,Give way sign,100 - 110 km/h,Sealed - Dry,Clear,Daylight,Straight,Grade,101,Vehs Adjacent Approach: Thru-Thru,01: Intersection: Adjacent Approach,N,1,0,0,0,1,1,0,1,0,0,0,0
381495,381495,Fatal,2015,November,Wednesday,15,Hit object,Single Vehicle,147.635884067349,-22.8226882246816,Clermont Connection Rd,,Clermont Connection Road,Clermont,Isaac Region,4721,Clermont,Mackay,Central,Central,Central Queensland,Clermont,Bowen Basin - North,Mackay - Isaac - Whitsunday,Remote,Burdekin,Capricornia,State-controlled,No Roadway Feature,No traffic control,60 km/h,Sealed - Dry,Clear,Daylight,Straight,Level,704,Off Path-Straight: Right Off Cway Hit Obj,16: Off Carriageway on Straight Hit Object,S,1,0,0,0,1,1,0,0,0,0,0,0
381496,381496,Fatal,2015,November,Wednesday,17,Hit object,Single Vehicle,145.887392692606,-16.9462777444295,Ambrym St,,,Yarrabah,Yarrabah Aboriginal Shire,4871,Yarrabah,Far North,Far Northern,Northern,North Queensland,Yarrabah,Innisfail - Cassowary Coast,Cairns,Outer Regional,Mulgrave,Kennedy,Locally-controlled,No Roadway Feature,No traffic control,0 - 50 km/h,Sealed - Dry,Clear,Daylight,Straight,Level,400,Vehs Manoeuvring: Other,21: Other,S,1,0,0,0,1,0,1,0,0,0,0,0
381497,381497,Fatal,2015,November,Friday,7,Hit object,Single Vehicle,153.272534945606,-27.9549494737436,Oxenford - Coomera Gorge Rd,,Oxenford - Coomera Gorge Road,Mount Nathan,Gold Coast City,4211,Nerang,Gold Coast,South Eastern,SEQ South,South Coast,Nerang - Mount Nathan,Nerang,Gold Coast,Major Cities,Theodore,Wright,State-controlled,No Roadway Feature,No traffic control,70 km/h,Sealed - Dry,Clear,Daylight,Curved - view open,Level,804,Off Path-Curve: Off Cway Lt Bend Hit Obj,19: Off Carriageway on Curve Hit Object,N,1,0,0,0,1,1,0,0,0,0,0,0
381498,381498,Fatal,2015,November,Saturday,0,Hit object,Single Vehicle,151.963196439823,-25.0082153208509,Bruce Hwy,,Bruce Highway (Maryborough - Gin Gin),Gin Gin,Bundaberg Region,4671,Gin Gin,Wide Bay Burnett,North Coast,Southern,Southern Queensland,Gin Gin,Burnett,Wide Bay,Outer Regional,Callide,Flynn,State-controlled,No Roadway Feature,No traffic control,100 - 110 km/h,Sealed - Dry,Clear,Darkness - Not lighted,Straight,Level,704,Off Path-Straight: Right Off Cway Hit Obj,16: Off Carriageway on Straight Hit Object,N,1,1,1,0,3,1,0,0,0,0,0,0
381499,381499,Fatal,2015,November,Saturday,15,Hit pedestrian,Hit pedestrian,152.169510428863,-24.9320073401452,Bundaberg - Gin Gin Rd,,Bundaberg - Gin Gin Road,South Kolan,Bundaberg Region,4670,South Kolan,Wide Bay Burnett,North Coast,Southern,Southern Queensland,Bundaberg Region - North,Bundaberg,Wide Bay,Inner Regional,Burnett,Flynn,State-controlled,No Roadway Feature,No traffic control,80 - 90 km/h,Sealed - Dry,Clear,Daylight,Straight,Level,001,Pedn: Near Side Vehicle Hit From Right,12: Pedestrian,E,1,0,2,0,3,1,0,0,0,0,1,0
381500,381500,Fatal,2015,November,Tuesday,11,Hit object,Single Vehicle,151.632226250143,-26.9172413045969,Bunya Mountains Rd,,Bunya Mountains Road,Bunya Mountains,Western Downs Region,4405,Bell,South West,Southern,Southern,Southern Queensland,Wambo,Darling Downs - East,Darling Downs - Maranoa,Outer Regional,Callide,Maranoa,State-controlled,No Roadway Feature,No traffic control,60 km/h,Sealed - Dry,Clear,Daylight,Curved - view open,Dip,803,Off Path-Curve: Off Cway Rt Bend Hit Obj,19: Off Carriageway on Curve Hit Object,N,1,0,0,0,1,0,1,0,0,0,0,0
381501,381501,Fatal,2015,November,Friday,14,Head-on,Multi-Vehicle,153.041342116014,-26.8040074413024,Bruce Hwy,,Bruce Highway (Brisbane - Gympie),Bells Creek,Sunshine Coast Region,4551,Beerwah,Sunshine Coast,North Coast,SEQ North,North Coast,Caloundra - West,Caloundra,Sunshine Coast,Major Cities,Caloundra,Fisher,State-controlled,No Roadway Feature,No traffic control,100 - 110 km/h,Sealed - Dry,Clear,Daylight,Straight,Level,201,Vehs Opposite Approach: Head On,02: Head-on,N,1,3,0,0,4,4,0,0,0,0,0,0
381502,381502,Fatal,2015,November,Sunday,20,Hit pedestrian,Hit pedestrian,151.72819617782,-27.4392273178458,Hamlyn Rd,,,Oakey,Toowoomba Region,4401,Oakey,Darling Downs,Southern,Southern,Southern Queensland,Jondaryan,Darling Downs - East,Darling Downs - Maranoa,Inner Regional,Condamine,Groom,Locally-controlled,No Roadway Feature,No traffic control,60 km/h,Sealed - Wet,Raining,Darkness - Not lighted,Straight,Level,006,Pedn: Hit Facing Traffic,12: Pedestrian,N,1,0,0,0,1,1,0,0,0,0,1,0
381503,381503,Fatal,2015,November,Monday,10,Hit parked vehicle,Single Vehicle,153.09442801381,-27.572187452739,Pacific Hwy,,South-East Arterial Road (Pacific Motorway),Eight Mile Plains,Brisbane City,4113,Upper Mount Gravatt,South Brisbane,Brisbane,SEQ South,Metropolitan,Eight Mile Plains,Mt Gravatt,Brisbane - South,Major Cities,Toohey,Bonner,State-controlled,No Roadway Feature,No traffic control,100 - 110 km/h,Sealed - Dry,Clear,Daylight,Straight,Level,608,Vehs On Path: Accident Or Broken Down,10: Hit Parked Vehicle,S,2,1,0,1,4,1,0,1,0,0,0,0
381504,381504,Fatal,2015,November,Monday,15,Overturned,Single Vehicle,153.087702031968,-27.4344404509734,Links Ave North,,,Eagle Farm,Brisbane City,4009,Hendra,North Brisbane,Brisbane,SEQ North,Metropolitan,Eagle Farm - Pinkenba,Nundah,Brisbane - North,Major Cities,Clayfield,Lilley,Locally-controlled,No Roadway Feature,No traffic control,60 km/h,Sealed - Dry,Clear,Daylight,Curved - view open,Level,805,Off Path-Curve: Out Of Control On Cway,20: Out of Control on Curve,N,1,0,0,0,1,0,0,1,0,0,0,0
381505,381505,Fatal,2015,November,Monday,9,Overturned,Single Vehicle,149.999146253939,-28.4433671668613,Barwon Hwy,,Barwon Highway (Goondiwindi - Talwood),Toobeah,Goondiwindi Region,4498,Goondiwindi,Darling Downs,Southern,Southern,Southern Queensland,Inglewood - Waggamba,Darling Downs (west) - Maranoa,Darling Downs - Maranoa,Outer Regional,Southern Downs,Maranoa,State-controlled,No Roadway Feature,No traffic control,100 - 110 km/h,Sealed - Dry,Clear,Daylight,Straight,Level,701,Off Path-Straight: Left Off Cway,15: Off Carriageway on Straight,E,1,0,0,1,2,1,0,0,0,0,0,0
381506,381506,Fatal,2015,December,Monday,16,Hit object,Single Vehicle,152.45455610481,-27.3949833877381,Rocky Gully Rd,,,Coominya,Somerset Region,4311,Lowood,Ipswich,Southern,SEQ North,North Coast,Lowood,Ipswich Hinterland,Ipswich,Inner Regional,Nanango,Blair,Locally-controlled,No Roadway Feature,No traffic control,80 - 90 km/h,Sealed - Dry,Clear,Daylight,Straight,Level,704,Off Path-Straight: Right Off Cway Hit Obj,16: Off Carriageway on Straight Hit Object,W,1,0,0,0,1,1,0,0,0,0,0,0
381507,381507,Fatal,2015,December,Wednesday,9,Hit pedestrian,Hit pedestrian,153.063365016705,-27.5757564496423,Mains Rd,Turton St,,Sunnybank,Brisbane City,4109,Upper Mount Gravatt,South Brisbane,Brisbane,SEQ South,Metropolitan,Sunnybank,Sunnybank,Brisbane - South,Major Cities,Toohey,Moreton,Locally-controlled,Intersection - T-Junction,Operating traffic lights,60 km/h,Sealed - Dry,Clear,Daylight,Straight,Level,003,Pedn: Far Side Vehicle Hit From Left,12: Pedestrian,E,1,0,0,0,1,1,0,0,0,0,1,0
381972,381972,Fatal,2016,July,Friday,0,Hit object,Single Vehicle,151.87542430054,-26.2753083226674,Bunya Hwy,,Bunya Highway (Kingaroy - Goomeri),Wondai,South Burnett Region,4606,Wondai,Darling Downs,Southern,Southern,Southern Queensland,Kingaroy Region - North,Burnett,Wide Bay,Outer Regional,Nanango,Flynn,State-controlled,No Roadway Feature,No traffic control,100 - 110 km/h,Sealed - Dry,Clear,Darkness - Not lighted,Straight,Level,704,Off Path-Straight: Right Off Cway Hit Obj,16: Off Carriageway on Straight Hit Object,N,1,0,0,0,1,1,0,0,0,0,0,0
382012,382012,Fatal,2015,July,Wednesday,18,Angle,Multi-Vehicle,153.092690026362,-27.4745444517925,Dorothea St,Richmond Rd,,Cannon Hill,Brisbane City,4170,Morningside,South Brisbane,Brisbane,SEQ South,Metropolitan,Cannon Hill,Carindale,Brisbane - South,Major Cities,Bulimba,Griffith,Locally-controlled,Intersection - T-Junction,No traffic control,60 km/h,Sealed - Dry,Clear,Darkness - Lighted,Straight,Crest,202,Vehs Opposite Approach: Thru-Right,03: Opposing Vehicles Turning,W,1,0,0,1,2,1,1,0,0,0,0,0
382013,382013,Fatal,2015,July,Sunday,18,Hit object,Single Vehicle,148.695264214087,-20.281581989017,Parkwood Tce,,,Cannonvale,Whitsunday Region,4802,Whitsunday,Mackay,Central,Central,Central Queensland,Airlie - Whitsundays,Whitsunday,Mackay - Isaac - Whitsunday,Outer Regional,Whitsunday,Dawson,Locally-controlled,No Roadway Feature,No traffic control,0 - 50 km/h,Sealed - Dry,Clear,Dawn/Dusk,Curved - view open,Level,804,Off Path-Curve: Off Cway Lt Bend Hit Obj,19: Off Carriageway on Curve Hit Object,N,1,1,0,0,2,1,0,0,0,0,0,0
382014,382014,Fatal,2015,August,Sunday,0,Hit object,Single Vehicle,152.334729275126,-26.0954663656486,Wide Bay Hwy,,Wide Bay Highway (Gympie - Goomeri),Oakview,Gympie Region,4600,Kilkivan,Wide Bay Burnett,North Coast,Southern,Southern Queensland,Kilkivan,Gympie - Cooloola,Wide Bay,Inner Regional,Nanango,Wide Bay,State-controlled,No Roadway Feature,No traffic control,100 - 110 km/h,Sealed - Dry,Clear,Darkness - Not lighted,Curved - view open,Level,804,Off Path-Curve: Off Cway Lt Bend Hit Obj,19: Off Carriageway on Curve Hit Object,W,1,1,0,0,2,1,0,0,0,0,0,0
382116,382116,Fatal,2016,November,Tuesday,23,Head-on,Multi-Vehicle,152.614267030884,-27.8510055070538,Cunningham Hwy,,Cunningham Highway (Ipswich - Warwick),Warrill View,Scenic Rim Region,4307,Harrisville,Ipswich,Southern,SEQ South,South Coast,Boonah,Ipswich Hinterland,Ipswich,Inner Regional,Scenic Rim,Wright,State-controlled,No Roadway Feature,No traffic control,100 - 110 km/h,Sealed - Dry,Clear,Darkness - Not lighted,Straight,Level,201,Vehs Opposite Approach: Head On,02: Head-on,S,1,0,0,0,1,1,0,2,0,0,0,0
382304,382304,Fatal,2015,July,Wednesday,22,Hit object,Single Vehicle,151.681091153478,-27.6852003152954,Gore Hwy,,Gore Highway (Toowoomba - Millmerran),Linthorpe,Toowoomba Region,4356,Pittsworth,Darling Downs,Southern,Southern,Southern Queensland,Pittsworth,Darling Downs - East,Darling Downs - Maranoa,Inner Regional,Condamine,Groom,State-controlled,No Roadway Feature,No traffic control,100 - 110 km/h,Sealed - Wet,Raining,Darkness - Not lighted,Curved - view open,Grade,804,Off Path-Curve: Off Cway Lt Bend Hit Obj,19: Off Carriageway on Curve Hit Object,S,1,0,0,0,1,1,0,0,0,0,0,0
382305,382305,Fatal,2015,August,Tuesday,12,Angle,Multi-Vehicle,153.090853972207,-27.9024584549803,Mundoolun Rd,,,Mundoolun,Logan City,4285,Jimboomba,Logan,South Eastern,SEQ South,South Coast,Jimboomba,Jimboomba,Logan - Beaudesert,Inner Regional,Scenic Rim,Wright,Locally-controlled,No Roadway Feature,No traffic control,100 - 110 km/h,Sealed - Dry,Clear,Daylight,Curved - view open,Level,201,Vehs Opposite Approach: Head On,02: Head-on,S,1,2,0,0,3,2,0,0,0,0,0,0
382306,382306,Fatal,2015,July,Thursday,17,Hit object,Single Vehicle,153.022045045374,-27.3838614439748,Hamilton Rd,Webster Rd,,Chermside,Brisbane City,4032,Carseldine,North Brisbane,Brisbane,SEQ North,Metropolitan,Chermside,Chermside,Brisbane - North,Major Cities,Stafford,Lilley,Locally-controlled,Intersection - Roundabout,Give way sign,60 km/h,Sealed - Dry,Clear,Dawn/Dusk,Curved - view open,Level,101,Vehs Adjacent Approach: Thru-Thru,01: Intersection: Adjacent Approach,E,1,1,1,0,3,2,0,0,0,0,0,0
382307,382307,Fatal,2015,July,Thursday,20,Hit object,Single Vehicle,151.10508663988,-23.9500272311737,Bruce Hwy,,Bruce Highway (Benaraby - Rockhampton),West Stowe,Gladstone Region,4680,Mount Larcom,Capricornia,Central,Central,Central Queensland,Gladstone Hinterland,Gladstone,Central Queensland,Inner Regional,Gladstone,Flynn,State-controlled,No Roadway Feature,No traffic control,100 - 110 km/h,Sealed - Dry,Clear,Darkness - Not lighted,Curved - view open,Level,804,Off Path-Curve: Off Cway Lt Bend Hit Obj,19: Off Carriageway on Curve Hit Object,S,1,0,0,0,1,0,0,1,0,0,0,0
382308,382308,Fatal,2015,July,Thursday,13,Head-on,Multi-Vehicle,145.754257694239,-17.0347867357553,Bruce Hwy,,Bruce Highway (Innisfail - Cairns),Wrights Creek,Cairns Region,4869,Edmonton,Far North,Far Northern,Northern,North Queensland,Gordonvale - Trinity,Cairns - South,Cairns,Outer Regional,Mulgrave,Kennedy,State-controlled,No Roadway Feature,No traffic control,80 - 90 km/h,Sealed - Dry,Clear,Daylight,Straight,Level,201,Vehs Opposite Approach: Head On,02: Head-on,N,1,0,0,0,1,1,0,1,0,0,0,0
382309,382309,Fatal,2015,July,Friday,12,Head-on,Multi-Vehicle,148.249057263937,-20.1094969510141,Bruce Hwy,,Bruce Highway (Proserpine - Bowen),Bowen,Whitsunday Region,4805,Bowen,Mackay,Central,Central,Central Queensland,Collinsville,Bowen Basin - North,Mackay - Isaac - Whitsunday,Outer Regional,Burdekin,Dawson,State-controlled,No Roadway Feature,No traffic control,100 - 110 km/h,Sealed - Dry,Clear,Daylight,Curved - view open,Level,201,Vehs Opposite Approach: Head On,02: Head-on,N,1,1,2,0,4,2,0,0,0,0,0,0
382310,382310,Fatal,2015,July,Friday,13,Hit object,Single Vehicle,147.443264360485,-19.705144883667,Bruce Hwy,,Bruce Highway (Bowen - Ayr),Inkerman,Burdekin Shire,4806,Home Hill,Townsville,Northern,Northern,North Queensland,Burdekin,Charters Towers - Ayr - Ingham,Townsville,Outer Regional,Burdekin,Dawson,State-controlled,Bridge/Causeway,No traffic control,100 - 110 km/h,Sealed - Dry,Clear,Daylight,Straight,Level,703,Off Path-Straight: Left Off Cway Hit Obj,16: Off Carriageway on Straight Hit Object,N,3,2,0,0,5,1,0,0,0,0,0,0
382311,382311,Fatal,2015,July,Saturday,3,Hit object,Single Vehicle,153.034227020507,-27.5705358466734,Halt St,,,Coopers Plains,Brisbane City,4108,Acacia Ridge,South Brisbane,Brisbane,SEQ South,Metropolitan,Coopers Plains,Nathan,Brisbane - South,Major Cities,Toohey,Moreton,Locally-controlled,No Roadway Feature,No traffic control,60 km/h,Sealed - Wet,Raining,Darkness - Lighted,Curved - view open,Level,803,Off Path-Curve: Off Cway Rt Bend Hit Obj,19: Off Carriageway on Curve Hit Object,N,1,1,0,0,2,1,0,0,0,0,0,0
382312,382312,Fatal,2015,July,Saturday,14,Angle,Multi-Vehicle,153.397905937576,-27.9109094861362,Morala Ave,Sports Dr,,Runaway Bay,Gold Coast City,4216,Runaway Bay,Gold Coast,South Eastern,SEQ South,South Coast,Runaway Bay,Gold Coast - North,Gold Coast,Major Cities,Broadwater,Fadden,Locally-controlled,Intersection - T-Junction,Give way sign,60 km/h,Sealed - Dry,Clear,Daylight,Straight,Level,202,Vehs Opposite Approach: Thru-Right,03: Opposing Vehicles Turning,S,1,0,5,0,6,3,0,0,0,0,0,0
382313,382313,Fatal,2015,July,Friday,22,Hit animal,Other,146.493820479076,-19.1253148068846,Bruce Hwy,,Bruce Highway (Townsville - Ingham),Bluewater,Townsville City,4818,Deeragun,Townsville,Northern,Northern,North Queensland,Northern Beaches,Townsville,Townsville,Outer Regional,Hinchinbrook,Kennedy,State-controlled,No Roadway Feature,No traffic control,100 - 110 km/h,Sealed - Dry,Clear,Darkness - Not lighted,Straight,Level,609,Pass & Misc: Hit Animal,14: Hit Animal,S,1,0,0,0,1,0,1,0,0,0,0,0
382314,382314,Fatal,2015,August,Saturday,9,Head-on,Multi-Vehicle,152.290469135185,-27.2908713708657,Esk - Hampton Rd,,Esk - Hampton Road,Redbank Creek,Somerset Region,4312,Esk,Ipswich,Southern,SEQ North,North Coast,Esk,Ipswich Hinterland,Ipswich,Inner Regional,Nanango,Blair,State-controlled,No Roadway Feature,No traffic control,100 - 110 km/h,Sealed - Dry,Clear,Daylight,Curved - view obscured,Grade,900,Pass & Misc: Other,21: Other,N,1,0,0,0,1,1,1,0,0,0,0,0
382315,382315,Fatal,2015,August,Saturday,14,Fall from vehicle,Single Vehicle,146.823294435831,-19.3583248333743,Mt Stuart Rd,,,Roseneath,Townsville City,4811,Stuart,Townsville,Northern,Northern,North Queensland,Wulguru - Roseneath,Townsville,Townsville,Outer Regional,Mundingburra,Kennedy,Locally-controlled,No Roadway Feature,No traffic control,0 - 50 km/h,Sealed - Dry,Clear,Daylight,Curved - view open,Grade,801,Off Path-Curve: Off Cway Right Bend,18: Off Carriageway on Curve,W,1,0,0,0,1,0,1,0,0,0,0,0