_id,Crash_Ref_Number,Crash_Severity,Crash_Year,Crash_Month,Crash_Day_Of_Week,Crash_Hour,Crash_Nature,Crash_Type,Crash_Longitude,Crash_Latitude,Crash_Street,Crash_Street_Intersecting,State_Road_Name,Loc_Suburb,Loc_Local_Government_Area,Loc_Post_Code,Loc_Police_Division,Loc_Police_District,Loc_Police_Region,Loc_Queensland_Transport_Region,Loc_Main_Roads_Region,Loc_ABS_Statistical_Area_2,Loc_ABS_Statistical_Area_3,Loc_ABS_Statistical_Area_4,Loc_ABS_Remoteness,Loc_State_Electorate,Loc_Federal_Electorate,Crash_Controlling_Authority,Crash_Roadway_Feature,Crash_Traffic_Control,Crash_Speed_Limit,Crash_Road_Surface_Condition,Crash_Atmospheric_Condition,Crash_Lighting_Condition,Crash_Road_Horiz_Align,Crash_Road_Vert_Align,Crash_DCA_Code,Crash_DCA_Description,Crash_DCA_Group_Description,DCA_Key_Approach_Dir,Count_Casualty_Fatality,Count_Casualty_Hospitalised,Count_Casualty_MedicallyTreated,Count_Casualty_MinorInjury,Count_Casualty_Total,Count_Unit_Car,Count_Unit_Motorcycle_Moped,Count_Unit_Truck,Count_Unit_Bus,Count_Unit_Bicycle,Count_Unit_Pedestrian,Count_Unit_Other
382316,382316,Fatal,2015,August,Sunday,18,Hit object,Single Vehicle,153.518531891325,-28.1655175004493,Gold Coast Hwy,,Gold Coast Highway (Broadbeach - Coolangatta),Bilinga,Gold Coast City,4225,Coolangatta,Gold Coast,South Eastern,SEQ South,South Coast,Currumbin - Tugun,Coolangatta,Gold Coast,Major Cities,Currumbin,Mcpherson,State-controlled,No Roadway Feature,No traffic control,80 - 90 km/h,Sealed - Dry,Clear,Darkness - Lighted,Curved - view open,Level,201,Vehs Opposite Approach: Head On,02: Head-on,S,2,2,1,0,5,2,0,0,0,0,0,0
382317,382317,Fatal,2015,August,Monday,16,Angle,Multi-Vehicle,153.016840027239,-27.5320784446244,Forest St,Ipswich Rd,,Moorooka,Brisbane City,4105,Moorooka,South Brisbane,Brisbane,SEQ South,Metropolitan,Moorooka,Nathan,Brisbane - South,Major Cities,Miller,Moreton,Locally-controlled,Intersection - Cross,No traffic control,,Sealed - Dry,Clear,Daylight,Straight,Grade,207,Vehs Opposite Approach: U-Turn,07: U-turn,S,1,0,0,0,1,1,1,0,0,0,0,0
382318,382318,Fatal,2015,August,Wednesday,11,Head-on,Multi-Vehicle,153.012535021557,-27.5807304445765,Beatty Rd,,,Acacia Ridge,Brisbane City,4110,Acacia Ridge,South Brisbane,Brisbane,SEQ South,Metropolitan,Rocklea - Acacia Ridge,Rocklea - Acacia Ridge,Brisbane - South,Major Cities,Algester,Moreton,Locally-controlled,No Roadway Feature,No traffic control,60 km/h,Sealed - Dry,Clear,Daylight,Straight,Level,201,Vehs Opposite Approach: Head On,02: Head-on,N,1,1,0,0,2,2,0,0,0,0,0,0
382319,382319,Fatal,2015,August,Sunday,16,Head-on,Multi-Vehicle,151.70197349057,-24.7845722940525,Bruce Hwy,,Bruce Highway (Gin Gin - Benaraby),Kolonga,Bundaberg Region,4671,Gin Gin,Wide Bay Burnett,North Coast,Southern,Southern Queensland,Gin Gin,Burnett,Wide Bay,Outer Regional,Callide,Flynn,State-controlled,Bridge/Causeway,No traffic control,100 - 110 km/h,Sealed - Dry,Clear,Daylight,Curved - view open,Dip,201,Vehs Opposite Approach: Head On,02: Head-on,S,2,1,0,0,3,1,0,1,0,0,0,0
382320,382320,Fatal,2015,August,Monday,14,Hit object,Single Vehicle,150.713523711014,-23.6240791925072,Bajool - Port Alma Rd,,Bajool - Pt Alma Road,Port Alma,Rockhampton Region,4699,Marmor,Capricornia,Central,Central,Central Queensland,Bouldercombe,Rockhampton,Central Queensland,Outer Regional,Mirani,Flynn,State-controlled,No Roadway Feature,No traffic control,100 - 110 km/h,Sealed - Dry,Clear,Daylight,Straight,Level,703,Off Path-Straight: Left Off Cway Hit Obj,16: Off Carriageway on Straight Hit Object,W,1,1,1,0,3,1,0,0,0,0,0,0
382321,382321,Fatal,2015,August,Saturday,11,Fall from vehicle,Single Vehicle,153.103400158066,-26.4146692444247,Mylar Ct,,,Sunrise Beach,Noosa Shire,4567,Noosa Heads,Sunshine Coast,North Coast,SEQ North,North Coast,Sunshine Beach,Noosa,Sunshine Coast,Major Cities,Noosa,Wide Bay,Locally-controlled,No Roadway Feature,No traffic control,0 - 50 km/h,Sealed - Dry,Clear,Daylight,Straight,Grade,901,Pass & Misc: Fell In/From Vehicle,21: Other,E,1,0,0,0,1,0,0,1,0,0,0,1
382322,382322,Fatal,2015,August,Tuesday,23,Hit object,Single Vehicle,152.971449148641,-26.5997824326603,Nambour Connection Rd,,Nambour Connection Road,Parklands,Sunshine Coast Region,4560,Nambour,Sunshine Coast,North Coast,SEQ North,North Coast,Bli Bli,Nambour,Sunshine Coast,Inner Regional,Nicklin,Fairfax,State-controlled,No Roadway Feature,No traffic control,80 - 90 km/h,Sealed - Dry,Clear,Darkness - Lighted,Straight,Level,703,Off Path-Straight: Left Off Cway Hit Obj,16: Off Carriageway on Straight Hit Object,S,1,0,0,0,1,1,0,0,0,0,0,0
382323,382323,Fatal,2015,August,Tuesday,7,Head-on,Multi-Vehicle,152.359681164209,-26.9925603752578,Brisbane Valley Hwy,,Brisbane Valley Highway (Ipswich - Harlin),Harlin,Somerset Region,4306,Toogoolawah,Ipswich,Southern,SEQ North,North Coast,Kilcoy,Caboolture Hinterland,Moreton Bay - North,Inner Regional,Nanango,Blair,State-controlled,No Roadway Feature,No traffic control,100 - 110 km/h,Sealed - Dry,Clear,Daylight,Straight,Level,501,Vehs Overtaking: Head On,02: Head-on,S,1,0,0,0,1,1,0,1,0,0,0,0
382324,382324,Fatal,2015,August,Tuesday,18,Hit animal,Other,149.823565876878,-22.7958258061821,Bruce Hwy,,Bruce Highway (Rockhampton - St Lawrence),Marlborough,Livingstone Shire,4705,Marlborough,Capricornia,Central,Central,Central Queensland,Rockhampton Region - North,Rockhampton,Central Queensland,Remote,Mirani,Capricornia,State-controlled,No Roadway Feature,No traffic control,100 - 110 km/h,Sealed - Dry,Clear,Darkness - Not lighted,Straight,Level,201,Vehs Opposite Approach: Head On,02: Head-on,N,1,1,1,0,3,1,1,0,0,0,0,0
382325,382325,Fatal,2015,August,Wednesday,16,Hit object,Single Vehicle,153.035244004121,-27.6990854477894,Crest Rd,,,Park Ridge,Logan City,4125,Browns Plains,Logan,South Eastern,SEQ South,South Coast,Boronia Heights - Park Ridge,Browns Plains,Logan - Beaudesert,Major Cities,Logan,Forde,Locally-controlled,No Roadway Feature,No traffic control,60 km/h,Sealed - Dry,Clear,Daylight,Curved - view open,Grade,803,Off Path-Curve: Off Cway Rt Bend Hit Obj,19: Off Carriageway on Curve Hit Object,W,1,0,0,0,1,0,1,0,0,0,0,0
382326,382326,Fatal,2015,August,Wednesday,9,Rear-end,Multi-Vehicle,153.101404056062,-27.231941450748,Knight St,Victoria Ave,,Redcliffe,Moreton Bay Region,4020,Redcliffe,Moreton,North Coast,SEQ North,North Coast,Redcliffe,Redcliffe,Moreton Bay - North,Major Cities,Redcliffe,Petrie,Locally-controlled,Intersection - T-Junction,No traffic control,60 km/h,Sealed - Dry,Clear,Daylight,Straight,Level,303,Vehs Same Direction: Right Rear,04: Rear-end,N,1,2,0,0,3,3,0,0,0,0,0,0
382327,382327,Fatal,2015,August,Saturday,21,Overturned,Single Vehicle,151.390779205465,-27.5151562865233,Toowoomba - Cecil Plains Rd,,Toowoomba - Cecil Plains Road,Norwin,Toowoomba Region,4356,Jondaryan,Darling Downs,Southern,Southern,Southern Queensland,Jondaryan,Darling Downs - East,Darling Downs - Maranoa,Inner Regional,Condamine,Groom,State-controlled,No Roadway Feature,No traffic control,100 - 110 km/h,Sealed - Wet,Raining,Darkness - Not lighted,Curved - view open,Level,802,Off Path-Curve: Off Cway Left Bend,18: Off Carriageway on Curve,W,1,0,0,0,1,1,0,0,0,0,0,0
382359,382359,Fatal,2014,August,Tuesday,6,Hit object,Single Vehicle,151.775002537532,-24.3114302971303,Round Hill Rd,,,Captain Creek,Gladstone Region,4677,Agnes Water,Capricornia,Central,Central,Central Queensland,Agnes Water - Miriam Vale,Gladstone,Central Queensland,Outer Regional,Burnett,Flynn,Locally-controlled,No Roadway Feature,No traffic control,100 - 110 km/h,Sealed - Dry,Clear,Dawn/Dusk,Curved - view open,Level,804,Off Path-Curve: Off Cway Lt Bend Hit Obj,19: Off Carriageway on Curve Hit Object,N,2,0,0,0,2,1,0,0,0,0,0,0
382360,382360,Fatal,2014,August,Wednesday,13,Hit pedestrian,Hit pedestrian,153.06330503122,-27.46104244873,Riding Rd,,,Balmoral,Brisbane City,4171,Morningside,South Brisbane,Brisbane,SEQ South,Metropolitan,Hawthorne,Brisbane Inner - East,Brisbane Inner City,Major Cities,Bulimba,Griffith,Locally-controlled,No Roadway Feature,No traffic control,0 - 50 km/h,Sealed - Dry,Clear,Daylight,Straight,Level,000,Pedn: Hit Other,21: Other,N,1,0,0,0,1,2,0,0,0,0,1,0
382361,382361,Fatal,2014,August,Thursday,5,Head-on,Multi-Vehicle,152.21185941493,-25.0165193449438,Isis Hwy,,Isis Highway (Bundaberg - Childers),Pine Creek,Bundaberg Region,4670,Bundaberg,Wide Bay Burnett,North Coast,Southern,Southern Queensland,Bundaberg Region - South,Bundaberg,Wide Bay,Inner Regional,Burnett,Hinkler,State-controlled,No Roadway Feature,No traffic control,100 - 110 km/h,Sealed - Dry,Clear,Daylight,Straight,Crest,201,Vehs Opposite Approach: Head On,02: Head-on,N,2,2,0,0,4,2,0,0,0,0,0,0
382362,382362,Fatal,2014,August,Thursday,13,Angle,Multi-Vehicle,153.225793005862,-27.5235164656108,Capalaba - Cleveland Rd,Vienna Rd,Capalaba - Cleveland Road,Alexandra Hills,Redland City,4161,Capalaba,South Brisbane,Brisbane,SEQ South,Metropolitan,Alexandra Hills,Capalaba,Brisbane - East,Major Cities,Capalaba,Bowman,State-controlled,Intersection - Cross,Operating traffic lights,60 km/h,Sealed - Dry,Clear,Daylight,Straight,Level,101,Vehs Adjacent Approach: Thru-Thru,01: Intersection: Adjacent Approach,W,1,0,0,1,2,4,0,0,0,0,0,0
382363,382363,Fatal,2014,August,Friday,21,Hit object,Single Vehicle,153.013267122773,-26.7731904382384,Mooloolah Connection Rd,,Mooloolah Connection Road,Glenview,Sunshine Coast Region,4553,Beerwah,Sunshine Coast,North Coast,SEQ North,North Coast,Landsborough,Sunshine Coast Hinterland,Sunshine Coast,Inner Regional,Caloundra,Fisher,State-controlled,No Roadway Feature,No traffic control,80 - 90 km/h,Sealed - Wet,Raining,Darkness - Not lighted,Curved - view open,Level,803,Off Path-Curve: Off Cway Rt Bend Hit Obj,19: Off Carriageway on Curve Hit Object,E,4,0,1,0,5,1,0,0,0,0,0,0
382364,382364,Fatal,2014,August,Saturday,17,Hit object,Single Vehicle,151.750093113864,-27.9508843239464,Clifton - Leyburn Rd,,Clifton - Leyburn Road,Ellangowan,Toowoomba Region,4361,Clifton,Darling Downs,Southern,Southern,Southern Queensland,Clifton - Greenmount,Granite Belt,Darling Downs - Maranoa,Inner Regional,Condamine,Maranoa,State-controlled,No Roadway Feature,No traffic control,100 - 110 km/h,Sealed - Wet,Raining,Darkness - Not lighted,Straight,Level,704,Off Path-Straight: Right Off Cway Hit Obj,16: Off Carriageway on Straight Hit Object,W,1,0,0,0,1,1,0,0,0,0,0,0
382551,382551,Fatal,2016,March,Tuesday,20,Hit pedestrian,Hit pedestrian,153.114303969868,-27.9006904573278,Beaudesert - Beenleigh Rd,,Beaudesert - Beenleigh Road,Tamborine,Scenic Rim Region,4270,Canungra,Logan,South Eastern,SEQ South,South Coast,Tamborine - Canungra,Gold Coast Hinterland,Gold Coast,Inner Regional,Scenic Rim,Wright,State-controlled,No Roadway Feature,No traffic control,100 - 110 km/h,Sealed - Wet,Clear,Darkness - Not lighted,Curved - view obscured,Grade,005,Pedn: Hit Walking With Traffic,12: Pedestrian,S,1,0,0,0,1,1,0,0,0,0,1,0
382552,382552,Fatal,2016,March,Monday,18,Rear-end,Multi-Vehicle,153.020280162347,-26.448655436344,Eumundi - Noosa Rd,,Eumundi - Noosa Road,Doonan,Sunshine Coast Region,4562,Eumundi,Sunshine Coast,North Coast,SEQ North,North Coast,Noosa Hinterland,Noosa Hinterland,Sunshine Coast,Major Cities,Ninderry,Fairfax,State-controlled,No Roadway Feature,No traffic control,80 - 90 km/h,Sealed - Dry,Clear,Dawn/Dusk,Straight,Level,703,Off Path-Straight: Left Off Cway Hit Obj,16: Off Carriageway on Straight Hit Object,W,1,0,0,0,1,1,0,0,0,1,0,0
382553,382553,Fatal,2016,March,Monday,21,Hit object,Single Vehicle,153.018775019376,-27.5926614452968,Bellamy St,Watson Rd,,Acacia Ridge,Brisbane City,4110,Acacia Ridge,South Brisbane,Brisbane,SEQ South,Metropolitan,Rocklea - Acacia Ridge,Rocklea - Acacia Ridge,Brisbane - South,Major Cities,Algester,Moreton,Locally-controlled,Intersection - T-Junction,No traffic control,60 km/h,Sealed - Dry,Clear,Darkness - Lighted,Straight,Crest,703,Off Path-Straight: Left Off Cway Hit Obj,16: Off Carriageway on Straight Hit Object,S,1,0,0,0,1,0,1,0,0,0,0,0
382623,382623,Fatal,2017,January,Friday,22,Fall from vehicle,Single Vehicle,153.411583912372,-28.0942044889688,Yodelay St,,,Varsity Lakes,Gold Coast City,4227,Robina,Gold Coast,South Eastern,SEQ South,South Coast,Varsity Lakes,Robina,Gold Coast,Major Cities,Burleigh,Mcpherson,Locally-controlled,No Roadway Feature,No traffic control,0 - 50 km/h,Sealed - Dry,Clear,Darkness - Lighted,Straight,Level,901,Pass & Misc: Fell In/From Vehicle,21: Other,S,1,0,1,0,2,0,1,0,0,0,0,0
382641,382641,Fatal,2021,June,Saturday,11,Head-on,Multi-Vehicle,151.908856505605,-24.481685311328,Coast Rd,,,Baffle Creek,Gladstone Region,4674,Rosedale,Capricornia,Central,Central,Central Queensland,Agnes Water - Miriam Vale,Gladstone,Central Queensland,Outer Regional,Burnett,Flynn,Locally-controlled,No Roadway Feature,No traffic control,60 km/h,Sealed - Dry,Clear,Daylight,Straight,Level,202,Vehs Opposite Approach: Thru-Right,03: Opposing Vehicles Turning,W,1,3,0,0,4,2,0,0,0,0,0,0
382645,382645,Fatal,2017,February,Monday,11,Angle,Multi-Vehicle,151.93918613847,-27.5758043391095,Drayton Rd,South St,,Harristown,Toowoomba Region,4350,Toowoomba,Darling Downs,Southern,Southern,Southern Queensland,Drayton - Harristown,Toowoomba,Toowoomba,Inner Regional,Toowoomba South,Groom,Locally-controlled,Intersection - Cross,Operating traffic lights,60 km/h,Sealed - Dry,Clear,Daylight,Straight,Grade,202,Vehs Opposite Approach: Thru-Right,03: Opposing Vehicles Turning,N,1,1,0,0,2,2,0,0,0,0,0,0
382831,382831,Fatal,2018,July,Friday,6,Rear-end,Multi-Vehicle,148.591543208945,-20.4228339816433,Bruce Hwy,,Bruce Highway (Mackay - Proserpine),Proserpine,Whitsunday Region,4800,Proserpine,Mackay,Central,Central,Central Queensland,Proserpine,Whitsunday,Mackay - Isaac - Whitsunday,Outer Regional,Whitsunday,Dawson,State-controlled,No Roadway Feature,No traffic control,100 - 110 km/h,Sealed - Dry,Clear,Daylight,Straight,Level,301,Vehs Same Direction: Rear End,04: Rear-end,N,1,0,1,1,3,1,0,2,0,0,0,0
382923,382923,Fatal,2014,August,Monday,14,Hit object,Single Vehicle,153.022765042726,-27.4042634442085,View St,,,Kedron,Brisbane City,4031,Stafford,North Brisbane,Brisbane,SEQ North,Metropolitan,Kedron - Gordon Park,Chermside,Brisbane - North,Major Cities,Stafford,Lilley,Locally-controlled,No Roadway Feature,No traffic control,0 - 50 km/h,Sealed - Dry,Clear,Daylight,Straight,Grade,704,Off Path-Straight: Right Off Cway Hit Obj,16: Off Carriageway on Straight Hit Object,N,1,0,0,0,1,0,0,1,0,0,0,0
382924,382924,Fatal,2014,August,Thursday,14,Hit object,Single Vehicle,152.717086209285,-26.3187644050612,Bruce Hwy,,Cooroy - Gympie Road,Kybong,Gympie Region,4570,Gympie,Wide Bay Burnett,North Coast,Southern,Southern Queensland,Gympie Region,Gympie - Cooloola,Wide Bay,Inner Regional,Gympie,Wide Bay,State-controlled,No Roadway Feature,No traffic control,80 - 90 km/h,Sealed - Wet,Raining,Daylight,Curved - view open,Level,803,Off Path-Curve: Off Cway Rt Bend Hit Obj,19: Off Carriageway on Curve Hit Object,N,1,1,0,0,2,1,0,0,0,0,0,0
382925,382925,Fatal,2014,August,Friday,3,Hit parked vehicle,Single Vehicle,153.122593112703,-26.762921449147,Nicklin Wy,,Nicklin Way,Wurtulla,Sunshine Coast Region,4575,Kawana Waters,Sunshine Coast,North Coast,SEQ North,North Coast,Wurtulla - Birtinya,Caloundra,Sunshine Coast,Major Cities,Kawana,Fisher,State-controlled,No Roadway Feature,No traffic control,70 km/h,Sealed - Wet,Raining,Darkness - Lighted,Curved - view open,Level,803,Off Path-Curve: Off Cway Rt Bend Hit Obj,19: Off Carriageway on Curve Hit Object,N,1,0,0,0,1,1,0,1,0,0,0,0
382926,382926,Fatal,2014,August,Saturday,19,Hit object,Single Vehicle,145.486886667775,-17.6113777219444,Moffat St,,,Ravenshoe,Tablelands Region,4888,Ravenshoe,Far North,Far Northern,Northern,North Queensland,Herberton,Tablelands (east) - Kuranda,Cairns,Outer Regional,Hill,Kennedy,Locally-controlled,No Roadway Feature,No traffic control,0 - 50 km/h,Sealed - Dry,Clear,Darkness - Lighted,Straight,Level,704,Off Path-Straight: Right Off Cway Hit Obj,16: Off Carriageway on Straight Hit Object,S,1,0,0,0,1,1,0,0,0,0,0,0
383028,383028,Fatal,2016,August,Wednesday,19,Head-on,Multi-Vehicle,145.145247725902,-17.1300066943594,Mareeba - Dimbulah Rd,Unnamed Rd,Mareeba - Dimbulah Road,Dimbulah,Mareeba Shire,4872,Dimbulah,Far North,Far Northern,Northern,North Queensland,Tablelands,Far North,Queensland - Outback,Outer Regional,Hill,Kennedy,State-controlled,Intersection - T-Junction,No traffic control,100 - 110 km/h,Sealed - Dry,Clear,Darkness - Not lighted,Curved - view open,Grade,201,Vehs Opposite Approach: Head On,02: Head-on,E,1,1,1,0,3,2,0,0,0,0,0,0
383029,383029,Fatal,2016,August,Friday,5,Hit object,Single Vehicle,145.909340601084,-18.1109477559184,Bruce Hwy,,Bruce Highway (Ingham - Innisfail),Bilyana,Cassowary Coast Region,4854,Tully,Far North,Far Northern,Northern,North Queensland,Tully,Innisfail - Cassowary Coast,Cairns,Remote,Hinchinbrook,Kennedy,State-controlled,No Roadway Feature,No traffic control,100 - 110 km/h,Sealed - Dry,Fog,Dawn/Dusk,Straight,Level,704,Off Path-Straight: Right Off Cway Hit Obj,16: Off Carriageway on Straight Hit Object,N,1,0,0,0,1,0,0,1,0,0,0,0
383031,383031,Fatal,2014,August,Wednesday,9,Hit object,Single Vehicle,151.842197319678,-26.1415183184133,Murgon - Gayndah Rd,,Murgon - Gayndah Road,Cloyna,South Burnett Region,4605,Murgon,Darling Downs,Southern,Southern,Southern Queensland,Kingaroy Region - North,Burnett,Wide Bay,Outer Regional,Nanango,Wide Bay,State-controlled,No Roadway Feature,No traffic control,100 - 110 km/h,Sealed - Dry,Clear,Daylight,Curved - view open,Grade,804,Off Path-Curve: Off Cway Lt Bend Hit Obj,19: Off Carriageway on Curve Hit Object,S,1,0,0,0,1,0,0,1,0,0,0,0
383032,383032,Fatal,2014,August,Wednesday,15,Fall from vehicle,Single Vehicle,153.328777954394,-27.8388334785378,Finnegan Way,,,Coomera,Gold Coast City,4209,Coomera,Gold Coast,South Eastern,SEQ South,South Coast,Coomera,Ormeau - Oxenford,Gold Coast,Major Cities,Coomera,Fadden,Locally-controlled,No Roadway Feature,No traffic control,0 - 50 km/h,Sealed - Dry,Clear,Daylight,Curved - view open,Level,805,Off Path-Curve: Out Of Control On Cway,20: Out of Control on Curve,N,1,0,0,0,1,0,1,0,0,0,0,0
383033,383033,Fatal,2014,August,Friday,13,Rear-end,Multi-Vehicle,149.929296699453,-24.4194071288034,Moura - Baralaba Rd,,,Moura,Banana Shire,4718,Baralaba,Capricornia,Central,Central,Central Queensland,Banana,Biloela,Central Queensland,Outer Regional,Callide,Flynn,Locally-controlled,No Roadway Feature,No traffic control,0 - 50 km/h,Unsealed - Dry,Clear,Daylight,Straight,Level,301,Vehs Same Direction: Rear End,04: Rear-end,S,1,0,0,0,1,1,0,0,0,0,0,1
383034,383034,Fatal,2014,August,Friday,19,Angle,Multi-Vehicle,153.092978000138,-27.6811804534528,Browns Plains Rd,Second Ave,,Marsden,Logan City,4132,Crestmead,Logan,South Eastern,SEQ South,South Coast,Marsden,Browns Plains,Logan - Beaudesert,Major Cities,Woodridge,Rankin,Locally-controlled,Intersection - Cross,Operating traffic lights,70 km/h,Sealed - Dry,Clear,Darkness - Lighted,Straight,Level,202,Vehs Opposite Approach: Thru-Right,03: Opposing Vehicles Turning,W,1,5,0,0,6,2,0,0,0,0,0,0
383139,383139,Fatal,2018,January,Sunday,11,Hit object,Single Vehicle,151.95167439062,-25.441477323265,Gooroolba - Biggenden Rd,,Gooroolba - Biggenden Road,Degilbo,North Burnett Region,4621,Biggenden,Wide Bay Burnett,North Coast,Southern,Southern Queensland,Gayndah - Mundubbera,Burnett,Wide Bay,Outer Regional,Callide,Flynn,State-controlled,Bridge/Causeway,Give way sign,100 - 110 km/h,Sealed - Dry,Clear,Daylight,Straight,Level,703,Off Path-Straight: Left Off Cway Hit Obj,16: Off Carriageway on Straight Hit Object,W,1,0,0,0,1,0,1,0,0,0,0,0
383349,383349,Fatal,2014,June,Tuesday,12,Head-on,Multi-Vehicle,145.629357270153,-17.3118259803372,Malanda - Lake Barrine Rd,,Malanda - Lake Barrine Road,Lake Eacham,Tablelands Region,4884,Malanda,Far North,Far Northern,Northern,North Queensland,Malanda - Yungaburra,Tablelands (east) - Kuranda,Cairns,Outer Regional,Hill,Kennedy,State-controlled,No Roadway Feature,No traffic control,100 - 110 km/h,Sealed - Dry,Clear,Daylight,Curved - view open,Grade,201,Vehs Opposite Approach: Head On,02: Head-on,N,1,0,0,0,1,1,1,0,0,0,0,0
383350,383350,Fatal,2014,June,Tuesday,16,Hit object,Single Vehicle,150.69670657461,-24.8971752013966,Glencoe Rd,,,Rawbelle,North Burnett Region,4630,Monto,Wide Bay Burnett,North Coast,Southern,Southern Queensland,Monto - Eidsvold,Burnett,Wide Bay,Remote,Callide,Flynn,Locally-controlled,Bridge/Causeway,No traffic control,80 - 90 km/h,Unsealed - Dry,Clear,Daylight,Curved - view open,Level,803,Off Path-Curve: Off Cway Rt Bend Hit Obj,19: Off Carriageway on Curve Hit Object,S,1,0,0,0,1,0,0,0,0,0,0,1
383351,383351,Fatal,2014,June,Thursday,19,Hit animal,Other,139.220806957884,-20.3708203907825,Barkly Hwy,,Barkly Highway (Mount Isa - Camooweal),Gunpowder,Mount Isa City,4825,Mount Isa,Mount Isa,Northern,Northern,North Queensland,Mount Isa Region,Outback - North,Queensland - Outback,Very Remote,Traeger,Kennedy,State-controlled,No Roadway Feature,No traffic control,100 - 110 km/h,Sealed - Dry,Clear,Darkness - Not lighted,Straight,Level,609,Pass & Misc: Hit Animal,14: Hit Animal,S,2,0,0,0,2,0,0,0,0,0,0,2
383352,383352,Fatal,2014,June,Monday,12,Hit object,Single Vehicle,151.893244993608,-28.8019133442491,Eukey Rd,,,Ballandean,Southern Downs Region,4382,Stanthorpe,Darling Downs,Southern,Southern,Southern Queensland,Stanthorpe Region,Granite Belt,Darling Downs - Maranoa,Outer Regional,Southern Downs,Maranoa,Locally-controlled,No Roadway Feature,No traffic control,100 - 110 km/h,Sealed - Dry,Clear,Daylight,Straight,Grade,704,Off Path-Straight: Right Off Cway Hit Obj,16: Off Carriageway on Straight Hit Object,W,1,0,0,0,1,1,0,0,0,0,0,0
383454,383454,Fatal,2021,January,Monday,0,Hit object,Single Vehicle,151.960828229983,-26.7953223350168,D'Aguilar Hwy,,D'Aguilar Highway (Yarraman - Kingaroy),South Nanango,South Burnett Region,4615,Nanango,Darling Downs,Southern,Southern,Southern Queensland,Nanango,Burnett,Wide Bay,Inner Regional,Nanango,Maranoa,State-controlled,No Roadway Feature,No traffic control,100 - 110 km/h,Sealed - Dry,Clear,Darkness - Not lighted,Curved - view open,Grade,803,Off Path-Curve: Off Cway Rt Bend Hit Obj,19: Off Carriageway on Curve Hit Object,N,1,0,0,0,1,1,0,0,0,0,0,0
383458,383458,Fatal,2021,February,Sunday,19,Hit object,Single Vehicle,153.097499159718,-26.4062104437628,Eenie Ck Rd,,,Sunshine Beach,Noosa Shire,4567,Noosa Heads,Sunshine Coast,North Coast,SEQ North,North Coast,Sunshine Beach,Noosa,Sunshine Coast,Major Cities,Noosa,Wide Bay,Locally-controlled,No Roadway Feature,No traffic control,60 km/h,Sealed - Dry,Clear,Darkness - Not lighted,Curved - view obscured,Grade,804,Off Path-Curve: Off Cway Lt Bend Hit Obj,19: Off Carriageway on Curve Hit Object,,1,0,0,0,1,0,1,0,0,0,0,0
383463,383463,Fatal,2021,February,Friday,1,Head-on,Multi-Vehicle,148.741833086881,-21.5956540039337,Peak Downs Hwy,,Peak Downs Highway (Nebo - Mackay),Nebo,Isaac Region,4742,Nebo,Mackay,Central,Central,Central Queensland,Broadsound - Nebo,Bowen Basin - North,Mackay - Isaac - Whitsunday,Outer Regional,Burdekin,Capricornia,State-controlled,No Roadway Feature,No traffic control,100 - 110 km/h,Sealed - Dry,Clear,Darkness - Not lighted,Straight,Level,201,Vehs Opposite Approach: Head On,02: Head-on,S,1,0,0,1,2,1,0,1,0,0,0,0
383476,383476,Fatal,2021,May,Friday,19,Hit object,Single Vehicle,141.678690691953,-21.4687265188913,Landsborough Hwy,,Landsborough Highway (Kynuna - Cloncurry),Kynuna,Mckinlay Shire,4823,Kynuna,Mount Isa,Northern,Northern,North Queensland,Northern Highlands,Outback - North,Queensland - Outback,Very Remote,Traeger,Kennedy,State-controlled,Bridge/Causeway,No traffic control,100 - 110 km/h,Sealed - Dry,Clear,Darkness - Not lighted,Straight,Dip,201,Vehs Opposite Approach: Head On,02: Head-on,E,1,2,0,0,3,1,0,1,0,0,0,0
383524,383524,Fatal,2023,July,Friday,0,Hit object,Single Vehicle,151.928698141345,-27.561474337989,Hursley Rd,,,Newtown,Toowoomba Region,4350,Toowoomba,Darling Downs,Southern,Southern,Southern Queensland,Newtown (qld),Toowoomba,Toowoomba,Inner Regional,Toowoomba North,Groom,Locally-controlled,No Roadway Feature,No traffic control,60 km/h,Sealed - Dry,Clear,Darkness - Lighted,Straight,Level,900,Pass & Misc: Other,21: Other,,1,1,0,0,2,2,0,0,0,0,0,0
383607,383607,Fatal,2021,August,Friday,6,Sideswipe,Multi-Vehicle,152.041505256851,-26.4996293404305,Burnett Hwy,,Burnett Highway (Nanango - Goomeri),Sandy Ridges,South Burnett Region,4615,Nanango,Darling Downs,Southern,Southern,Southern Queensland,Nanango,Burnett,Wide Bay,Outer Regional,Nanango,Maranoa,State-controlled,No Roadway Feature,No traffic control,100 - 110 km/h,Sealed - Dry,Clear,Daylight,Straight,Level,305,Vehs Same Direction: Lane Side Swipe,05: Lane Change,S,1,0,0,0,1,2,0,0,0,0,0,0
383624,383624,Fatal,2021,June,Sunday,17,Fall from vehicle,Single Vehicle,151.940268141523,-27.5495973390073,Bridge St,Gladstone St,,Newtown,Toowoomba Region,4350,Toowoomba,Darling Downs,Southern,Southern,Southern Queensland,Newtown (qld),Toowoomba,Toowoomba,Inner Regional,Toowoomba North,Groom,Locally-controlled,Intersection - T-Junction,No traffic control,60 km/h,Sealed - Dry,Clear,Dawn/Dusk,Straight,Level,104,Vehs Adjacent Approach: Thru-Right,01: Intersection: Adjacent Approach,,1,0,0,0,1,1,1,0,0,0,0,0