_id,Crash_Ref_Number,Crash_Severity,Crash_Year,Crash_Month,Crash_Day_Of_Week,Crash_Hour,Crash_Nature,Crash_Type,Crash_Longitude,Crash_Latitude,Crash_Street,Crash_Street_Intersecting,State_Road_Name,Loc_Suburb,Loc_Local_Government_Area,Loc_Post_Code,Loc_Police_Division,Loc_Police_District,Loc_Police_Region,Loc_Queensland_Transport_Region,Loc_Main_Roads_Region,Loc_ABS_Statistical_Area_2,Loc_ABS_Statistical_Area_3,Loc_ABS_Statistical_Area_4,Loc_ABS_Remoteness,Loc_State_Electorate,Loc_Federal_Electorate,Crash_Controlling_Authority,Crash_Roadway_Feature,Crash_Traffic_Control,Crash_Speed_Limit,Crash_Road_Surface_Condition,Crash_Atmospheric_Condition,Crash_Lighting_Condition,Crash_Road_Horiz_Align,Crash_Road_Vert_Align,Crash_DCA_Code,Crash_DCA_Description,Crash_DCA_Group_Description,DCA_Key_Approach_Dir,Count_Casualty_Fatality,Count_Casualty_Hospitalised,Count_Casualty_MedicallyTreated,Count_Casualty_MinorInjury,Count_Casualty_Total,Count_Unit_Car,Count_Unit_Motorcycle_Moped,Count_Unit_Truck,Count_Unit_Bus,Count_Unit_Bicycle,Count_Unit_Pedestrian,Count_Unit_Other
383706,383706,Fatal,2022,December,Saturday,19,Angle,Multi-Vehicle,152.947561088223,-27.1053664343014,Morayfield Rd,William Berry Dr,Burpengary - Caboolture Road,Morayfield,Moreton Bay Region,4506,Caboolture,Moreton,North Coast,SEQ North,North Coast,Caboolture - South,Caboolture,Moreton Bay - North,Major Cities,Morayfield,Longman,State-controlled,Intersection - Cross,Operating traffic lights,60 km/h,Sealed - Dry,Clear,Darkness - Lighted,Straight,Level,202,Vehs Opposite Approach: Thru-Right,03: Opposing Vehicles Turning,S,1,0,0,0,1,1,1,0,0,0,0,0
383754,383754,Fatal,2023,December,Saturday,19,Overturned,Single Vehicle,153.480738897305,-28.1515924964756,Pacific Hwy,,Pacific Highway (Pacific Motorway),Currumbin Waters,Gold Coast City,4223,Coolangatta,Gold Coast,South Eastern,SEQ South,South Coast,Currumbin Waters,Coolangatta,Gold Coast,Major Cities,Currumbin,Mcpherson,State-controlled,No Roadway Feature,No traffic control,100 - 110 km/h,Sealed - Dry,Clear,Darkness - Lighted,Curved - view open,Level,408,Vehs Manoeuvring: Entering From Footway,08: Vehicle Leaving Driveway,N,1,0,3,0,4,2,0,0,0,0,0,0
383832,383832,Fatal,2024,January,Sunday,11,Hit object,Single Vehicle,151.697358499296,-24.7118852930199,Bruce Hwy,,Bruce Highway (Gin Gin - Benaraby),Lowmead,Gladstone Region,4676,Miriam Vale,Capricornia,Central,Central,Central Queensland,Agnes Water - Miriam Vale,Gladstone,Central Queensland,Outer Regional,Burnett,Flynn,State-controlled,Bridge/Causeway,No traffic control,100 - 110 km/h,Sealed - Dry,Clear,Daylight,Curved - view open,Level,607,Vehs On Path: Temporary Object On Cway,21: Other,S,1,0,0,0,1,1,0,0,0,0,0,0
383996,383996,Fatal,2021,June,Sunday,14,Overturned,Single Vehicle,144.726867808126,-16.3541666596584,Mulligan Hwy,,Mulligan Highway (Mount Molloy - Lakeland),Desailly,Mareeba Shire,4871,Mount Molloy,Far North,Far Northern,Northern,North Queensland,Tablelands,Far North,Queensland - Outback,Very Remote,Cook,Leichhardt,State-controlled,No Roadway Feature,No traffic control,100 - 110 km/h,Sealed - Dry,Clear,Daylight,Curved - view open,Grade,805,Off Path-Curve: Out Of Control On Cway,20: Out of Control on Curve,S,1,2,0,0,3,1,0,0,0,0,0,0
384252,384252,Fatal,2019,November,Sunday,21,Hit animal,Other,152.177070384767,-25.302728343898,Isis Hwy,,Isis Highway (Childers - Biggenden),Eureka,Bundaberg Region,4660,Childers,Wide Bay Burnett,North Coast,Southern,Southern Queensland,Bundaberg Region - South,Bundaberg,Wide Bay,Inner Regional,Burnett,Hinkler,State-controlled,No Roadway Feature,No traffic control,100 - 110 km/h,Sealed - Dry,Clear,Darkness - Not lighted,Curved - view open,Grade,609,Pass & Misc: Hit Animal,14: Hit Animal,W,1,0,0,0,1,1,0,0,0,0,0,0
384274,384274,Fatal,2020,September,Saturday,22,Hit object,Single Vehicle,150.405280790852,-23.1324551605545,Yaamba Rd,,Bruce Highway (Rockhampton - St Lawrence),Milman,Livingstone Shire,4702,North Rockhampton,Capricornia,Central,Central,Central Queensland,Rockhampton Region - North,Rockhampton,Central Queensland,Outer Regional,Mirani,Capricornia,State-controlled,No Roadway Feature,No traffic control,100 - 110 km/h,Sealed - Wet,Clear,Darkness - Not lighted,Straight,Level,703,Off Path-Straight: Left Off Cway Hit Obj,16: Off Carriageway on Straight Hit Object,N,1,0,0,0,1,1,0,0,0,0,0,0
384281,384281,Fatal,2021,March,Friday,17,Hit object,Single Vehicle,152.127181386607,-25.3285723392746,Isis Hwy,,Isis Highway (Childers - Biggenden),Eureka,Bundaberg Region,4660,Childers,Wide Bay Burnett,North Coast,Southern,Southern Queensland,Bundaberg Region - South,Bundaberg,Wide Bay,Inner Regional,Burnett,Hinkler,State-controlled,No Roadway Feature,No traffic control,100 - 110 km/h,Sealed - Dry,Clear,Dawn/Dusk,Curved - view open,Level,803,Off Path-Curve: Off Cway Rt Bend Hit Obj,19: Off Carriageway on Curve Hit Object,N,1,1,1,0,3,1,0,0,0,0,0,0
384485,384485,Fatal,2021,March,Sunday,16,Head-on,Multi-Vehicle,152.374815398901,-25.0196953608468,Goodwood Rd,,Goodwood Road,Goodwood,Bundaberg Region,4670,Bundaberg,Wide Bay Burnett,North Coast,Southern,Southern Queensland,Bundaberg Region - South,Bundaberg,Wide Bay,Inner Regional,Burnett,Hinkler,State-controlled,No Roadway Feature,No traffic control,100 - 110 km/h,Sealed - Dry,Clear,Daylight,Straight,Level,501,Vehs Overtaking: Head On,02: Head-on,S,2,3,0,0,5,2,0,0,0,0,0,0
384729,384729,Fatal,2019,July,Friday,18,Angle,Multi-Vehicle,152.305388101294,-27.5544703744009,Eastern Dr,Gatton - Laidley Rd,Gatton - Helidon Road,Gatton,Lockyer Valley Region,4343,Gatton,Darling Downs,Southern,SEQ South,Southern Queensland,Gatton,Toowoomba,Toowoomba,Inner Regional,Lockyer,Wright,State-controlled,Intersection - T-Junction,No traffic control,80 - 90 km/h,Sealed - Dry,Clear,Darkness - Lighted,Curved - view open,Level,202,Vehs Opposite Approach: Thru-Right,03: Opposing Vehicles Turning,E,1,0,0,0,1,1,1,0,0,0,0,0
384736,384736,Fatal,2020,March,Tuesday,15,Fall from vehicle,Single Vehicle,151.969712003453,-26.4392252800314,Memerambi Barkers Ck Rd,,,Wattle Camp,South Burnett Region,4615,Nanango,Darling Downs,Southern,Southern,Southern Queensland,Nanango,Burnett,Wide Bay,Inner Regional,Nanango,Maranoa,Locally-controlled,No Roadway Feature,No traffic control,100 - 110 km/h,Sealed - Dry,Clear,Daylight,Straight,Level,900,Pass & Misc: Other,21: Other,,1,0,0,1,2,0,2,0,0,0,0,0
384849,384849,Fatal,2020,December,Friday,16,Angle,Multi-Vehicle,151.880082268237,-26.5445733252668,Kingaroy - Barkers Creek Rd,Redmans Rd,Kingaroy - Barker'S Creek Road,Kingaroy,South Burnett Region,4610,Kingaroy,Darling Downs,Southern,Southern,Southern Queensland,Kingaroy,Burnett,Wide Bay,Inner Regional,Nanango,Maranoa,State-controlled,Intersection - T-Junction,Stop sign,100 - 110 km/h,Sealed - Dry,Clear,Daylight,Curved - view open,Level,104,Vehs Adjacent Approach: Thru-Right,01: Intersection: Adjacent Approach,W,1,0,0,0,1,2,0,0,0,0,0,0
385329,385329,Fatal,2009,February,Saturday,15,Angle,Multi-Vehicle,153.12840570161,-26.7028340182524,Nicklin Wy,Point Cartwright Dr,Nicklin Way,Buddina,Sunshine Coast Region,4575,Kawana Waters,Sunshine Coast,North Coast,SEQ North,North Coast,Buddina - Minyama,Caloundra,Sunshine Coast,Major Cities,Kawana,Fisher,State-controlled,Intersection - Cross,Operating traffic lights,70 km/h,Sealed - Dry,Clear,Daylight,Straight,Level,202,Vehs Opposite Approach: Thru-Right,03: Opposing Vehicles Turning,N,1,0,0,0,1,1,1,0,0,0,0,0
385332,385332,Fatal,2023,July,Tuesday,6,Angle,Multi-Vehicle,152.118829121908,-27.5513953562461,Service Rd,Warrego Hwy,Warrego Highway (Ipswich - Toowoomba),Helidon Spa,Lockyer Valley Region,4344,Helidon,Darling Downs,Southern,SEQ South,Southern Queensland,Lockyer Valley - West,Toowoomba,Toowoomba,Inner Regional,Lockyer,Wright,State-controlled,Intersection - T-Junction,Stop sign,100 - 110 km/h,Sealed - Wet,Raining,Darkness - Lighted,Curved - view open,Level,104,Vehs Adjacent Approach: Thru-Right,01: Intersection: Adjacent Approach,E,1,0,0,0,1,1,0,1,0,0,0,0
385333,385333,Fatal,2023,July,Tuesday,17,Hit object,Single Vehicle,152.120925051981,-28.1201873609073,Shelleys Rd,,,Freestone,Southern Downs Region,4370,Warwick,Darling Downs,Southern,Southern,Southern Queensland,Southern Downs - East,Granite Belt,Darling Downs - Maranoa,Inner Regional,Southern Downs,Maranoa,Locally-controlled,Intersection - T-Junction,No traffic control,100 - 110 km/h,Unsealed - Dry,Clear,Dawn/Dusk,Curved - view open,Grade,804,Off Path-Curve: Off Cway Lt Bend Hit Obj,19: Off Carriageway on Curve Hit Object,W,1,0,0,0,1,0,0,1,0,0,0,0
385334,385334,Fatal,2023,September,Friday,11,Head-on,Multi-Vehicle,152.049032640489,-27.3700377780691,New England Hwy,,New England Highway (Yarraman - Toowoomba),Merritts Creek,Toowoomba Region,4352,Crows Nest,Darling Downs,Southern,Southern,Southern Queensland,Crows Nest - Rosalie,Darling Downs - East,Darling Downs - Maranoa,Inner Regional,Condamine,Groom,State-controlled,No Roadway Feature,No traffic control,100 - 110 km/h,Sealed - Dry,Clear,Daylight,Straight,Level,201,Vehs Opposite Approach: Head On,02: Head-on,S,1,3,0,0,4,2,0,0,0,0,0,0
385338,385338,Fatal,2023,May,Wednesday,2,Overturned,Single Vehicle,151.891822063767,-24.9122437312176,Bruce Hwy,,Bruce Highway (Gin Gin - Benaraby),Monduran,Bundaberg Region,4671,Gin Gin,Wide Bay Burnett,North Coast,Southern,Southern Queensland,Gin Gin,Burnett,Wide Bay,Outer Regional,Callide,Flynn,State-controlled,No Roadway Feature,No traffic control,100 - 110 km/h,Sealed - Dry,Clear,Darkness - Not lighted,Curved - view open,Grade,801,Off Path-Curve: Off Cway Right Bend,18: Off Carriageway on Curve,W,1,1,0,0,2,0,0,1,0,0,0,0
385371,385371,Fatal,2024,May,Tuesday,13,Head-on,Multi-Vehicle,152.99452002196,-27.5929274428659,King Ave,,,Durack,Brisbane City,4077,Inala,South Brisbane,Brisbane,SEQ South,Metropolitan,Durack,Forest Lake - Oxley,Ipswich,Major Cities,Inala,Oxley,Locally-controlled,No Roadway Feature,No traffic control,80 - 90 km/h,Sealed - Dry,Clear,Daylight,Curved - view open,Level,201,Vehs Opposite Approach: Head On,02: Head-on,W,1,0,0,0,1,1,0,1,0,0,0,0
385396,385396,Fatal,2023,January,Monday,10,Overturned,Single Vehicle,152.553485256722,-26.0646903868517,Curra Est Rd,Gleneagles Dr,,Curra,Gympie Region,4570,Gympie,Wide Bay Burnett,North Coast,Southern,Southern Queensland,Gympie Region,Gympie - Cooloola,Wide Bay,Inner Regional,Gympie,Wide Bay,Locally-controlled,Intersection - T-Junction,Give way sign,80 - 90 km/h,Sealed - Dry,Clear,Daylight,Straight,Grade,706,Off Path-Straight: Left Turn,15: Off Carriageway on Straight,,2,0,0,0,2,0,0,1,0,0,0,0
385423,385423,Fatal,2022,April,Thursday,15,Hit pedestrian,Hit pedestrian,152.995467137032,-26.6733654356556,Nambour Connection Rd,,Nambour Connection Road,Woombye,Sunshine Coast Region,4559,Nambour,Sunshine Coast,North Coast,SEQ North,North Coast,Nambour,Nambour,Sunshine Coast,Major Cities,Nicklin,Fairfax,State-controlled,No Roadway Feature,No traffic control,60 km/h,Sealed - Dry,Clear,Daylight,Straight,Level,000,Pedn: Hit Other,21: Other,W,2,0,0,0,2,1,0,0,0,0,2,0
385575,385575,Fatal,2024,June,Sunday,13,Head-on,Multi-Vehicle,151.774566043386,-27.4843363336227,Warrego Hwy,,Warrego Highway (Toowoomba - Dalby),Oakey,Toowoomba Region,4401,Oakey,Darling Downs,Southern,Southern,Southern Queensland,Jondaryan,Darling Downs - East,Darling Downs - Maranoa,Inner Regional,Condamine,Groom,State-controlled,No Roadway Feature,No traffic control,100 - 110 km/h,Sealed - Dry,Clear,Daylight,Straight,Level,201,Vehs Opposite Approach: Head On,02: Head-on,W,1,0,1,0,2,1,0,1,0,0,0,0
385650,385650,Fatal,2011,July,Tuesday,11,Hit animal,Other,152.438019548769,-27.1084259418474,Silverleaves Rd,,,Mount Beppo,Somerset Region,4313,Toogoolawah,Ipswich,Southern,SEQ North,North Coast,Esk,Ipswich Hinterland,Ipswich,Inner Regional,Nanango,Blair,Locally-controlled,No Roadway Feature,No traffic control,80 - 90 km/h,Sealed - Dry,Clear,Daylight,Straight,Level,703,Off Path-Straight: Left Off Cway Hit Obj,16: Off Carriageway on Straight Hit Object,E,1,0,0,0,1,0,0,0,0,0,0,1
385656,385656,Fatal,2011,July,Wednesday,8,Hit pedestrian,Hit pedestrian,153.023137068811,-27.347694074798,Beams Rd,,,Carseldine,Brisbane City,4034,Carseldine,North Brisbane,Brisbane,SEQ North,Metropolitan,Carseldine,Bald Hills - Everton Park,Brisbane - North,Major Cities,Aspley,Petrie,Locally-controlled,No Roadway Feature,No traffic control,60 km/h,Sealed - Dry,Clear,Daylight,Straight,Level,003,Pedn: Far Side Vehicle Hit From Left,12: Pedestrian,W,1,0,0,0,1,1,0,0,0,0,1,0
385657,385657,Fatal,2011,July,Wednesday,10,Rear-end,Multi-Vehicle,152.728155094183,-27.8846420875929,Ipswich - Boonah Rd,Milbong Rd,Ipswich - Boonah Road,Milbong,Scenic Rim Region,4310,Harrisville,Ipswich,Southern,SEQ South,South Coast,Boonah,Ipswich Hinterland,Ipswich,Inner Regional,Scenic Rim,Wright,State-controlled,Intersection - T-Junction,No traffic control,100 - 110 km/h,Sealed - Dry,Clear,Daylight,Straight,Level,303,Vehs Same Direction: Right Rear,04: Rear-end,S,1,2,0,0,3,2,0,1,0,0,0,0
385663,385663,Fatal,2011,July,Sunday,18,Angle,Multi-Vehicle,152.655249031286,-25.5773841199555,Bruce Hwy,,Bruce Highway (Gympie - Maryborough),Tinana South,Fraser Coast Region,4650,Maryborough,Wide Bay Burnett,North Coast,Southern,Southern Queensland,Maryborough Region - South,Maryborough,Wide Bay,Inner Regional,Maryborough,Wide Bay,State-controlled,No Roadway Feature,No traffic control,100 - 110 km/h,Sealed - Dry,Clear,Darkness - Not lighted,Straight,Level,202,Vehs Opposite Approach: Thru-Right,03: Opposing Vehicles Turning,S,1,0,0,0,1,2,0,0,0,0,0,0
385757,385757,Fatal,2011,August,Tuesday,13,Hit object,Single Vehicle,153.03446182765,-27.2280772369867,Redcliffe Rd,,Redcliffe Road,Mango Hill,Moreton Bay Region,4509,Mango Hill North Lakes,Moreton,North Coast,SEQ North,North Coast,North Lakes - Mango Hill,North Lakes,Moreton Bay - South,Major Cities,Bancroft,Petrie,State-controlled,No Roadway Feature,No traffic control,80 - 90 km/h,Sealed - Dry,Clear,Daylight,Straight,Level,704,Off Path-Straight: Right Off Cway Hit Obj,16: Off Carriageway on Straight Hit Object,N,1,3,0,0,4,1,0,0,0,0,0,0
385759,385759,Fatal,2011,August,Wednesday,6,Angle,Multi-Vehicle,153.369469339741,-28.011168861029,Birmingham Rd,Nerang - Broadbeach Rd,Nerang - Broadbeach Road,Carrara,Gold Coast City,4211,Nerang,Gold Coast,South Eastern,SEQ South,South Coast,Carrara,Nerang,Gold Coast,Major Cities,Gaven,Moncrieff,State-controlled,Intersection - Cross,Operating traffic lights,80 - 90 km/h,Sealed - Wet,Clear,Daylight,Straight,Level,101,Vehs Adjacent Approach: Thru-Thru,01: Intersection: Adjacent Approach,N,1,0,0,0,1,1,1,0,0,0,0,0
385878,385878,Fatal,2011,July,Sunday,14,Overturned,Single Vehicle,142.850881018513,-13.191934342877,Peninsula Developmental Rd,,Peninsula Developmental Road (Coen - Weipa),Archer River,Cook Shire,4892,Coen,Far North,Far Northern,Northern,North Queensland,Cape York,Far North,Queensland - Outback,Very Remote,Cook,Leichhardt,State-controlled,No Roadway Feature,No traffic control,100 - 110 km/h,Unsealed - Dry,Clear,Daylight,Curved - view open,Grade,805,Off Path-Curve: Out Of Control On Cway,20: Out of Control on Curve,N,1,0,1,0,2,1,0,0,0,0,0,0
385881,385881,Fatal,2011,July,Tuesday,0,Hit parked vehicle,Single Vehicle,153.09754350981,-26.6145418984378,Pandanus St,,,Mudjimba,Sunshine Coast Region,4564,Coolum,Sunshine Coast,North Coast,SEQ North,North Coast,Marcoola - Mudjimba,Maroochy,Sunshine Coast,Major Cities,Maroochydore,Fairfax,Locally-controlled,No Roadway Feature,No traffic control,0 - 50 km/h,Sealed - Dry,Clear,Darkness - Lighted,Straight,Level,601,Vehs On Path: Parked,10: Hit Parked Vehicle,E,1,0,0,0,1,1,1,0,0,0,0,0
385889,385889,Fatal,2011,July,Friday,10,Hit object,Single Vehicle,152.852738533947,-27.0273297252101,D'Aguilar Hwy,,D'Aguilar Highway (Caboolture - Kilcoy),Wamuran,Moreton Bay Region,4512,Caboolture,Moreton,North Coast,SEQ North,North Coast,Wamuran,Caboolture,Moreton Bay - North,Major Cities,Glass House,Longman,State-controlled,No Roadway Feature,No traffic control,100 - 110 km/h,Sealed - Dry,Clear,Daylight,Curved - view open,Level,804,Off Path-Curve: Off Cway Lt Bend Hit Obj,19: Off Carriageway on Curve Hit Object,N,1,1,0,0,2,0,0,0,0,0,0,1
386508,386508,Fatal,2012,January,Tuesday,0,Hit object,Single Vehicle,145.708997999589,-16.8968475063865,Brinsmead Rd,Cairns Western Arterial Rd,Cairns Western Arterial Road,Brinsmead,Cairns Region,4870,Cairns,Far North,Far Northern,Northern,North Queensland,Brinsmead,Cairns - North,Cairns,Outer Regional,Cairns,Leichhardt,State-controlled,Intersection - T-Junction,No traffic control,80 - 90 km/h,Sealed - Dry,Clear,Darkness - Lighted,Curved - view open,Level,803,Off Path-Curve: Off Cway Rt Bend Hit Obj,19: Off Carriageway on Curve Hit Object,S,1,1,0,0,2,1,0,0,0,0,0,0
386509,386509,Fatal,2012,January,Saturday,15,Hit parked vehicle,Single Vehicle,153.163586279162,-27.6680809604662,Logan Mwy,,Logan Motorway (Gailes - Loganholme),Tanah Merah,Logan City,4128,Loganholme,Logan,South Eastern,SEQ South,South Coast,Loganholme - Tanah Merah,Loganlea - Carbrook,Logan - Beaudesert,Major Cities,Waterford,Forde,State-controlled,No Roadway Feature,No traffic control,100 - 110 km/h,Sealed - Dry,Clear,Daylight,Curved - view open,Level,804,Off Path-Curve: Off Cway Lt Bend Hit Obj,19: Off Carriageway on Curve Hit Object,W,1,0,0,0,1,1,0,1,0,0,0,0
386510,386510,Fatal,2012,January,Saturday,5,Sideswipe,Multi-Vehicle,152.114189472708,-24.9359141778203,Bundaberg - Gin Gin Rd,,Bundaberg - Gin Gin Road,South Kolan,Bundaberg Region,4670,South Kolan,Wide Bay Burnett,North Coast,Southern,Southern Queensland,Bundaberg Region - North,Bundaberg,Wide Bay,Inner Regional,Burnett,Flynn,State-controlled,No Roadway Feature,No traffic control,100 - 110 km/h,Sealed - Dry,Clear,Dawn/Dusk,Curved - view open,Level,201,Vehs Opposite Approach: Head On,02: Head-on,W,1,0,1,0,2,1,0,1,0,0,0,0
386550,386550,Fatal,2012,January,Wednesday,22,Angle,Multi-Vehicle,153.118834759768,-27.6384492987197,Brisbane - Beenleigh Rd,Springwood Connection Rd,Brisbane - Beenleigh Road,Slacks Creek,Logan City,4127,Logan Central,Logan,South Eastern,SEQ South,South Coast,Slacks Creek,Springwood - Kingston,Logan - Beaudesert,Major Cities,Waterford,Rankin,State-controlled,Intersection - T-Junction,Operating traffic lights,60 km/h,Sealed - Dry,Clear,Darkness - Lighted,Straight,Crest,202,Vehs Opposite Approach: Thru-Right,03: Opposing Vehicles Turning,N,1,1,1,0,3,2,0,0,0,0,0,0
386551,386551,Fatal,2012,January,Wednesday,11,Sideswipe,Multi-Vehicle,150.074138950923,-26.3632916992291,Leichhardt Hwy,,Leichhardt Highway (Taroom - Miles),Guluguba,Western Downs Region,4418,Wandoan,South West,Southern,Southern,Southern Queensland,Miles - Wandoan,Darling Downs (west) - Maranoa,Darling Downs - Maranoa,Remote,Callide,Maranoa,State-controlled,No Roadway Feature,No traffic control,100 - 110 km/h,Sealed - Dry,Clear,Daylight,Straight,Grade,201,Vehs Opposite Approach: Head On,02: Head-on,N,1,1,0,0,2,1,0,1,0,0,0,0
386552,386552,Fatal,2012,January,Wednesday,17,Overturned,Single Vehicle,153.042252019293,-26.8010137183699,Bruce Hwy,,Bruce Highway (Brisbane - Gympie),Bells Creek,Sunshine Coast Region,4551,Beerwah,Sunshine Coast,North Coast,SEQ North,North Coast,Landsborough,Sunshine Coast Hinterland,Sunshine Coast,Inner Regional,Caloundra,Fisher,State-controlled,No Roadway Feature,No traffic control,100 - 110 km/h,Sealed - Dry,Clear,Daylight,Straight,Level,702,Off Path-Straight: Right Off Cway,15: Off Carriageway on Straight,S,1,2,0,0,3,1,0,0,0,0,0,0
386555,386555,Fatal,2012,January,Saturday,9,Head-on,Multi-Vehicle,152.382195434073,-27.1134892804194,Brisbane Valley Hwy,,Brisbane Valley Highway (Ipswich - Harlin),Toogoolawah,Somerset Region,4313,Toogoolawah,Ipswich,Southern,SEQ North,North Coast,Esk,Ipswich Hinterland,Ipswich,Inner Regional,Nanango,Blair,State-controlled,Merge Lane,No traffic control,100 - 110 km/h,Sealed - Dry,Clear,Daylight,Curved - view obscured,Crest,201,Vehs Opposite Approach: Head On,02: Head-on,S,2,0,2,0,4,2,0,0,0,0,0,0
386556,386556,Fatal,2012,January,Friday,8,Fall from vehicle,Single Vehicle,152.995292195438,-26.4200742286087,Sunrise Rd,,,Tinbeerwah,Noosa Shire,4563,Noosa Heads,Sunshine Coast,North Coast,SEQ North,North Coast,Noosa Hinterland,Noosa Hinterland,Sunshine Coast,Major Cities,Noosa,Wide Bay,Locally-controlled,No Roadway Feature,No traffic control,80 - 90 km/h,Sealed - Dry,Clear,Daylight,Curved - view obscured,Crest,805,Off Path-Curve: Out Of Control On Cway,20: Out of Control on Curve,S,1,0,0,0,1,0,1,0,0,0,0,0
386566,386566,Fatal,2012,January,Wednesday,15,Head-on,Multi-Vehicle,151.612138033384,-27.380564236354,Warrego Hwy,,Warrego Highway (Toowoomba - Dalby),Jondaryan,Toowoomba Region,4403,Jondaryan,Darling Downs,Southern,Southern,Southern Queensland,Jondaryan,Darling Downs - East,Darling Downs - Maranoa,Inner Regional,Condamine,Groom,State-controlled,No Roadway Feature,No traffic control,100 - 110 km/h,Sealed - Wet,Raining,Daylight,Straight,Level,201,Vehs Opposite Approach: Head On,02: Head-on,E,1,1,0,2,4,1,0,1,0,0,0,0
386567,386567,Fatal,2012,January,Thursday,21,Hit pedestrian,Hit pedestrian,151.308431329593,-23.9825676113697,Gladstone - Benaraby Rd,,Gladstone - Benaraby Road,Wurdong Heights,Gladstone Region,4680,Tannum Sands,Capricornia,Central,Central,Central Queensland,Gladstone Hinterland,Gladstone,Central Queensland,Inner Regional,Gladstone,Flynn,State-controlled,No Roadway Feature,No traffic control,80 - 90 km/h,Sealed - Dry,Clear,Darkness - Not lighted,Straight,Level,006,Pedn: Hit Facing Traffic,12: Pedestrian,N,1,0,0,0,1,1,0,0,0,0,1,0
386568,386568,Fatal,2012,January,Thursday,8,Hit object,Single Vehicle,152.687879128768,-27.9390631980266,Roadvale - Teviotville Rd,,,Kulgun,Scenic Rim Region,4309,Kalbar,Ipswich,Southern,SEQ South,South Coast,Boonah,Ipswich Hinterland,Ipswich,Inner Regional,Scenic Rim,Wright,Locally-controlled,No Roadway Feature,No traffic control,100 - 110 km/h,Sealed - Dry,Clear,Daylight,Straight,Level,704,Off Path-Straight: Right Off Cway Hit Obj,16: Off Carriageway on Straight Hit Object,S,1,0,0,0,1,1,0,0,0,0,0,0
386569,386569,Fatal,2012,January,Monday,8,Angle,Multi-Vehicle,152.672872296983,-26.1857558796128,Tozer Pk Rd,Tozer St,,Gympie,Gympie Region,4570,Gympie,Wide Bay Burnett,North Coast,Southern,Southern Queensland,Gympie - North,Gympie - Cooloola,Wide Bay,Inner Regional,Gympie,Wide Bay,Locally-controlled,Intersection - T-Junction,No traffic control,60 km/h,Sealed - Dry,Clear,Daylight,Curved - view open,Crest,104,Vehs Adjacent Approach: Thru-Right,01: Intersection: Adjacent Approach,S,1,0,0,0,1,0,1,1,0,0,0,0
387130,387130,Fatal,2012,January,Monday,16,Angle,Multi-Vehicle,149.184232860775,-21.0538970265286,Blacks Beach Rd,Chenoweth Dr,,Blacks Beach,Mackay Region,4740,Mackay Northern Beaches,Mackay,Central,Central,Central Queensland,Eimeo - Rural View,Mackay,Mackay - Isaac - Whitsunday,Inner Regional,Whitsunday,Dawson,Locally-controlled,Intersection - T-Junction,No traffic control,60 km/h,Sealed - Dry,Clear,Daylight,Straight,Level,202,Vehs Opposite Approach: Thru-Right,03: Opposing Vehicles Turning,E,1,1,1,0,3,1,1,0,0,0,0,0
387132,387132,Fatal,2012,January,Wednesday,23,Hit pedestrian,Hit pedestrian,148.796863779161,-26.5747657109629,Warrego Hwy,,Warrego Highway (Miles - Roma),Roma,Maranoa Region,4455,Roma,South West,Southern,Southern,Southern Queensland,Roma,Darling Downs (west) - Maranoa,Darling Downs - Maranoa,Outer Regional,Warrego,Maranoa,State-controlled,No Roadway Feature,No traffic control,60 km/h,Sealed - Dry,Clear,Darkness - Lighted,Straight,Level,004,Pedn: Play; Work; Stand; Lie On Cway,12: Pedestrian,W,1,0,0,0,1,0,0,1,0,0,1,0
387133,387133,Fatal,2012,January,Thursday,13,Hit object,Single Vehicle,152.939488041657,-27.0847001903295,Caboolture Connection Rd,,Caboolture Connection Road,Caboolture,Moreton Bay Region,4510,Caboolture,Moreton,North Coast,SEQ North,North Coast,Caboolture,Caboolture,Moreton Bay - North,Major Cities,Morayfield,Longman,State-controlled,No Roadway Feature,No traffic control,60 km/h,Sealed - Dry,Clear,Daylight,Curved - view open,Grade,400,Vehs Manoeuvring: Other,21: Other,W,1,0,0,0,1,0,1,0,0,0,0,0
387134,387134,Fatal,2012,January,Thursday,16,Hit object,Single Vehicle,152.830892075079,-26.486573447716,Unnamed Forestry Rd,,,Ridgewood,Noosa Shire,4563,Cooroy,Sunshine Coast,North Coast,SEQ North,North Coast,Noosa Hinterland,Noosa Hinterland,Sunshine Coast,Inner Regional,Nicklin,Wide Bay,Locally-controlled,No Roadway Feature,No traffic control,60 km/h,Sealed - Dry,Clear,Daylight,Straight,Level,700,Off Path-Straight: Other,21: Other,E,1,0,0,0,1,0,1,0,0,0,0,0
387763,387763,Fatal,2011,October,Saturday,16,Head-on,Multi-Vehicle,153.259598802131,-27.7904141161388,Pacific Hwy Service Rd,,,Ormeau,Gold Coast City,4208,Coomera,Gold Coast,South Eastern,SEQ South,South Coast,Ormeau - Yatala,Ormeau - Oxenford,Gold Coast,Major Cities,Coomera,Fadden,Locally-controlled,No Roadway Feature,No traffic control,60 km/h,Sealed - Wet,Raining,Daylight,Straight,Grade,201,Vehs Opposite Approach: Head On,02: Head-on,S,1,1,0,0,2,2,0,0,0,0,0,0