_id,Crash_Ref_Number,Crash_Severity,Crash_Year,Crash_Month,Crash_Day_Of_Week,Crash_Hour,Crash_Nature,Crash_Type,Crash_Longitude,Crash_Latitude,Crash_Street,Crash_Street_Intersecting,State_Road_Name,Loc_Suburb,Loc_Local_Government_Area,Loc_Post_Code,Loc_Police_Division,Loc_Police_District,Loc_Police_Region,Loc_Queensland_Transport_Region,Loc_Main_Roads_Region,Loc_ABS_Statistical_Area_2,Loc_ABS_Statistical_Area_3,Loc_ABS_Statistical_Area_4,Loc_ABS_Remoteness,Loc_State_Electorate,Loc_Federal_Electorate,Crash_Controlling_Authority,Crash_Roadway_Feature,Crash_Traffic_Control,Crash_Speed_Limit,Crash_Road_Surface_Condition,Crash_Atmospheric_Condition,Crash_Lighting_Condition,Crash_Road_Horiz_Align,Crash_Road_Vert_Align,Crash_DCA_Code,Crash_DCA_Description,Crash_DCA_Group_Description,DCA_Key_Approach_Dir,Count_Casualty_Fatality,Count_Casualty_Hospitalised,Count_Casualty_MedicallyTreated,Count_Casualty_MinorInjury,Count_Casualty_Total,Count_Unit_Car,Count_Unit_Motorcycle_Moped,Count_Unit_Truck,Count_Unit_Bus,Count_Unit_Bicycle,Count_Unit_Pedestrian,Count_Unit_Other
395961,395961,Fatal,2014,February,Sunday,18,Hit object,Single Vehicle,153.41150472582,-28.0135825513283,Southport - Burleigh Rd,,Southport - Burleigh Road,Surfers Paradise,Gold Coast City,4217,Broadbeach,Gold Coast,South Eastern,SEQ South,South Coast,Surfers Paradise,Surfers Paradise,Gold Coast,Major Cities,Surfers Paradise,Moncrieff,State-controlled,No Roadway Feature,No traffic control,60 km/h,Sealed - Dry,Clear,Dawn/Dusk,Straight,Level,201,Vehs Opposite Approach: Head On,02: Head-on,S,1,0,0,0,1,1,1,0,0,0,0,0
395990,395990,Fatal,2014,July,Tuesday,21,Head-on,Multi-Vehicle,152.64367823449,-26.1730083966228,Bruce Hwy,,Gympie - Curra Road,Two Mile,Gympie Region,4570,Gympie,Wide Bay Burnett,North Coast,Southern,Southern Queensland,Gympie Region,Gympie - Cooloola,Wide Bay,Inner Regional,Gympie,Wide Bay,State-controlled,No Roadway Feature,No traffic control,80 - 90 km/h,Sealed - Dry,Clear,Darkness - Lighted,Curved - view open,Level,201,Vehs Opposite Approach: Head On,02: Head-on,S,1,4,0,0,5,2,0,0,0,0,0,0
395991,395991,Fatal,2014,July,Sunday,20,Hit object,Single Vehicle,142.088038184051,-12.6615364682021,Peninsula Developmental Rd,,,Mission River,Cook Shire,4874,Weipa,Far North,Far Northern,Northern,North Queensland,Cape York,Far North,Queensland - Outback,Very Remote,Cook,Leichhardt,Locally-controlled,No Roadway Feature,No traffic control,80 - 90 km/h,Unsealed - Dry,Clear,Darkness - Not lighted,Straight,Level,703,Off Path-Straight: Left Off Cway Hit Obj,16: Off Carriageway on Straight Hit Object,W,2,2,0,0,4,1,0,0,0,0,0,0
395992,395992,Fatal,2014,July,Friday,16,Angle,Multi-Vehicle,145.566454734218,-16.6617067193868,Captain Cook Hwy,,Captain Cook Highway (Cairns - Mossman),Wangetti,Douglas Shire,4877,Smithfield,Far North,Far Northern,Northern,North Queensland,Port Douglas,Port Douglas - Daintree,Cairns,Outer Regional,Cook,Leichhardt,State-controlled,No Roadway Feature,No traffic control,80 - 90 km/h,Sealed - Dry,Clear,Daylight,Straight,Level,202,Vehs Opposite Approach: Thru-Right,03: Opposing Vehicles Turning,S,1,0,2,0,3,1,1,0,0,0,0,0
395993,395993,Fatal,2014,July,Sunday,9,Hit animal,Other,152.585124106398,-27.2687553995865,Wivenhoe - Somerset Rd,,Wivenhoe - Somerset Road,Bryden,Somerset Region,4312,Esk,Ipswich,Southern,SEQ North,North Coast,Esk,Ipswich Hinterland,Ipswich,Inner Regional,Nanango,Blair,State-controlled,No Roadway Feature,No traffic control,100 - 110 km/h,Sealed - Dry,Clear,Daylight,Straight,Level,609,Pass & Misc: Hit Animal,14: Hit Animal,N,1,0,0,0,1,0,1,0,0,0,0,1
396206,396206,Fatal,2018,October,Thursday,9,Angle,Multi-Vehicle,152.453207241839,-27.5661453399561,Niemeyer Rd,Warrego Hwy,Warrego Highway (Ipswich - Toowoomba),Hatton Vale,Lockyer Valley Region,4341,Laidley,Darling Downs,Southern,SEQ South,Southern Queensland,Lockyer Valley - East,Ipswich Hinterland,Ipswich,Inner Regional,Lockyer,Wright,State-controlled,Intersection - T-Junction,Stop sign,100 - 110 km/h,Sealed - Dry,Clear,Daylight,Straight,Level,104,Vehs Adjacent Approach: Thru-Right,01: Intersection: Adjacent Approach,E,1,1,0,0,2,2,0,0,0,0,0,0
396238,396238,Fatal,2016,September,Friday,20,Hit pedestrian,Hit pedestrian,152.966620150859,-26.5858974320656,Nambour Connection Rd,,Nambour Connection Road,Kulangoor,Sunshine Coast Region,4560,Nambour,Sunshine Coast,North Coast,SEQ North,North Coast,Eumundi - Yandina,Nambour,Sunshine Coast,Inner Regional,Nicklin,Fairfax,State-controlled,No Roadway Feature,No traffic control,80 - 90 km/h,Sealed - Wet,Clear,Darkness - Not lighted,Straight,Level,003,Pedn: Far Side Vehicle Hit From Left,12: Pedestrian,S,1,0,0,0,1,1,0,0,0,0,1,0
396789,396789,Fatal,2014,January,Tuesday,15,Angle,Multi-Vehicle,151.885093304518,-28.7292944249064,New England Hwy,,New England Highway (Warwick - Wallangarra),Glen Aplin,Southern Downs Region,4381,Stanthorpe,Darling Downs,Southern,Southern,Southern Queensland,Stanthorpe Region,Granite Belt,Darling Downs - Maranoa,Outer Regional,Southern Downs,Maranoa,State-controlled,No Roadway Feature,No traffic control,100 - 110 km/h,Sealed - Dry,Clear,Daylight,Straight,Level,202,Vehs Opposite Approach: Thru-Right,03: Opposing Vehicles Turning,S,1,3,0,0,4,1,0,1,0,0,0,0
396791,396791,Fatal,2014,January,Saturday,12,Hit object,Single Vehicle,146.836525155057,-19.6430568247701,Flinders Hwy,,Flinders Highway (Townsville - Charters Towers),Woodstock,Townsville City,4816,Stuart,Townsville,Northern,Northern,North Queensland,Townsville - South,Townsville,Townsville,Outer Regional,Burdekin,Kennedy,State-controlled,No Roadway Feature,No traffic control,100 - 110 km/h,Sealed - Dry,Clear,Daylight,Curved - view open,Level,804,Off Path-Curve: Off Cway Lt Bend Hit Obj,19: Off Carriageway on Curve Hit Object,E,1,0,0,0,1,1,0,0,0,0,0,0
396792,396792,Fatal,2014,January,Sunday,18,Overturned,Single Vehicle,153.002820536303,-26.6811600674552,Bruce Hwy,,Bruce Highway (Brisbane - Gympie),Forest Glen,Sunshine Coast Region,4556,Palmwoods,Sunshine Coast,North Coast,SEQ North,North Coast,Buderim - North,Buderim,Sunshine Coast,Major Cities,Ninderry,Fairfax,State-controlled,No Roadway Feature,No traffic control,100 - 110 km/h,Sealed - Wet,Raining,Darkness - Not lighted,Straight,Grade,702,Off Path-Straight: Right Off Cway,15: Off Carriageway on Straight,S,1,1,0,0,2,1,0,0,0,0,0,0
396939,396939,Fatal,2014,March,Wednesday,10,Hit object,Single Vehicle,151.11182564255,-27.9702184020338,Gore Hwy,,Gore Highway (Millmerran - Goondiwindi),Captains Mountain,Toowoomba Region,4357,Millmerran,Darling Downs,Southern,Southern,Southern Queensland,Millmerran,Darling Downs - East,Darling Downs - Maranoa,Outer Regional,Southern Downs,Maranoa,State-controlled,No Roadway Feature,No traffic control,80 - 90 km/h,Sealed - Dry,Clear,Daylight,Curved - view open,Level,800,Off Path-Curve: Other,21: Other,S,1,0,0,0,1,1,0,0,0,0,0,0
396940,396940,Fatal,2014,March,Thursday,6,Hit pedestrian,Hit pedestrian,146.624521257716,-19.2455570545737,Blackview Av,,,Black River,Townsville City,4818,Deeragun,Townsville,Northern,Northern,North Queensland,Northern Beaches,Townsville,Townsville,Outer Regional,Hinchinbrook,Herbert,Locally-controlled,No Roadway Feature,No traffic control,60 km/h,Sealed - Dry,Clear,Dawn/Dusk,Straight,Level,005,Pedn: Hit Walking With Traffic,12: Pedestrian,E,1,1,0,0,2,1,0,0,0,0,2,1
396941,396941,Fatal,2014,March,Saturday,19,Hit pedestrian,Hit pedestrian,153.288984866388,-27.6072332076732,Cleveland - Redland Bay Rd,,Cleveland - Redland Bay Road,Redland Bay,Redland City,4165,Redland Bay,South Brisbane,Brisbane,SEQ South,Metropolitan,Redland Bay,Cleveland - Stradbroke,Brisbane - East,Major Cities,Redlands,Bowman,State-controlled,No Roadway Feature,No traffic control,80 - 90 km/h,Sealed - Dry,Clear,Darkness - Not lighted,Curved - view open,Level,004,Pedn: Play; Work; Stand; Lie On Cway,12: Pedestrian,W,1,1,0,0,2,3,0,0,0,0,1,0
397021,397021,Fatal,2019,December,Tuesday,21,Hit object,Single Vehicle,145.696275710131,-16.873860730295,Lower Freshwater Rd,,,Kamerunga,Cairns Region,4870,Cairns,Far North,Far Northern,Northern,North Queensland,Redlynch,Cairns - North,Cairns,Outer Regional,Barron River,Leichhardt,Locally-controlled,No Roadway Feature,No traffic control,60 km/h,Sealed - Dry,Clear,Darkness - Lighted,Curved - view open,Level,803,Off Path-Curve: Off Cway Rt Bend Hit Obj,19: Off Carriageway on Curve Hit Object,,2,0,0,0,2,1,0,0,0,0,0,0
397031,397031,Fatal,2017,February,Saturday,7,Overturned,Single Vehicle,146.50035540984,-19.9627908144127,Flinders Hwy,,Flinders Highway (Townsville - Charters Towers),Dotswood,Charters Towers Region,4820,Charters Towers,Townsville,Northern,Northern,North Queensland,Dalrymple,Charters Towers - Ayr - Ingham,Townsville,Remote,Traeger,Kennedy,State-controlled,No Roadway Feature,No traffic control,100 - 110 km/h,Sealed - Dry,Clear,Daylight,Straight,Level,705,Off Path-Straight: Out Of Control On Cway,17: Out of Control on Straight,W,1,3,0,0,4,1,0,0,0,0,0,0
397053,397053,Fatal,2014,March,Monday,8,Rear-end,Multi-Vehicle,152.459821333016,-27.567007114612,Warrego Hwy,,Warrego Highway (Ipswich - Toowoomba),Hatton Vale,Lockyer Valley Region,4341,Laidley,Darling Downs,Southern,SEQ South,Southern Queensland,Lockyer Valley - East,Ipswich Hinterland,Ipswich,Inner Regional,Lockyer,Wright,State-controlled,No Roadway Feature,No traffic control,60 km/h,Sealed - Dry,Clear,Daylight,Straight,Level,301,Vehs Same Direction: Rear End,04: Rear-end,W,1,0,0,0,1,1,0,2,0,0,0,0
397076,397076,Fatal,2014,March,Tuesday,6,Angle,Multi-Vehicle,146.835182854692,-19.2655750574839,Benwell Rd,,Townsville Port Road,South Townsville,Townsville City,4810,Townsville,Townsville,Northern,Northern,North Queensland,South Townsville - Railway Estate,Townsville,Townsville,Outer Regional,Townsville,Herbert,State-controlled,No Roadway Feature,No traffic control,60 km/h,Sealed - Dry,Clear,Dawn/Dusk,Straight,Level,408,Vehs Manoeuvring: Entering From Footway,08: Vehicle Leaving Driveway,N,1,0,0,0,1,1,1,0,0,0,0,0
397077,397077,Fatal,2014,March,Friday,15,Hit object,Single Vehicle,142.944540165208,-13.4353341224304,Peninsula Developmental Rd,,Peninsula Developmental Road (Coen - Weipa),Archer River,Cook Shire,4892,Lockhart River,Far North,Far Northern,Northern,North Queensland,Cape York,Far North,Queensland - Outback,Very Remote,Cook,Leichhardt,State-controlled,Bridge/Causeway,No traffic control,0 - 50 km/h,Sealed - Wet,Clear,Daylight,Straight,Level,607,Vehs On Path: Temporary Object On Cway,21: Other,S,1,0,0,0,1,1,0,0,0,0,0,0
397078,397078,Fatal,2014,March,Tuesday,5,Hit object,Single Vehicle,150.987002629333,-27.9885769616196,Cypress Ave,,,Wattle Ridge,Toowoomba Region,4357,Millmerran,Darling Downs,Southern,Southern,Southern Queensland,Millmerran,Darling Downs - East,Darling Downs - Maranoa,Outer Regional,Southern Downs,Maranoa,Locally-controlled,No Roadway Feature,No traffic control,100 - 110 km/h,Unsealed - Dry,Clear,Daylight,Straight,Crest,704,Off Path-Straight: Right Off Cway Hit Obj,16: Off Carriageway on Straight Hit Object,S,1,0,0,0,1,1,0,0,0,0,0,0
397079,397079,Fatal,2014,March,Wednesday,17,Head-on,Multi-Vehicle,151.37341248769,-24.0359375278926,Bruce Hwy,,Bruce Highway (Gin Gin - Benaraby),Tannum Sands,Gladstone Region,4680,Tannum Sands,Capricornia,Central,Central,Central Queensland,Boyne Island - Tannum Sands,Gladstone,Central Queensland,Inner Regional,Gladstone,Flynn,State-controlled,No Roadway Feature,No traffic control,100 - 110 km/h,Sealed - Dry,Clear,Daylight,Straight,Level,201,Vehs Opposite Approach: Head On,02: Head-on,N,1,1,0,0,2,1,0,1,0,0,0,0
397081,397081,Fatal,2014,March,Saturday,19,Hit pedestrian,Hit pedestrian,145.773697427483,-16.9236893921778,Sheridan St,Shields St,,Cairns City,Cairns Region,4870,Cairns,Far North,Far Northern,Northern,North Queensland,Cairns City,Cairns - South,Cairns,Outer Regional,Cairns,Leichhardt,Locally-controlled,Intersection - Cross,Operating traffic lights,0 - 50 km/h,Sealed - Wet,Raining,Darkness - Lighted,Straight,Level,001,Pedn: Near Side Vehicle Hit From Right,12: Pedestrian,N,1,1,0,0,2,1,0,0,0,0,1,0
397222,397222,Fatal,2020,March,Saturday,9,Hit pedestrian,Hit pedestrian,153.427305086597,-28.0482642432111,Markeri St,Sunshine Blvd,,Mermaid Waters,Gold Coast City,4218,Broadbeach,Gold Coast,South Eastern,SEQ South,South Coast,Mermaid Waters,Broadbeach - Burleigh,Gold Coast,Major Cities,Mermaid Beach,Moncrieff,Locally-controlled,Intersection - Cross,Operating traffic lights,60 km/h,Sealed - Dry,Clear,Daylight,Straight,Level,003,Pedn: Far Side Vehicle Hit From Left,12: Pedestrian,,1,0,0,0,1,1,0,0,0,0,1,0
397343,397343,Fatal,2020,October,Wednesday,8,Angle,Multi-Vehicle,148.615382210874,-20.3822009832654,Proserpine - Shute Harbour Rd,,Proserpine - Shute Harbour Road,Mount Julian,Whitsunday Region,4800,Proserpine,Mackay,Central,Central,Central Queensland,Proserpine,Whitsunday,Mackay - Isaac - Whitsunday,Outer Regional,Whitsunday,Dawson,State-controlled,No Roadway Feature,No traffic control,100 - 110 km/h,Sealed - Dry,Clear,Daylight,Curved - view open,Level,308,Vehs Same Direction: Right Turn S/Swipe,06: Parallel Lanes Turning,N,1,0,0,0,1,2,0,0,0,0,0,0
397363,397363,Fatal,2019,July,Wednesday,18,Angle,Multi-Vehicle,152.420312091305,-27.5345133854807,Gehrke Rd,Lorikeet Rd,,Regency Downs,Lockyer Valley Region,4341,Laidley,Darling Downs,Southern,SEQ South,Southern Queensland,Lockyer Valley - East,Ipswich Hinterland,Ipswich,Inner Regional,Lockyer,Wright,Locally-controlled,Intersection - T-Junction,No traffic control,70 km/h,Sealed - Dry,Clear,Darkness - Lighted,Straight,Level,202,Vehs Opposite Approach: Thru-Right,03: Opposing Vehicles Turning,N,1,1,0,0,2,1,1,0,0,0,0,0
397375,397375,Fatal,2020,October,Thursday,21,Head-on,Multi-Vehicle,153.100047985497,-27.7902854550239,Waterford - Tamborine Rd,,Waterford - Tamborine Road,Logan Village,Logan City,4207,Logan Village Yarrabilba,Logan,South Eastern,SEQ South,South Coast,Logan Village,Jimboomba,Logan - Beaudesert,Major Cities,Logan,Wright,State-controlled,No Roadway Feature,No traffic control,80 - 90 km/h,Sealed - Dry,Clear,Darkness - Lighted,Straight,Level,201,Vehs Opposite Approach: Head On,02: Head-on,S,1,1,0,1,3,3,0,0,0,0,0,0
397383,397383,Fatal,2020,November,Monday,5,Fall from vehicle,Single Vehicle,153.340448559643,-27.9900905679125,Pacific Hwy,,Pacific Highway (Pacific Motorway),Nerang,Gold Coast City,4211,Nerang,Gold Coast,South Eastern,SEQ South,South Coast,Nerang - Mount Nathan,Nerang,Gold Coast,Major Cities,Gaven,Moncrieff,State-controlled,No Roadway Feature,No traffic control,100 - 110 km/h,Sealed - Dry,Clear,Daylight,Straight,Level,900,Pass & Misc: Other,21: Other,N,1,0,0,0,1,5,1,0,0,0,0,0
397388,397388,Fatal,2020,November,Monday,20,Hit pedestrian,Hit pedestrian,146.038493634548,-17.5710087605629,Bruce Hwy,,Bruce Highway (Ingham - Innisfail),Comoon Loop,Cassowary Coast Region,4858,Innisfail,Far North,Far Northern,Northern,North Queensland,Johnstone,Innisfail - Cassowary Coast,Cairns,Outer Regional,Hill,Kennedy,State-controlled,Bridge/Causeway,No traffic control,100 - 110 km/h,Sealed - Dry,Clear,Darkness - Not lighted,Straight,Level,005,Pedn: Hit Walking With Traffic,12: Pedestrian,N,1,0,0,0,1,0,0,2,0,0,1,0
397389,397389,Fatal,2020,November,Wednesday,13,Head-on,Multi-Vehicle,148.050263091966,-22.1618139521598,Peak Downs Hwy,,Peak Downs Highway (Clermont - Nebo),Moranbah,Isaac Region,4744,Moranbah,Mackay,Central,Central,Central Queensland,Moranbah,Bowen Basin - North,Mackay - Isaac - Whitsunday,Outer Regional,Burdekin,Capricornia,State-controlled,No Roadway Feature,No traffic control,100 - 110 km/h,Sealed - Dry,Clear,Daylight,Straight,Level,201,Vehs Opposite Approach: Head On,02: Head-on,S,2,1,0,0,3,2,0,1,0,0,0,0
397434,397434,Fatal,2020,May,Saturday,1,Hit pedestrian,Hit pedestrian,153.057236126693,-26.7051014421089,Stringybark Rd,,,Buderim,Sunshine Coast Region,4556,Maroochydore,Sunshine Coast,North Coast,SEQ North,North Coast,Buderim - South,Buderim,Sunshine Coast,Major Cities,Buderim,Fairfax,Locally-controlled,No Roadway Feature,No traffic control,60 km/h,Sealed - Dry,Clear,Darkness - Not lighted,Straight,Level,005,Pedn: Hit Walking With Traffic,12: Pedestrian,N,1,0,0,0,1,1,0,0,0,0,1,0
397441,397441,Fatal,2017,July,Monday,13,Hit object,Single Vehicle,153.035752061947,-27.2405324442151,Kinsellas Rd E,,,Mango Hill,Moreton Bay Region,4509,Mango Hill North Lakes,Moreton,North Coast,SEQ North,North Coast,North Lakes - Mango Hill,North Lakes,Moreton Bay - South,Major Cities,Murrumba,Petrie,Locally-controlled,No Roadway Feature,No traffic control,60 km/h,Sealed - Dry,Clear,Daylight,Straight,Crest,703,Off Path-Straight: Left Off Cway Hit Obj,16: Off Carriageway on Straight Hit Object,,1,0,0,0,1,1,0,0,0,0,0,0
397455,397455,Fatal,2017,October,Monday,18,Hit object,Single Vehicle,153.344438937703,-27.9552184810442,Pacific Hwy,,Pacific Highway (Pacific Motorway),Arundel,Gold Coast City,4214,Nerang,Gold Coast,South Eastern,SEQ South,South Coast,Parkwood,Southport,Gold Coast,Major Cities,Bonney,Fadden,State-controlled,Intersection - Interchange,No traffic control,100 - 110 km/h,Sealed - Wet,Raining,Darkness - Lighted,Straight,Level,300,Vehs Same Direction: Other,21: Other,S,1,0,0,0,1,2,0,0,0,0,0,0
397469,397469,Fatal,2022,November,Sunday,22,Hit pedestrian,Hit pedestrian,153.415077911136,-28.1007774893765,Reedy Creek Rd,,Burleigh Connection Road,Varsity Lakes,Gold Coast City,4227,Robina,Gold Coast,South Eastern,SEQ South,South Coast,Varsity Lakes,Robina,Gold Coast,Major Cities,Burleigh,Mcpherson,State-controlled,No Roadway Feature,No traffic control,80 - 90 km/h,Sealed - Dry,Clear,Darkness - Lighted,Straight,Crest,003,Pedn: Far Side Vehicle Hit From Left,12: Pedestrian,E,1,0,0,0,1,1,0,0,0,0,1,0
397622,397622,Fatal,2020,March,Sunday,11,Hit object,Single Vehicle,151.885168302003,-26.254434323434,Bunya Hwy,,Bunya Highway (Kingaroy - Goomeri),Ficks Crossing,South Burnett Region,4606,Wondai,Darling Downs,Southern,Southern,Southern Queensland,Kingaroy Region - North,Burnett,Wide Bay,Outer Regional,Nanango,Flynn,State-controlled,No Roadway Feature,No traffic control,100 - 110 km/h,Sealed - Dry,Clear,Daylight,Straight,Level,703,Off Path-Straight: Left Off Cway Hit Obj,16: Off Carriageway on Straight Hit Object,S,2,0,0,0,2,1,0,0,0,0,0,0
397724,397724,Fatal,2019,June,Sunday,2,Fall from vehicle,Single Vehicle,145.111703861446,-15.2947846763717,Keller Rd,Muni St,,Hope Vale,Hope Vale Aboriginal Shire,4895,Hope Vale,Far North,Far Northern,Northern,North Queensland,Cape York,Far North,Queensland - Outback,Remote,Cook,Leichhardt,Locally-controlled,Intersection - Roundabout,No traffic control,0 - 50 km/h,Sealed - Dry,Clear,Darkness - Lighted,Straight,Level,901,Pass & Misc: Fell In/From Vehicle,21: Other,S,1,0,0,0,1,1,0,0,0,0,0,0
397729,397729,Fatal,2021,October,Saturday,8,Head-on,Multi-Vehicle,153.084785036007,-27.4049444504464,Kedron Brook Bikeway,,,Brisbane Airport,Brisbane City,4008,Hendra,North Brisbane,Brisbane,SEQ North,Metropolitan,Brisbane Airport,Nundah,Brisbane - North,Major Cities,Clayfield,Lilley,Locally-controlled,No Roadway Feature,No traffic control,0 - 50 km/h,Sealed - Dry,Clear,Daylight,Straight,Level,400,Vehs Manoeuvring: Other,21: Other,,1,1,0,0,2,0,0,0,0,2,0,0
397891,397891,Fatal,2024,April,Sunday,12,Angle,Multi-Vehicle,150.509079757817,-23.357961171769,Haynes St,Main St,,Park Avenue,Rockhampton Region,4701,North Rockhampton,Capricornia,Central,Central,Central Queensland,Park Avenue,Rockhampton,Central Queensland,Inner Regional,Rockhampton,Capricornia,Locally-controlled,Intersection - Cross,Operating traffic lights,60 km/h,Sealed - Dry,Clear,Daylight,Straight,Level,101,Vehs Adjacent Approach: Thru-Thru,01: Intersection: Adjacent Approach,E,1,0,1,1,3,2,0,0,0,0,0,0
397976,397976,Fatal,2017,October,Friday,15,Hit object,Single Vehicle,152.448242084465,-27.5654313884632,Warrego Hwy,,Warrego Highway (Ipswich - Toowoomba),Hatton Vale,Lockyer Valley Region,4341,Laidley,Darling Downs,Southern,SEQ South,Southern Queensland,Lockyer Valley - East,Ipswich Hinterland,Ipswich,Inner Regional,Lockyer,Wright,State-controlled,No Roadway Feature,No traffic control,100 - 110 km/h,Sealed - Dry,Clear,Daylight,Straight,Grade,703,Off Path-Straight: Left Off Cway Hit Obj,16: Off Carriageway on Straight Hit Object,E,1,1,0,0,2,1,0,0,0,0,0,0
398074,398074,Fatal,2021,November,Tuesday,20,Hit pedestrian,Hit pedestrian,152.352170418787,-24.8689383574026,Crofton St,Targo St,,Bundaberg Central,Bundaberg Region,4670,Bundaberg,Wide Bay Burnett,North Coast,Southern,Southern Queensland,Bundaberg,Bundaberg,Wide Bay,Inner Regional,Bundaberg,Hinkler,Locally-controlled,Intersection - T-Junction,No traffic control,0 - 50 km/h,Sealed - Dry,Clear,Darkness - Lighted,Straight,Level,004,Pedn: Play; Work; Stand; Lie On Cway,12: Pedestrian,N,1,0,0,0,1,1,0,0,0,0,1,0
398077,398077,Fatal,2020,June,Friday,17,Hit object,Single Vehicle,146.091865567122,-18.3838607713119,Bruce Hwy,,Bruce Highway (Ingham - Innisfail),Damper Creek,Cassowary Coast Region,4849,Cardwell,Far North,Far Northern,Northern,North Queensland,Tully,Innisfail - Cassowary Coast,Cairns,Remote,Hinchinbrook,Kennedy,State-controlled,No Roadway Feature,No traffic control,100 - 110 km/h,Sealed - Dry,Clear,Dawn/Dusk,Straight,Level,704,Off Path-Straight: Right Off Cway Hit Obj,16: Off Carriageway on Straight Hit Object,N,1,0,0,0,1,1,0,0,0,0,0,0
398172,398172,Fatal,2020,March,Monday,11,Hit object,Single Vehicle,152.800008869072,-27.4003321759167,Mount Nebo Rd,,,Enoggera Reservoir,Brisbane City,4520,Ferny Grove,North Brisbane,Brisbane,SEQ North,Metropolitan,Enoggera Reservoir,The Gap - Enoggera,Brisbane - West,Inner Regional,Cooper,Ryan,Locally-controlled,No Roadway Feature,No traffic control,70 km/h,Sealed - Dry,Clear,Daylight,Curved - view obscured,Crest,804,Off Path-Curve: Off Cway Lt Bend Hit Obj,19: Off Carriageway on Curve Hit Object,,1,0,0,0,1,0,1,0,0,0,0,0
398321,398321,Fatal,2024,March,Monday,22,Hit object,Single Vehicle,150.499579752223,-23.4188201714146,Bruce Hwy,,Bruce Highway (Benaraby - Rockhampton),Fairy Bower,Rockhampton Region,4700,Gracemere,Capricornia,Central,Central,Central Queensland,Rockhampton - West,Rockhampton,Central Queensland,Inner Regional,Rockhampton,Capricornia,State-controlled,No Roadway Feature,No traffic control,70 km/h,Sealed - Wet,Raining,Darkness - Lighted,Straight,Level,708,Off Path-Straight: Mounts Traffic Island,16: Off Carriageway on Straight Hit Object,S,1,0,0,0,1,0,1,0,0,0,0,0
398511,398511,Fatal,2023,July,Friday,3,Head-on,Multi-Vehicle,152.802280192013,-26.3888404140843,Bruce Hwy,,Bruce Highway (Brisbane - Gympie),Federal,Noosa Shire,4568,Pomona,Sunshine Coast,North Coast,SEQ North,North Coast,Noosa Hinterland,Noosa Hinterland,Sunshine Coast,Inner Regional,Nicklin,Wide Bay,State-controlled,No Roadway Feature,No traffic control,100 - 110 km/h,Sealed - Dry,Clear,Darkness - Lighted,Curved - view open,Level,201,Vehs Opposite Approach: Head On,02: Head-on,N,3,0,0,0,3,3,0,0,0,0,0,0
398605,398605,Fatal,2021,August,Wednesday,6,Rear-end,Multi-Vehicle,153.493783894832,-28.1595424978712,Pacific Hwy,,Pacific Highway (Pacific Motorway),Tugun,Gold Coast City,4224,Coolangatta,Gold Coast,South Eastern,SEQ South,South Coast,Currumbin - Tugun,Coolangatta,Gold Coast,Major Cities,Currumbin,Mcpherson,State-controlled,No Roadway Feature,No traffic control,100 - 110 km/h,Sealed - Wet,Clear,Dawn/Dusk,Curved - view open,Level,301,Vehs Same Direction: Rear End,04: Rear-end,W,1,0,0,0,1,0,1,1,0,0,0,0
398753,398753,Fatal,2018,August,Friday,12,Hit object,Single Vehicle,153.069973140202,-26.586004442436,Sunshine Mwy,,Sunshine Motorway (Mooloolaba - Peregian),Marcoola,Sunshine Coast Region,4564,Coolum,Sunshine Coast,North Coast,SEQ North,North Coast,Marcoola - Mudjimba,Maroochy,Sunshine Coast,Major Cities,Ninderry,Fairfax,State-controlled,No Roadway Feature,No traffic control,100 - 110 km/h,Sealed - Dry,Clear,Daylight,Curved - view open,Level,803,Off Path-Curve: Off Cway Rt Bend Hit Obj,19: Off Carriageway on Curve Hit Object,N,1,0,0,0,1,0,1,0,0,0,0,0
398764,398764,Fatal,2019,October,Thursday,2,Hit object,Single Vehicle,153.098723152678,-26.4619044443331,David Low Way,,,Marcus Beach,Noosa Shire,4573,Coolum,Sunshine Coast,North Coast,SEQ North,North Coast,Peregian Beach - Marcus Beach,Noosa,Sunshine Coast,Major Cities,Noosa,Wide Bay,Locally-controlled,No Roadway Feature,No traffic control,60 km/h,Sealed - Dry,Clear,Darkness - Lighted,Curved - view open,Level,804,Off Path-Curve: Off Cway Lt Bend Hit Obj,19: Off Carriageway on Curve Hit Object,,1,0,0,0,1,1,0,0,0,0,0,0
398862,398862,Fatal,2019,July,Saturday,7,Rear-end,Multi-Vehicle,145.39253275842,-16.4804807057655,Captain Cook Hwy,,Captain Cook Highway (Cairns - Mossman),Bonnie Doon,Douglas Shire,4873,Mossman,Far North,Far Northern,Northern,North Queensland,Port Douglas,Port Douglas - Daintree,Cairns,Outer Regional,Cook,Leichhardt,State-controlled,No Roadway Feature,No traffic control,100 - 110 km/h,Sealed - Dry,Clear,Daylight,Curved - view open,Level,301,Vehs Same Direction: Rear End,04: Rear-end,N,1,0,0,0,1,1,0,0,0,2,0,0