_id,Crash_Ref_Number,Crash_Severity,Crash_Year,Crash_Month,Crash_Day_Of_Week,Crash_Hour,Crash_Nature,Crash_Type,Crash_Longitude,Crash_Latitude,Crash_Street,Crash_Street_Intersecting,State_Road_Name,Loc_Suburb,Loc_Local_Government_Area,Loc_Post_Code,Loc_Police_Division,Loc_Police_District,Loc_Police_Region,Loc_Queensland_Transport_Region,Loc_Main_Roads_Region,Loc_ABS_Statistical_Area_2,Loc_ABS_Statistical_Area_3,Loc_ABS_Statistical_Area_4,Loc_ABS_Remoteness,Loc_State_Electorate,Loc_Federal_Electorate,Crash_Controlling_Authority,Crash_Roadway_Feature,Crash_Traffic_Control,Crash_Speed_Limit,Crash_Road_Surface_Condition,Crash_Atmospheric_Condition,Crash_Lighting_Condition,Crash_Road_Horiz_Align,Crash_Road_Vert_Align,Crash_DCA_Code,Crash_DCA_Description,Crash_DCA_Group_Description,DCA_Key_Approach_Dir,Count_Casualty_Fatality,Count_Casualty_Hospitalised,Count_Casualty_MedicallyTreated,Count_Casualty_MinorInjury,Count_Casualty_Total,Count_Unit_Car,Count_Unit_Motorcycle_Moped,Count_Unit_Truck,Count_Unit_Bus,Count_Unit_Bicycle,Count_Unit_Pedestrian,Count_Unit_Other
398925,398925,Fatal,2018,January,Monday,1,Hit pedestrian,Hit pedestrian,153.135109011611,-27.782997319499,Latimer Rd,,,Logan Village,Logan City,4207,Logan Village Yarrabilba,Logan,South Eastern,SEQ South,South Coast,Logan Village,Jimboomba,Logan - Beaudesert,Major Cities,Logan,Wright,Locally-controlled,No Roadway Feature,No traffic control,80 - 90 km/h,Sealed - Dry,Clear,Darkness - Not lighted,Straight,Level,004,Pedn: Play; Work; Stand; Lie On Cway,12: Pedestrian,S,1,0,0,0,1,1,0,0,0,0,1,0
398998,398998,Fatal,2022,August,Tuesday,0,Hit object,Single Vehicle,146.801035443431,-19.2866328310978,Queens Rd,,,Hermit Park,Townsville City,4812,Mundingburra,Townsville,Northern,Northern,North Queensland,Hermit Park - Rosslea,Townsville,Townsville,Outer Regional,Townsville,Herbert,Locally-controlled,No Roadway Feature,No traffic control,60 km/h,Sealed - Dry,Clear,Darkness - Lighted,Straight,Level,703,Off Path-Straight: Left Off Cway Hit Obj,16: Off Carriageway on Straight Hit Object,S,1,0,0,0,1,1,0,0,0,0,0,0
399021,399021,Fatal,2024,June,Monday,3,Hit object,Single Vehicle,153.024204016222,-27.6129644460019,Paradise Rd,,,Pallara,Brisbane City,4110,Calamvale,South Brisbane,Brisbane,SEQ South,Metropolitan,Pallara - Willawong,Rocklea - Acacia Ridge,Brisbane - South,Major Cities,Algester,Oxley,Locally-controlled,Bridge/Causeway,No traffic control,70 km/h,Sealed - Dry,Clear,Darkness - Not lighted,Straight,Level,703,Off Path-Straight: Left Off Cway Hit Obj,16: Off Carriageway on Straight Hit Object,,1,0,1,0,2,1,0,0,0,0,0,0
399223,399223,Fatal,2021,March,Monday,14,Head-on,Multi-Vehicle,152.995577805464,-26.7180912110243,Ilkley Rd,,,Ilkley,Sunshine Coast Region,4554,Palmwoods,Sunshine Coast,North Coast,SEQ North,North Coast,Palmwoods,Sunshine Coast Hinterland,Sunshine Coast,Inner Regional,Nicklin,Fisher,Locally-controlled,No Roadway Feature,No traffic control,80 - 90 km/h,Sealed - Dry,Clear,Daylight,Curved - view open,Grade,201,Vehs Opposite Approach: Head On,02: Head-on,,1,2,0,0,3,1,0,0,0,0,0,1
399226,399226,Fatal,2021,August,Thursday,12,Hit object,Single Vehicle,145.82606750178,-19.4528967613136,Hervey Range Rd,,Hervey Range Developmental Road (Townsville - Battery),Basalt,Charters Towers Region,4820,Greenvale,Townsville,Northern,Northern,North Queensland,Dalrymple,Charters Towers - Ayr - Ingham,Townsville,Remote,Traeger,Kennedy,State-controlled,No Roadway Feature,No traffic control,100 - 110 km/h,Sealed - Dry,Clear,Daylight,Straight,Level,704,Off Path-Straight: Right Off Cway Hit Obj,16: Off Carriageway on Straight Hit Object,W,1,1,0,0,2,1,0,0,0,0,0,0
399246,399246,Fatal,2022,March,Tuesday,17,Hit object,Single Vehicle,148.922829128486,-21.0030440140624,Kuttabul - Mt Jukes Rd,,,Kuttabul,Mackay Region,4741,Calen,Mackay,Central,Central,Central Queensland,Seaforth - Calen,Mackay,Mackay - Isaac - Whitsunday,Outer Regional,Whitsunday,Dawson,Locally-controlled,No Roadway Feature,No traffic control,100 - 110 km/h,Sealed - Dry,Clear,Daylight,Curved - view open,Grade,804,Off Path-Curve: Off Cway Lt Bend Hit Obj,19: Off Carriageway on Curve Hit Object,,1,0,0,0,1,1,0,0,0,0,0,0
399265,399265,Fatal,2020,November,Saturday,14,Angle,Multi-Vehicle,153.193018983519,-27.7265764638997,Beaudesert - Beenleigh Rd,Tallagandra Rd,Beaudesert - Beenleigh Road,Beenleigh,Logan City,4207,Beenleigh,Logan,South Eastern,SEQ South,South Coast,Beenleigh,Beenleigh,Logan - Beaudesert,Major Cities,Macalister,Forde,State-controlled,Intersection - T-Junction,Operating traffic lights,60 km/h,Sealed - Dry,Clear,Daylight,Straight,Grade,202,Vehs Opposite Approach: Thru-Right,03: Opposing Vehicles Turning,S,1,0,0,0,1,1,1,0,0,0,0,0
399302,399302,Fatal,2021,April,Sunday,23,Hit object,Single Vehicle,151.988164077066,-28.0361663474297,Church St,New England Hwy,New England Highway (Toowoomba - Warwick),Allora,Southern Downs Region,4362,Allora,Darling Downs,Southern,Southern,Southern Queensland,Southern Downs - West,Granite Belt,Darling Downs - Maranoa,Inner Regional,Southern Downs,Maranoa,State-controlled,Intersection - Cross,No traffic control,70 km/h,Sealed - Dry,Clear,Darkness - Lighted,Curved - view open,Level,808,Off Path-Curve: Mounts Traffic Island,19: Off Carriageway on Curve Hit Object,S,1,0,0,0,1,1,0,0,0,0,0,0
399338,399338,Fatal,2022,December,Wednesday,17,Angle,Multi-Vehicle,153.37055193595,-27.9466644836326,Napper Rd,Parkwood Blvd,,Parkwood,Gold Coast City,4214,Southport,Gold Coast,South Eastern,SEQ South,South Coast,Parkwood,Southport,Gold Coast,Major Cities,Bonney,Fadden,Locally-controlled,Intersection - Cross,Operating traffic lights,60 km/h,Sealed - Dry,Clear,Daylight,Straight,Dip,202,Vehs Opposite Approach: Thru-Right,03: Opposing Vehicles Turning,S,1,1,0,0,2,1,1,0,0,0,0,0
399349,399349,Fatal,2019,August,Friday,12,Hit object,Single Vehicle,145.712289706511,-16.9083197317163,Brinsmead Rd,,Cairns Western Arterial Road,Brinsmead,Cairns Region,4870,Cairns,Far North,Far Northern,Northern,North Queensland,Brinsmead,Cairns - North,Cairns,Outer Regional,Cairns,Leichhardt,State-controlled,No Roadway Feature,No traffic control,80 - 90 km/h,Sealed - Dry,Clear,Daylight,Curved - view open,Grade,803,Off Path-Curve: Off Cway Rt Bend Hit Obj,19: Off Carriageway on Curve Hit Object,W,1,0,0,0,1,1,0,0,0,0,0,0
399400,399400,Fatal,2020,July,Sunday,20,Hit object,Single Vehicle,143.334676119689,-12.7914095410662,Lockhart River Mission Rd,,,Lockhart River,Lockhart River Aboriginal Shire,4892,Lockhart River,Far North,Far Northern,Northern,North Queensland,Cape York,Far North,Queensland - Outback,Very Remote,Cook,Leichhardt,Locally-controlled,No Roadway Feature,No traffic control,100 - 110 km/h,Sealed - Dry,Clear,Darkness - Not lighted,Straight,Grade,703,Off Path-Straight: Left Off Cway Hit Obj,16: Off Carriageway on Straight Hit Object,E,1,1,0,0,2,1,0,0,0,0,0,0
399401,399401,Fatal,2021,March,Saturday,19,Fall from vehicle,Single Vehicle,152.940208024055,-27.6228184376618,Logan Mwy,,Logan Motorway (Gailes - Loganholme),Carole Park,Ipswich City,4300,Goodna,Ipswich,Southern,SEQ South,Metropolitan,Carole Park,Springfield - Redbank,Ipswich,Major Cities,Inala,Oxley,State-controlled,No Roadway Feature,No traffic control,100 - 110 km/h,Sealed - Dry,Clear,Darkness - Lighted,Straight,Level,301,Vehs Same Direction: Rear End,04: Rear-end,W,1,1,0,1,3,1,1,0,0,0,0,0
399402,399402,Fatal,2022,November,Saturday,21,Hit pedestrian,Hit pedestrian,146.274085416835,-20.0888207988705,Bluff Rd,,,Millchester,Charters Towers Region,4820,Charters Towers,Townsville,Northern,Northern,North Queensland,Charters Towers,Charters Towers - Ayr - Ingham,Townsville,Outer Regional,Traeger,Kennedy,Locally-controlled,No Roadway Feature,No traffic control,60 km/h,Sealed - Dry,Clear,Darkness - Not lighted,Straight,Crest,004,Pedn: Play; Work; Stand; Lie On Cway,12: Pedestrian,W,1,0,0,0,1,1,0,0,0,0,1,0
399403,399403,Fatal,2023,March,Friday,16,Sideswipe,Multi-Vehicle,153.136301962637,-27.9384574598415,Biddaddaba Rd,Mundoolun Connection Rd,Mundoolun Connection Road,Boyland,Scenic Rim Region,4275,Canungra,Logan,South Eastern,SEQ South,South Coast,Tamborine - Canungra,Gold Coast Hinterland,Gold Coast,Inner Regional,Scenic Rim,Wright,State-controlled,Intersection - T-Junction,No traffic control,100 - 110 km/h,Sealed - Dry,Clear,Dawn/Dusk,Straight,Level,505,Vehs Overtaking: Pulling Out Rear End,09: Overtaking Same Direction,E,1,0,0,0,1,1,1,0,0,0,0,0
399405,399405,Fatal,2024,June,Sunday,3,Hit object,Single Vehicle,153.036003032838,-27.4714234460688,Deakin St,Ferry St,,Kangaroo Point,Brisbane City,4169,Dutton Park,South Brisbane,Brisbane,SEQ South,Metropolitan,Kangaroo Point,Brisbane Inner,Brisbane Inner City,Major Cities,South Brisbane,Griffith,Locally-controlled,No Roadway Feature,No traffic control,0 - 50 km/h,Sealed - Dry,Clear,Darkness - Lighted,Straight,Grade,400,Vehs Manoeuvring: Other,21: Other,S,1,0,0,0,1,0,0,0,0,1,0,0
399458,399458,Fatal,2020,April,Friday,5,Head-on,Multi-Vehicle,148.615386194125,-20.5624899847885,Bruce Hwy,,Bruce Highway (Mackay - Proserpine),Lethebrook,Whitsunday Region,4800,Proserpine,Mackay,Central,Central,Central Queensland,Proserpine,Whitsunday,Mackay - Isaac - Whitsunday,Outer Regional,Whitsunday,Dawson,State-controlled,Bridge/Causeway,No traffic control,100 - 110 km/h,Sealed - Dry,Clear,Dawn/Dusk,Straight,Level,201,Vehs Opposite Approach: Head On,02: Head-on,N,2,0,0,0,2,1,0,1,0,0,0,0
399463,399463,Fatal,2022,March,Tuesday,14,Hit object,Single Vehicle,152.048916063114,-28.0948763537467,New England Hwy,,New England Highway (Toowoomba - Warwick),Glengallan,Southern Downs Region,4370,Allora,Darling Downs,Southern,Southern,Southern Queensland,Southern Downs - East,Granite Belt,Darling Downs - Maranoa,Inner Regional,Southern Downs,Maranoa,State-controlled,No Roadway Feature,No traffic control,100 - 110 km/h,Sealed - Dry,Clear,Daylight,Straight,Level,704,Off Path-Straight: Right Off Cway Hit Obj,16: Off Carriageway on Straight Hit Object,N,1,0,0,0,1,1,0,0,0,0,0,0
399487,399487,Fatal,2019,January,Monday,20,Hit object,Single Vehicle,150.132003232226,-28.4999611790784,Barwon Hwy,,Barwon Highway (Goondiwindi - Talwood),Goodar,Goondiwindi Region,4390,Goondiwindi,Darling Downs,Southern,Southern,Southern Queensland,Inglewood - Waggamba,Darling Downs (west) - Maranoa,Darling Downs - Maranoa,Outer Regional,Southern Downs,Maranoa,State-controlled,No Roadway Feature,No traffic control,100 - 110 km/h,Sealed - Dry,Clear,Daylight,Curved - view open,Level,804,Off Path-Curve: Off Cway Lt Bend Hit Obj,19: Off Carriageway on Curve Hit Object,W,1,0,0,0,1,1,0,0,0,0,0,0
399643,399643,Fatal,2021,December,Wednesday,16,Hit object,Single Vehicle,152.891022040188,-27.5368504320672,Lancing St,,,Pullenvale,Brisbane City,4069,Indooroopilly,North Brisbane,Brisbane,SEQ North,Metropolitan,Pinjarra Hills - Pullenvale,Kenmore - Brookfield - Moggill,Brisbane - West,Major Cities,Moggill,Ryan,Locally-controlled,Bridge/Causeway,No traffic control,0 - 50 km/h,Sealed - Wet,Raining,Daylight,Curved - view open,Dip,607,Vehs On Path: Temporary Object On Cway,21: Other,,1,0,0,0,1,1,0,0,0,0,0,0
399644,399644,Fatal,2021,December,Wednesday,0,Fall from vehicle,Single Vehicle,148.789967589544,-26.5781630484139,Chrystal St,Wyndham St,,Roma,Maranoa Region,4455,Roma,South West,Southern,Southern,Southern Queensland,Roma,Darling Downs (west) - Maranoa,Darling Downs - Maranoa,Outer Regional,Warrego,Maranoa,Locally-controlled,Intersection - Cross,No traffic control,0 - 50 km/h,Sealed - Dry,Clear,Darkness - Not lighted,Straight,Level,707,Off Path-Straight: Right Turn,15: Off Carriageway on Straight,E,1,0,0,0,1,0,1,0,0,0,0,0
399672,399672,Fatal,2020,July,Monday,19,Hit object,Single Vehicle,152.34218341985,-24.8679913564197,Bingera St,Bourbong St,Bundaberg - Bargara Road,Bundaberg West,Bundaberg Region,4670,Bundaberg,Wide Bay Burnett,North Coast,Southern,Southern Queensland,Bundaberg,Bundaberg,Wide Bay,Inner Regional,Bundaberg,Hinkler,State-controlled,Intersection - Cross,Give way sign,60 km/h,Sealed - Dry,Clear,Darkness - Lighted,Straight,Level,000,Pedn: Hit Other,21: Other,W,1,0,1,0,2,1,0,0,0,0,1,0
399817,399817,Fatal,2019,May,Monday,17,Head-on,Multi-Vehicle,152.279321418819,-24.9280057507814,Isis Hwy,,Isis Highway (Bundaberg - Childers),Branyan,Bundaberg Region,4670,Bundaberg,Wide Bay Burnett,North Coast,Southern,Southern Queensland,Branyan - Kensington,Bundaberg,Wide Bay,Inner Regional,Bundaberg,Hinkler,State-controlled,No Roadway Feature,No traffic control,100 - 110 km/h,Sealed - Dry,Clear,Darkness - Not lighted,Straight,Level,201,Vehs Opposite Approach: Head On,02: Head-on,E,2,1,1,0,4,3,0,0,0,0,0,0
399833,399833,Fatal,2019,August,Monday,14,Hit object,Single Vehicle,152.976514084415,-27.1113734372481,Bruce Hwy,Buchanan Rd,Bruce Highway (Brisbane - Gympie),Morayfield,Moreton Bay Region,4506,Burpengary,Moreton,North Coast,SEQ North,North Coast,Burpengary - East,Caboolture,Moreton Bay - North,Major Cities,Morayfield,Longman,State-controlled,Intersection - Interchange,No traffic control,100 - 110 km/h,Sealed - Dry,Clear,Dawn/Dusk,Straight,Level,703,Off Path-Straight: Left Off Cway Hit Obj,16: Off Carriageway on Straight Hit Object,N,1,0,0,0,1,1,0,0,0,0,0,0
399834,399834,Fatal,2020,December,Friday,22,Head-on,Multi-Vehicle,145.738944694386,-17.0455917347675,Mount Peter Rd,,,Mount Peter,Cairns Region,4869,Edmonton,Far North,Far Northern,Northern,North Queensland,Gordonvale - Trinity,Cairns - South,Cairns,Outer Regional,Mulgrave,Kennedy,Locally-controlled,No Roadway Feature,No traffic control,80 - 90 km/h,Sealed - Dry,Clear,Darkness - Not lighted,Straight,Level,201,Vehs Opposite Approach: Head On,02: Head-on,,2,1,0,0,3,0,2,0,0,0,0,0
399835,399835,Fatal,2019,August,Friday,23,Hit object,Single Vehicle,150.254070216802,-28.5119621900578,Barwon Hwy,,Barwon Highway (Goondiwindi - Talwood),Goondiwindi,Goondiwindi Region,4390,Goondiwindi,Darling Downs,Southern,Southern,Southern Queensland,Goondiwindi,Darling Downs (west) - Maranoa,Darling Downs - Maranoa,Outer Regional,Southern Downs,Maranoa,State-controlled,No Roadway Feature,No traffic control,100 - 110 km/h,Sealed - Dry,Clear,Darkness - Not lighted,Straight,Level,703,Off Path-Straight: Left Off Cway Hit Obj,16: Off Carriageway on Straight Hit Object,W,1,0,0,0,1,1,0,0,0,0,0,0
399845,399845,Fatal,2019,October,Saturday,19,Hit object,Single Vehicle,147.106354398245,-19.5569698564793,Bruce Hwy,,Bruce Highway (Ayr - Townsville),Horseshoe Lagoon,Burdekin Shire,4809,Giru,Townsville,Northern,Northern,North Queensland,Burdekin,Charters Towers - Ayr - Ingham,Townsville,Outer Regional,Burdekin,Dawson,State-controlled,Bridge/Causeway,No traffic control,80 - 90 km/h,Sealed - Dry,Smoke/Dust,Darkness - Not lighted,Straight,Grade,703,Off Path-Straight: Left Off Cway Hit Obj,16: Off Carriageway on Straight Hit Object,N,1,0,0,0,1,1,0,0,0,0,0,0
399847,399847,Fatal,2019,October,Monday,22,Hit object,Single Vehicle,153.017123056566,-27.2990934428094,Gateway Arterial Rd,,Gympie Arterial Road,Bald Hills,Brisbane City,4036,Sandgate,North Brisbane,Brisbane,SEQ North,Metropolitan,Bald Hills,Bald Hills - Everton Park,Brisbane - North,Major Cities,Sandgate,Petrie,State-controlled,Intersection - Interchange,No traffic control,60 km/h,Sealed - Dry,Clear,Darkness - Lighted,Straight,Level,705,Off Path-Straight: Out Of Control On Cway,17: Out of Control on Straight,S,1,0,0,0,1,1,0,0,0,0,0,0
399906,399906,Fatal,2020,September,Saturday,13,Hit object,Single Vehicle,152.0772652852,-26.230463341728,Burnett Hwy,,Burnett Highway (Nanango - Goomeri),Goomeri,Gympie Region,4601,Goomeri,Wide Bay Burnett,North Coast,Southern,Southern Queensland,Kilkivan,Gympie - Cooloola,Wide Bay,Outer Regional,Nanango,Wide Bay,State-controlled,No Roadway Feature,No traffic control,100 - 110 km/h,Sealed - Dry,Clear,Daylight,Straight,Level,704,Off Path-Straight: Right Off Cway Hit Obj,16: Off Carriageway on Straight Hit Object,N,1,3,0,0,4,1,0,0,0,0,0,0
399917,399917,Fatal,2020,October,Sunday,18,Hit pedestrian,Hit pedestrian,152.732238207034,-26.3245484066103,Bruce Hwy,,Bruce Highway (Brisbane - Gympie),Traveston,Gympie Region,4570,Gympie,Wide Bay Burnett,North Coast,Southern,Southern Queensland,Gympie Region,Gympie - Cooloola,Wide Bay,Inner Regional,Gympie,Wide Bay,State-controlled,No Roadway Feature,No traffic control,100 - 110 km/h,Sealed - Dry,Clear,Darkness - Not lighted,Straight,Level,004,Pedn: Play; Work; Stand; Lie On Cway,12: Pedestrian,S,1,0,0,0,1,0,0,1,0,0,1,0
400309,400309,Fatal,2020,December,Tuesday,4,Overturned,Single Vehicle,152.966656150817,-26.5862074320716,Nambour Connection Rd,Rutherford Rd,Nambour Connection Road,Kulangoor,Sunshine Coast Region,4560,Nambour,Sunshine Coast,North Coast,SEQ North,North Coast,Eumundi - Yandina,Nambour,Sunshine Coast,Inner Regional,Nicklin,Fairfax,State-controlled,Intersection - T-Junction,No traffic control,80 - 90 km/h,Sealed - Dry,Clear,Daylight,Curved - view open,Level,805,Off Path-Curve: Out Of Control On Cway,20: Out of Control on Curve,W,1,0,0,0,1,1,0,0,0,0,0,0
400310,400310,Fatal,2021,January,Saturday,7,Head-on,Multi-Vehicle,152.643211239905,-26.1287763962207,Old Maryborough Rd,,,Tamaree,Gympie Region,4570,Gympie,Wide Bay Burnett,North Coast,Southern,Southern Queensland,Gympie - North,Gympie - Cooloola,Wide Bay,Inner Regional,Gympie,Wide Bay,Locally-controlled,No Roadway Feature,No traffic control,80 - 90 km/h,Sealed - Dry,Clear,Daylight,Curved - view obscured,Crest,201,Vehs Opposite Approach: Head On,02: Head-on,N,1,0,0,1,2,1,1,0,0,0,0,0
400311,400311,Fatal,2021,January,Wednesday,18,Angle,Multi-Vehicle,153.078067001445,-27.6836024519715,Magnesium Dr,Radium St,,Crestmead,Logan City,4132,Crestmead,Logan,South Eastern,SEQ South,South Coast,Crestmead,Browns Plains,Logan - Beaudesert,Major Cities,Woodridge,Rankin,Locally-controlled,Intersection - T-Junction,No traffic control,60 km/h,Sealed - Dry,Clear,Darkness - Lighted,Straight,Level,506,Vehs Overtaking: Overtake-Right Turn,09: Overtaking Same Direction,,1,0,1,0,2,0,1,1,0,0,0,0
400312,400312,Fatal,2021,January,Friday,17,Hit pedestrian,Hit pedestrian,145.707864708886,-16.8806987311686,Lower Freshwater Rd,,,Kamerunga,Cairns Region,4870,Cairns,Far North,Far Northern,Northern,North Queensland,Redlynch,Cairns - North,Cairns,Outer Regional,Barron River,Leichhardt,Locally-controlled,No Roadway Feature,No traffic control,70 km/h,Sealed - Dry,Clear,Dawn/Dusk,Straight,Grade,005,Pedn: Hit Walking With Traffic,12: Pedestrian,W,1,0,0,0,1,1,0,0,0,0,1,0
400313,400313,Fatal,2021,January,Wednesday,9,Hit object,Single Vehicle,148.185385994847,-23.0738239705603,Crinum Rd,,,Belcong,Central Highlands Region,4723,Tieri,Capricornia,Central,Central,Central Queensland,Central Highlands - West,Central Highlands (qld),Central Queensland,Remote,Gregory,Flynn,Locally-controlled,Bridge/Causeway,No traffic control,100 - 110 km/h,Sealed - Dry,Clear,Daylight,Straight,Grade,704,Off Path-Straight: Right Off Cway Hit Obj,16: Off Carriageway on Straight Hit Object,,1,0,0,0,1,0,1,0,0,0,0,0
400314,400314,Fatal,2021,February,Monday,8,Overturned,Single Vehicle,151.763164431611,-25.2472133036457,Swindon Rd,,,Mount Perry,North Burnett Region,4671,Mount Perry,Wide Bay Burnett,North Coast,Southern,Southern Queensland,Monto - Eidsvold,Burnett,Wide Bay,Outer Regional,Callide,Flynn,Locally-controlled,No Roadway Feature,No traffic control,70 km/h,Sealed - Dry,Clear,Daylight,Curved - view open,Dip,805,Off Path-Curve: Out Of Control On Cway,20: Out of Control on Curve,E,1,0,0,0,1,0,0,1,0,0,0,0
400315,400315,Fatal,2021,February,Wednesday,12,Angle,Multi-Vehicle,152.383077416774,-24.8609973603579,Telegraph Rd,,,Bundaberg East,Bundaberg Region,4670,Bundaberg,Wide Bay Burnett,North Coast,Southern,Southern Queensland,Bundaberg East - Kalkie,Bundaberg,Wide Bay,Inner Regional,Bundaberg,Hinkler,Locally-controlled,No Roadway Feature,No traffic control,60 km/h,Sealed - Dry,Clear,Daylight,Straight,Crest,207,Vehs Opposite Approach: U-Turn,07: U-turn,,2,1,0,0,3,1,1,0,0,0,0,0
400316,400316,Fatal,2021,February,Friday,14,Hit object,Single Vehicle,152.742825967328,-28.243227422856,Seidenspinner Rd,,,Mount Barney,Scenic Rim Region,4287,Rathdowney,Logan,South Eastern,SEQ South,South Coast,Beaudesert,Beaudesert,Logan - Beaudesert,Inner Regional,Scenic Rim,Wright,Locally-controlled,No Roadway Feature,No traffic control,60 km/h,Unsealed - Dry,Clear,Daylight,Straight,Grade,705,Off Path-Straight: Out Of Control On Cway,17: Out of Control on Straight,N,1,0,0,0,1,1,0,0,0,0,0,0
400317,400317,Fatal,2021,February,Saturday,22,Angle,Multi-Vehicle,153.186862980812,-27.753015463486,Bannockburn Rd,Beaudesert - Beenleigh Rd,Beaudesert - Beenleigh Road,Belivah,Logan City,4207,Beenleigh,Logan,South Eastern,SEQ South,South Coast,Wolffdene - Bahrs Scrub,Beenleigh,Logan - Beaudesert,Major Cities,Macalister,Forde,State-controlled,Intersection - Cross,Give way sign,70 km/h,Sealed - Dry,Clear,Darkness - Lighted,Straight,Level,101,Vehs Adjacent Approach: Thru-Thru,01: Intersection: Adjacent Approach,W,1,2,2,3,8,2,0,0,0,0,0,0
400319,400319,Fatal,2021,February,Tuesday,6,Head-on,Multi-Vehicle,146.597111408038,-19.8955718210101,Flinders Hwy,,Flinders Highway (Townsville - Charters Towers),Dotswood,Charters Towers Region,4820,Ravenswood,Townsville,Northern,Northern,North Queensland,Dalrymple,Charters Towers - Ayr - Ingham,Townsville,Remote,Traeger,Kennedy,State-controlled,No Roadway Feature,No traffic control,100 - 110 km/h,Sealed - Dry,Clear,Daylight,Straight,Grade,201,Vehs Opposite Approach: Head On,02: Head-on,E,2,1,0,0,3,1,0,1,0,0,0,0
400397,400397,Fatal,2020,October,Saturday,7,Hit object,Single Vehicle,145.707507688246,-17.1524867334661,Gillies Range Rd,,Gillies Range Road,Lamb Range,Cairns Region,4870,Gordonvale,Far North,Far Northern,Northern,North Queensland,Lamb Range,Cairns - South,Cairns,Outer Regional,Mulgrave,Kennedy,State-controlled,No Roadway Feature,No traffic control,80 - 90 km/h,Sealed - Dry,Clear,Daylight,Curved - view open,Grade,803,Off Path-Curve: Off Cway Rt Bend Hit Obj,19: Off Carriageway on Curve Hit Object,W,1,0,0,0,1,0,1,0,0,0,0,0
400415,400415,Fatal,2020,December,Wednesday,17,Angle,Multi-Vehicle,153.267151965522,-27.804368472014,Creek St,,,Pimpama,Gold Coast City,4209,Coomera,Gold Coast,South Eastern,SEQ South,South Coast,Pimpama,Ormeau - Oxenford,Gold Coast,Major Cities,Coomera,Fadden,Locally-controlled,Intersection - Cross,No traffic control,80 - 90 km/h,Sealed - Dry,Clear,Daylight,Straight,Level,202,Vehs Opposite Approach: Thru-Right,03: Opposing Vehicles Turning,N,1,1,0,0,2,2,0,0,0,0,0,0
400466,400466,Fatal,2024,June,Monday,11,Angle,Multi-Vehicle,150.177146764078,-23.5830231438815,Capricorn Hwy,,Capricorn Highway (Rockhampton - Duaringa),Westwood,Rockhampton Region,4702,Westwood,Capricornia,Central,Central,Central Queensland,Rockhampton Region - West,Rockhampton,Central Queensland,Outer Regional,Mirani,Flynn,State-controlled,Intersection - T-Junction,Stop sign,100 - 110 km/h,Sealed - Dry,Clear,Daylight,Straight,Level,104,Vehs Adjacent Approach: Thru-Right,01: Intersection: Adjacent Approach,N,1,0,0,1,2,1,1,0,0,0,0,0
400478,400478,Fatal,2023,September,Friday,12,Angle,Multi-Vehicle,149.555466502472,-26.63195311392,Warrego Hwy,,Warrego Highway (Miles - Roma),Jackson North,Maranoa Region,4426,Dulacca,South West,Southern,Southern,Southern Queensland,Roma Region,Darling Downs (west) - Maranoa,Darling Downs - Maranoa,Remote,Warrego,Maranoa,State-controlled,No Roadway Feature,No traffic control,100 - 110 km/h,Sealed - Dry,Clear,Daylight,Straight,Level,506,Vehs Overtaking: Overtake-Right Turn,09: Overtaking Same Direction,W,1,1,0,1,3,2,0,0,0,0,0,0
400638,400638,Fatal,2018,February,Saturday,7,Hit object,Single Vehicle,141.884718216654,-12.2436164535578,Mapoon - Weipa Rd,,,Mapoon,Cook Shire,4874,Weipa,Far North,Far Northern,Northern,North Queensland,Cape York,Far North,Queensland - Outback,Very Remote,Cook,Leichhardt,Locally-controlled,No Roadway Feature,No traffic control,80 - 90 km/h,Unsealed - Dry,Clear,Daylight,Curved - view open,Level,803,Off Path-Curve: Off Cway Rt Bend Hit Obj,19: Off Carriageway on Curve Hit Object,S,2,1,0,0,3,1,0,0,0,0,0,0
400878,400878,Fatal,2020,April,Sunday,1,Hit object,Single Vehicle,152.999630001185,-27.7527624446379,Crowson La,,,Greenbank,Logan City,4124,Jimboomba,Logan,South Eastern,SEQ South,South Coast,Greenbank,Jimboomba,Logan - Beaudesert,Major Cities,Logan,Wright,Locally-controlled,No Roadway Feature,No traffic control,80 - 90 km/h,Sealed - Dry,Clear,Darkness - Not lighted,Curved - view open,Level,804,Off Path-Curve: Off Cway Lt Bend Hit Obj,19: Off Carriageway on Curve Hit Object,W,1,0,0,0,1,1,0,0,0,0,0,0
400908,400908,Fatal,2024,June,Tuesday,15,Angle,Multi-Vehicle,151.940527138298,-27.57601433924,South St,West St,,Harristown,Toowoomba Region,4350,Toowoomba,Darling Downs,Southern,Southern,Southern Queensland,Drayton - Harristown,Toowoomba,Toowoomba,Inner Regional,Toowoomba South,Groom,Locally-controlled,Intersection - Cross,Operating traffic lights,60 km/h,Sealed - Dry,Clear,Daylight,Straight,Level,202,Vehs Opposite Approach: Thru-Right,03: Opposing Vehicles Turning,,1,0,0,0,1,1,1,0,0,0,0,0